source_row,start_h,end_h,mode,gpus,work_gpu_h,release_h,deadline_h
15763,0.0025,6.2347222222222225,5,8,49.85777777777778,0.0025,6.301666666666667
15764,0.04388888888888889,0.11166666666666666,5,16,1.0844444444444445,0.04388888888888889,0.11166666666666666
15765,0.06944444444444445,5.620923017258097,1,8,35.84222222222222,0.06944444444444445,10.781944444444445
15766,0.115,0.17888888888888888,5,16,1.0222222222222221,0.115,0.17888888888888888
15769,0.19083333333333333,0.2594444444444444,5,16,1.0977777777777777,0.19083333333333333,0.2594444444444444
15771,0.2011111111111111,0.25166666666666665,5,8,0.40444444444444444,0.2011111111111111,0.25166666666666665
15772,0.22944444444444445,0.3416666666666667,5,1,0.11222222222222222,0.22944444444444445,0.3416666666666667
15773,0.23055555555555557,0.3088888888888889,5,1,0.07833333333333334,0.23055555555555557,0.3088888888888889
15775,0.26944444444444443,0.33416666666666667,5,16,1.0355555555555556,0.26944444444444443,0.33416666666666667
15776,0.27361111111111114,0.32472222222222225,5,8,0.4088888888888889,0.27361111111111114,0.32472222222222225
15779,0.31666666666666665,0.5280555555555555,5,1,0.21138888888888888,0.31666666666666665,0.5280555555555555
15780,0.3383333333333333,0.4052777777777778,5,16,1.0711111111111111,0.3383333333333333,0.4052777777777778
15781,0.35,0.43666666666666665,5,8,0.6933333333333334,0.35,0.43666666666666665
15782,0.41055555555555556,0.4741666666666667,5,16,1.0177777777777777,0.41055555555555556,0.4741666666666667
15784,0.4752777777777778,0.642463282247765,4,1,0.1638888888888889,0.4752777777777778,0.6472222222222223
15785,0.4775,0.5477777777777778,5,16,1.1244444444444444,0.4775,0.5477777777777778
15786,0.5508333333333333,0.6169444444444444,5,16,1.0577777777777777,0.5508333333333333,0.6169444444444444
15787,0.6055555555555555,30.070555555555554,5,1,29.465,0.6055555555555555,30.070555555555554
15788,0.6069444444444444,40.2825,5,1,39.675555555555555,0.6069444444444444,40.2825
15789,0.62,0.6855555555555556,5,16,1.048888888888889,0.62,0.6855555555555556
15790,0.6205555555555555,15.8325,5,1,15.211944444444445,0.6205555555555555,15.8325
15791,0.6591666666666667,33.44111111111111,5,1,32.78194444444444,0.6591666666666667,33.44111111111111
15792,0.6725,45.32,5,1,44.6475,0.6725,45.32
15794,0.6883333333333334,0.7380555555555556,5,1,0.04972222222222222,0.6883333333333334,0.7380555555555556
15795,0.6958333333333333,0.7672222222222222,5,16,1.1422222222222222,0.6958333333333333,0.7672222222222222
15796,0.7708333333333334,0.8375,5,16,1.0666666666666667,0.7708333333333334,0.8375
15798,0.8413888888888889,0.9502777777777778,5,16,1.7422222222222221,0.8413888888888889,0.9502777777777778
15800,0.9566666666666667,1.025,5,16,1.0933333333333333,0.9566666666666667,1.025
15803,1.0344444444444445,1.1044444444444443,5,16,1.12,1.0344444444444445,1.1044444444444443
15804,1.0433333333333332,1.396388888888889,5,1,0.35305555555555557,1.0433333333333332,1.396388888888889
15805,1.1008333333333333,1.2583189300411524,3,1,0.14972222222222223,1.1008333333333333,1.261388888888889
15806,1.1102777777777777,1.1769444444444443,5,16,1.0666666666666667,1.1102777777777777,1.1769444444444443
15807,1.1902777777777778,1.261111111111111,5,16,1.1333333333333333,1.1902777777777778,1.261111111111111
15808,1.2666666666666666,1.33,5,16,1.0133333333333334,1.2666666666666666,1.33
15811,1.301388888888889,1.42,5,1,0.11861111111111111,1.301388888888889,1.42
15812,1.335,1.4108333333333334,5,16,1.2133333333333334,1.335,1.4108333333333334
15813,1.418611111111111,1.4836111111111112,5,16,1.04,1.418611111111111,1.4836111111111112
15814,1.4247222222222222,1.5261111111111112,5,1,0.10138888888888889,1.4247222222222222,1.5261111111111112
15815,1.493611111111111,1.5608333333333333,5,16,1.0755555555555556,1.493611111111111,1.5608333333333333
15817,1.5677777777777777,1.6330555555555555,5,16,1.0444444444444445,1.5677777777777777,1.6330555555555555
15818,1.6083333333333334,1.7944444444444445,5,1,0.18611111111111112,1.6083333333333334,1.7944444444444445
15820,1.6377777777777778,1.708888888888889,5,16,1.1377777777777778,1.6377777777777778,1.708888888888889
15821,1.7125,1.7783333333333333,5,16,1.0533333333333332,1.7125,1.7783333333333333
15822,1.7827777777777778,1.8472222222222223,5,16,1.031111111111111,1.7827777777777778,1.8472222222222223
15825,1.8586111111111112,1.9266666666666667,5,16,1.0888888888888888,1.8586111111111112,1.9266666666666667
15826,1.9369444444444444,2.0016666666666665,5,16,1.0355555555555556,1.9369444444444444,2.0016666666666665
15827,2.005,2.078333333333333,5,16,1.1733333333333333,2.005,2.078333333333333
15829,2.0861111111111112,2.153611111111111,5,16,1.08,2.0861111111111112,2.153611111111111
15830,2.160833333333333,2.234166666666667,5,16,1.1733333333333333,2.160833333333333,2.234166666666667
15831,2.2394444444444446,2.3033333333333332,5,16,1.0222222222222221,2.2394444444444446,2.3033333333333332
15832,2.308611111111111,2.38,5,16,1.1422222222222222,2.308611111111111,2.38
15833,2.383888888888889,2.448888888888889,5,16,1.04,2.383888888888889,2.448888888888889
15834,2.3986111111111112,2.4853475858057017,1,4,0.28,2.3986111111111112,10.554166666666667
15835,2.4047222222222224,5.404722222222222,5,1,3.0,2.4047222222222224,5.404722222222222
15836,2.4547222222222222,2.5211111111111113,5,16,1.0622222222222222,2.4547222222222222,2.5211111111111113
15837,2.528611111111111,2.596388888888889,5,16,1.0844444444444445,2.528611111111111,2.596388888888889
15838,2.6005555555555557,2.6666666666666665,5,16,1.0577777777777777,2.6005555555555557,2.6666666666666665
15839,2.6730555555555555,2.747777777777778,5,16,1.1955555555555555,2.6730555555555555,2.747777777777778
15840,2.7508333333333335,2.8152777777777778,5,16,1.031111111111111,2.7508333333333335,2.8152777777777778
15841,2.8230555555555554,2.8933333333333335,5,16,1.1244444444444444,2.8230555555555554,2.8933333333333335
15842,2.901388888888889,2.964166666666667,5,16,1.0044444444444445,2.901388888888889,2.964166666666667
15843,2.9680555555555554,3.0419444444444443,5,16,1.1822222222222223,2.9680555555555554,3.0419444444444443
15844,3.0455555555555556,3.1130555555555555,5,16,1.08,3.0455555555555556,3.1130555555555555
15847,3.118888888888889,3.1875,5,16,1.0977777777777777,3.118888888888889,3.1875
15848,3.1983333333333333,3.2666666666666666,5,16,1.0933333333333333,3.1983333333333333,3.2666666666666666
15849,3.2719444444444443,3.3405555555555555,5,16,1.0977777777777777,3.2719444444444443,3.3405555555555555
15850,3.346111111111111,3.4616666666666664,5,16,1.8488888888888888,3.346111111111111,3.4616666666666664
15853,3.464722222222222,3.5391666666666666,5,16,1.191111111111111,3.464722222222222,3.5391666666666666
15854,3.5469444444444442,3.618888888888889,5,16,1.1511111111111112,3.5469444444444442,3.618888888888889
15856,3.6225,3.6925,5,16,1.12,3.6225,3.6925
15857,3.7025,3.7741666666666664,5,16,1.1466666666666667,3.7025,3.7741666666666664
15859,3.781111111111111,3.8919444444444444,5,16,1.7733333333333334,3.781111111111111,3.8919444444444444
15860,3.898888888888889,3.9677777777777776,5,16,1.1022222222222222,3.898888888888889,3.9677777777777776
15861,3.943611111111111,8.503333333333334,5,24,109.43333333333334,3.943611111111111,8.503333333333334
15862,3.973333333333333,4.051944444444445,5,16,1.2577777777777779,3.973333333333333,4.051944444444445
15863,4.0625,4.21,5,16,2.36,4.0625,4.21
15864,4.215,4.289166666666667,5,16,1.1866666666666668,4.215,4.289166666666667
15865,4.292222222222223,4.366388888888889,5,16,1.1866666666666668,4.292222222222223,4.366388888888889
15866,4.371944444444445,4.445,5,16,1.1688888888888889,4.371944444444445,4.445
15867,4.4511111111111115,4.522777777777778,5,16,1.1466666666666667,4.4511111111111115,4.522777777777778
15868,4.531666666666666,4.606944444444444,5,16,1.2044444444444444,4.531666666666666,4.606944444444444
15869,4.611944444444444,4.68,5,16,1.0888888888888888,4.611944444444444,4.68
15870,4.698333333333333,4.808888888888889,5,16,1.768888888888889,4.698333333333333,4.808888888888889
15871,4.818611111111111,4.897222222222222,5,16,1.2577777777777779,4.818611111111111,4.897222222222222
15872,4.901111111111111,4.973333333333334,5,16,1.1555555555555554,4.901111111111111,4.973333333333334
15873,4.979166666666667,5.058055555555556,5,16,1.2622222222222221,4.979166666666667,5.058055555555556
15874,5.0625,5.133055555555556,5,16,1.1288888888888888,5.0625,5.133055555555556
15875,5.141111111111111,5.250277777777778,5,16,1.7466666666666666,5.141111111111111,5.250277777777778
15884,5.2575,5.331111111111111,5,16,1.1777777777777778,5.2575,5.331111111111111
15885,5.355277777777777,5.432777777777778,5,16,1.24,5.355277777777777,5.432777777777778
15886,5.454166666666667,5.525277777777778,5,16,1.1377777777777778,5.454166666666667,5.525277777777778
15887,5.556388888888889,5.666111111111111,5,16,1.7555555555555555,5.556388888888889,5.666111111111111
15888,5.694166666666667,5.767777777777778,5,16,1.1777777777777778,5.694166666666667,5.767777777777778
15889,5.7877777777777775,5.897222222222222,5,16,1.751111111111111,5.7877777777777775,5.897222222222222
15890,5.916666666666667,6.025555555555556,5,16,1.7422222222222221,5.916666666666667,6.025555555555556
15891,6.055,6.126666666666667,5,16,1.1466666666666667,6.055,6.126666666666667
15892,6.148055555555556,6.223888888888889,5,16,1.2133333333333334,6.148055555555556,6.223888888888889
15893,6.246666666666667,6.316944444444444,5,16,1.1244444444444444,6.246666666666667,6.316944444444444
15894,6.301666666666667,6.335053325576886,1,4,0.10777777777777778,6.301666666666667,10.80888888888889
15895,6.342777777777778,6.421944444444445,5,16,1.2666666666666666,6.342777777777778,6.421944444444445
15896,6.451944444444444,6.526944444444444,5,16,1.2,6.451944444444444,6.526944444444444
15897,6.553333333333334,6.66,5,16,1.7066666666666668,6.553333333333334,6.66
15898,6.689444444444445,6.801388888888889,5,16,1.791111111111111,6.689444444444445,6.801388888888889
15899,6.829722222222222,6.903611111111111,5,16,1.1822222222222223,6.829722222222222,6.903611111111111
15900,6.932222222222222,6.999444444444444,5,16,1.0755555555555556,6.932222222222222,6.999444444444444
15901,7.026944444444444,7.100555555555555,5,16,1.1777777777777778,7.026944444444444,7.100555555555555
15902,7.120277777777778,7.229444444444445,5,16,1.7466666666666666,7.120277777777778,7.229444444444445
15903,7.2525,7.325277777777778,5,16,1.1644444444444444,7.2525,7.325277777777778
15904,7.351666666666667,7.427777777777778,5,16,1.2177777777777778,7.351666666666667,7.427777777777778
15905,7.454722222222222,7.563888888888889,5,16,1.7466666666666666,7.454722222222222,7.563888888888889
15906,7.586944444444445,7.658611111111111,5,16,1.1466666666666667,7.586944444444445,7.658611111111111
15907,7.680833333333333,7.759444444444444,5,16,1.2577777777777779,7.680833333333333,7.759444444444444
15908,7.7811111111111115,7.8933333333333335,5,16,1.7955555555555556,7.7811111111111115,7.8933333333333335
15909,7.9191666666666665,7.9925,5,16,1.1733333333333333,7.9191666666666665,7.9925
15910,8.01388888888889,8.09388888888889,5,16,1.28,8.01388888888889,8.09388888888889
15911,8.119444444444444,8.190555555555555,5,16,1.1377777777777778,8.119444444444444,8.190555555555555
15912,8.215833333333334,8.288055555555555,5,16,1.1555555555555554,8.215833333333334,8.288055555555555
15913,8.310833333333333,8.389722222222222,5,16,1.2622222222222221,8.310833333333333,8.389722222222222
15914,8.42388888888889,8.54138888888889,5,16,1.88,8.42388888888889,8.54138888888889
15915,8.566666666666666,8.641666666666667,5,16,1.2,8.566666666666666,8.641666666666667
15916,8.666944444444445,8.740555555555556,5,16,1.1777777777777778,8.666944444444445,8.740555555555556
15917,8.747777777777777,20.468055555555555,5,8,93.76222222222222,8.747777777777777,20.468055555555555
15918,8.778333333333334,8.884722222222223,5,16,1.7022222222222223,8.778333333333334,8.884722222222223
15920,8.90638888888889,8.9775,5,16,1.1377777777777778,8.90638888888889,8.9775
15922,9.005277777777778,9.0875,5,16,1.3155555555555556,9.005277777777778,9.0875
15923,9.11,9.1825,5,16,1.16,9.11,9.1825
15925,9.215277777777779,9.305,5,16,1.4355555555555555,9.215277777777779,9.305
15926,9.291666666666666,9.315,5,1,0.023333333333333334,9.291666666666666,9.315
15928,9.313611111111111,9.391666666666667,5,16,1.248888888888889,9.313611111111111,9.391666666666667
15930,9.334166666666667,9.403333333333334,5,2,0.13833333333333334,9.334166666666667,9.403333333333334
15933,9.396666666666667,9.469722222222222,5,16,1.1688888888888889,9.396666666666667,9.469722222222222
15935,9.436666666666667,9.464722222222223,5,8,0.22444444444444445,9.436666666666667,9.464722222222223
15937,9.454166666666667,9.483333333333333,5,8,0.23333333333333334,9.454166666666667,9.483333333333333
15938,9.455,9.864722222222222,5,1,0.4097222222222222,9.455,9.864722222222222
15939,9.461944444444445,70.07388888888889,5,4,242.4477777777778,9.461944444444445,71.1661111111111
15940,9.466944444444444,9.4975,5,8,0.24444444444444444,9.466944444444444,9.4975
15941,9.47638888888889,9.551388888888889,5,16,1.2,9.47638888888889,9.551388888888889
15942,9.479166666666666,9.841666666666667,5,1,0.3625,9.479166666666666,9.841666666666667
15943,9.490277777777777,9.835,5,1,0.3447222222222222,9.490277777777777,9.835
15944,9.505833333333333,10.02797314330037,1,1,0.42138888888888887,9.505833333333333,10.044166666666667
15945,9.553333333333333,9.610813457436494,1,1,0.04638888888888889,9.553333333333333,9.885833333333334
15946,9.561944444444444,9.665277777777778,5,16,1.6533333333333333,9.561944444444444,9.665277777777778
15947,9.572222222222223,9.631666666666666,5,8,0.47555555555555556,9.572222222222223,9.631666666666666
15948,9.645555555555555,9.714166666666667,5,8,0.5488888888888889,9.645555555555555,9.714166666666667
15949,9.649722222222222,9.73638888888889,5,8,0.6933333333333334,9.649722222222222,9.73638888888889
15950,9.668333333333333,9.744722222222222,5,16,1.2222222222222223,9.668333333333333,9.744722222222222
15954,9.75,9.86111111111111,5,16,1.7777777777777777,9.75,9.86111111111111
15956,9.8675,9.94138888888889,5,16,1.1822222222222223,9.8675,9.94138888888889
15957,9.926666666666666,10.018611111111111,5,8,0.7355555555555555,9.926666666666666,10.018611111111111
15958,9.935,9.995,5,8,0.48,9.935,9.995
15959,9.943888888888889,10.011666666666667,5,8,0.5422222222222223,9.943888888888889,10.011666666666667
15960,9.946944444444444,10.018333333333333,5,16,1.1422222222222222,9.946944444444444,10.018333333333333
15961,9.9825,10.651302469135803,3,1,0.6358333333333334,9.9825,10.68388888888889
15962,10.031944444444445,10.106111111111112,5,8,0.5933333333333334,10.031944444444445,10.106111111111112
15963,10.035833333333333,10.140833333333333,5,16,1.68,10.035833333333333,10.140833333333333
15964,10.039166666666667,10.092222222222222,5,8,0.42444444444444446,10.039166666666667,10.092222222222222
15966,10.046666666666667,10.125833333333333,5,8,0.6333333333333333,10.046666666666667,10.125833333333333
15971,10.099444444444444,10.126944444444444,5,1,0.0275,10.099444444444444,10.126944444444444
15974,10.1225,10.148055555555555,5,1,0.025555555555555557,10.1225,10.148055555555555
15975,10.14638888888889,10.221666666666666,5,16,1.2044444444444444,10.14638888888889,10.221666666666666
15978,10.161666666666667,10.255277777777778,5,1,0.09361111111111112,10.161666666666667,10.255277777777778
15979,10.16638888888889,10.256388888888889,5,1,0.09,10.16638888888889,10.256388888888889
15981,10.253333333333334,10.45,5,8,1.5733333333333333,10.253333333333334,10.45
15982,10.278611111111111,10.460833333333333,5,8,1.4577777777777778,10.278611111111111,10.460833333333333
15983,10.288333333333334,141.94555555555556,5,16,2106.5155555555557,10.288333333333334,141.94555555555556
15984,10.309722222222222,10.501944444444444,5,8,1.5377777777777777,10.309722222222222,10.501944444444444
15985,10.334166666666667,10.53888888888889,5,8,1.6377777777777778,10.334166666666667,10.53888888888889
15986,10.33611111111111,10.395833333333334,5,1,0.059722222222222225,10.33611111111111,10.395833333333334
15987,10.478333333333333,10.542777777777777,5,1,0.06444444444444444,10.478333333333333,10.542777777777777
15988,10.546111111111111,18.665555555555557,5,8,64.95555555555555,10.546111111111111,18.665555555555557
15989,10.546944444444444,18.586666666666666,5,8,64.31777777777778,10.546944444444444,18.586666666666666
15990,10.549444444444445,18.508333333333333,5,8,63.67111111111111,10.549444444444445,18.508333333333333
15991,10.549444444444445,21.43166666666667,5,8,87.05777777777777,10.549444444444445,21.43166666666667
15992,10.616944444444444,10.663333333333334,5,1,0.04638888888888889,10.616944444444444,10.663333333333334
15994,10.677777777777777,56.397062579821196,4,4,179.2711111111111,10.677777777777777,56.801944444444445
15995,10.717777777777778,10.910555555555556,5,1,0.19277777777777777,10.717777777777778,10.910555555555556
15996,10.781944444444445,10.803611111111111,5,4,0.08666666666666667,10.781944444444445,10.803611111111111
15998,10.807777777777778,10.880833333333333,5,8,0.5844444444444444,10.807777777777778,10.882222222222222
15999,10.814166666666667,10.905033449680047,1,8,0.5866666666666667,10.814166666666667,10.955555555555556
16000,10.882222222222222,10.959665503199535,1,8,0.5,10.882222222222222,11.018055555555556
16001,10.882777777777777,11.123315160955347,2,1,0.2175,10.882777777777777,11.135555555555555
16002,10.899722222222222,10.947777777777778,5,1,0.04805555555555555,10.899722222222222,10.947777777777778
16003,10.955555555555556,11.04883168508823,1,8,0.6022222222222222,10.955555555555556,11.093333333333334
16004,11.0125,11.399716404886561,1,1,0.3125,11.0125,11.452222222222222
16005,11.018055555555556,11.059014446383555,1,4,0.1322222222222222,11.018055555555556,11.126388888888888
16006,11.028611111111111,11.094722222222222,5,2,0.1322222222222222,11.028611111111111,11.094722222222222
16007,11.093333333333334,11.126388888888888,5,4,0.1322222222222222,11.093333333333334,11.126388888888888
16008,11.103333333333333,11.158333333333333,5,8,0.44,11.103333333333333,11.158333333333333
16009,11.105555555555556,11.141111111111112,5,16,0.5688888888888889,11.105555555555556,11.141111111111112
16010,11.126111111111111,34.0975,5,1,22.97138888888889,11.126111111111111,34.42777777777778
16011,11.12861111111111,11.198333333333334,5,8,0.5577777777777778,11.12861111111111,11.198333333333334
16012,11.12861111111111,11.21913370176459,1,8,0.5844444444444444,11.12861111111111,11.27138888888889
16013,11.141111111111112,11.196666666666667,5,16,0.8888888888888888,11.141111111111112,11.196666666666667
16015,11.164444444444445,11.176666666666666,5,8,0.09777777777777778,11.164444444444445,11.176666666666666
16017,11.194166666666666,11.213055555555556,5,8,0.1511111111111111,11.194166666666666,11.213055555555556
16018,11.196666666666667,11.251666666666667,5,1,0.055,11.196666666666667,11.251666666666667
16019,11.198611111111111,11.271235699049834,1,8,0.4688888888888889,11.198611111111111,11.33
16020,11.213055555555556,11.227222222222222,5,8,0.11333333333333333,11.213055555555556,11.227222222222222
16022,11.27138888888889,11.362599864262169,1,8,0.5888888888888889,11.27138888888889,11.403611111111111
16023,11.294722222222223,29.655277777777776,5,8,146.88444444444445,11.294722222222223,29.655277777777776
16025,11.33,11.915829871928002,2,8,4.237777777777778,11.33,11.933333333333334
16028,11.403888888888888,12.3070496412643,1,8,5.831111111111111,11.403888888888888,12.662222222222223
16038,11.883611111111112,12.528055555555556,5,1,0.6444444444444445,11.883611111111112,12.528055555555556
16039,11.933333333333334,12.133309094434749,1,8,1.291111111111111,11.933333333333334,12.823611111111111
16041,11.985,12.053812737971617,2,4,0.24888888888888888,11.985,12.055277777777778
16043,12.043888888888889,12.94,5,1,0.8961111111111111,12.043888888888889,12.94
16052,12.6625,12.919955885204576,1,8,1.6622222222222223,12.6625,13.03138888888889
16053,12.823611111111111,12.839099767306573,1,8,0.1,12.823611111111111,13.043888888888889
16055,12.962777777777777,12.991111111111111,5,1,0.028333333333333332,12.962777777777777,12.991111111111111
16056,12.998333333333333,13.035,5,1,0.03666666666666667,12.998333333333333,13.035
16057,13.031666666666666,13.047843707581926,1,8,0.10444444444444445,13.031666666666666,13.056944444444444
16058,13.046388888888888,14.048333333333334,5,8,8.015555555555556,13.046388888888888,14.05888888888889
16059,13.060555555555556,14.77222416133411,1,8,11.051111111111112,13.060555555555556,15.440277777777778
16060,13.075555555555555,13.118333333333334,5,1,0.042777777777777776,13.075555555555555,13.118333333333334
16061,13.090833333333334,13.133857378320728,1,1,0.034722222222222224,13.090833333333334,13.161388888888888
16062,13.165833333333333,13.204444444444444,5,1,0.03861111111111111,13.165833333333333,13.204444444444444
16066,13.24611111111111,34.61333333333334,5,1,21.36722222222222,13.24611111111111,34.61333333333334
16068,13.256388888888889,13.66638888888889,5,1,0.41,13.256388888888889,13.66638888888889
16070,13.395,14.21861111111111,5,1,0.8236111111111111,13.395,14.21861111111111
16072,13.456388888888888,14.714722222222223,5,1,1.2583333333333333,13.456388888888888,14.714722222222223
16076,13.550833333333333,14.356111111111112,5,1,0.8052777777777778,13.550833333333333,14.356111111111112
16077,13.619444444444444,13.625984099282528,1,1,0.005277777777777778,13.619444444444444,20.892222222222223
16152,14.05888888888889,14.119122551871243,1,8,0.3888888888888889,14.05888888888889,15.488888888888889
16168,14.79138888888889,15.189722222222223,5,1,0.3983333333333333,14.79138888888889,15.189722222222223
16170,15.276111111111112,15.686944444444444,5,1,0.41083333333333333,15.276111111111112,15.686944444444444
16172,15.440555555555555,15.5049195268567,1,8,0.41555555555555557,15.440555555555555,15.540833333333333
16173,15.495555555555555,15.708137763932156,2,8,1.5377777777777777,15.495555555555555,15.733055555555556
16174,15.544166666666667,15.781315202637193,1,8,1.531111111111111,15.544166666666667,15.924444444444445
16177,15.695,15.7375,5,4,0.17,15.695,15.737777777777778
16178,15.717777777777778,16.12638888888889,5,1,0.4086111111111111,15.717777777777778,16.12638888888889
16179,15.731111111111112,15.765555555555556,5,4,0.13777777777777778,15.731111111111112,15.765555555555556
16183,15.894166666666667,15.925833333333335,5,4,0.12666666666666668,15.894166666666667,15.926111111111112
16195,16.759722222222223,16.982222222222223,5,1,0.2225,16.759722222222223,16.982222222222223
16196,17.0225,80.80111111111111,5,1,63.77861111111111,17.0225,80.80111111111111
16197,17.087777777777777,88.19027777777778,5,1,71.1025,17.087777777777777,88.19027777777778
16198,17.115833333333335,66.97583333333333,5,1,49.86,17.115833333333335,66.97583333333333
16199,17.153333333333332,77.46138888888889,5,1,60.308055555555555,17.153333333333332,77.46138888888889
16200,17.18111111111111,77.56083333333333,5,1,60.37972222222222,17.18111111111111,77.56083333333333
16201,17.20111111111111,80.06,5,1,62.85888888888889,17.20111111111111,80.06
16202,17.22111111111111,90.0,5,1,72.77888888888889,17.22111111111111,90.0
16203,17.243055555555557,88.24638888888889,5,1,71.00333333333333,17.243055555555557,88.24638888888889
16220,18.92888888888889,19.003888888888888,5,8,0.6,18.92888888888889,19.003888888888888
16221,18.93777777777778,18.99,5,8,0.4177777777777778,18.93777777777778,18.99
16222,18.945833333333333,19.004166666666666,5,8,0.4666666666666667,18.945833333333333,19.004166666666666
16223,19.025833333333335,19.09138888888889,5,8,0.5244444444444445,19.025833333333335,19.09138888888889
16224,19.032777777777778,19.090555555555557,5,8,0.4622222222222222,19.032777777777778,19.090555555555557
16225,19.040555555555557,19.120555555555555,5,8,0.64,19.040555555555557,19.120555555555555
16227,19.16722222222222,19.2425,5,8,0.6022222222222222,19.16722222222222,19.2425
16228,19.17361111111111,19.235555555555557,5,8,0.4955555555555556,19.17361111111111,19.235555555555557
16229,19.179444444444446,19.243333333333332,5,8,0.5111111111111111,19.179444444444446,19.243333333333332
16231,19.309444444444445,19.377777777777776,5,8,0.5466666666666666,19.309444444444445,19.377777777777776
16232,19.314722222222223,19.369722222222222,5,8,0.44,19.314722222222223,19.369722222222222
16233,19.322222222222223,19.400833333333335,5,8,0.6288888888888889,19.322222222222223,19.400833333333335
16256,20.725277777777777,20.7775,5,16,0.8355555555555556,20.725277777777777,20.7775
16261,20.76527777777778,20.823611111111113,5,8,0.4666666666666667,20.76527777777778,20.823611111111113
16262,20.7775,20.835277777777776,5,2,0.11555555555555555,20.7775,20.835277777777776
16268,20.98111111111111,21.1775,5,1,0.1963888888888889,20.98111111111111,21.1775
16280,21.329444444444444,21.37556622067093,1,4,0.14888888888888888,21.329444444444444,21.376666666666665
16281,21.368055555555557,21.387674520069808,1,4,0.06333333333333334,21.368055555555557,21.3925
16282,21.377777777777776,21.406944444444445,5,4,0.11666666666666667,21.377777777777776,21.406944444444445
16285,21.474444444444444,21.50138888888889,5,4,0.10777777777777778,21.474444444444444,21.50138888888889
16286,21.475277777777777,21.50638888888889,5,4,0.12444444444444444,21.475277777777777,21.506666666666668
16305,21.733055555555556,32.64,5,8,87.25555555555556,21.733055555555556,32.64
16307,21.740277777777777,21.75888888888889,5,8,0.14888888888888888,21.740277777777777,21.75888888888889
16312,21.85972222222222,21.874166666666667,5,4,0.057777777777777775,21.85972222222222,21.874166666666667
16319,22.046388888888888,22.217222222222222,5,1,0.17083333333333334,22.046388888888888,22.217222222222222
16470,22.272222222222222,23.650833333333335,5,1,1.378611111111111,22.272222222222222,23.650833333333335
16495,22.296666666666667,22.461388888888887,5,1,0.16472222222222221,22.296666666666667,22.461388888888887
16552,23.136666666666667,23.34138888888889,5,1,0.20472222222222222,23.136666666666667,23.34138888888889
16554,23.391944444444444,40.71083333333333,5,2,34.63777777777778,23.391944444444444,40.71083333333333
16556,23.7025,23.739444444444445,5,1,0.036944444444444446,23.7025,23.739444444444445
16558,23.723333333333333,23.76888888888889,5,1,0.04555555555555556,23.723333333333333,23.76888888888889
16559,23.726388888888888,23.76888888888889,5,1,0.0425,23.726388888888888,23.76888888888889
16560,23.72888888888889,23.76888888888889,5,1,0.04,23.72888888888889,23.76888888888889
16561,23.755555555555556,23.94638888888889,5,1,0.19083333333333333,23.755555555555556,23.94638888888889
16562,23.781111111111112,23.804444444444446,5,1,0.023333333333333334,23.781111111111112,23.804444444444446
16563,23.783333333333335,23.804444444444446,5,1,0.021111111111111112,23.783333333333335,23.804444444444446
16564,23.785,23.808333333333334,5,1,0.023333333333333334,23.785,23.808333333333334
16565,24.04388888888889,24.059722222222224,5,1,0.015833333333333335,24.04388888888889,24.059722222222224
16566,24.044166666666666,24.059444444444445,5,1,0.015277777777777777,24.044166666666666,24.059444444444445
16567,24.045,24.059444444444445,5,1,0.014444444444444444,24.045,24.059444444444445
16568,24.086944444444445,24.27611111111111,5,1,0.18916666666666668,24.086944444444445,24.27611111111111
16571,24.51388888888889,24.726388888888888,5,1,0.2125,24.51388888888889,24.726388888888888
16573,24.774166666666666,72.87166666666667,5,32,1539.12,24.774166666666666,72.90333333333334
16574,24.985277777777778,25.17388888888889,5,1,0.18861111111111112,24.985277777777778,25.17388888888889
16580,26.003888888888888,26.13158425441148,1,1,0.10305555555555555,26.003888888888888,26.136111111111113
16581,26.375555555555554,26.42388888888889,5,1,0.04833333333333333,26.375555555555554,26.42388888888889
16582,26.388333333333332,41.51444444444444,5,32,484.03555555555556,26.388333333333332,41.51444444444444
16583,26.426111111111112,26.615833333333335,5,1,0.1897222222222222,26.426111111111112,26.615833333333335
16595,31.425,31.476111111111113,5,8,0.4088888888888889,31.425,31.476111111111113
16596,31.476388888888888,31.509444444444444,5,8,0.2644444444444444,31.476388888888888,31.509444444444444
16597,31.509444444444444,33.11333333333334,5,8,12.831111111111111,31.509444444444444,33.11333333333334
16599,32.73305555555555,43.42027777777778,5,8,85.49777777777778,32.73305555555555,43.42027777777778
16600,32.745,42.43805555555556,5,8,77.54444444444445,32.745,42.43805555555556
16601,32.7575,36.745,5,8,31.9,32.7575,36.745
16602,32.76638888888889,37.47694444444444,5,8,37.684444444444445,32.76638888888889,37.47694444444444
16603,33.11333333333334,33.13111111111111,5,4,0.07111111111111111,33.11333333333334,33.13111111111111
16605,33.19166666666667,33.229166666666664,5,8,0.3,33.19166666666667,33.229166666666664
16606,33.229166666666664,33.268055555555556,5,8,0.3111111111111111,33.229166666666664,33.268055555555556
16608,33.268055555555556,33.29138888888889,5,4,0.09333333333333334,33.268055555555556,33.29138888888889
16609,33.32833333333333,33.36472222222222,5,8,0.2911111111111111,33.32833333333333,33.36472222222222
16610,33.36527777777778,33.379444444444445,5,8,0.11333333333333333,33.36527777777778,33.379444444444445
16611,33.37972222222222,33.55833333333333,5,8,1.4288888888888889,33.37972222222222,33.55833333333333
16612,33.55861111111111,33.66138888888889,5,8,0.8222222222222222,33.55861111111111,33.66138888888889
16616,33.66166666666667,33.675555555555555,5,8,0.1111111111111111,33.66166666666667,33.675555555555555
16617,33.72277777777778,34.07805555555556,5,8,2.8422222222222224,33.72277777777778,34.07805555555556
16621,33.97361111111111,35.239444444444445,5,1,1.2658333333333334,33.97361111111111,35.239444444444445
16622,34.07805555555556,34.12555555555556,5,8,0.38,34.07805555555556,34.12555555555556
16623,34.10611111111111,34.1942243552453,1,8,0.5688888888888889,34.10611111111111,34.196666666666665
16624,34.10611111111111,34.158428349815786,1,8,0.3377777777777778,34.10611111111111,34.23888888888889
16625,34.10611111111111,34.143283885980225,1,8,0.24,34.10611111111111,34.26888888888889
16626,34.10611111111111,34.145349040139614,1,8,0.25333333333333335,34.10611111111111,34.300555555555555
16627,34.12833333333333,34.36961217762265,1,8,1.5577777777777777,34.12833333333333,34.49527777777778
16629,34.211666666666666,34.293055555555554,5,8,0.6511111111111111,34.211666666666666,34.293055555555554
16633,34.330555555555556,34.409166666666664,5,8,0.6288888888888889,34.330555555555556,34.409166666666664
16639,34.653333333333336,34.84305555555556,5,8,1.5177777777777777,34.653333333333336,34.84305555555556
16643,34.98861111111111,35.445277777777775,5,8,3.6533333333333333,34.98861111111111,35.445277777777775
16645,35.10444444444445,35.14315160955348,2,3,0.105,35.10444444444445,35.14388888888889
16647,35.15638888888889,35.191102457597786,2,2,0.06277777777777778,35.15638888888889,35.194722222222225
16649,35.26777777777778,35.4475,5,8,1.4377777777777778,35.26777777777778,35.4475
16654,35.39555555555555,35.87694444444445,5,8,3.851111111111111,35.39555555555555,35.87694444444445
16657,35.54388888888889,55.560833333333335,5,4,80.06777777777778,35.54388888888889,55.560833333333335
16659,35.70305555555556,35.71888888888889,5,1,0.015833333333333335,35.70305555555556,35.71888888888889
16664,35.90472222222222,49.18888888888889,5,1,13.284166666666666,35.90472222222222,49.18888888888889
16667,36.02777777777778,49.33083333333333,5,1,13.303055555555556,36.02777777777778,49.33083333333333
16668,36.02972222222222,36.41361111111111,5,1,0.3838888888888889,36.02972222222222,36.41361111111111
16669,36.033611111111114,49.295,5,1,13.261388888888888,36.033611111111114,49.295
16670,36.05277777777778,86.045,5,32,1599.7511111111112,36.05277777777778,86.045
16672,36.05833333333333,49.22138888888889,5,1,13.163055555555555,36.05833333333333,49.22138888888889
16673,36.07416666666666,49.42166666666667,5,1,13.3475,36.07416666666666,49.42166666666667
16674,36.07888888888889,49.12694444444445,5,1,13.048055555555555,36.07888888888889,49.12694444444445
16675,36.08305555555555,49.391666666666666,5,1,13.30861111111111,36.08305555555555,49.391666666666666
16676,36.089166666666664,49.19555555555556,5,1,13.106388888888889,36.089166666666664,49.19555555555556
16677,36.09361111111111,48.999722222222225,5,1,12.90611111111111,36.09361111111111,48.999722222222225
16678,36.098055555555554,48.966944444444444,5,1,12.86888888888889,36.098055555555554,48.966944444444444
16680,36.121944444444445,36.57083333333333,5,8,3.591111111111111,36.121944444444445,36.57083333333333
16683,36.165277777777774,49.14361111111111,5,1,12.978333333333333,36.165277777777774,49.14361111111111
16684,36.17861111111111,49.14833333333333,5,1,12.969722222222222,36.17861111111111,49.14833333333333
16685,36.18277777777778,49.20472222222222,5,1,13.021944444444445,36.18277777777778,49.20472222222222
16686,36.23222222222222,49.249722222222225,5,1,13.0175,36.23222222222222,49.249722222222225
16687,36.238055555555555,49.18944444444445,5,1,12.95138888888889,36.238055555555555,49.18944444444445
16688,36.24611111111111,49.00527777777778,5,1,12.759166666666667,36.24611111111111,49.00527777777778
16689,36.280833333333334,49.705,5,1,13.424166666666666,36.280833333333334,49.705
16694,36.33416666666667,49.27027777777778,5,1,12.936111111111112,36.33416666666667,49.27027777777778
16697,36.34111111111111,49.39138888888889,5,1,13.050277777777778,36.34111111111111,49.39138888888889
16699,36.346111111111114,49.360277777777775,5,1,13.014166666666666,36.346111111111114,49.360277777777775
16703,36.44777777777778,36.64361111111111,5,80,15.666666666666666,36.44777777777778,36.64361111111111
16704,36.676944444444445,36.70361111111111,5,16,0.4266666666666667,36.676944444444445,36.70361111111111
16706,36.73305555555555,36.765277777777776,5,1,0.03222222222222222,36.73305555555555,36.765277777777776
16707,36.772222222222226,36.80416666666667,5,1,0.03194444444444444,36.772222222222226,36.80416666666667
16708,36.77361111111111,39.99777777777778,5,16,51.586666666666666,36.77361111111111,39.99777777777778
16709,36.8,36.846111111111114,5,8,0.3688888888888889,36.8,36.846111111111114
16710,36.805,36.855555555555554,5,8,0.40444444444444444,36.805,36.855555555555554
16711,36.81111111111111,36.87888888888889,5,8,0.5422222222222223,36.81111111111111,36.87888888888889
16712,36.81944444444444,36.854166666666664,5,1,0.034722222222222224,36.81944444444444,36.854166666666664
16713,36.85888888888889,36.89194444444445,5,1,0.03305555555555555,36.85888888888889,36.89194444444445
16714,36.89194444444445,38.029444444444444,5,80,91.0,36.89194444444445,38.029444444444444
16719,37.26555555555556,37.31527777777778,5,16,0.7955555555555556,37.26555555555556,37.31527777777778
16720,37.269444444444446,37.410555555555554,5,1,0.1411111111111111,37.269444444444446,37.410555555555554
16721,37.325833333333335,37.37861111111111,5,16,0.8444444444444444,37.325833333333335,37.37861111111111
16723,37.428333333333335,37.444722222222225,5,8,0.13111111111111112,37.428333333333335,37.444722222222225
16724,37.431666666666665,37.444722222222225,5,8,0.10444444444444445,37.431666666666665,37.444722222222225
16725,37.43527777777778,37.45194444444444,5,8,0.13333333333333333,37.43527777777778,37.45194444444444
16726,37.47083333333333,37.5275,5,16,0.9066666666666666,37.47083333333333,37.5275
16727,37.583888888888886,37.665277777777774,5,8,0.6511111111111111,37.583888888888886,37.665277777777774
16728,37.58611111111111,37.65833333333333,5,8,0.5777777777777777,37.58611111111111,37.65833333333333
16729,37.58888888888889,37.6675,5,8,0.6288888888888889,37.58888888888889,37.6675
16730,37.675,37.72972222222222,5,8,0.43777777777777777,37.675,37.72972222222222
16731,37.72805555555556,38.253055555555555,5,8,4.2,37.72805555555556,38.253055555555555
16735,37.882777777777775,37.91277777777778,5,16,0.48,37.882777777777775,37.91277777777778
16737,37.93416666666667,38.36666666666667,5,8,3.46,37.93416666666667,38.36666666666667
16738,37.989444444444445,38.01777777777778,5,1,0.028333333333333332,37.989444444444445,38.01777777777778
16739,38.03138888888889,110.59444444444445,5,32,2322.0177777777776,38.03138888888889,110.59444444444445
16740,38.0325,38.0575,5,1,0.025,38.0325,38.0575
16741,38.04805555555556,107.84722222222223,5,32,2233.5733333333333,38.04805555555556,107.84722222222223
16745,38.08861111111111,38.115,5,1,0.02638888888888889,38.08861111111111,38.115
16749,38.13777777777778,38.24,5,16,1.6355555555555557,38.13777777777778,38.24
16752,38.24055555555555,38.27305555555556,5,16,0.52,38.24055555555555,38.27305555555556
16754,38.295,38.36138888888889,5,8,0.5311111111111111,38.295,38.36138888888889
16755,38.299166666666665,51.42916666666667,5,1,13.13,38.299166666666665,51.42916666666667
16756,38.29944444444445,38.34305555555556,5,8,0.3488888888888889,38.29944444444445,38.34305555555556
16757,38.30388888888889,38.35472222222222,5,8,0.4066666666666667,38.30388888888889,38.35472222222222
16758,38.312222222222225,38.528333333333336,5,16,3.457777777777778,38.312222222222225,38.528333333333336
16760,38.44138888888889,38.47555555555556,5,2,0.06833333333333333,38.44138888888889,38.47555555555556
16761,38.44444444444444,38.477777777777774,5,2,0.06666666666666667,38.44444444444444,38.477777777777774
16765,38.535,38.60111111111111,5,16,1.0577777777777777,38.535,38.60111111111111
16766,38.56722222222222,63.2525,5,1,24.685277777777777,38.56722222222222,63.2525
16771,38.625277777777775,58.42305555555556,5,1,19.797777777777778,38.625277777777775,58.42305555555556
16772,38.635,57.8275101803374,1,1,15.489166666666666,38.635,64.75944444444444
16776,38.6475,39.85583333333334,5,16,19.333333333333332,38.6475,39.85583333333334
16778,38.6675,54.361666666666665,5,1,15.694166666666666,38.6675,54.361666666666665
16779,38.695,38.708333333333336,5,8,0.10666666666666667,38.695,38.708333333333336
16786,38.751666666666665,38.78055555555556,5,1,0.028888888888888888,38.751666666666665,38.78055555555556
16787,38.78472222222222,38.803333333333335,5,8,0.14888888888888888,38.78472222222222,38.803333333333335
16788,38.78666666666667,38.81638888888889,5,1,0.029722222222222223,38.78666666666667,38.81638888888889
16789,38.791111111111114,45.863055555555555,5,8,56.57555555555555,38.791111111111114,45.863055555555555
16790,38.791666666666664,45.863055555555555,5,8,56.57111111111111,38.791666666666664,45.863055555555555
16791,38.79277777777778,46.14277777777778,5,8,58.8,38.79277777777778,46.14277777777778
16792,38.79333333333334,45.998333333333335,5,8,57.64,38.79333333333334,45.998333333333335
16795,38.84027777777778,39.04694444444444,5,1,0.20666666666666667,38.84027777777778,39.04694444444444
16796,38.86972222222222,38.92888888888889,5,8,0.47333333333333333,38.86972222222222,38.92888888888889
16797,38.878055555555555,39.86138888888889,5,16,15.733333333333333,38.878055555555555,39.86138888888889
16799,38.95305555555556,116.0261111111111,5,32,2466.337777777778,38.95305555555556,116.03805555555556
16805,39.35527777777778,39.94555555555556,5,16,9.444444444444445,39.35527777777778,39.94638888888889
16808,39.3975,39.61694444444444,5,1,0.21944444444444444,39.3975,39.61694444444444
16817,39.57111111111111,39.59861111111111,5,1,0.0275,39.57111111111111,39.59861111111111
16824,39.8425,43.401944444444446,5,1,3.5594444444444444,39.8425,43.401944444444446
16826,39.852777777777774,39.870902561439934,2,16,0.26222222222222225,39.852777777777774,39.87222222222222
16828,39.88333333333333,50.68138888888889,5,16,172.76888888888888,39.88333333333333,50.68138888888889
16830,39.916111111111114,42.98777777777778,5,1,3.0716666666666668,39.916111111111114,42.98777777777778
16831,39.919444444444444,39.94888888888889,5,16,0.4711111111111111,39.919444444444444,39.94888888888889
16833,39.93138888888889,39.97555555555556,5,40,1.7666666666666666,39.93138888888889,39.97555555555556
16834,39.94777777777778,42.95583333333333,5,1,3.0080555555555555,39.94777777777778,42.95583333333333
16835,39.94916666666666,40.55166666666667,5,16,9.64,39.94916666666666,40.55166666666667
16836,39.952222222222225,43.341140197789414,1,1,2.735,39.952222222222225,43.44583333333333
16837,39.99138888888889,74.24833333333333,5,40,1370.2777777777778,39.99138888888889,74.24833333333333
16838,40.00388888888889,43.39762555749466,1,1,2.738888888888889,40.00388888888889,43.44972222222222
16839,40.0175,43.3582310451813,1,1,2.696111111111111,40.0175,45.65222222222222
16840,40.021388888888886,43.317374927283296,1,1,2.66,40.021388888888886,45.647777777777776
16842,40.0275,43.19406971107233,1,1,2.5555555555555554,40.0275,45.9575
16843,40.031666666666666,43.39580279232112,1,1,2.715,40.031666666666666,46.16111111111111
16844,40.04472222222222,40.08694444444444,5,1,0.042222222222222223,40.04472222222222,40.08694444444444
16847,40.10611111111111,40.13444444444445,5,1,0.028333333333333332,40.10611111111111,40.13444444444445
16849,40.297777777777775,40.327777777777776,5,1,0.03,40.297777777777775,40.327777777777776
16850,40.344166666666666,79.34722222222223,5,1,39.003055555555555,40.344166666666666,79.34722222222223
16851,40.38527777777778,97.955,5,1,57.569722222222225,40.38527777777778,97.955
16854,40.41,111.70611111111111,5,1,71.29611111111112,40.41,111.70611111111111
16855,40.42805555555555,97.80540534979423,3,1,54.54888888888889,40.42805555555555,99.46444444444444
16857,40.555,41.07333333333333,5,16,8.293333333333333,40.555,41.07611111111111
16858,40.56583333333333,40.61972222222222,5,8,0.4311111111111111,40.56583333333333,40.61972222222222
16861,40.68555555555555,45.08555555555555,5,4,17.6,40.68555555555555,45.08583333333333
16863,40.76222222222222,41.10527777777778,5,8,2.7444444444444445,40.76222222222222,41.10527777777778
16864,40.784444444444446,41.30916666666667,5,16,8.395555555555555,40.784444444444446,41.30916666666667
16866,40.86055555555556,40.87722222222222,5,1,0.016666666666666666,40.86055555555556,40.87722222222222
16868,40.888888888888886,41.033055555555556,5,2,0.28833333333333333,40.888888888888886,41.033055555555556
16871,41.07944444444445,41.655,5,16,9.20888888888889,41.07944444444445,41.655
16875,41.25194444444445,41.327777777777776,5,8,0.6066666666666667,41.25194444444445,41.327777777777776
16877,41.450833333333335,41.52472222222222,5,8,0.5911111111111111,41.450833333333335,41.52472222222222
16879,41.56305555555556,41.634166666666665,5,8,0.5688888888888889,41.56305555555556,41.634166666666665
16882,41.60805555555555,41.62027777777778,5,1,0.012222222222222223,41.60805555555555,41.62027777777778
16883,41.6225,41.63722222222222,5,1,0.014722222222222222,41.6225,41.63722222222222
16887,41.64333333333333,44.041111111111114,5,8,19.182222222222222,41.64333333333333,44.041111111111114
16889,41.656666666666666,41.67138888888889,5,1,0.014722222222222222,41.656666666666666,41.67138888888889
16891,41.66,42.16805555555555,5,16,8.12888888888889,41.66,42.16972222222222
16893,41.71083333333333,41.724444444444444,5,1,0.01361111111111111,41.71083333333333,41.724444444444444
16895,41.760555555555555,41.77333333333333,5,1,0.012777777777777779,41.760555555555555,41.77333333333333
16896,41.77638888888889,41.78888888888889,5,1,0.0125,41.77638888888889,41.78888888888889
16903,42.01861111111111,42.033055555555556,5,1,0.014444444444444444,42.01861111111111,42.033055555555556
16905,42.049166666666665,42.54893397324026,1,32,12.906666666666666,42.049166666666665,52.60611111111111
16906,42.10638888888889,42.12305555555555,5,1,0.016666666666666666,42.10638888888889,42.12305555555555
16907,42.117777777777775,46.213055555555556,5,8,32.76222222222222,42.117777777777775,46.213055555555556
16909,42.13305555555556,42.18888888888889,5,16,0.8933333333333333,42.13305555555556,42.18888888888889
16910,42.16361111111111,42.17805555555555,5,1,0.014444444444444444,42.16361111111111,42.17805555555555
16912,42.17305555555556,42.804109993614304,4,16,9.897777777777778,42.17305555555556,42.81944444444444
16914,42.19222222222222,42.20916666666667,5,1,0.016944444444444446,42.19222222222222,42.20916666666667
16917,42.263333333333335,42.27527777777778,5,1,0.011944444444444445,42.263333333333335,42.27527777777778
16918,42.29416666666667,42.306111111111115,5,1,0.011944444444444445,42.29416666666667,42.306111111111115
16919,42.32527777777778,42.33722222222222,5,1,0.011944444444444445,42.32527777777778,42.33722222222222
16920,42.35944444444444,42.37583333333333,5,1,0.01638888888888889,42.35944444444444,42.37583333333333
16921,42.45583333333333,53.55583333333333,5,8,88.8,42.45583333333333,53.55583333333333
16922,42.47472222222222,42.528333333333336,5,16,0.8577777777777778,42.47472222222222,42.528333333333336
16924,42.82222222222222,43.38944444444444,5,16,9.075555555555555,42.82222222222222,43.38944444444444
16926,43.16222222222222,43.385555555555555,5,1,0.22333333333333333,43.16222222222222,43.385555555555555
16928,43.3925,43.937777777777775,5,16,8.724444444444444,43.3925,43.937777777777775
16929,43.6,43.718333333333334,5,8,0.9466666666666667,43.6,43.718333333333334
16931,43.81638888888889,51.12416666666667,5,1,7.307777777777778,43.81638888888889,51.12416666666667
16932,43.879444444444445,44.03138888888889,5,16,2.431111111111111,43.879444444444445,44.03138888888889
16933,43.91916666666667,43.919444444444444,5,1,0.0002777777777777778,43.91916666666667,43.919444444444444
16936,43.940555555555555,44.49027777777778,5,16,8.795555555555556,43.940555555555555,44.49027777777778
16939,43.98833333333334,44.034444444444446,5,1,0.04611111111111111,43.98833333333334,44.034444444444446
16943,44.12611111111111,47.86555555555555,5,8,29.915555555555557,44.12611111111111,47.86555555555555
16944,44.13055555555555,44.17027777777778,5,1,0.03972222222222222,44.13055555555555,44.17027777777778
16946,44.15,44.1675,5,4,0.07,44.15,44.1675
16947,44.17333333333333,48.681111111111115,5,4,18.031111111111112,44.17333333333333,48.681111111111115
16948,44.19444444444444,44.245,5,1,0.050555555555555555,44.19444444444444,44.245
16952,44.43,51.434444444444445,5,1,7.004444444444444,44.43,51.434444444444445
16954,44.48444444444444,44.524166666666666,5,1,0.03972222222222222,44.48444444444444,44.524166666666666
16956,44.493611111111115,45.035833333333336,5,16,8.675555555555556,44.493611111111115,45.043055555555554
16957,44.53611111111111,44.57222222222222,5,1,0.03611111111111111,44.53611111111111,44.57222222222222
16958,44.58555555555556,44.62555555555556,5,1,0.04,44.58555555555556,44.62555555555556
16959,44.62972222222222,44.666666666666664,5,1,0.036944444444444446,44.62972222222222,44.666666666666664
16962,44.8275,44.865,5,4,0.15,44.8275,44.86527777777778
16964,45.04611111111111,45.59527777777778,5,16,8.786666666666667,45.04611111111111,45.59527777777778
16965,45.16777777777778,45.46138888888889,5,1,0.2936111111111111,45.16777777777778,45.46138888888889
16968,45.20777777777778,45.28805555555556,5,1,0.08027777777777778,45.20777777777778,45.28805555555556
16970,45.27722222222222,45.43222222222222,5,1,0.155,45.27722222222222,45.43222222222222
16973,45.40638888888889,45.52388888888889,5,8,0.94,45.40638888888889,45.52388888888889
16974,45.59861111111111,46.13527777777778,5,16,8.586666666666666,45.59861111111111,46.13527777777778
16975,45.624722222222225,115.44777777777779,5,1,69.82305555555556,45.624722222222225,115.84361111111112
16977,45.82805555555556,46.28722222222222,5,8,3.6733333333333333,45.82805555555556,46.28722222222222
16978,45.844166666666666,45.963055555555556,5,8,0.9511111111111111,45.844166666666666,45.963055555555556
16987,46.143055555555556,113.69083333333333,5,1,67.54777777777778,46.143055555555556,113.69083333333333
16989,46.25083333333333,46.30972222222222,5,8,0.4711111111111111,46.25083333333333,46.30972222222222
16990,46.25611111111111,46.298611111111114,5,8,0.34,46.25611111111111,46.298611111111114
16991,46.26083333333333,46.32861111111111,5,8,0.5422222222222223,46.26083333333333,46.32861111111111
16994,46.34777777777778,46.41694444444445,5,8,0.5533333333333333,46.34777777777778,46.41694444444445
16995,46.3525,46.39666666666667,5,8,0.35333333333333333,46.3525,46.39666666666667
16996,46.35722222222222,46.415,5,8,0.4622222222222222,46.35722222222222,46.415
16998,46.37777777777778,46.38638888888889,5,1,0.008611111111111111,46.37777777777778,46.38638888888889
16999,46.39083333333333,46.46666666666667,5,1,0.07583333333333334,46.39083333333333,46.46666666666667
17007,46.589166666666664,46.64055555555556,5,1,0.05138888888888889,46.589166666666664,46.64055555555556
17012,46.753055555555555,58.240833333333335,5,8,91.90222222222222,46.753055555555555,58.240833333333335
17013,46.76111111111111,58.8725,5,8,96.89111111111112,46.76111111111111,58.8725
17014,46.76694444444445,59.55555555555556,5,8,102.30888888888889,46.76694444444445,59.55555555555556
17016,47.19972222222222,47.25944444444445,5,1,0.059722222222222225,47.19972222222222,47.25944444444445
17022,47.29972222222222,103.27361111111111,5,1,55.97388888888889,47.29972222222222,103.27361111111111
17023,47.30388888888889,47.367777777777775,5,1,0.06388888888888888,47.30388888888889,47.367777777777775
17028,47.42194444444444,106.26416666666665,5,1,58.84222222222222,47.42194444444444,106.27333333333333
17029,47.43194444444445,47.4975,5,1,0.06555555555555556,47.43194444444445,47.4975
17030,47.445277777777775,54.538333333333334,5,8,56.74444444444445,47.445277777777775,54.538333333333334
17031,47.465833333333336,55.61611111111111,5,8,65.20222222222222,47.465833333333336,55.61611111111111
17032,47.50333333333333,47.566944444444445,5,1,0.0636111111111111,47.50333333333333,47.566944444444445
17033,47.506388888888885,55.150555555555556,5,1,7.644166666666667,47.506388888888885,55.150555555555556
17034,47.5075,96.9534860383944,1,1,39.905,47.5075,119.25222222222222
17035,47.51222222222222,56.23416666666667,5,1,8.721944444444444,47.51222222222222,56.23416666666667
17040,47.683055555555555,47.74916666666667,5,1,0.0661111111111111,47.683055555555555,47.74916666666667
17042,47.74305555555556,53.033055555555556,5,8,42.32,47.74305555555556,53.128055555555555
17044,47.759166666666665,47.82277777777778,5,1,0.0636111111111111,47.759166666666665,47.82277777777778
17045,47.844722222222224,47.91305555555556,5,1,0.06833333333333333,47.844722222222224,47.91305555555556
17046,47.88527777777778,53.73583333333333,5,1,5.850555555555555,47.88527777777778,53.73583333333333
17047,47.888888888888886,48.048611111111114,5,1,0.1597222222222222,47.888888888888886,48.048611111111114
17048,47.93138888888889,47.99055555555555,5,1,0.059166666666666666,47.93138888888889,47.99055555555555
17049,48.00833333333333,48.325833333333335,5,1,0.3175,48.00833333333333,48.325833333333335
17050,48.081944444444446,48.11388888888889,5,4,0.12777777777777777,48.081944444444446,48.11388888888889
17052,48.215833333333336,48.35638888888889,5,1,0.14055555555555554,48.215833333333336,48.35638888888889
17054,48.79,48.93222222222222,5,4,0.5688888888888889,48.79,48.93222222222222
17056,49.026944444444446,49.16138888888889,5,4,0.5377777777777778,49.026944444444446,49.16138888888889
17062,51.12416666666667,51.45722222222222,5,2,0.6661111111111111,51.12416666666667,51.45722222222222
17064,51.45722222222222,51.75972222222222,5,2,0.605,51.45722222222222,51.75972222222222
17066,52.60916666666667,52.97277777777778,5,32,11.635555555555555,52.60916666666667,52.975833333333334
17067,52.979166666666664,99.43583333333333,5,32,1486.6133333333332,52.979166666666664,99.43583333333333
17080,56.34527777777778,56.36,5,1,0.014722222222222222,56.34527777777778,56.36
17081,56.365,56.38,5,1,0.015,56.365,56.38
17082,56.38361111111111,56.395,5,1,0.01138888888888889,56.38361111111111,56.395
17084,56.41277777777778,56.422777777777775,5,1,0.01,56.41277777777778,56.422777777777775
17085,56.46055555555556,56.46083333333333,5,1,0.0002777777777777778,56.46055555555556,56.46083333333333
17086,56.62555555555556,72.115,5,8,123.91555555555556,56.62555555555556,72.115
17087,56.62611111111111,73.43666666666667,5,8,134.48444444444445,56.62611111111111,73.43666666666667
17088,56.62861111111111,63.08555555555556,5,8,51.65555555555556,56.62861111111111,63.08555555555556
17089,56.62916666666667,56.629444444444445,5,1,0.0002777777777777778,56.62916666666667,56.629444444444445
17090,56.629444444444445,63.085,5,8,51.644444444444446,56.629444444444445,63.085
17091,56.630833333333335,63.29694444444444,5,8,53.32888888888889,56.630833333333335,63.29694444444444
17092,56.636944444444445,63.593611111111116,5,8,55.653333333333336,56.636944444444445,63.611111111111114
17093,56.68194444444445,56.69888888888889,5,1,0.016944444444444446,56.68194444444445,56.69888888888889
17094,56.70166666666667,56.71361111111111,5,1,0.011944444444444445,56.70166666666667,56.71361111111111
17099,57.635555555555555,57.650555555555556,5,1,0.015,57.635555555555555,57.650555555555556
17100,57.66416666666667,57.74,5,1,0.07583333333333334,57.66416666666667,57.74
17101,57.83722222222222,57.853611111111114,5,1,0.01638888888888889,57.83722222222222,57.853611111111114
17102,58.01555555555556,58.10194444444444,5,1,0.08638888888888889,58.01555555555556,58.10194444444444
17104,58.10527777777778,75.4375,5,4,69.32888888888888,58.10527777777778,75.4375
17107,58.17111111111111,58.27333333333333,5,1,0.10222222222222223,58.17111111111111,58.27333333333333
17110,58.35055555555556,58.485277777777775,5,8,1.0777777777777777,58.35055555555556,58.485277777777775
17111,58.37777777777778,58.52166666666667,5,1,0.1438888888888889,58.37777777777778,58.52166666666667
17113,58.52777777777778,59.275,5,8,5.977777777777778,58.52777777777778,59.275
17114,58.59972222222222,58.67861111111111,5,8,0.6311111111111111,58.59972222222222,58.67861111111111
17123,59.104166666666664,59.18555555555555,5,1,0.08138888888888889,59.104166666666664,59.18555555555555
17124,59.12888888888889,59.17333333333333,5,1,0.044444444444444446,59.12888888888889,59.17333333333333
17125,59.18222222222222,59.312777777777775,5,1,0.13055555555555556,59.18222222222222,59.312777777777775
17126,59.18333333333333,59.22694444444444,5,1,0.043611111111111114,59.18333333333333,59.22694444444444
17129,59.20777777777778,59.25944444444445,5,1,0.051666666666666666,59.20777777777778,59.25944444444445
17130,59.21138888888889,59.25972222222222,5,1,0.04833333333333333,59.21138888888889,59.25972222222222
17131,59.221111111111114,59.25833333333333,5,1,0.03722222222222222,59.221111111111114,59.25833333333333
17132,59.22833333333333,59.285833333333336,5,1,0.0575,59.22833333333333,59.285833333333336
17133,59.23166666666667,59.285833333333336,5,1,0.05416666666666667,59.23166666666667,59.285833333333336
17134,59.236111111111114,59.28611111111111,5,1,0.05,59.236111111111114,59.28611111111111
17135,59.25888888888889,59.27583333333333,5,8,0.13555555555555557,59.25888888888889,59.27583333333333
17136,59.264722222222225,59.305,5,1,0.04027777777777778,59.264722222222225,59.305
17137,59.276944444444446,59.28666666666667,5,1,0.009722222222222222,59.276944444444446,59.28666666666667
17138,59.28277777777778,59.2925,5,1,0.009722222222222222,59.28277777777778,59.2925
17139,59.289722222222224,59.298611111111114,5,1,0.008888888888888889,59.289722222222224,59.298611111111114
17140,59.29194444444445,59.29972222222222,5,1,0.0077777777777777776,59.29194444444445,59.29972222222222
17141,59.295,59.30222222222222,5,1,0.007222222222222222,59.295,59.30222222222222
17142,59.2975,59.304722222222225,5,1,0.007222222222222222,59.2975,59.304722222222225
17143,59.299166666666665,59.3075,5,1,0.008333333333333333,59.299166666666665,59.3075
17144,59.30305555555555,59.312222222222225,5,1,0.009166666666666667,59.30305555555555,59.312222222222225
17146,59.39138888888889,59.40138888888889,5,1,0.01,59.39138888888889,59.40138888888889
17148,59.40611111111111,59.415,5,1,0.008888888888888889,59.40611111111111,59.415
17149,59.41166666666667,59.535,5,1,0.12333333333333334,59.41166666666667,59.535
17150,59.44638888888889,59.48916666666667,5,1,0.042777777777777776,59.44638888888889,59.48916666666667
17151,59.4675,59.528055555555554,5,1,0.06055555555555556,59.4675,59.528055555555554
17152,59.471111111111114,59.528055555555554,5,1,0.05694444444444444,59.471111111111114,59.528055555555554
17153,59.471666666666664,70.46027777777778,5,8,87.9088888888889,59.471666666666664,70.46027777777778
17155,59.47555555555556,59.52777777777778,5,1,0.052222222222222225,59.47555555555556,59.52777777777778
17156,59.48222222222222,59.52194444444444,5,1,0.03972222222222222,59.48222222222222,59.52194444444444
17157,59.488055555555555,59.52777777777778,5,1,0.03972222222222222,59.488055555555555,59.52777777777778
17158,59.50055555555556,61.14097634283498,1,8,10.591111111111111,59.50055555555556,62.63388888888889
17159,59.50055555555556,62.86710102772929,1,8,21.735555555555557,59.50055555555556,65.35083333333333
17160,59.50055555555556,63.234354275741715,1,8,24.106666666666666,59.50055555555556,68.36416666666666
17161,59.50055555555556,62.73252181500873,1,8,20.866666666666667,59.50055555555556,70.9725
17162,59.50055555555556,62.58968198565058,1,8,19.944444444444443,59.50055555555556,73.46555555555555
17163,59.50055555555556,59.87779038200504,1,8,2.4355555555555557,59.50055555555556,73.77
17164,59.50055555555556,60.77613244134187,1,8,8.235555555555555,59.50055555555556,74.79944444444445
17165,59.50055555555556,60.73723870467326,1,8,7.984444444444445,59.50055555555556,75.24638888888889
17166,59.50055555555556,60.785769827419045,1,8,8.297777777777778,59.50055555555556,75.28555555555556
17167,59.50055555555556,60.765462478184986,1,8,8.166666666666666,59.50055555555556,75.26916666666666
17168,59.50055555555556,61.557793290672876,1,8,13.282222222222222,59.50055555555556,75.90861111111111
17169,59.50055555555556,61.47897324025596,1,8,12.773333333333333,59.50055555555556,75.845
17170,59.50055555555556,61.393613535000966,1,8,12.222222222222221,59.50055555555556,76.32722222222222
17171,59.50055555555556,61.39499030444056,1,8,12.231111111111112,59.50055555555556,76.77527777777777
17172,59.50055555555556,61.33854275741711,1,8,11.866666666666667,59.50055555555556,76.7525
17173,59.50055555555556,59.614139034322264,1,8,0.7333333333333333,59.50055555555556,75.37722222222222
17174,59.518055555555556,63.63,5,8,32.89555555555555,59.518055555555556,63.63
17175,59.52611111111111,59.56916666666667,5,1,0.043055555555555555,59.52611111111111,59.56916666666667
17176,59.52861111111111,59.544444444444444,5,4,0.06333333333333334,59.52861111111111,59.544444444444444
17177,59.53055555555556,59.57805555555556,5,1,0.0475,59.53055555555556,59.57805555555556
17178,59.53638888888889,59.58972222222222,5,1,0.05333333333333334,59.53638888888889,59.58972222222222
17179,59.53888888888889,59.58972222222222,5,1,0.050833333333333335,59.53888888888889,59.58972222222222
17180,59.54194444444445,59.6775,5,1,0.13555555555555557,59.54194444444445,59.6775
17182,59.54638888888889,59.58555555555556,5,1,0.03916666666666667,59.54638888888889,59.58555555555556
17183,59.55111111111111,59.58972222222222,5,1,0.03861111111111111,59.55111111111111,59.58972222222222
17184,59.554722222222225,59.60527777777778,5,1,0.050555555555555555,59.554722222222225,59.60527777777778
17185,59.55722222222222,59.60527777777778,5,1,0.04805555555555555,59.55722222222222,59.60527777777778
17186,59.56611111111111,59.57416666666666,5,1,0.008055555555555555,59.56611111111111,59.57416666666666
17187,59.57138888888889,59.580555555555556,5,1,0.009166666666666667,59.57138888888889,59.580555555555556
17188,59.57555555555555,59.583333333333336,5,1,0.0077777777777777776,59.57555555555555,59.583333333333336
17189,59.57805555555556,59.5875,5,1,0.009444444444444445,59.57805555555556,59.5875
17190,59.58444444444444,59.59305555555556,5,1,0.008611111111111111,59.58444444444444,59.59305555555556
17191,59.58722222222222,59.595,5,1,0.0077777777777777776,59.58722222222222,59.595
17192,59.59,59.59777777777778,5,1,0.0077777777777777776,59.59,59.59777777777778
17193,59.59388888888889,59.602222222222224,5,1,0.008333333333333333,59.59388888888889,59.602222222222224
17194,59.59722222222222,59.60472222222222,5,1,0.0075,59.59722222222222,59.60472222222222
17195,59.60027777777778,59.61,5,1,0.009722222222222222,59.60027777777778,59.61
17196,59.602777777777774,59.610277777777775,5,1,0.0075,59.602777777777774,59.610277777777775
17197,59.60638888888889,59.61666666666667,5,1,0.010277777777777778,59.60638888888889,59.61666666666667
17198,59.60944444444444,59.61694444444444,5,1,0.0075,59.60944444444444,59.61694444444444
17199,59.611666666666665,59.619166666666665,5,1,0.0075,59.611666666666665,59.619166666666665
17200,59.61388888888889,59.62138888888889,5,1,0.0075,59.61388888888889,59.62138888888889
17201,59.71055555555556,59.85111111111111,5,1,0.14055555555555554,59.71055555555556,59.85111111111111
17202,59.7575,59.81361111111111,5,16,0.8977777777777778,59.7575,59.81361111111111
17203,59.793055555555554,59.840833333333336,5,1,0.04777777777777778,59.793055555555554,59.840833333333336
17205,59.844722222222224,60.07833333333333,5,8,1.8688888888888888,59.844722222222224,60.07833333333333
17206,59.855,59.88449117341641,2,2,0.05333333333333334,59.855,59.88472222222222
17207,59.882222222222225,71.73388888888888,5,16,189.62666666666667,59.882222222222225,71.73388888888888
17208,59.88444444444445,59.89416666666666,5,1,0.009722222222222222,59.88444444444445,59.89416666666666
17210,59.90555555555556,59.93388888888889,5,1,0.028333333333333332,59.90555555555556,59.93388888888889
17216,60.038333333333334,60.17583333333334,5,1,0.1375,60.038333333333334,60.17583333333334
17217,60.11,86.90527777777778,5,4,107.18111111111111,60.11,86.90527777777778
17218,60.113055555555555,60.14666666666667,5,1,0.03361111111111111,60.113055555555555,60.14666666666667
17220,60.16888888888889,60.21805555555556,5,1,0.049166666666666664,60.16888888888889,60.21805555555556
17222,60.284166666666664,60.336666666666666,5,16,0.84,60.284166666666664,60.336666666666666
17223,60.35166666666667,60.38861111111111,5,1,0.036944444444444446,60.35166666666667,60.38861111111111
17224,60.39805555555556,60.485277777777775,5,16,1.3955555555555557,60.39805555555556,60.485277777777775
17225,60.401666666666664,60.47083333333333,5,8,0.5533333333333333,60.401666666666664,60.47083333333333
17226,60.41444444444444,60.44583333333333,5,1,0.03138888888888889,60.41444444444444,60.44583333333333
17229,60.43944444444445,60.473055555555554,5,1,0.03361111111111111,60.43944444444445,60.473055555555554
17230,60.45805555555555,60.52164589823469,2,16,0.92,60.45805555555555,60.528333333333336
17233,60.56194444444444,60.58972222222222,5,1,0.027777777777777776,60.56194444444444,60.58972222222222
17235,60.583888888888886,60.68083333333333,5,16,1.551111111111111,60.583888888888886,60.68083333333333
17236,60.584722222222226,60.617777777777775,5,1,0.03305555555555555,60.584722222222226,60.617777777777775
17237,60.59305555555556,60.64388888888889,5,16,0.8133333333333334,60.59305555555556,60.64388888888889
17239,60.634166666666665,60.69622101073036,2,16,0.8977777777777778,60.634166666666665,60.7
17240,60.65222222222222,60.681666666666665,5,1,0.029444444444444443,60.65222222222222,60.681666666666665
17242,60.86083333333333,60.96611111111111,5,16,1.6844444444444444,60.86083333333333,60.96611111111111
17243,60.86555555555555,60.89833333333333,5,1,0.03277777777777778,60.86555555555555,60.89833333333333
17245,60.9125,60.941944444444445,5,1,0.029444444444444443,60.9125,60.941944444444445
17246,60.970555555555556,60.97944444444445,5,1,0.008888888888888889,60.970555555555556,60.97944444444445
17248,61.07611111111111,61.08638888888889,5,1,0.010277777777777778,61.07611111111111,61.08638888888889
17251,61.14277777777778,61.64111111111111,5,1,0.49833333333333335,61.14277777777778,61.64111111111111
17252,61.1775,61.214166666666664,5,1,0.03666666666666667,61.1775,61.214166666666664
17253,61.18416666666667,61.330555555555556,5,2,0.2927777777777778,61.18416666666667,61.330555555555556
17256,61.25083333333333,61.28888888888889,5,1,0.03805555555555556,61.25083333333333,61.28888888888889
17257,61.26277777777778,61.29277777777778,5,1,0.03,61.26277777777778,61.29277777777778
17261,61.34027777777778,61.37,5,1,0.029722222222222223,61.34027777777778,61.37
17264,61.37222222222222,72.79444444444445,5,8,91.37777777777778,61.37222222222222,72.79444444444445
17266,61.38944444444444,61.416111111111114,5,1,0.02666666666666667,61.38944444444444,61.416111111111114
17267,61.43805555555556,61.46388888888889,5,1,0.025833333333333333,61.43805555555556,61.46388888888889
17268,61.48722222222222,61.51444444444444,5,1,0.02722222222222222,61.48722222222222,61.51444444444444
17269,61.52,61.818333333333335,5,2,0.5966666666666667,61.52,61.818333333333335
17270,61.52611111111111,61.56333333333333,5,1,0.03722222222222222,61.52611111111111,61.56333333333333
17271,61.535,61.56333333333333,5,1,0.028333333333333332,61.535,61.56333333333333
17272,61.58138888888889,61.60805555555555,5,1,0.02666666666666667,61.58138888888889,61.60805555555555
17273,61.58305555555555,61.62583333333333,5,16,0.6844444444444444,61.58305555555555,61.62583333333333
17274,61.60333333333333,61.63027777777778,5,1,0.026944444444444444,61.60333333333333,61.63027777777778
17275,61.629444444444445,61.655,5,1,0.025555555555555557,61.629444444444445,61.655
17276,61.65611111111111,61.685,5,1,0.028888888888888888,61.65611111111111,61.685
17278,61.66444444444444,61.71159879775063,1,1,0.03805555555555556,61.66444444444444,61.73111111111111
17280,61.68138888888889,61.71083333333333,5,1,0.029444444444444443,61.68138888888889,61.71083333333333
17281,61.70666666666666,61.735277777777775,5,1,0.02861111111111111,61.70666666666666,61.735277777777775
17282,61.74777777777778,61.77638888888889,5,1,0.02861111111111111,61.74777777777778,61.77638888888889
17283,61.75194444444445,61.9775,5,1,0.22555555555555556,61.75194444444445,61.9775
17284,61.768055555555556,61.807377120110765,2,1,0.035555555555555556,61.768055555555556,61.81194444444444
17285,61.795,61.82194444444445,5,1,0.026944444444444444,61.795,61.82194444444445
17287,61.839444444444446,61.864444444444445,5,1,0.025,61.839444444444446,61.864444444444445
17288,61.85944444444444,61.89472222222222,5,2,0.07055555555555555,61.85944444444444,61.89472222222222
17290,61.88944444444444,61.91305555555556,5,1,0.02361111111111111,61.88944444444444,61.91305555555556
17291,61.90833333333333,62.11361111111111,5,2,0.41055555555555556,61.90833333333333,62.11361111111111
17293,61.933055555555555,61.967777777777776,5,1,0.034722222222222224,61.933055555555555,61.967777777777776
17294,62.007777777777775,64.10888888888888,5,1,2.101111111111111,62.007777777777775,64.10888888888888
17295,62.013333333333335,64.14861111111111,5,1,2.1352777777777776,62.013333333333335,64.14861111111111
17296,62.0175,64.15055555555556,5,1,2.1330555555555555,62.0175,64.15055555555556
17297,62.02055555555555,62.16166666666667,5,1,0.1411111111111111,62.02055555555555,62.16166666666667
17298,62.03111111111111,62.0751677331782,1,1,0.035555555555555556,62.03111111111111,62.149166666666666
17299,62.03666666666667,64.15583333333333,5,1,2.1191666666666666,62.03666666666667,64.15583333333333
17300,62.05,64.23,5,1,2.18,62.05,64.23
17301,62.068888888888885,70.23944444444444,5,8,65.36444444444444,62.068888888888885,70.23944444444444
17302,62.08888888888889,63.9461508629048,1,8,11.991111111111111,62.08888888888889,76.87611111111111
17303,62.08888888888889,65.66883362420012,1,8,23.113333333333333,62.08888888888889,78.73416666666667
17304,62.08888888888889,65.18248981966259,1,8,19.973333333333333,62.08888888888889,78.40527777777778
17305,62.08888888888889,65.07131568741517,1,8,19.255555555555556,62.08888888888889,78.73416666666667
17306,62.08888888888889,65.12845161915843,1,8,19.624444444444446,62.08888888888889,79.20555555555555
17307,62.08888888888889,62.46577952297849,1,8,2.433333333333333,62.08888888888889,77.07944444444445
17308,62.08888888888889,63.22644463835563,1,8,7.344444444444444,62.08888888888889,77.79416666666667
17309,62.08888888888889,63.20992340508047,1,8,7.237777777777778,62.08888888888889,77.98416666666667
17310,62.08888888888889,63.23195171611402,1,8,7.38,62.08888888888889,78.71666666666667
17311,62.08888888888889,63.23986814039171,1,8,7.431111111111111,62.08888888888889,78.91305555555556
17312,62.08888888888889,63.777840798914085,1,8,10.904444444444444,62.08888888888889,79.76833333333333
17313,62.08888888888889,63.72724452200892,1,8,10.577777777777778,62.08888888888889,80.03888888888889
17314,62.08888888888889,63.75753344968004,1,8,10.773333333333333,62.08888888888889,80.08083333333333
17315,62.08888888888889,63.82774869109948,1,8,11.226666666666667,62.08888888888889,80.1375
17316,62.08888888888889,63.75409152608105,1,8,10.751111111111111,62.08888888888889,80.25694444444444
17317,62.08888888888889,62.20522590653482,1,8,0.7511111111111111,62.08888888888889,79.29944444444445
17318,62.100833333333334,64.28666666666666,5,1,2.1858333333333335,62.100833333333334,64.28666666666666
17319,62.10611111111111,64.30222222222223,5,1,2.196111111111111,62.10611111111111,64.30222222222223
17320,62.111111111111114,64.27694444444444,5,1,2.1658333333333335,62.111111111111114,64.27694444444444
17321,62.214444444444446,62.242222222222225,5,1,0.027777777777777776,62.214444444444446,62.242222222222225
17322,62.215555555555554,62.25333333333333,5,1,0.03777777777777778,62.215555555555554,62.25333333333333
17325,62.27,62.29472222222222,5,1,0.024722222222222222,62.27,62.29472222222222
17329,62.30694444444445,62.331944444444446,5,1,0.025,62.30694444444445,62.331944444444446
17331,62.34527777777778,62.385555555555555,5,1,0.04027777777777778,62.34527777777778,62.385555555555555
17332,62.376666666666665,62.4375,5,1,0.060833333333333336,62.376666666666665,62.4375
17333,62.37916666666667,62.450833333333335,5,1,0.07166666666666667,62.37916666666667,62.450833333333335
17336,62.424166666666665,62.45055555555555,5,1,0.02638888888888889,62.424166666666665,62.45055555555555
17339,62.458888888888886,62.488055555555555,5,1,0.029166666666666667,62.458888888888886,62.488055555555555
17342,62.52388888888889,62.5575,5,1,0.03361111111111111,62.52388888888889,62.5575
17343,62.52611111111111,62.555277777777775,5,8,0.23333333333333334,62.52611111111111,62.555277777777775
17347,62.56194444444444,62.58888888888889,5,1,0.026944444444444444,62.56194444444444,62.58888888888889
17348,62.562222222222225,71.03694444444444,5,8,67.79777777777778,62.562222222222225,71.03694444444444
17349,62.591944444444444,62.61833333333333,5,1,0.02638888888888889,62.591944444444444,62.61833333333333
17350,62.617222222222225,62.69722222222222,5,1,0.08,62.617222222222225,62.69722222222222
17351,62.617222222222225,62.84027777777778,5,1,0.22305555555555556,62.617222222222225,62.84027777777778
17352,62.62833333333333,62.64194444444445,5,1,0.01361111111111111,62.62833333333333,62.64194444444445
17353,62.65277777777778,62.6775,5,1,0.024722222222222222,62.65277777777778,62.6775
17355,62.71194444444444,62.73833333333334,5,1,0.02638888888888889,62.71194444444444,62.73833333333334
17360,62.731944444444444,62.745555555555555,5,1,0.01361111111111111,62.731944444444444,62.745555555555555
17361,62.76166666666666,75.07833333333333,5,16,197.06666666666666,62.76166666666666,75.07833333333333
17362,62.765,62.78861111111111,5,1,0.02361111111111111,62.765,62.78861111111111
17365,62.780277777777776,62.79388888888889,5,1,0.01361111111111111,62.780277777777776,62.79388888888889
17366,62.785555555555554,71.31833333333333,5,8,68.26222222222222,62.785555555555554,71.31833333333333
17367,62.80888888888889,71.5175,5,8,69.66888888888889,62.80888888888889,71.5175
17368,62.86055555555556,62.8875,5,1,0.026944444444444444,62.86055555555556,62.8875
17371,62.925555555555555,62.951388888888886,5,1,0.025833333333333333,62.925555555555555,62.951388888888886
17373,63.01,63.044444444444444,5,1,0.034444444444444444,63.01,63.044444444444444
17375,63.03916666666667,63.05861111111111,5,1,0.019444444444444445,63.03916666666667,63.05861111111111
17378,63.10777777777778,63.16027777777778,5,8,0.42,63.10777777777778,63.16027777777778
17379,63.11055555555556,63.13638888888889,5,1,0.025833333333333333,63.11055555555556,63.13638888888889
17380,63.111111111111114,63.15694444444444,5,8,0.36666666666666664,63.111111111111114,63.15694444444444
17381,63.12444444444444,63.21186930385883,1,8,0.5644444444444444,63.12444444444444,63.2275
17382,63.14194444444445,63.17138888888889,5,1,0.029444444444444443,63.14194444444445,63.17138888888889
17383,63.172777777777775,63.202222222222225,5,1,0.029444444444444443,63.172777777777775,63.202222222222225
17384,63.19166666666667,63.46722222222222,5,1,0.27555555555555555,63.19166666666667,63.46722222222222
17385,63.19861111111111,63.26638888888889,5,8,0.5422222222222223,63.19861111111111,63.26638888888889
17386,63.20305555555556,63.26156825673842,1,8,0.37777777777777777,63.20305555555556,63.27472222222222
17387,63.21194444444444,63.23888888888889,5,1,0.026944444444444444,63.21194444444444,63.23888888888889
17389,63.235,63.29661043242195,1,8,0.3977777777777778,63.235,63.31611111111111
17390,63.240833333333335,63.265,5,1,0.024166666666666666,63.240833333333335,63.265
17391,63.26611111111111,63.29083333333333,5,1,0.024722222222222222,63.26611111111111,63.29083333333333
17392,63.2825,63.306666666666665,5,1,0.024166666666666666,63.2825,63.306666666666665
17394,63.310833333333335,63.341388888888886,5,1,0.030555555555555555,63.310833333333335,63.341388888888886
17396,63.3375,63.37388888888889,5,1,0.03638888888888889,63.3375,63.37388888888889
17397,63.37305555555555,63.40416666666667,5,1,0.03111111111111111,63.37305555555555,63.40416666666667
17400,63.39833333333333,63.452777777777776,5,8,0.43555555555555553,63.39833333333333,63.452777777777776
17402,63.401666666666664,63.45194444444444,5,8,0.4022222222222222,63.401666666666664,63.45194444444444
17404,63.40277777777778,63.43083333333333,5,1,0.028055555555555556,63.40277777777778,63.43083333333333
17405,63.405277777777776,63.47416666666667,5,8,0.5511111111111111,63.405277777777776,63.47416666666667
17407,63.422222222222224,63.45354372697305,1,1,0.025277777777777777,63.422222222222224,63.45611111111111
17409,63.456944444444446,63.48111111111111,5,1,0.024166666666666666,63.456944444444446,63.48111111111111
17410,63.48166666666667,80.05444444444444,5,4,66.2911111111111,63.48166666666667,80.16111111111111
17411,63.489444444444445,63.522777777777776,5,1,0.03333333333333333,63.489444444444445,63.522777777777776
17413,63.509166666666665,63.54222222222222,5,1,0.03305555555555555,63.509166666666665,63.54222222222222
17417,63.545833333333334,63.573055555555555,5,1,0.02722222222222222,63.545833333333334,63.573055555555555
17419,63.58,63.602222222222224,5,1,0.022222222222222223,63.58,63.602222222222224
17421,63.595,63.62305555555555,5,1,0.028055555555555556,63.595,63.62305555555555
17422,63.615833333333335,71.87766268605053,2,8,59.76444444444444,63.615833333333335,72.12833333333333
17423,63.62083333333333,68.96751745200697,1,8,34.52,63.62083333333333,68.97277777777778
17425,63.62694444444445,63.65416666666667,5,1,0.02722222222222222,63.62694444444445,63.65416666666667
17427,63.67166666666667,63.70305555555556,5,1,0.03138888888888889,63.67166666666667,63.70305555555556
17428,63.6725,63.70527777777778,5,1,0.03277777777777778,63.6725,63.70527777777778
17431,63.705555555555556,63.72694444444444,5,8,0.1711111111111111,63.705555555555556,63.72694444444444
17434,63.728611111111114,63.75388888888889,5,1,0.025277777777777777,63.728611111111114,63.75388888888889
17435,63.72972222222222,63.75666666666667,5,1,0.026944444444444444,63.72972222222222,63.75666666666667
17436,63.74777777777778,63.76888888888889,5,8,0.1688888888888889,63.74777777777778,63.76888888888889
17437,63.778055555555554,63.80166666666667,5,1,0.02361111111111111,63.778055555555554,63.80166666666667
17438,63.77916666666667,63.80444444444444,5,1,0.025277777777777777,63.77916666666667,63.80444444444444
17439,63.81916666666667,63.855,5,1,0.035833333333333335,63.81916666666667,63.855
17440,63.82,63.855,5,1,0.035,63.82,63.855
17445,63.89833333333333,63.92333333333333,5,1,0.025,63.89833333333333,63.92333333333333
17446,63.90277777777778,63.93194444444445,5,1,0.029166666666666667,63.90277777777778,63.93194444444445
17450,63.95472222222222,64.02305555555556,5,8,0.5466666666666666,63.95472222222222,64.02305555555556
17451,63.95611111111111,63.98722222222222,5,1,0.03111111111111111,63.95611111111111,63.98722222222222
17452,63.95722222222222,63.9875,5,1,0.03027777777777778,63.95722222222222,63.9875
17453,63.958888888888886,64.00638888888889,5,8,0.38,63.958888888888886,64.00638888888889
17456,63.97611111111111,64.03027777777778,5,8,0.43333333333333335,63.97611111111111,64.03027777777778
17460,64.00527777777778,64.48861111111111,5,8,3.8666666666666667,64.00527777777778,64.48861111111111
17462,64.03944444444444,66.62638888888888,5,8,20.695555555555554,64.03944444444444,66.62638888888888
17463,64.04277777777777,64.10527777777777,5,1,0.0625,64.04277777777777,64.10527777777777
17465,64.15083333333334,64.21666666666667,5,1,0.06583333333333333,64.15083333333334,64.21666666666667
17468,64.21222222222222,64.38361111111111,5,1,0.1713888888888889,64.21222222222222,64.38361111111111
17469,64.33611111111111,64.3475,5,1,0.01138888888888889,64.33611111111111,64.3475
17471,64.40527777777778,88.29083333333334,5,8,191.08444444444444,64.40527777777778,88.29083333333334
17472,64.42277777777778,64.90833333333333,5,1,0.4855555555555556,64.42277777777778,64.90833333333333
17473,64.49361111111111,64.55916666666667,5,1,0.06555555555555556,64.49361111111111,64.55916666666667
17474,64.50277777777778,64.52333333333333,5,1,0.020555555555555556,64.50277777777778,64.52333333333333
17476,64.55416666666666,64.57305555555556,5,1,0.01888888888888889,64.55416666666666,64.57305555555556
17478,64.59305555555555,64.61611111111111,5,1,0.023055555555555555,64.59305555555555,64.61611111111111
17485,64.845,64.88555555555556,5,1,0.04055555555555555,64.845,64.88555555555556
17486,64.91083333333333,65.06694444444445,5,1,0.15611111111111112,64.91083333333333,65.06694444444445
17487,64.92777777777778,64.94944444444444,5,8,0.17333333333333334,64.92777777777778,64.94944444444444
17488,64.97,64.9888888888889,5,8,0.1511111111111111,64.97,64.9888888888889
17491,64.99027777777778,65.48361111111112,5,1,0.49333333333333335,64.99027777777778,65.48361111111112
17493,65.01833333333333,65.03833333333333,5,1,0.02,65.01833333333333,65.03833333333333
17494,65.04833333333333,65.07833333333333,5,1,0.03,65.04833333333333,65.07833333333333
17495,65.07194444444444,66.73645869691681,1,8,10.746666666666666,65.07194444444444,66.80305555555556
17496,65.08222222222223,65.11138888888888,5,1,0.029166666666666667,65.08222222222223,65.11138888888888
17497,65.09444444444445,65.11277777777778,5,1,0.018333333333333333,65.09444444444445,65.11277777777778
17498,65.11416666666666,65.35333333333334,5,1,0.23916666666666667,65.11416666666666,65.35333333333334
17499,65.115,65.14027777777778,5,1,0.025277777777777777,65.115,65.14027777777778
17502,65.13638888888889,65.16194444444444,5,1,0.025555555555555557,65.13638888888889,65.16194444444444
17503,65.15638888888888,65.18083333333334,5,1,0.024444444444444446,65.15638888888888,65.18083333333334
17505,65.1625,65.32555555555555,5,1,0.16305555555555556,65.1625,65.32555555555555
17506,65.18305555555555,65.21138888888889,5,1,0.028333333333333332,65.18305555555555,65.21138888888889
17507,65.19833333333334,65.2761111111111,5,1,0.07777777777777778,65.19833333333334,65.2761111111111
17508,65.20833333333333,65.23194444444445,5,1,0.02361111111111111,65.20833333333333,65.23194444444445
17509,65.21,67.70694444444445,5,8,19.975555555555555,65.21,67.70694444444445
17513,65.24361111111111,65.26916666666666,5,1,0.025555555555555557,65.24361111111111,65.26916666666666
17514,65.265,65.28833333333333,5,1,0.023333333333333334,65.265,65.28833333333333
17516,65.27833333333334,65.36,5,1,0.08166666666666667,65.27833333333334,65.36
17517,65.28611111111111,65.31083333333333,5,1,0.024722222222222222,65.28611111111111,65.31083333333333
17518,65.30888888888889,65.33527777777778,5,1,0.02638888888888889,65.30888888888889,65.33527777777778
17519,65.33,65.33916666666667,5,1,0.009166666666666667,65.33,65.33916666666667
17521,65.34,65.37083333333334,5,1,0.030833333333333334,65.34,65.37083333333334
17524,65.36472222222223,65.39083333333333,5,1,0.026111111111111113,65.36472222222223,65.39083333333333
17525,65.38666666666667,65.41444444444444,5,1,0.027777777777777776,65.38666666666667,65.41444444444444
17526,65.40138888888889,65.57916666666667,5,1,0.17777777777777778,65.40138888888889,65.57916666666667
17527,65.43583333333333,65.46888888888888,5,1,0.03305555555555555,65.43583333333333,65.46888888888888
17528,65.43694444444445,65.46916666666667,5,1,0.03222222222222222,65.43694444444445,65.46916666666667
17532,65.5286111111111,67.42888888888889,5,1,1.9002777777777777,65.5286111111111,67.42888888888889
17533,65.54277777777777,65.5775,5,1,0.034722222222222224,65.54277777777777,65.5775
17534,65.5436111111111,65.5775,5,1,0.03388888888888889,65.5436111111111,65.5775
17538,65.60555555555555,65.63916666666667,5,1,0.03361111111111111,65.60555555555555,65.63916666666667
17539,65.60777777777778,65.63916666666667,5,1,0.03138888888888889,65.60777777777778,65.63916666666667
17540,65.61805555555556,65.6775,5,1,0.059444444444444446,65.61805555555556,65.6775
17541,65.6836111111111,65.72305555555556,5,1,0.03944444444444444,65.6836111111111,65.72305555555556
17542,65.68444444444444,65.72305555555556,5,1,0.03861111111111111,65.68444444444444,65.72305555555556
17544,65.73055555555555,65.78583333333333,5,1,0.05527777777777778,65.73055555555555,65.78583333333333
17545,65.74472222222222,65.77805555555555,5,1,0.03333333333333333,65.74472222222222,65.77805555555555
17546,65.74583333333334,65.77805555555555,5,1,0.03222222222222222,65.74583333333334,65.77805555555555
17547,65.76277777777777,65.78333333333333,5,8,0.16444444444444445,65.76277777777777,65.78333333333333
17548,65.78666666666666,65.83777777777777,5,8,0.4088888888888889,65.78666666666666,65.83777777777777
17549,65.81916666666666,65.8375,5,8,0.14666666666666667,65.81916666666666,65.8375
17550,65.89138888888888,65.91111111111111,5,8,0.15777777777777777,65.89138888888888,65.91111111111111
17551,65.92416666666666,65.94583333333334,5,1,0.021666666666666667,65.92416666666666,65.94583333333334
17552,65.93444444444444,65.98694444444445,5,1,0.0525,65.93444444444444,65.98694444444445
17553,65.94972222222222,65.99888888888889,5,8,0.3933333333333333,65.94972222222222,65.99888888888889
17554,65.96583333333334,66.12722222222222,5,1,0.1613888888888889,65.96583333333334,66.12722222222222
17555,66.02555555555556,66.04972222222223,5,1,0.024166666666666666,66.02555555555556,66.04972222222223
17556,66.0338888888889,66.06777777777778,5,1,0.03388888888888889,66.0338888888889,66.06777777777778
17559,66.08,66.10194444444444,5,1,0.021944444444444444,66.08,66.10194444444444
17560,66.08166666666666,66.11083333333333,5,1,0.029166666666666667,66.08166666666666,66.11083333333333
17561,66.1125,66.29444444444445,5,1,0.18194444444444444,66.1125,66.29444444444445
17562,66.12083333333334,66.14083333333333,5,1,0.02,66.12083333333334,66.14083333333333
17563,66.16083333333333,66.18722222222222,5,1,0.02638888888888889,66.16083333333333,66.18722222222222
17564,66.16666666666667,66.20416666666667,5,1,0.0375,66.16666666666667,66.20416666666667
17565,66.23666666666666,66.26972222222223,5,1,0.03305555555555555,66.23666666666666,66.26972222222223
17568,66.33083333333333,66.51444444444445,5,1,0.1836111111111111,66.33083333333333,66.51444444444445
17570,66.35277777777777,66.3975,5,1,0.04472222222222222,66.35277777777777,66.3975
17571,66.37694444444445,70.74861111111112,5,8,34.973333333333336,66.37694444444445,70.74861111111112
17572,66.40166666666667,66.4325,5,1,0.030833333333333334,66.40166666666667,66.4325
17573,66.47027777777778,66.50833333333334,5,1,0.03805555555555556,66.47027777777778,66.50833333333334
17574,66.51194444444444,66.55361111111111,5,1,0.041666666666666664,66.51194444444444,66.55361111111111
17576,66.69166666666666,75.88166666666666,5,16,147.04,66.69166666666666,75.88166666666666
17578,66.7286111111111,66.77944444444445,5,1,0.050833333333333335,66.7286111111111,66.77944444444445
17579,66.74194444444444,66.76388888888889,5,8,0.17555555555555555,66.74194444444444,66.76388888888889
17581,66.81305555555555,66.85111111111111,5,1,0.03805555555555556,66.81305555555555,66.85111111111111
17585,66.9186111111111,66.96638888888889,5,1,0.04777777777777778,66.9186111111111,66.96638888888889
17586,66.94083333333333,66.96166666666667,5,8,0.16666666666666666,66.94083333333333,66.96166666666667
17587,66.94277777777778,69.63916666666667,5,8,21.57111111111111,66.94277777777778,69.63916666666667
17588,66.98833333333333,67.00027777777778,5,1,0.011944444444444445,66.98833333333333,67.00027777777778
17591,67.09055555555555,67.56694444444445,5,1,0.47638888888888886,67.09055555555555,67.56694444444445
17592,67.10861111111112,67.14222222222222,5,1,0.03361111111111111,67.10861111111112,67.14222222222222
17594,67.1975,67.24166666666666,5,1,0.04416666666666667,67.1975,67.24166666666666
17595,67.19916666666667,67.19972222222222,5,1,0.0005555555555555556,67.19916666666667,67.19972222222222
17596,67.23777777777778,67.25416666666666,5,8,0.13111111111111112,67.23777777777778,67.25416666666666
17598,67.25166666666667,67.28777777777778,5,1,0.03611111111111111,67.25166666666667,67.28777777777778
17599,67.30361111111111,67.3386111111111,5,1,0.035,67.30361111111111,67.3386111111111
17600,67.30944444444444,67.32305555555556,5,8,0.10888888888888888,67.30944444444444,67.32305555555556
17601,67.31333333333333,67.32555555555555,5,1,0.012222222222222223,67.31333333333333,67.32555555555555
17602,67.34333333333333,67.36472222222223,5,8,0.1711111111111111,67.34333333333333,67.36472222222223
17603,67.36944444444444,67.38361111111111,5,1,0.014166666666666666,67.36944444444444,67.38361111111111
17605,67.37861111111111,67.39888888888889,5,8,0.1622222222222222,67.37861111111111,67.39888888888889
17606,67.41388888888889,67.4336111111111,5,8,0.15777777777777777,67.41388888888889,67.4336111111111
17607,67.45861111111111,82.24416666666667,5,8,118.28444444444445,67.45861111111111,82.24416666666667
17608,67.48611111111111,82.1625,5,8,117.41111111111111,67.48611111111111,82.1625
17611,67.63666666666667,67.65277777777777,5,1,0.01611111111111111,67.63666666666667,67.65277777777777
17615,67.67027777777778,73.60388888888889,5,8,47.46888888888889,67.67027777777778,73.60388888888889
17616,67.67527777777778,67.70805555555556,5,1,0.03277777777777778,67.67527777777778,67.70805555555556
17617,67.70944444444444,67.74222222222222,5,1,0.03277777777777778,67.70944444444444,67.74222222222222
17619,67.80305555555556,67.83833333333334,5,1,0.035277777777777776,67.80305555555556,67.83833333333334
17623,67.88305555555556,67.92666666666666,5,1,0.043611111111111114,67.88305555555556,67.92666666666666
17627,68.01333333333334,114.40694444444445,5,4,185.57444444444445,68.01333333333334,114.40694444444445
17628,68.03694444444444,68.0838888888889,5,8,0.37555555555555553,68.03694444444444,68.0838888888889
17629,68.04416666666667,68.09916666666666,5,1,0.055,68.04416666666667,68.09916666666666
17630,68.05,86.02222222222221,5,4,71.88888888888889,68.05,86.11861111111111
17631,68.15138888888889,68.19305555555556,5,1,0.041666666666666664,68.15138888888889,68.19305555555556
17633,68.1661111111111,68.21194444444444,5,8,0.36666666666666664,68.1661111111111,68.21194444444444
17639,68.27944444444445,68.30805555555555,5,1,0.02861111111111111,68.27944444444445,68.30805555555555
17641,68.33527777777778,85.86624437521633,2,8,126.81555555555556,68.33527777777778,85.94444444444444
17643,68.35694444444445,68.4,5,8,0.34444444444444444,68.35694444444445,68.4
17645,68.4336111111111,68.44388888888889,5,1,0.010277777777777778,68.4336111111111,68.44388888888889
17647,68.4563888888889,68.47555555555556,5,8,0.15333333333333332,68.4563888888889,68.47555555555556
17649,68.49333333333334,68.99277777777777,5,1,0.49944444444444447,68.49333333333334,68.99277777777777
17650,68.51305555555555,70.72586823734729,1,1,1.7858333333333334,68.51305555555555,70.76277777777777
17651,68.51722222222222,73.26983950617283,3,1,4.5183333333333335,68.51722222222222,73.49527777777777
17652,68.54527777777778,68.59083333333334,5,1,0.04555555555555556,68.54527777777778,68.59083333333334
17656,68.72777777777777,71.22888888888889,5,8,20.00888888888889,68.72777777777777,71.22888888888889
17663,68.9475,68.95833333333333,5,1,0.010833333333333334,68.9475,68.95833333333333
17665,68.98388888888888,68.99388888888889,5,1,0.01,68.98388888888888,68.99388888888889
17666,69.07666666666667,69.08972222222222,5,1,0.013055555555555556,69.07666666666667,69.08972222222222
17673,69.43861111111111,108.62416666666667,5,1,39.18555555555555,69.43861111111111,108.62416666666667
17675,69.57611111111112,70.8325,5,1,1.256388888888889,69.57611111111112,70.8325
17676,69.58111111111111,71.04444444444445,5,1,1.4633333333333334,69.58111111111111,71.04444444444445
17677,69.58166666666666,69.74638888888889,5,1,0.16472222222222221,69.58166666666666,69.74638888888889
17678,69.58527777777778,70.72666666666667,5,1,1.1413888888888888,69.58527777777778,70.72666666666667
17679,69.59083333333334,70.79277777777777,5,1,1.2019444444444445,69.59083333333334,70.79277777777777
17683,69.61916666666667,69.63972222222222,5,1,0.020555555555555556,69.61916666666667,69.63972222222222
17685,69.63388888888889,71.17,5,1,1.5361111111111112,69.63388888888889,71.17
17688,69.76277777777777,69.81277777777778,5,1,0.05,69.76277777777777,69.81277777777778
17690,69.83722222222222,69.87916666666666,5,1,0.041944444444444444,69.83722222222222,69.87916666666666
17691,69.88666666666667,69.91722222222222,5,1,0.030555555555555555,69.88666666666667,69.91722222222222
17693,69.91805555555555,70.12388888888889,5,8,1.6466666666666667,69.91805555555555,70.12388888888889
17694,69.99277777777777,71.24055555555556,5,8,9.982222222222223,69.99277777777777,71.24055555555556
17696,70.04444444444445,70.07638888888889,5,1,0.03194444444444444,70.04444444444445,70.07638888888889
17698,70.11833333333334,72.63944444444445,5,8,20.16888888888889,70.11833333333334,72.63944444444445
17699,70.14333333333333,70.36861111111111,5,1,0.22527777777777777,70.14333333333333,70.36861111111111
17702,70.17416666666666,70.205,5,1,0.030833333333333334,70.17416666666666,70.205
17703,70.22305555555556,70.2475,5,1,0.024444444444444446,70.22305555555556,70.2475
17705,70.29305555555555,70.45833333333333,5,1,0.16527777777777777,70.29305555555555,70.45833333333333
17709,70.46666666666667,70.48444444444445,5,1,0.017777777777777778,70.46666666666667,70.48444444444445
17710,70.48222222222222,70.72194444444445,5,8,1.9177777777777778,70.48222222222222,70.72194444444445
17711,70.52694444444444,70.675,5,1,0.14805555555555555,70.52694444444444,70.675
17712,70.54444444444445,70.5663888888889,5,1,0.021944444444444444,70.54444444444445,70.5663888888889
17715,70.5886111111111,70.61277777777778,5,1,0.024166666666666666,70.5886111111111,70.61277777777778
17716,70.63027777777778,70.6763888888889,5,8,0.3688888888888889,70.63027777777778,70.6763888888889
17717,70.68527777777778,70.70361111111112,5,1,0.018333333333333333,70.68527777777778,70.70361111111112
17718,70.68611111111112,70.70777777777778,5,1,0.021666666666666667,70.68611111111112,70.70777777777778
17719,70.68666666666667,70.70777777777778,5,1,0.021111111111111112,70.68666666666667,70.70777777777778
17720,70.72666666666667,71.86944444444444,5,1,1.1427777777777777,70.72666666666667,71.86944444444444
17721,70.79277777777777,71.93694444444445,5,1,1.1441666666666668,70.79277777777777,71.93694444444445
17722,70.80333333333333,70.82722222222222,5,1,0.02388888888888889,70.80333333333333,70.82722222222222
17723,70.80472222222222,70.82638888888889,5,1,0.021666666666666667,70.80472222222222,70.82638888888889
17724,70.80527777777777,70.82638888888889,5,1,0.021111111111111112,70.80527777777777,70.82638888888889
17725,70.82305555555556,71.04722222222222,5,8,1.7933333333333332,70.82305555555556,71.04722222222222
17726,70.8325,72.10916666666667,5,1,1.2766666666666666,70.8325,72.10916666666667
17729,70.94555555555556,70.9675,5,1,0.021944444444444444,70.94555555555556,70.9675
17730,70.94666666666667,70.96944444444445,5,1,0.02277777777777778,70.94666666666667,70.96944444444445
17731,70.9475,70.96944444444445,5,1,0.021944444444444444,70.9475,70.96944444444445
17732,70.98444444444445,71.00777777777778,5,1,0.023333333333333334,70.98444444444445,71.00777777777778
17733,70.98555555555555,71.00777777777778,5,1,0.022222222222222223,70.98555555555555,71.00777777777778
17734,70.98611111111111,71.00472222222223,5,1,0.01861111111111111,70.98611111111111,71.00472222222223
17735,71.00222222222222,71.14055555555555,5,1,0.13833333333333334,71.00222222222222,71.14055555555555
17736,71.02111111111111,71.06888888888889,5,8,0.38222222222222224,71.02111111111111,71.06888888888889
17737,71.04444444444445,72.4661111111111,5,1,1.4216666666666666,71.04444444444445,72.4661111111111
17739,71.12666666666667,72.13416666666667,5,1,1.0075,71.12666666666667,72.13416666666667
17740,71.17,72.69555555555556,5,1,1.5255555555555556,71.17,72.69555555555556
17743,71.24222222222222,72.45444444444445,5,8,9.697777777777778,71.24222222222222,72.45444444444445
17745,71.36194444444445,71.60055555555556,5,1,0.2386111111111111,71.36194444444445,71.60055555555556
17748,71.73833333333333,76.37027983539095,3,8,35.22888888888889,71.73833333333333,76.53194444444445
17749,71.86944444444444,73.09722222222223,5,1,1.2277777777777779,71.86944444444444,73.09722222222223
17750,71.93694444444445,73.19055555555556,5,1,1.253611111111111,71.93694444444445,73.19055555555556
17752,72.10916666666667,73.41,5,1,1.3008333333333333,72.10916666666667,73.41
17754,72.3575,72.40472222222222,5,1,0.04722222222222222,72.3575,72.40472222222222
17755,72.4563888888889,73.69611111111111,5,8,9.917777777777777,72.4563888888889,73.69611111111111
17756,72.4661111111111,73.97333333333333,5,1,1.5072222222222222,72.4661111111111,73.97333333333333
17757,72.57888888888888,72.64340083073728,2,16,0.9333333333333333,72.57888888888888,72.64416666666666
17759,72.69555555555556,74.2025,5,1,1.5069444444444444,72.69555555555556,74.2025
17760,72.90388888888889,123.11472222222223,5,32,1606.7466666666667,72.90388888888889,123.11472222222223
17764,73.35888888888888,86.27663724472136,2,16,186.88888888888889,73.35888888888888,86.75888888888889
17765,73.69777777777777,74.98916666666666,5,8,10.331111111111111,73.69777777777777,74.98916666666666
17770,74.99111111111111,76.28861111111111,5,8,10.38,74.99111111111111,76.28861111111111
17771,76.33333333333333,76.36916666666667,5,1,0.035833333333333335,76.33333333333333,76.36916666666667
17772,76.37222222222222,76.40722222222222,5,1,0.035,76.37222222222222,76.40722222222222
17773,76.4113888888889,76.44777777777777,5,1,0.03638888888888889,76.4113888888889,76.44777777777777
17774,76.45055555555555,76.48361111111112,5,1,0.03305555555555555,76.45055555555555,76.48361111111112
17775,76.50833333333334,76.54305555555555,5,1,0.034722222222222224,76.50833333333334,76.54305555555555
17776,76.55277777777778,76.58527777777778,5,1,0.0325,76.55277777777778,76.58527777777778
17789,80.67944444444444,101.77027777777778,5,8,168.72666666666666,80.67944444444444,101.77027777777778
17791,80.70805555555556,87.97083333333333,5,8,58.102222222222224,80.70805555555556,87.97083333333333
17792,80.71555555555555,88.0586111111111,5,8,58.74444444444445,80.71555555555555,88.0586111111111
17793,80.72916666666667,88.1375,5,8,59.266666666666666,80.72916666666667,88.1375
17794,80.74194444444444,87.97111111111111,5,8,57.833333333333336,80.74194444444444,87.97111111111111
17795,80.79611111111112,81.29138888888889,5,8,3.962222222222222,80.79611111111112,81.29138888888889
17796,80.92777777777778,81.09472222222222,5,1,0.16694444444444445,80.92777777777778,81.09472222222222
17797,81.12305555555555,88.29972222222223,5,8,57.413333333333334,81.12305555555555,88.29972222222223
17798,81.25305555555556,81.4088888888889,5,1,0.15583333333333332,81.25305555555556,81.4088888888889
17799,81.25888888888889,81.3125,5,16,0.8577777777777778,81.25888888888889,81.3125
17800,81.29305555555555,81.78333333333333,5,8,3.922222222222222,81.29305555555555,81.78333333333333
17802,81.37083333333334,81.42583333333333,5,16,0.88,81.37083333333334,81.42583333333333
17803,81.50611111111111,81.66444444444444,5,1,0.15833333333333333,81.50611111111111,81.66444444444444
17804,81.64277777777778,81.76305555555555,5,8,0.9622222222222222,81.64277777777778,81.76305555555555
17805,81.76833333333333,81.9375,5,1,0.16916666666666666,81.76833333333333,81.9375
17806,81.78527777777778,82.295,5,8,4.0777777777777775,81.78527777777778,82.295
17807,81.81388888888888,81.91,5,8,0.7688888888888888,81.81388888888888,81.91
17811,81.99527777777777,82.1588888888889,5,1,0.16361111111111112,81.99527777777777,82.1588888888889
17813,82.04388888888889,82.13861111111112,5,8,0.7577777777777778,82.04388888888889,82.13861111111112
17814,82.0911111111111,82.14777777777778,5,16,0.9066666666666666,82.0911111111111,82.14777777777778
17816,82.20305555555555,82.36194444444445,5,1,0.15888888888888889,82.20305555555555,82.36194444444445
17817,82.2675,92.87277777777778,5,16,169.68444444444444,82.2675,92.87277777777778
17818,82.3175,138.7211111111111,5,1,56.40361111111111,82.3175,138.7211111111111
17820,82.41083333333333,82.42944444444444,5,8,0.14888888888888888,82.41083333333333,82.42944444444444
17821,82.42527777777778,83.29401929416328,1,1,0.7011111111111111,82.42527777777778,83.30027777777778
17822,82.48833333333333,82.52555555555556,5,8,0.29777777777777775,82.48833333333333,82.52555555555556
17823,82.52416666666667,97.39305555555555,5,8,118.95111111111112,82.52416666666667,97.39305555555555
17825,82.52666666666667,82.54722222222222,5,8,0.16444444444444445,82.52666666666667,82.54722222222222
17830,82.5663888888889,97.21166666666667,5,8,117.16222222222223,82.5663888888889,97.21166666666667
17832,82.58277777777778,82.58527777777778,5,1,0.0025,82.58277777777778,82.58527777777778
17833,82.59027777777777,82.64138888888888,5,1,0.051111111111111114,82.59027777777777,82.64138888888888
17839,82.63944444444445,83.57530347101029,1,8,6.042222222222223,82.63944444444445,83.95694444444445
17840,82.67861111111111,82.68,5,1,0.001388888888888889,82.67861111111111,82.68
17841,82.67972222222222,82.70027777777777,5,8,0.16444444444444445,82.67972222222222,82.70027777777777
17842,82.69472222222223,82.71805555555555,5,8,0.18666666666666668,82.69472222222223,82.71805555555555
17844,82.73055555555555,82.74638888888889,5,8,0.12666666666666668,82.73055555555555,82.74638888888889
17845,82.7311111111111,82.7575,5,8,0.2111111111111111,82.7311111111111,82.7575
17847,82.77694444444444,97.39916666666667,5,8,116.97777777777777,82.77694444444444,97.39916666666667
17854,82.92444444444445,83.15388888888889,5,1,0.22944444444444445,82.92444444444445,83.15388888888889
17855,82.9325,82.97972222222222,5,1,0.04722222222222222,82.9325,82.97972222222222
17860,82.995,83.04444444444445,5,1,0.049444444444444444,82.995,83.04444444444445
17863,83.0736111111111,83.12194444444444,5,1,0.04833333333333333,83.0736111111111,83.12194444444444
17865,83.13916666666667,83.18666666666667,5,1,0.0475,83.13916666666667,83.18666666666667
17868,83.19583333333334,83.24222222222222,5,1,0.04638888888888889,83.19583333333334,83.24222222222222
17869,83.19833333333334,83.30638888888889,5,8,0.8644444444444445,83.19833333333334,83.30638888888889
17870,83.1986111111111,84.84,5,1,1.6413888888888888,83.1986111111111,84.84
17872,83.20138888888889,156.2671090534979,3,16,1111.4222222222222,83.20138888888889,157.6147222222222
17875,83.28277777777778,84.29916666666666,5,1,1.0163888888888888,83.28277777777778,84.29916666666666
17876,83.28361111111111,83.43,5,1,0.1463888888888889,83.28361111111111,83.43
17877,83.30472222222222,83.35416666666667,5,1,0.049444444444444444,83.30472222222222,83.35416666666667
17878,83.30638888888889,83.39583333333333,5,8,0.7155555555555555,83.30638888888889,83.39583333333333
17880,83.37,139.75861111111112,5,1,56.38861111111111,83.37,139.75861111111112
17881,83.39333333333333,83.39583333333333,5,1,0.0025,83.39333333333333,83.39583333333333
17882,83.39583333333333,83.48972222222223,5,8,0.7511111111111111,83.39583333333333,83.48972222222223
17885,83.4088888888889,83.45583333333333,5,1,0.04694444444444444,83.4088888888889,83.45583333333333
17886,83.41361111111111,83.41694444444444,5,1,0.0033333333333333335,83.41361111111111,83.41694444444444
17888,83.44055555555556,83.58111111111111,5,1,0.14055555555555554,83.44055555555556,83.58111111111111
17889,83.44805555555556,84.82305555555556,5,8,11.0,83.44805555555556,84.82305555555556
17890,83.45833333333333,139.9111111111111,5,1,56.452777777777776,83.45833333333333,139.9111111111111
17892,83.48972222222223,83.60333333333334,5,8,0.9088888888888889,83.48972222222223,83.60333333333334
17894,83.57583333333334,95.31166666666667,5,8,93.88666666666667,83.57583333333334,95.31166666666667
17896,83.60027777777778,83.64,5,1,0.03972222222222222,83.60027777777778,83.64
17897,83.60333333333334,83.71138888888889,5,8,0.8644444444444445,83.60333333333334,83.71138888888889
17900,83.63722222222222,83.69,5,1,0.05277777777777778,83.63722222222222,83.69
17901,83.65027777777777,88.22638888888889,5,8,36.60888888888889,83.65027777777777,88.22638888888889
17906,83.69805555555556,87.09277777777778,5,8,27.157777777777778,83.69805555555556,87.09277777777778
17907,83.6986111111111,87.09861111111111,5,8,27.2,83.6986111111111,87.09861111111111
17908,83.71111111111111,86.26166666666667,5,8,20.404444444444444,83.71111111111111,86.26166666666667
17909,83.71138888888889,83.81555555555556,5,8,0.8333333333333334,83.71138888888889,83.81555555555556
17911,83.725,83.9786111111111,5,1,0.2536111111111111,83.725,83.9786111111111
17915,83.81583333333333,83.90333333333334,5,8,0.7,83.81583333333333,83.90333333333334
17916,83.81861111111111,83.82,5,1,0.001388888888888889,83.81861111111111,83.82
17918,83.85583333333334,83.92361111111111,5,1,0.06777777777777778,83.85583333333334,83.92361111111111
17919,83.90333333333334,84.0775,5,8,1.3933333333333333,83.90333333333334,84.0775
17920,83.94222222222223,83.94388888888889,5,1,0.0016666666666666668,83.94222222222223,83.94388888888889
17922,83.96,83.96138888888889,5,1,0.001388888888888889,83.96,83.96138888888889
17923,83.97666666666667,100.93105761316872,3,8,128.9488888888889,83.97666666666667,101.24972222222222
17924,83.97944444444444,84.04174326158619,1,1,0.050277777777777775,83.97944444444444,85.86472222222223
17925,83.985,97.30702319141572,2,8,96.36888888888889,83.985,97.99055555555556
17927,84.0338888888889,84.0575,5,1,0.02361111111111111,84.0338888888889,84.0575
17928,84.0775,84.12555555555555,5,8,0.3844444444444444,84.0775,84.12555555555555
17930,84.11666666666666,84.11916666666667,5,1,0.0025,84.11666666666666,84.11916666666667
17931,84.12972222222223,84.13111111111111,5,1,0.001388888888888889,84.12972222222223,84.13111111111111
17932,84.17388888888888,84.61722222222222,5,1,0.44333333333333336,84.17388888888888,84.61722222222222
17933,84.69638888888889,84.73305555555555,5,1,0.03666666666666667,84.69638888888889,84.73305555555555
17934,84.72527777777778,84.74222222222222,5,16,0.27111111111111114,84.72527777777778,84.74222222222222
17935,84.76166666666667,84.8,5,1,0.03833333333333333,84.76166666666667,84.8
17936,84.7775,84.83166666666666,5,16,0.8666666666666667,84.7775,84.83166666666666
17937,84.84,86.47111111111111,5,1,1.6311111111111112,84.84,86.47111111111111
17938,84.88722222222222,84.90388888888889,5,16,0.26666666666666666,84.88722222222222,84.90388888888889
17940,84.90805555555555,84.95944444444444,5,1,0.05138888888888889,84.90805555555555,84.95944444444444
17941,84.93138888888889,84.96555555555555,5,1,0.034166666666666665,84.93138888888889,84.96555555555555
17942,84.96861111111112,85.02111111111111,5,16,0.84,84.96861111111112,85.02111111111111
17943,84.98694444444445,85.02166666666666,5,1,0.034722222222222224,84.98694444444445,85.02166666666666
17944,84.99083333333333,85.0411111111111,5,8,0.4022222222222222,84.99083333333333,85.0411111111111
17945,85.00138888888888,85.00166666666667,5,4,0.0011111111111111111,85.00138888888888,85.00166666666667
17946,85.03472222222223,85.06888888888889,5,1,0.034166666666666665,85.03472222222223,85.06888888888889
17947,85.04638888888888,85.07777777777778,5,1,0.03138888888888889,85.04638888888888,85.07777777777778
17948,85.06166666666667,85.07694444444445,5,16,0.24444444444444444,85.06166666666667,85.07694444444445
17950,85.08944444444444,85.12333333333333,5,1,0.03388888888888889,85.08944444444444,85.12333333333333
17952,85.09333333333333,85.11027777777778,5,16,0.27111111111111114,85.09333333333333,85.11027777777778
17953,85.12805555555556,85.12833333333333,5,4,0.0011111111111111111,85.12805555555556,85.12833333333333
17954,85.13444444444444,85.23222222222222,5,1,0.09777777777777778,85.13444444444444,85.23222222222222
17957,85.16972222222222,85.19277777777778,5,1,0.023055555555555555,85.16972222222222,85.19277777777778
17958,85.19527777777778,85.25138888888888,5,1,0.05611111111111111,85.19527777777778,85.25138888888888
17960,85.23638888888888,85.25361111111111,5,8,0.13777777777777778,85.23638888888888,85.25361111111111
17961,85.26944444444445,93.46388888888889,5,8,65.55555555555556,85.26944444444445,93.46388888888889
17962,85.27222222222223,85.29027777777777,5,8,0.14444444444444443,85.27222222222223,85.29027777777777
17966,85.45222222222222,85.47277777777778,5,1,0.020555555555555556,85.45222222222222,85.47277777777778
17967,85.45472222222222,85.45722222222223,5,1,0.0025,85.45472222222222,85.45722222222223
17968,85.455,85.54444444444445,5,8,0.7155555555555555,85.455,85.54444444444445
17969,85.4588888888889,85.45944444444444,5,1,0.0005555555555555556,85.4588888888889,85.45944444444444
17971,85.495,87.10138888888889,5,8,12.851111111111111,85.495,87.10138888888889
17972,85.4961111111111,85.51416666666667,5,1,0.018055555555555554,85.4961111111111,85.51416666666667
17974,85.57861111111112,85.59833333333333,5,1,0.01972222222222222,85.57861111111112,85.59833333333333
17977,85.60722222222222,85.64527777777778,5,1,0.03805555555555556,85.60722222222222,85.64527777777778
17979,85.65694444444445,85.69583333333334,5,1,0.03888888888888889,85.65694444444445,85.69583333333334
17981,85.6725,94.02694444444444,5,8,66.83555555555556,85.6725,94.02694444444444
17985,85.88361111111111,85.92388888888888,5,1,0.04027777777777778,85.88361111111111,85.92388888888888
17986,85.94083333333333,85.94305555555556,5,1,0.0022222222222222222,85.94083333333333,85.94305555555556
17987,85.97444444444444,97.54638888888888,5,16,185.1511111111111,85.97444444444444,97.54638888888888
17991,86.13527777777777,86.18638888888889,5,1,0.051111111111111114,86.13527777777777,86.18638888888889
17994,86.1763888888889,86.23361111111112,5,1,0.05722222222222222,86.1763888888889,86.23361111111112
17997,86.22611111111111,97.9088888888889,5,8,93.46222222222222,86.22611111111111,97.9088888888889
17998,86.22805555555556,86.26694444444445,5,1,0.03888888888888889,86.22805555555556,86.26694444444445
17999,86.29194444444444,86.29416666666667,5,1,0.0022222222222222222,86.29194444444444,86.29416666666667
18000,86.29888888888888,86.32083333333334,5,1,0.021944444444444444,86.29888888888888,86.32083333333334
18001,86.31222222222222,86.34527777777778,5,1,0.03305555555555555,86.31222222222222,86.34527777777778
18004,86.36638888888889,86.405,5,1,0.03861111111111111,86.36638888888889,86.405
18008,86.43583333333333,86.47222222222223,5,1,0.03638888888888889,86.43583333333333,86.47222222222223
18012,86.62555555555555,86.71861111111112,5,1,0.09305555555555556,86.62555555555555,86.71861111111112
18013,86.66722222222222,86.73193038588327,1,8,0.4177777777777778,86.66722222222222,86.73583333333333
18014,86.72444444444444,86.82166666666667,5,1,0.09722222222222222,86.72444444444444,86.82166666666667
18015,86.79277777777777,86.91944444444445,5,8,1.0133333333333334,86.79277777777777,86.91944444444445
18019,86.92,86.9738888888889,5,16,0.8622222222222222,86.92,86.9738888888889
18020,86.93722222222222,86.9525,5,1,0.015277777777777777,86.93722222222222,86.9525
18022,86.96444444444444,87.02083333333333,5,1,0.05638888888888889,86.96444444444444,87.02083333333333
18024,86.98305555555555,87.00027777777778,5,8,0.13777777777777778,86.98305555555555,87.00027777777778
18027,87.0261111111111,87.0813888888889,5,1,0.05527777777777778,87.0261111111111,87.0813888888889
18028,87.03583333333333,87.03833333333333,5,1,0.0025,87.03583333333333,87.03833333333333
18029,87.04305555555555,156.07416666666666,5,8,552.2488888888889,87.04305555555555,156.07416666666666
18030,87.04694444444445,87.05027777777778,5,1,0.0033333333333333335,87.04694444444445,87.05027777777778
18031,87.0525,87.05305555555556,5,1,0.0005555555555555556,87.0525,87.05305555555556
18033,87.06333333333333,87.09444444444445,5,1,0.03111111111111111,87.06333333333333,87.09444444444445
18034,87.0963888888889,87.12666666666667,5,1,0.03027777777777778,87.0963888888889,87.12666666666667
18035,87.10305555555556,87.15583333333333,5,1,0.05277777777777778,87.10305555555556,87.15583333333333
18038,87.15,87.21194444444444,5,1,0.06194444444444445,87.15,87.21194444444444
18041,87.16555555555556,87.19333333333333,5,1,0.027777777777777776,87.16555555555556,87.19333333333333
18042,87.1675,87.16777777777777,5,1,0.0002777777777777778,87.1675,87.16777777777777
18043,87.16777777777777,87.20611111111111,5,16,0.6133333333333333,87.16777777777777,87.20611111111111
18045,87.1725,87.19944444444444,5,1,0.026944444444444444,87.1725,87.19944444444444
18047,87.21527777777777,87.2725,5,1,0.05722222222222222,87.21527777777777,87.2725
18049,87.28888888888889,87.31055555555555,5,1,0.021666666666666667,87.28888888888889,87.31055555555555
18050,87.30277777777778,87.305,5,1,0.0022222222222222222,87.30277777777778,87.305
18052,87.3163888888889,87.33333333333333,5,16,0.27111111111111114,87.3163888888889,87.33333333333333
18053,87.36138888888888,87.36361111111111,5,1,0.0022222222222222222,87.36138888888888,87.36361111111111
18054,87.36583333333333,87.425,5,1,0.059166666666666666,87.36583333333333,87.425
18055,87.39138888888888,87.44388888888889,5,1,0.0525,87.39138888888888,87.44388888888889
18056,87.39416666666666,87.44444444444444,5,1,0.050277777777777775,87.39416666666666,87.44444444444444
18059,87.43527777777778,87.49305555555556,5,1,0.057777777777777775,87.43527777777778,87.49305555555556
18060,87.46194444444444,87.49,5,8,0.22444444444444445,87.46194444444444,87.49
18061,87.49472222222222,87.51083333333334,5,16,0.2577777777777778,87.49472222222222,87.51083333333334
18062,87.51777777777778,87.54138888888889,5,8,0.18888888888888888,87.51777777777778,87.54138888888889
18063,87.53944444444444,87.55388888888889,5,16,0.2311111111111111,87.53944444444444,87.55388888888889
18064,87.5586111111111,87.61833333333334,5,1,0.059722222222222225,87.5586111111111,87.61833333333334
18065,87.56361111111111,93.51972222222223,5,8,47.64888888888889,87.56361111111111,93.51972222222223
18066,87.57972222222222,118.47527777777778,5,1,30.895555555555557,87.57972222222222,118.47527777777778
18069,87.62527777777778,87.6836111111111,5,1,0.058333333333333334,87.62527777777778,87.6836111111111
18070,87.63055555555556,87.72722222222222,5,8,0.7733333333333333,87.63055555555556,87.72722222222222
18071,87.63361111111111,87.64703461314718,1,8,0.08666666666666667,87.63361111111111,87.73805555555556
18073,87.65138888888889,87.6686111111111,5,16,0.27555555555555555,87.65138888888889,87.6686111111111
18075,87.66388888888889,87.74166666666666,5,16,1.2444444444444445,87.66388888888889,87.74166666666666
18078,87.68,87.69916666666667,5,16,0.30666666666666664,87.68,87.69916666666667
18081,87.71638888888889,87.77388888888889,5,16,0.92,87.71638888888889,87.77388888888889
18082,87.73027777777777,127.15444444444445,5,16,630.7866666666666,87.73027777777777,127.15444444444445
18083,87.7425,92.3163888888889,5,8,36.59111111111111,87.7425,92.3163888888889
18084,87.74277777777777,87.77638888888889,5,8,0.2688888888888889,87.74277777777777,87.77638888888889
18085,87.79,131.38694444444445,5,16,697.5511111111111,87.79,131.38694444444445
18092,87.94083333333333,87.95194444444445,5,8,0.08888888888888889,87.94083333333333,87.95194444444445
18094,87.94555555555556,88.41333333333333,5,1,0.4677777777777778,87.94555555555556,88.41333333333333
18096,87.98861111111111,88.00055555555555,5,8,0.09555555555555556,87.98861111111111,88.00055555555555
18101,88.05055555555556,88.09055555555555,5,8,0.32,88.05055555555556,88.09055555555555
18104,88.05944444444444,88.125,5,4,0.26222222222222225,88.05944444444444,88.125
18105,88.06277777777778,88.10517133956387,2,8,0.30666666666666664,88.06277777777778,88.11
18106,88.06583333333333,88.15083333333334,5,4,0.34,88.06583333333333,88.15083333333334
18108,88.12472222222222,88.16972222222222,5,8,0.36,88.12472222222222,88.16972222222222
18113,88.18805555555555,88.19055555555556,5,1,0.0025,88.18805555555555,88.19055555555556
18114,88.20333333333333,89.94361111111111,5,8,13.922222222222222,88.20333333333333,89.96666666666667
18115,88.20361111111112,88.24111111111111,5,8,0.3,88.20361111111112,88.24111111111111
18117,88.21638888888889,95.223801144076,1,8,45.242222222222225,88.21638888888889,98.52805555555555
18119,88.27333333333333,89.79388888888889,5,8,12.164444444444445,88.27333333333333,89.79388888888889
18120,88.27694444444444,111.675,5,1,23.398055555555555,88.27694444444444,111.675
18122,88.2825,88.35277777777777,5,4,0.2811111111111111,88.2825,88.35277777777777
18123,88.28694444444444,88.36888888888889,5,4,0.3277777777777778,88.28694444444444,88.36888888888889
18124,88.29444444444445,88.31138888888889,5,16,0.27111111111111114,88.29444444444445,88.31138888888889
18125,88.29472222222222,88.32222222222222,5,1,0.0275,88.29472222222222,88.32222222222222
18126,88.305,88.36,5,1,0.055,88.305,88.36
18127,88.32722222222222,88.37694444444445,5,1,0.04972222222222222,88.32722222222222,88.37694444444445
18128,88.32916666666667,88.36027777777778,5,1,0.03111111111111111,88.32916666666667,88.36027777777778
18133,88.41277777777778,99.8075,5,8,91.15777777777778,88.41277777777778,99.8075
18137,88.46222222222222,88.50027777777778,5,8,0.30444444444444446,88.46222222222222,88.50027777777778
18139,88.51222222222222,88.55222222222223,5,8,0.32,88.51222222222222,88.55222222222223
18140,88.51694444444445,88.5825,5,4,0.26222222222222225,88.51694444444445,88.5825
18141,88.52083333333333,88.60555555555555,5,4,0.3388888888888889,88.52083333333333,88.60555555555555
18143,88.56416666666667,88.60277777777777,5,1,0.03861111111111111,88.56416666666667,88.60277777777777
18145,88.62027777777777,88.66027777777778,5,1,0.04,88.62027777777777,88.66027777777778
18146,88.65305555555555,93.97472222222223,5,8,42.57333333333333,88.65305555555555,93.97472222222223
18147,88.65333333333334,88.7325,5,4,0.31666666666666665,88.65333333333334,88.7325
18148,88.65833333333333,88.70972222222223,5,4,0.20555555555555555,88.65833333333333,88.70972222222223
18149,88.66416666666667,88.70361111111112,5,8,0.31555555555555553,88.66416666666667,88.70361111111112
18150,88.66777777777777,88.68944444444445,5,1,0.021666666666666667,88.66777777777777,88.68944444444445
18152,88.75083333333333,88.8075,5,4,0.22666666666666666,88.75083333333333,88.8075
18153,88.75222222222222,88.8075,5,1,0.05527777777777778,88.75222222222222,88.8075
18154,88.80361111111111,88.8175,5,1,0.013888888888888888,88.80361111111111,88.8175
18159,88.88472222222222,161.80694444444447,5,32,2333.511111111111,88.88472222222222,161.99555555555557
18162,88.9336111111111,88.96388888888889,5,8,0.24222222222222223,88.9336111111111,88.96388888888889
18164,88.9563888888889,88.97888888888889,5,1,0.0225,88.9563888888889,88.97888888888889
18167,89.00722222222223,90.05333333333333,5,1,1.0461111111111112,89.00722222222223,90.05333333333333
18168,89.02277777777778,89.1625,5,8,1.1177777777777778,89.02277777777778,89.1625
18169,89.025,89.04027777777777,5,1,0.015277777777777777,89.025,89.04027777777777
18172,89.05916666666667,89.11444444444444,5,1,0.05527777777777778,89.05916666666667,89.11444444444444
18173,89.10083333333333,89.11416666666666,5,1,0.013333333333333334,89.10083333333333,89.11416666666666
18175,89.10416666666667,89.13305555555556,5,8,0.2311111111111111,89.10416666666667,89.13305555555556
18179,89.13277777777778,89.18472222222222,5,1,0.051944444444444446,89.13277777777778,89.18472222222222
18183,89.17138888888888,89.18963108396353,1,1,0.014722222222222222,89.17138888888888,89.2025
18187,89.22416666666666,90.0886111111111,5,1,0.8644444444444445,89.22416666666666,90.0886111111111
18190,89.31222222222222,90.42416666666666,5,8,8.895555555555555,89.31222222222222,90.42416666666666
18192,89.34194444444445,89.48277777777778,5,8,1.1266666666666667,89.34194444444445,89.48555555555555
18203,89.61583333333333,89.68914630599186,1,1,0.059166666666666666,89.61583333333333,90.15333333333334
18209,89.74277777777777,98.16638888888889,5,8,67.38888888888889,89.74277777777777,98.16638888888889
18210,89.75722222222223,89.78694444444444,5,8,0.23777777777777778,89.75722222222223,89.78694444444444
18211,89.865,163.97055555555556,5,16,1185.6888888888889,89.865,163.98305555555555
18212,89.86666666666666,163.93666666666667,5,16,1185.12,89.86666666666666,163.98305555555555
18216,90.06055555555555,95.00472222222223,5,8,39.553333333333335,90.06055555555555,95.00472222222223
18220,90.13888888888889,90.2688888888889,5,8,1.04,90.13888888888889,90.2688888888889
18222,90.2688888888889,90.36861111111111,5,8,0.7977777777777778,90.2688888888889,90.36861111111111
18223,90.2875,90.32472222222222,5,1,0.03722222222222222,90.2875,90.32472222222222
18224,90.335,90.35916666666667,5,1,0.024166666666666666,90.335,90.35916666666667
18225,90.36861111111111,90.48027777777777,5,8,0.8933333333333333,90.36861111111111,90.48027777777777
18229,90.48027777777777,90.60527777777777,5,8,1.0,90.48027777777777,90.60527777777777
18230,90.60527777777777,90.72361111111111,5,8,0.9466666666666667,90.60527777777777,90.72361111111111
18233,90.7238888888889,90.84166666666667,5,8,0.9422222222222222,90.7238888888889,90.84166666666667
18234,90.74888888888889,91.07611111111112,5,1,0.32722222222222225,90.74888888888889,91.07611111111112
18235,90.75888888888889,91.34083333333334,5,1,0.5819444444444445,90.75888888888889,91.34083333333334
18237,90.84166666666667,90.94722222222222,5,8,0.8444444444444444,90.84166666666667,90.94722222222222
18238,90.86055555555555,90.95277777777778,5,1,0.09222222222222222,90.86055555555555,90.95277777777778
18241,90.92083333333333,90.96583333333334,5,1,0.045,90.92083333333333,90.96583333333334
18242,90.94722222222222,91.13861111111112,5,8,1.531111111111111,90.94722222222222,91.13861111111112
18243,90.97722222222222,91.04611111111112,5,1,0.06888888888888889,90.97722222222222,91.04611111111112
18246,91.06166666666667,91.08194444444445,5,16,0.3244444444444444,91.06166666666667,91.08194444444445
18247,91.06416666666667,91.15777777777778,5,1,0.09361111111111112,91.06416666666667,91.15777777777778
18249,91.13861111111112,91.21027777777778,5,8,0.5733333333333334,91.13861111111112,91.21027777777778
18250,91.21194444444444,91.2761111111111,5,1,0.06416666666666666,91.21194444444444,91.2761111111111
18251,91.24972222222222,91.27388888888889,5,1,0.024166666666666666,91.24972222222222,91.27388888888889
18252,91.34694444444445,91.42333333333333,5,1,0.0763888888888889,91.34694444444445,91.42333333333333
18253,91.34722222222223,91.37722222222222,5,1,0.03,91.34722222222223,91.37722222222222
18255,91.425,91.45166666666667,5,1,0.02666666666666667,91.425,91.45166666666667
18257,91.43666666666667,91.50638888888889,5,1,0.06972222222222223,91.43666666666667,91.50638888888889
18258,91.50194444444445,91.53083333333333,5,1,0.028888888888888888,91.50194444444445,91.53083333333333
18259,91.52166666666666,91.58527777777778,5,1,0.0636111111111111,91.52166666666666,91.58527777777778
18262,91.64555555555556,91.69972222222222,5,1,0.05416666666666667,91.64555555555556,91.69972222222222
18263,91.66055555555556,91.68527777777778,5,1,0.024722222222222222,91.66055555555556,91.68527777777778
18264,91.72722222222222,91.75,5,1,0.02277777777777778,91.72722222222222,91.75
18265,91.75555555555556,91.81138888888889,5,1,0.05583333333333333,91.75555555555556,91.81138888888889
18266,91.89527777777778,91.95194444444445,5,1,0.056666666666666664,91.89527777777778,91.95194444444445
18267,91.90055555555556,91.92138888888888,5,1,0.020833333333333332,91.90055555555556,91.92138888888888
18269,92.025,92.08166666666666,5,1,0.056666666666666664,92.025,92.08166666666666
18270,92.09305555555555,95.14861111111111,5,8,24.444444444444443,92.09305555555555,95.14861111111111
18271,92.14972222222222,92.21194444444444,5,1,0.06222222222222222,92.14972222222222,92.21194444444444
18272,92.24305555555556,92.29833333333333,5,1,0.05527777777777778,92.24305555555556,92.29833333333333
18274,92.36638888888889,92.42444444444445,5,1,0.058055555555555555,92.36638888888889,92.42444444444445
18277,92.64583333333333,92.6613888888889,5,8,0.12444444444444444,92.64583333333333,92.6613888888889
18278,92.67027777777778,94.26277777777777,5,8,12.74,92.67027777777778,94.26277777777777
18288,93.07111111111111,94.48222222222222,5,1,1.4111111111111112,93.07111111111111,94.48222222222222
18289,93.07555555555555,94.19638888888889,5,1,1.1208333333333333,93.07555555555555,94.19638888888889
18298,93.55111111111111,93.60972222222222,5,1,0.058611111111111114,93.55111111111111,93.60972222222222
18309,93.79888888888888,93.79916666666666,5,1,0.0002777777777777778,93.79888888888888,93.79916666666666
18310,93.80777777777777,93.80805555555555,5,1,0.0002777777777777778,93.80777777777777,93.80805555555555
18312,93.82222222222222,93.8225,5,1,0.0002777777777777778,93.82222222222222,93.8225
18313,93.82611111111112,119.44333333333333,5,1,25.61722222222222,93.82611111111112,119.44333333333333
18315,93.92055555555555,99.0025,5,8,40.65555555555556,93.92055555555555,99.0025
18317,94.19638888888889,95.43583333333333,5,1,1.2394444444444443,94.19638888888889,95.43583333333333
18322,94.2786111111111,94.29444444444445,5,7,0.11083333333333334,94.2786111111111,94.29444444444445
18325,94.35166666666667,94.38777777777777,5,7,0.25277777777777777,94.35166666666667,94.38777777777777
18326,94.40416666666667,94.44055555555556,5,7,0.25472222222222224,94.40416666666667,94.44055555555556
18330,94.4825,95.83777777777777,5,1,1.3552777777777778,94.4825,95.83777777777777
18332,94.62833333333333,94.64777777777778,5,8,0.15555555555555556,94.62833333333333,94.64777777777778
18333,94.805,95.07472222222222,5,8,2.1577777777777776,94.805,95.07472222222222
18334,94.90805555555555,97.73166666666667,5,8,22.58888888888889,94.90805555555555,97.73166666666667
18335,95.08638888888889,95.13888888888889,5,1,0.0525,95.08638888888889,95.13888888888889
18336,95.30805555555555,95.36166666666666,5,1,0.05361111111111111,95.30805555555555,95.36166666666666
18338,95.43583333333333,96.62722222222222,5,1,1.1913888888888888,95.43583333333333,96.62722222222222
18339,95.52805555555555,95.7936111111111,5,8,2.1244444444444444,95.52805555555555,95.7936111111111
18340,95.58916666666667,102.67833333333333,5,1,7.089166666666666,95.58916666666667,102.67833333333333
18345,95.77055555555556,103.00555555555556,5,1,7.235,95.77055555555556,103.00555555555556
18346,95.8175,95.86805555555556,5,1,0.050555555555555555,95.8175,95.86805555555556
18347,95.83777777777777,97.35638888888889,5,1,1.5186111111111111,95.83777777777777,97.35638888888889
18348,95.88111111111111,95.92805555555556,5,1,0.04694444444444444,95.88111111111111,95.92805555555556
18349,96.03333333333333,114.99361111111111,5,8,151.6822222222222,96.03333333333333,114.99361111111111
18355,98.87305555555555,99.01583333333333,5,1,0.14277777777777778,98.87305555555555,99.01583333333333
18356,99.23583333333333,99.2878063796781,1,8,0.33555555555555555,99.23583333333333,104.88527777777777
18365,102.67833333333333,102.9961111111111,5,2,0.6355555555555555,102.67833333333333,102.9961111111111
18366,102.9961111111111,103.3125,5,2,0.6327777777777778,102.9961111111111,103.3125
18367,103.00555555555556,103.3725,5,2,0.7338888888888889,103.00555555555556,103.3725
18368,103.37305555555555,103.70083333333334,5,2,0.6555555555555556,103.37305555555555,103.70083333333334
18369,105.12555555555555,105.18472222222222,5,1,0.059166666666666666,105.12555555555555,105.18472222222222
18370,105.2025,105.29277777777777,5,1,0.09027777777777778,105.2025,105.29277777777777
18371,105.32083333333334,105.40805555555555,5,1,0.08722222222222223,105.32083333333334,105.40805555555555
18372,105.57166666666667,105.625,5,1,0.05333333333333334,105.57166666666667,105.625
18375,105.95666666666666,106.01070486717084,1,8,0.3488888888888889,105.95666666666666,106.03194444444445
18376,105.95722222222223,109.18666666666667,5,32,103.34222222222222,105.95722222222223,109.19111111111111
18379,105.99222222222222,106.03812739463602,4,16,0.72,105.99222222222222,106.03916666666667
18382,106.03916666666667,106.08166666666666,5,16,0.68,106.03916666666667,106.08166666666666
18383,106.08166666666666,107.27027777777778,5,16,19.017777777777777,106.08166666666666,107.27027777777778
18384,106.22416666666666,106.26638888888888,5,8,0.3377777777777778,106.22416666666666,106.26638888888888
18386,106.22888888888889,106.28777777777778,5,8,0.4711111111111111,106.22888888888889,106.28777777777778
18388,106.28805555555556,106.33833333333334,5,8,0.4022222222222222,106.28805555555556,106.33833333333334
18389,106.3386111111111,106.37861111111111,5,8,0.32,106.3386111111111,106.37861111111111
18390,106.34416666666667,114.90305555555555,5,8,68.47111111111111,106.34416666666667,114.90305555555555
18391,106.36305555555556,118.31444444444445,5,8,95.61111111111111,106.36305555555556,118.31444444444445
18392,106.37861111111111,106.41583333333334,5,8,0.29777777777777775,106.37861111111111,106.41583333333334
18393,106.38416666666667,106.46555555555555,5,8,0.6511111111111111,106.38416666666667,106.46555555555555
18395,106.41583333333334,106.45083333333334,5,8,0.28,106.41583333333334,106.45083333333334
18396,106.45111111111112,106.48833333333333,5,8,0.29777777777777775,106.45111111111112,106.48833333333333
18397,106.5325,106.6075,5,8,0.6,106.5325,106.6075
18398,106.57111111111111,121.95805555555556,5,8,123.09555555555555,106.57111111111111,121.95805555555556
18401,106.62,112.6763888888889,5,8,48.45111111111111,106.62,112.6763888888889
18402,106.62444444444445,121.0939470622455,1,8,93.42,106.62444444444445,122.24416666666667
18403,106.62972222222223,106.68111111111111,5,1,0.05138888888888889,106.62972222222223,106.68111111111111
18406,106.81277777777778,108.74555555555555,5,8,15.462222222222222,106.81277777777778,108.74555555555555
18408,106.89527777777778,107.04416666666667,5,1,0.14888888888888888,106.89527777777778,107.04416666666667
18410,107.2286111111111,107.27027777777778,5,16,0.6666666666666666,107.2286111111111,107.27027777777778
18411,107.25444444444445,107.27388888888889,5,8,0.15555555555555556,107.25444444444445,107.27388888888889
18412,107.27027777777778,107.29277777777777,5,4,0.09,107.27027777777778,107.29277777777777
18414,107.2975,107.34305555555555,5,16,0.7288888888888889,107.2975,107.34305555555555
18415,107.32638888888889,107.34944444444444,5,8,0.18444444444444444,107.32638888888889,107.34944444444444
18418,107.34305555555555,107.3875,5,16,0.7111111111111111,107.34305555555555,107.3875
18420,107.3875,107.41666666666667,5,4,0.11666666666666667,107.3875,107.41666666666667
18422,107.42027777777778,107.46027777777778,5,16,0.64,107.42027777777778,107.46027777777778
18424,107.44083333333333,108.19633556331199,1,8,4.877777777777778,107.44083333333333,156.7161111111111
18425,107.44083333333333,108.19461460151253,1,8,4.866666666666666,107.44083333333333,157.32444444444445
18426,107.44083333333333,108.1942704091526,1,8,4.864444444444445,107.44083333333333,157.9325
18427,107.44083333333333,108.19530298623229,1,8,4.871111111111111,107.44083333333333,158.2236111111111
18428,107.44083333333333,108.19530298623229,1,8,4.871111111111111,107.44083333333333,158.2236111111111
18429,107.44083333333333,108.19771233275158,1,8,4.886666666666667,107.44083333333333,158.54333333333332
18430,107.44111111111111,108.20108784176848,1,8,4.906666666666666,107.44111111111111,158.83694444444444
18431,107.44111111111111,108.19626914872988,1,8,4.875555555555556,107.44111111111111,158.83305555555555
18432,107.44111111111111,108.05859220477022,1,8,3.986666666666667,107.44111111111111,159.04166666666666
18433,107.44111111111111,108.10230463447743,1,8,4.268888888888889,107.44111111111111,159.36666666666667
18434,107.44111111111111,108.15531025790187,1,8,4.611111111111111,107.44111111111111,159.41333333333333
18435,107.44111111111111,108.18800853209231,1,8,4.822222222222222,107.44111111111111,159.64444444444445
18436,107.44111111111111,108.07889955400427,1,8,4.1177777777777775,107.44111111111111,159.8813888888889
18437,107.44111111111111,108.97139034322282,1,8,9.88,107.44111111111111,160.64833333333334
18438,107.44111111111111,108.49158619352335,1,8,6.782222222222222,107.44111111111111,160.4922222222222
18439,107.46027777777778,107.50083333333333,5,16,0.6488888888888888,107.46027777777778,107.50083333333333
18440,107.465,108.2160277293,1,8,4.848888888888889,107.465,160.4875
18441,107.465,108.23151638549544,1,8,4.948888888888889,107.465,161.10611111111112
18442,107.465,108.22325576885787,1,8,4.895555555555555,107.465,161.10416666666666
18443,107.465,108.21878126817916,1,8,4.866666666666666,107.465,161.25666666666666
18444,107.465,108.2170603063797,1,8,4.855555555555555,107.465,161.7111111111111
18445,107.465,108.21809288345939,1,8,4.862222222222222,107.465,161.7138888888889
18446,107.465,108.20879968974212,1,8,4.802222222222222,107.465,161.85694444444445
18447,107.465,108.2112090362614,1,8,4.817777777777778,107.465,162.31333333333333
18448,107.465,108.08695559433778,1,8,4.015555555555555,107.465,162.21583333333334
18449,107.465,108.1220632150475,1,8,4.242222222222222,107.465,162.38722222222222
18450,107.465,108.18229687802986,1,8,4.631111111111111,107.465,162.79472222222222
18451,107.465,108.2198138452589,1,8,4.873333333333333,107.465,162.9225
18452,107.465,108.09452782625559,1,8,4.064444444444445,107.465,162.89527777777778
18453,107.465,108.89202152414195,1,8,9.213333333333333,107.465,163.9463888888889
18454,107.465,108.42082218343998,1,8,6.171111111111111,107.465,163.66666666666666
18455,107.50083333333333,107.66166666666666,5,16,2.5733333333333333,107.50083333333333,107.66166666666666
18458,107.66194444444444,107.72972222222222,5,16,1.0844444444444445,107.66194444444444,107.72972222222222
18459,107.72972222222222,107.745,5,8,0.12222222222222222,107.72972222222222,107.745
18462,107.74944444444445,108.06611111111111,5,16,5.066666666666666,107.74944444444445,108.06916666666666
18463,107.79833333333333,111.48722222222223,5,8,29.511111111111113,107.79833333333333,111.48722222222223
18467,107.93388888888889,120.81305555555555,5,16,206.06666666666666,107.93388888888889,120.81305555555555
18470,108.03722222222223,108.092637192166,1,1,0.04472222222222222,108.03722222222223,108.19388888888889
18472,108.06916666666666,108.12027777777777,5,8,0.4088888888888889,108.06916666666666,108.12027777777777
18474,108.0963888888889,116.92111111111112,5,8,70.59777777777778,108.0963888888889,116.92111111111112
18475,108.12083333333334,108.31611111111111,5,8,1.5622222222222222,108.12083333333334,108.31611111111111
18477,108.21944444444445,108.26763137483033,1,1,0.03888888888888889,108.21944444444445,108.59055555555555
18482,108.53583333333333,124.935,5,8,131.19333333333333,108.53583333333333,124.935
18484,108.61083333333333,108.63320583672679,1,8,0.14444444444444443,108.61083333333333,108.6375
18486,108.63777777777777,108.6525,5,8,0.11777777777777777,108.63777777777777,108.6525
18487,108.6525,108.66694444444444,5,8,0.11555555555555555,108.6525,108.66694444444444
18490,108.675,108.69358638743455,1,8,0.12,108.675,108.70722222222223
18491,108.6975,108.74805555555555,5,1,0.050555555555555555,108.6975,108.74805555555555
18493,108.70722222222223,108.72,5,8,0.10222222222222223,108.70722222222223,108.72
18494,108.72,108.73555555555555,5,8,0.12444444444444444,108.72,108.73555555555555
18497,108.74361111111111,108.76288588326547,1,8,0.12444444444444444,108.74361111111111,108.77666666666667
18499,108.77694444444444,108.79055555555556,5,8,0.10888888888888888,108.77694444444444,108.79055555555556
18500,108.7838888888889,108.78416666666666,5,8,0.0022222222222222222,108.7838888888889,108.78416666666666
18501,108.79055555555556,108.80805555555555,5,8,0.14,108.79055555555556,108.80805555555555
18503,108.80972222222222,108.85416666666667,5,1,0.044444444444444446,108.80972222222222,108.85416666666667
18505,108.81583333333333,108.83407552840798,1,8,0.11777777777777777,108.81583333333333,108.83416666666666
18508,108.83444444444444,108.84972222222223,5,8,0.12222222222222222,108.83444444444444,108.84972222222223
18509,108.84972222222223,108.86722222222222,5,8,0.14,108.84972222222223,108.86722222222222
18512,108.87611111111111,108.89607426798526,1,8,0.1288888888888889,108.87611111111111,108.91083333333333
18516,108.91111111111111,108.92555555555556,5,8,0.11555555555555555,108.91111111111111,108.92555555555556
18517,108.92555555555556,108.94,5,8,0.11555555555555555,108.92555555555556,108.94
18518,108.93833333333333,108.97527777777778,5,1,0.036944444444444446,108.93833333333333,108.97527777777778
18523,108.9486111111111,108.96685330618577,1,8,0.11777777777777777,108.9486111111111,108.96777777777778
18525,108.96777777777778,108.98166666666667,5,8,0.1111111111111111,108.96777777777778,108.98166666666667
18526,108.98194444444445,108.99638888888889,5,8,0.11555555555555555,108.98194444444445,108.99638888888889
18528,108.9875,109.0286111111111,5,1,0.04111111111111111,108.9875,109.0286111111111
18529,108.99277777777777,116.90555555555555,5,16,126.60444444444444,108.99277777777777,116.90555555555555
18532,109.00555555555556,109.02758386658911,1,8,0.14222222222222222,109.00555555555556,109.02916666666667
18534,109.01277777777777,109.08944444444444,5,16,1.2266666666666666,109.01277777777777,109.08944444444444
18536,109.02916666666667,109.04555555555555,5,8,0.13111111111111112,109.02916666666667,109.04555555555555
18537,109.04555555555555,109.06083333333333,5,8,0.12222222222222222,109.04555555555555,109.06083333333333
18539,109.06888888888889,109.08527777777778,5,8,0.13111111111111112,109.06888888888889,109.08527777777778
18541,109.08555555555556,109.10138888888889,5,8,0.12666666666666668,109.08555555555556,109.10138888888889
18542,109.09833333333333,116.84611111111111,5,16,123.96444444444444,109.09833333333333,116.84611111111111
18543,109.10138888888889,109.12138888888889,5,8,0.16,109.10138888888889,109.12138888888889
18546,109.12972222222223,109.15415987977508,1,8,0.15777777777777777,109.12972222222223,109.15583333333333
18549,109.15583333333333,109.1775,5,8,0.17333333333333334,109.15583333333333,109.1775
18551,109.1775,109.19444444444444,5,8,0.13555555555555557,109.1775,109.19444444444444
18553,109.19666666666667,111.43426119837115,1,32,57.78666666666667,109.19666666666667,112.40027777777777
18555,109.2025,109.22074219507466,1,8,0.11777777777777777,109.2025,109.23444444444445
18558,109.23472222222222,109.24777777777778,5,8,0.10444444444444445,109.23472222222222,109.24777777777778
18559,109.24777777777778,109.26416666666667,5,8,0.13111111111111112,109.24777777777778,109.26416666666667
18562,109.27333333333333,109.29191972076788,1,8,0.12,109.27333333333333,109.29305555555555
18565,109.29305555555555,109.3125,5,8,0.15555555555555556,109.29305555555555,109.3125
18566,109.31277777777778,109.32944444444445,5,8,0.13333333333333333,109.31277777777778,109.32944444444445
18570,109.33694444444444,109.35861111111112,5,8,0.17333333333333334,109.33694444444444,109.35861111111112
18572,109.35861111111112,109.37583333333333,5,8,0.13777777777777778,109.35861111111112,109.37583333333333
18573,109.37583333333333,109.38944444444445,5,8,0.10888888888888888,109.37583333333333,109.38944444444445
18575,109.39861111111111,109.41444444444444,5,8,0.12666666666666668,109.39861111111111,109.41444444444444
18577,109.41444444444444,109.435,5,8,0.16444444444444445,109.41444444444444,109.435
18578,109.41805555555555,113.24416666666667,5,8,30.608888888888888,109.41805555555555,113.24416666666667
18579,109.43527777777778,109.45444444444445,5,8,0.15333333333333332,109.43527777777778,109.45444444444445
18580,109.44472222222223,109.54488219895288,1,16,1.2933333333333332,109.44472222222223,111.75583333333333
18584,109.46305555555556,109.48060936591041,1,8,0.11333333333333333,109.46305555555556,109.5038888888889
18587,109.5038888888889,109.52083333333333,5,8,0.13555555555555557,109.5038888888889,109.52083333333333
18588,109.52083333333333,109.53611111111111,5,8,0.12222222222222222,109.52083333333333,109.53611111111111
18591,109.54472222222222,109.56606214853596,1,8,0.13777777777777778,109.54472222222222,109.57833333333333
18594,109.57861111111112,109.59416666666667,5,8,0.12444444444444444,109.57861111111112,109.59416666666667
18595,109.59444444444445,109.60944444444445,5,8,0.12,109.59444444444445,109.60944444444445
18599,109.61916666666667,109.63499951522202,1,8,0.10222222222222223,109.61916666666667,109.6575
18603,109.65777777777778,109.67166666666667,5,8,0.1111111111111111,109.65777777777778,109.67166666666667
18604,109.67166666666667,109.6875,5,8,0.12666666666666668,109.67166666666667,109.6875
18607,109.69694444444444,109.7144982547993,1,8,0.11333333333333333,109.69694444444444,109.71722222222222
18609,109.71722222222222,109.7325,5,8,0.12222222222222222,109.71722222222222,109.7325
18610,109.7325,109.78666666666666,5,1,0.05416666666666667,109.7325,109.78666666666666
18611,109.7325,109.745,5,8,0.1,109.7325,109.745
18614,109.75194444444445,109.765,5,8,0.10444444444444445,109.75194444444445,109.765
18616,109.765,109.7775,5,8,0.1,109.765,109.7775
18617,109.7775,109.79055555555556,5,8,0.10444444444444445,109.7775,109.79055555555556
18618,109.78277777777778,109.83011111111112,3,1,0.045,109.78277777777778,109.83166666666666
18622,109.80055555555556,109.81948613535,1,8,0.12222222222222222,109.80055555555556,109.82277777777777
18625,109.82277777777777,109.8375,5,8,0.11777777777777777,109.82277777777777,109.8375
18627,109.8375,109.85527777777777,5,8,0.14222222222222222,109.8375,109.85527777777777
18630,109.86583333333333,109.88441972076788,1,8,0.12,109.86583333333333,109.89777777777778
18633,109.89777777777778,109.91166666666666,5,8,0.1111111111111111,109.89777777777778,109.91166666666666
18634,109.91194444444444,109.92694444444444,5,8,0.12,109.91194444444444,109.92694444444444
18638,109.93666666666667,109.95525305410122,1,8,0.12,109.93666666666667,109.95611111111111
18640,109.95611111111111,109.97194444444445,5,8,0.12666666666666668,109.95611111111111,109.97194444444445
18641,109.97222222222223,109.98972222222223,5,8,0.14,109.97222222222223,109.98972222222223
18644,109.99833333333333,110.01932906728719,1,8,0.13555555555555557,109.99833333333333,110.03333333333333
18646,110.03361111111111,110.04888888888888,5,8,0.12222222222222222,110.03361111111111,110.04888888888888
18648,110.04916666666666,110.06444444444445,5,8,0.12222222222222222,110.04916666666666,110.06444444444445
18651,110.0725,110.08847438560056,2,8,0.11555555555555555,110.0725,110.08916666666667
18653,110.08916666666667,110.10388888888889,5,8,0.11777777777777777,110.08916666666667,110.10388888888889
18654,110.10388888888889,110.11888888888889,5,8,0.12,110.10388888888889,110.11888888888889
18658,110.14944444444444,110.195316872428,3,8,0.3488888888888889,110.14944444444444,110.19583333333334
18660,110.19583333333334,110.23555555555555,5,8,0.31777777777777777,110.19583333333334,110.23555555555555
18661,110.23138888888889,110.39361111111111,5,1,0.1622222222222222,110.23138888888889,110.39361111111111
18662,110.23583333333333,112.00416666666666,5,8,14.146666666666667,110.23583333333333,112.00416666666666
18664,110.30083333333333,113.04228366216684,2,8,19.83111111111111,110.30083333333333,113.05916666666667
18665,110.33666666666667,110.41376575528407,1,1,0.06222222222222222,110.33666666666667,110.45583333333333
18667,110.44916666666667,110.47777777777777,5,8,0.2288888888888889,110.44916666666667,110.47777777777777
18669,110.48861111111111,110.5275,5,1,0.03888888888888889,110.48861111111111,110.5275
18671,110.54638888888888,110.57722222222222,5,1,0.030833333333333334,110.54638888888888,110.57722222222222
18673,110.58166666666666,110.60805555555555,5,1,0.02638888888888889,110.58166666666666,110.60805555555555
18674,110.5963888888889,110.63111111111111,5,8,0.2777777777777778,110.5963888888889,110.63111111111111
18675,110.59916666666666,110.6415329218107,3,8,0.32222222222222224,110.59916666666666,110.64222222222222
18676,110.63166666666666,110.7286111111111,5,8,0.7755555555555556,110.63166666666666,110.7286111111111
18677,110.64222222222222,110.68416666666667,5,8,0.33555555555555555,110.64222222222222,110.68416666666667
18678,110.66638888888889,110.77111111111111,5,1,0.10472222222222222,110.66638888888889,110.77111111111111
18679,110.68416666666667,112.43916666666667,5,8,14.04,110.68416666666667,112.43916666666667
18680,110.70277777777778,110.73666666666666,5,8,0.27111111111111114,110.70277777777778,110.73666666666666
18681,110.73694444444445,110.83,5,8,0.7444444444444445,110.73694444444445,110.83
18682,110.8625,110.89972222222222,5,1,0.03722222222222222,110.8625,110.89972222222222
18686,111.05638888888889,111.07394269924374,1,8,0.11333333333333333,111.05638888888889,114.42111111111112
18692,111.16944444444445,111.20055555555555,5,1,0.03111111111111111,111.16944444444445,111.20055555555555
18693,111.17555555555556,111.21111111111111,5,1,0.035555555555555556,111.17555555555556,111.21111111111111
18698,111.27111111111111,111.33111111111111,5,16,0.96,111.27111111111111,111.33111111111111
18699,111.2786111111111,111.31055555555555,5,1,0.03194444444444444,111.2786111111111,111.31055555555555
18700,111.29805555555555,111.33527777777778,5,8,0.29777777777777775,111.29805555555555,111.33527777777778
18708,111.3711111111111,111.40944444444445,5,8,0.30666666666666664,111.3711111111111,111.40944444444445
18710,111.40638888888888,111.49361111111111,5,1,0.08722222222222223,111.40638888888888,111.49361111111111
18716,111.45916666666666,111.4775,5,1,0.018333333333333333,111.45916666666666,111.4775
18717,111.46833333333333,111.53166666666667,5,1,0.06333333333333334,111.46833333333333,111.53166666666667
18721,111.49138888888889,111.58805555555556,5,8,0.7733333333333333,111.49138888888889,111.58805555555556
18722,111.50222222222222,111.54455788248981,1,1,0.034166666666666665,111.50222222222222,111.57027777777778
18724,111.53083333333333,111.7562793290673,1,1,0.18194444444444444,111.53083333333333,111.76
18727,111.57083333333334,111.58638888888889,5,1,0.015555555555555555,111.57083333333334,111.58638888888889
18729,111.61166666666666,111.7725,5,8,1.2866666666666666,111.61166666666666,111.7725
18732,111.64472222222223,111.68361595889083,1,1,0.03138888888888889,111.64472222222223,111.79277777777777
18737,111.80444444444444,111.90277777777777,5,8,0.7866666666666666,111.80444444444444,111.90277777777777
18744,111.90694444444445,115.51416666666667,5,16,57.715555555555554,111.90694444444445,115.51416666666667
18746,111.91361111111111,111.92111111111112,5,1,0.0075,111.91361111111111,111.92111111111112
18747,111.9225,111.99888888888889,5,16,1.2222222222222223,111.9225,111.99888888888889
18748,111.92527777777778,111.97222222222223,5,8,0.37555555555555553,111.92527777777778,111.97222222222223
18749,111.95277777777778,111.96305555555556,5,1,0.010277777777777778,111.95277777777778,111.96305555555556
18750,111.97833333333334,111.99111111111111,5,1,0.012777777777777779,111.97833333333334,111.99111111111111
18752,111.99944444444445,112.03694444444444,5,8,0.3,111.99944444444445,112.03694444444444
18754,112.00416666666666,112.06972222222223,5,4,0.26222222222222225,112.00416666666666,112.06972222222223
18755,112.00777777777778,112.01722222222222,5,1,0.009444444444444445,112.00777777777778,112.01722222222222
18758,112.05972222222222,112.19722222222222,5,8,1.1,112.05972222222222,112.19722222222222
18760,112.07444444444444,112.11779932950189,4,8,0.34,112.07444444444444,112.11861111111111
18767,112.10944444444445,112.14361111111111,5,1,0.034166666666666665,112.10944444444445,112.14361111111111
18768,112.11861111111111,112.16166666666666,5,8,0.34444444444444444,112.11861111111111,112.16166666666666
18769,112.13944444444445,112.21132098765432,3,1,0.06833333333333333,112.13944444444445,112.21305555555556
18770,112.15527777777778,112.62222135687091,2,1,0.4222222222222222,112.15527777777778,112.64194444444445
18771,112.16166666666666,112.20222222222222,5,4,0.1622222222222222,112.16166666666666,112.20222222222222
18774,112.20777777777778,112.25540329218107,3,8,0.3622222222222222,112.20777777777778,112.25611111111111
18776,112.25611111111111,112.3,5,8,0.3511111111111111,112.25611111111111,112.3
18821,112.30027777777778,112.5325,5,8,1.8577777777777778,112.30027777777778,112.5325
18823,112.33111111111111,112.47050901687027,1,1,0.1125,112.33111111111111,112.755
18914,112.43944444444445,112.47694444444444,5,4,0.15,112.43944444444445,112.47694444444444
18915,112.44027777777778,112.60027777777778,5,1,0.16,112.44027777777778,112.60027777777778
18917,112.48722222222223,112.54247844827587,4,8,0.43333333333333335,112.48722222222223,112.54333333333334
18919,112.53277777777778,112.6211111111111,5,8,0.7066666666666667,112.53277777777778,112.6211111111111
18920,112.54333333333334,112.59527777777778,5,8,0.41555555555555557,112.54333333333334,112.59527777777778
18921,112.55416666666666,112.62555555555555,5,1,0.07138888888888889,112.55416666666666,112.62555555555555
18922,112.59527777777778,112.63277777777778,5,4,0.15,112.59527777777778,112.63277777777778
18924,112.62138888888889,112.64111111111112,5,8,0.15777777777777777,112.62138888888889,112.64111111111112
18925,112.62166666666667,114.97305555555556,5,1,2.3513888888888888,112.62166666666667,114.97305555555556
18927,112.63916666666667,112.69867337164752,4,8,0.4666666666666667,112.63916666666667,112.69916666666667
18928,112.645,113.07527777777777,5,8,3.442222222222222,112.645,113.07527777777777
18929,112.67277777777778,114.97333333333333,5,1,2.3005555555555555,112.67277777777778,114.97333333333333
18930,112.69916666666667,112.75083333333333,5,8,0.41333333333333333,112.69916666666667,112.75083333333333
18931,112.71166666666667,115.03611111111111,5,1,2.3244444444444445,112.71166666666667,115.03611111111111
18932,112.72361111111111,115.43805555555555,5,1,2.7144444444444447,112.72361111111111,115.43805555555555
18933,112.74083333333333,164.19166666666666,5,1,51.450833333333335,112.74083333333333,164.21
18934,112.74361111111111,115.17194444444445,5,1,2.4283333333333332,112.74361111111111,115.17194444444445
18935,112.74722222222222,122.46888888888888,5,8,77.77333333333333,112.74722222222222,122.46888888888888
18936,112.75083333333333,112.99027777777778,5,8,1.9155555555555555,112.75083333333333,112.99027777777778
18937,112.85166666666667,112.93916666666667,5,8,0.7,112.85166666666667,112.93916666666667
18940,112.97777777777777,113.06111111111112,5,8,0.6666666666666666,112.97777777777777,113.06111111111112
18941,112.99027777777778,113.07888888888888,5,8,0.7088888888888889,112.99027777777778,113.07888888888888
18942,113.07527777777777,113.13055555555556,5,8,0.44222222222222224,113.07527777777777,113.13055555555556
18943,113.07888888888888,113.1,5,8,0.1688888888888889,113.07888888888888,113.1
18945,113.10472222222222,113.52444444444444,5,8,3.3577777777777778,113.10472222222222,113.52694444444444
18946,113.12416666666667,113.20222222222222,5,8,0.6244444444444445,113.12416666666667,113.20222222222222
18949,113.13638888888889,113.33583333333334,5,8,1.5955555555555556,113.13638888888889,113.3375
18951,113.34333333333333,113.39320561941253,4,8,0.39111111111111113,113.34333333333333,113.39472222222223
18952,113.395,113.44194444444445,5,8,0.37555555555555553,113.395,113.44194444444445
18953,113.44222222222223,113.57416666666667,5,8,1.0555555555555556,113.44222222222223,113.57416666666667
18954,113.49722222222222,113.53805555555556,5,1,0.04083333333333333,113.49722222222222,113.53805555555556
18956,113.52694444444444,113.5838888888889,5,8,0.45555555555555555,113.52694444444444,113.5838888888889
18957,113.54333333333334,113.58222222222223,5,1,0.03888888888888889,113.54333333333334,113.58222222222223
18962,113.56666666666666,118.4275,5,8,38.88666666666666,113.56666666666666,118.4275
18963,113.57416666666667,113.58444444444444,5,4,0.04111111111111111,113.57416666666667,113.58444444444444
18966,113.58888888888889,113.64329501915708,4,8,0.4266666666666667,113.58888888888889,113.64333333333333
18967,113.58888888888889,113.78999999999999,5,8,1.6088888888888888,113.58888888888889,113.7911111111111
18968,113.59416666666667,113.67,5,8,0.6066666666666667,113.59416666666667,113.67
18970,113.59861111111111,113.65722222222222,5,1,0.058611111111111114,113.59861111111111,113.65722222222222
18979,113.64361111111111,113.69083333333333,5,8,0.37777777777777777,113.64361111111111,113.69083333333333
18982,113.67611111111111,117.03944444444444,5,8,26.906666666666666,113.67611111111111,117.03944444444444
18984,113.68972222222222,113.74777777777778,5,1,0.058055555555555555,113.68972222222222,113.74777777777778
18985,113.69111111111111,113.90861111111111,5,8,1.74,113.69111111111111,113.90861111111111
18991,113.79611111111112,113.84059945721583,4,8,0.3488888888888889,113.79611111111112,113.84138888888889
18993,113.83333333333333,113.89444444444445,5,1,0.06111111111111111,113.83333333333333,113.89444444444445
18994,113.84166666666667,113.87416666666667,5,8,0.26,113.84166666666667,113.87416666666667
18997,113.87416666666667,113.9713888888889,5,8,0.7777777777777778,113.87416666666667,113.9713888888889
19002,113.9088888888889,113.92111111111112,5,4,0.04888888888888889,113.9088888888889,113.92111111111112
19004,113.92694444444444,113.97778395061728,3,8,0.38666666666666666,113.92694444444444,113.97805555555556
19006,113.9713888888889,113.98388888888888,5,4,0.05,113.9713888888889,113.98388888888888
19008,113.97805555555556,114.03166666666667,5,8,0.4288888888888889,113.97805555555556,114.03166666666667
19011,113.98861111111111,115.25,5,1,1.261388888888889,113.98861111111111,115.25
19012,113.98916666666666,114.04158924010216,4,8,0.4111111111111111,113.98916666666666,114.04277777777777
19013,114.03166666666667,114.08527777777778,5,8,0.4288888888888889,114.03166666666667,114.08527777777778
19014,114.04277777777777,114.08583333333333,5,8,0.34444444444444444,114.04277777777777,114.08583333333333
19017,114.08527777777778,114.09388888888888,5,4,0.034444444444444444,114.08527777777778,114.09388888888888
19018,114.08611111111111,114.28222222222222,5,8,1.568888888888889,114.08611111111111,114.28222222222222
19022,114.10055555555556,114.14305555555556,5,8,0.34,114.10055555555556,114.14361111111111
19023,114.14361111111111,114.19361111111111,5,8,0.4,114.14361111111111,114.19361111111111
19028,114.19388888888889,114.22472222222223,5,4,0.12333333333333334,114.19388888888889,114.22472222222223
19030,114.22944444444444,151.12583333333333,5,8,295.1711111111111,114.22944444444444,151.12583333333333
19031,114.22972222222222,114.27555555555556,5,8,0.36666666666666664,114.22972222222222,114.27555555555556
19036,114.27555555555556,114.32138888888889,5,8,0.36666666666666664,114.27555555555556,114.32138888888889
19037,114.2825,114.29888888888888,5,4,0.06555555555555556,114.2825,114.29888888888888
19040,114.30388888888889,114.3503607918263,4,8,0.36444444444444446,114.30388888888889,114.35138888888889
19041,114.32138888888889,114.35055555555556,5,4,0.11666666666666667,114.32138888888889,114.35055555555556
19042,114.35138888888889,114.39777777777778,5,8,0.3711111111111111,114.35138888888889,114.39777777777778
19044,114.3575,114.40595545977011,4,8,0.38,114.3575,114.40694444444445
19045,114.39805555555556,114.44888888888889,5,8,0.4066666666666667,114.39805555555556,114.44888888888889
19046,114.40722222222222,114.44888888888889,5,8,0.3333333333333333,114.40722222222222,114.44888888888889
19047,114.44888888888889,114.45861111111111,5,4,0.03888888888888889,114.44888888888889,114.45861111111111
19048,114.44916666666667,114.47333333333333,5,4,0.09666666666666666,114.44916666666667,114.47333333333333
19050,114.4636111111111,114.5106522633745,3,8,0.35777777777777775,114.4636111111111,114.51083333333334
19052,114.47944444444444,114.53333333333333,5,8,0.4311111111111111,114.47944444444444,114.53416666666666
19053,114.48083333333334,114.54305555555555,5,1,0.06222222222222222,114.48083333333334,114.54305555555555
19054,114.51083333333334,114.565,5,8,0.43333333333333335,114.51083333333334,114.565
19055,114.5125,114.51277777777777,5,1,0.0002777777777777778,114.5125,114.51277777777777
19056,114.51388888888889,114.51416666666667,5,8,0.0022222222222222222,114.51388888888889,114.51416666666667
19057,114.53444444444445,114.5813888888889,5,8,0.37555555555555553,114.53444444444445,114.5813888888889
19058,114.565,114.59916666666666,5,4,0.13666666666666666,114.565,114.59916666666666
19059,114.58166666666666,114.62055555555555,5,4,0.15555555555555556,114.58166666666666,114.62055555555555
19061,114.60388888888889,114.64683950617282,3,8,0.32666666666666666,114.60388888888889,114.6475
19062,114.62527777777778,114.67194444444445,5,8,0.37333333333333335,114.62527777777778,114.67194444444445
19063,114.6475,114.6975,5,8,0.4,114.6475,114.6975
19065,114.67194444444445,114.72472222222223,5,8,0.4222222222222222,114.67194444444445,114.72472222222223
19066,114.6975,114.7311111111111,5,4,0.13444444444444445,114.6975,114.7311111111111
19067,114.725,114.755,5,4,0.12,114.725,114.755
19069,114.73583333333333,114.77995267489712,3,8,0.33555555555555555,114.73583333333333,114.78055555555555
19071,114.75916666666667,114.80818885696043,4,8,0.3844444444444444,114.75916666666667,114.80916666666667
19072,114.78083333333333,114.82138888888889,5,8,0.3244444444444444,114.78083333333333,114.82138888888889
19073,114.80944444444444,114.8575,5,8,0.3844444444444444,114.80944444444444,114.8575
19074,114.82138888888889,114.865,5,4,0.17444444444444446,114.82138888888889,114.865
19075,114.8575,114.9025,5,4,0.18,114.8575,114.9025
19077,114.87166666666667,114.91757183908047,4,8,0.36,114.87166666666667,114.91805555555555
19079,114.90722222222222,114.95017283950615,3,8,0.32666666666666666,114.90722222222222,114.95055555555555
19080,114.91833333333334,114.95805555555556,5,8,0.31777777777777777,114.91833333333334,114.95805555555556
19081,114.92083333333333,114.97444444444444,5,2,0.10722222222222222,114.92083333333333,114.97444444444444
19085,114.95055555555555,114.99222222222222,5,8,0.3333333333333333,114.95055555555555,114.99222222222222
19086,114.95805555555556,114.98694444444445,5,4,0.11555555555555555,114.95805555555556,114.98694444444445
19088,114.99111111111111,115.0432503192848,4,8,0.4088888888888889,114.99111111111111,115.04333333333334
19089,114.99222222222222,115.0355771072797,4,4,0.17,114.99222222222222,115.0363888888889
19091,115.0425,115.09055555555555,5,8,0.3844444444444444,115.0425,115.09138888888889
19092,115.0436111111111,115.0861111111111,5,8,0.34,115.0436111111111,115.08694444444444
19094,115.08722222222222,115.11694444444444,5,4,0.11888888888888889,115.08722222222222,115.11694444444444
19095,115.09138888888889,115.1025,5,8,0.08888888888888889,115.09138888888889,115.1025
19097,115.10694444444445,115.36527777777779,5,8,2.066666666666667,115.10694444444445,115.36722222222222
19099,115.12138888888889,115.16871088761175,4,8,0.3711111111111111,115.12138888888889,115.16944444444445
19101,115.16972222222222,115.22055555555555,5,8,0.4066666666666667,115.16972222222222,115.22055555555555
19105,115.22055555555555,115.25361111111111,5,4,0.1322222222222222,115.22055555555555,115.25361111111111
19107,115.2575,115.29986625514402,3,8,0.32222222222222224,115.2575,115.30083333333333
19108,115.30083333333333,115.34361111111112,5,8,0.3422222222222222,115.30083333333333,115.34361111111112
19110,115.34361111111112,115.38166666666666,5,4,0.15222222222222223,115.34361111111112,115.38166666666666
19111,115.36722222222222,115.39,5,8,0.18222222222222223,115.36722222222222,115.39
19112,115.3861111111111,115.43472222222222,5,8,0.3888888888888889,115.3861111111111,115.43472222222222
19114,115.39527777777778,115.47887053001277,4,8,0.6555555555555556,115.39527777777778,115.48
19115,115.40277777777777,115.40333333333334,5,1,0.0005555555555555556,115.40277777777777,115.40333333333334
19116,115.40444444444445,115.40472222222222,5,8,0.0022222222222222222,115.40444444444445,115.40472222222222
19117,115.43472222222222,115.44388888888889,5,8,0.07333333333333333,115.43472222222222,115.44388888888889
19119,115.45027777777777,115.60916666666667,5,8,1.271111111111111,115.45027777777777,115.61027777777778
19120,115.48027777777777,115.49333333333334,5,8,0.10444444444444445,115.48027777777777,115.49333333333334
19121,115.49722222222222,115.55,5,8,0.4222222222222222,115.49722222222222,115.55
19122,115.55472222222222,115.60805555555555,5,8,0.4266666666666667,115.55472222222222,115.60805555555555
19124,115.61027777777778,115.63583333333334,5,8,0.20444444444444446,115.61027777777778,115.63583333333334
19126,115.6125,115.6688896871009,4,8,0.44222222222222224,115.6125,115.66944444444445
19128,115.64361111111111,115.71027777777778,5,8,0.5333333333333333,115.64361111111111,115.71083333333333
19130,115.67388888888888,115.73777777777778,5,8,0.5111111111111111,115.67388888888888,115.73777777777778
19131,115.71083333333333,115.72083333333333,5,8,0.08,115.71083333333333,115.72083333333333
19133,115.72694444444444,115.78220067049807,4,8,0.43333333333333335,115.72694444444444,115.7825
19135,115.7425,115.79830658436215,3,8,0.42444444444444446,115.7425,115.79833333333333
19153,115.78861111111111,115.84131704980844,4,8,0.41333333333333333,115.78861111111111,115.84194444444445
19156,115.8025,115.85577266922094,4,8,0.4177777777777778,115.8025,115.85666666666667
19160,115.8463888888889,115.90570164609055,3,8,0.45111111111111113,115.8463888888889,115.90583333333333
19164,115.86305555555556,115.91833333333334,5,8,0.44222222222222224,115.86305555555556,115.9186111111111
19165,115.90944444444445,115.96138888888889,5,8,0.41555555555555557,115.90944444444445,115.96138888888889
19166,115.91583333333334,116.03939839053714,1,8,0.7977777777777778,115.91583333333334,116.15666666666667
19169,115.96555555555555,116.03016283524904,4,8,0.5066666666666667,115.96555555555555,116.03083333333333
19172,115.99666666666667,123.00777777777778,5,1,7.011111111111111,115.99666666666667,123.00777777777778
19174,116.03694444444444,116.0924840357599,4,8,0.43555555555555553,116.03694444444444,116.0925
19176,116.04638888888888,134.36777777777775,5,32,586.2844444444445,116.04638888888888,134.36805555555554
19179,116.09777777777778,116.15066255144033,3,8,0.4022222222222222,116.09777777777778,116.15083333333334
19183,116.18555555555555,116.21027777777778,5,1,0.024722222222222222,116.18555555555555,116.21027777777778
19186,116.24583333333334,131.2125,5,1,14.966666666666667,116.24583333333334,131.2125
19187,116.25194444444445,116.37378853984876,1,8,0.7866666666666666,116.25194444444445,116.38138888888889
19192,116.48444444444445,117.12444444444445,5,16,10.24,116.48444444444445,117.12444444444445
19194,116.49833333333333,116.54694444444445,5,8,0.3888888888888889,116.49833333333333,116.54694444444445
19197,116.57638888888889,116.59361111111112,5,1,0.017222222222222222,116.57638888888889,116.59361111111112
19198,116.5975,116.61638888888889,5,1,0.01888888888888889,116.5975,116.61638888888889
19200,116.6125,116.80277777777778,5,1,0.19027777777777777,116.6125,116.80277777777778
19201,116.63444444444444,116.65055555555556,5,1,0.01611111111111111,116.63444444444444,116.65055555555556
19206,116.77277777777778,116.77305555555556,5,8,0.0022222222222222222,116.77277777777778,116.77305555555556
19207,116.79444444444445,116.79478863680436,1,8,0.0022222222222222222,116.79444444444445,116.80305555555556
19208,116.81777777777778,116.84666666666666,5,1,0.028888888888888888,116.81777777777778,116.84666666666666
19209,116.86444444444444,116.97277777777778,5,1,0.10833333333333334,116.86444444444444,116.97277777777778
19211,117.00916666666667,117.20083333333334,5,8,1.5333333333333334,117.00916666666667,117.20083333333334
19214,117.13,117.24564863292612,1,1,0.09333333333333334,117.13,117.24583333333334
19215,117.14833333333333,118.44152674897119,3,1,1.2294444444444443,117.14833333333333,118.47527777777778
19580,117.86916666666667,124.8163888888889,5,1,6.947222222222222,117.86916666666667,124.8163888888889
19601,117.88694444444444,117.89861111111111,5,1,0.011666666666666667,117.88694444444444,117.89861111111111
19651,117.93166666666667,117.94222222222223,5,1,0.010555555555555556,117.93166666666667,117.94222222222223
19954,118.20166666666667,118.5925,5,1,0.3908333333333333,118.20166666666667,118.5925
19955,118.20166666666667,118.81277777777778,5,1,0.6111111111111112,118.20166666666667,118.81277777777778
19956,118.20166666666667,118.81277777777778,5,1,0.6111111111111112,118.20166666666667,118.81277777777778
19957,118.20166666666667,118.81972222222223,5,1,0.6180555555555556,118.20166666666667,118.81972222222223
19958,118.20166666666667,118.82055555555556,5,1,0.6188888888888889,118.20166666666667,118.82055555555556
19959,118.20166666666667,118.81972222222223,5,1,0.6180555555555556,118.20166666666667,118.81972222222223
19960,118.20166666666667,118.82055555555556,5,1,0.6188888888888889,118.20166666666667,118.82055555555556
19974,118.2136111111111,118.81972222222223,5,1,0.6061111111111112,118.2136111111111,118.81972222222223
19975,118.2136111111111,118.81972222222223,5,1,0.6061111111111112,118.2136111111111,118.81972222222223
19976,118.2136111111111,118.7911111111111,5,1,0.5775,118.2136111111111,118.7911111111111
19977,118.2136111111111,118.79055555555556,5,1,0.5769444444444445,118.2136111111111,118.79055555555556
19978,118.2136111111111,118.79166666666667,5,1,0.5780555555555555,118.2136111111111,118.79166666666667
19979,118.2136111111111,118.79055555555556,5,1,0.5769444444444445,118.2136111111111,118.79055555555556
19980,118.2136111111111,118.7925,5,1,0.5788888888888889,118.2136111111111,118.7925
19981,118.2136111111111,118.79222222222222,5,1,0.5786111111111111,118.2136111111111,118.79222222222222
19984,118.21472222222222,119.01166666666667,5,1,0.7969444444444445,118.21472222222222,119.01166666666667
19985,118.21472222222222,119.01222222222222,5,1,0.7975,118.21472222222222,119.01222222222222
19986,118.21472222222222,118.72694444444444,5,1,0.5122222222222222,118.21472222222222,118.72694444444444
19987,118.21472222222222,118.72694444444444,5,1,0.5122222222222222,118.21472222222222,118.72694444444444
19988,118.21472222222222,118.72694444444444,5,1,0.5122222222222222,118.21472222222222,118.72694444444444
19989,118.21472222222222,118.72694444444444,5,1,0.5122222222222222,118.21472222222222,118.72694444444444
19990,118.21472222222222,118.72694444444444,5,1,0.5122222222222222,118.21472222222222,118.72694444444444
19991,118.21472222222222,118.72694444444444,5,1,0.5122222222222222,118.21472222222222,118.72694444444444
20264,118.65805555555555,118.695,5,1,0.036944444444444446,118.65805555555555,118.695
20265,118.66944444444445,118.75239480318015,1,1,0.06694444444444445,118.66944444444445,118.76194444444444
20267,118.70611111111111,118.73944444444444,5,1,0.03333333333333333,118.70611111111111,118.73944444444444
20268,118.72166666666666,118.75,5,1,0.028333333333333332,118.72166666666666,118.75
20270,118.72694444444444,118.99944444444445,5,1,0.2725,118.72694444444444,118.99944444444445
20271,118.72694444444444,119.08361111111111,5,1,0.3566666666666667,118.72694444444444,119.08361111111111
20272,118.72694444444444,119.0838888888889,5,1,0.35694444444444445,118.72694444444444,119.0838888888889
20273,118.72694444444444,119.08361111111111,5,1,0.3566666666666667,118.72694444444444,119.08361111111111
20274,118.72694444444444,119.0838888888889,5,1,0.35694444444444445,118.72694444444444,119.0838888888889
20278,118.77583333333334,118.80805555555555,5,1,0.03222222222222222,118.77583333333334,118.80805555555555
20279,118.77805555555555,118.80805555555555,5,1,0.03,118.77805555555555,118.80805555555555
20281,118.79055555555556,119.21444444444444,5,1,0.42388888888888887,118.79055555555556,119.21444444444444
20282,118.7911111111111,119.21444444444444,5,1,0.42333333333333334,118.7911111111111,119.21444444444444
20283,118.79166666666667,119.21444444444444,5,1,0.42277777777777775,118.79166666666667,119.21444444444444
20284,118.79222222222222,119.21444444444444,5,1,0.4222222222222222,118.79222222222222,119.21444444444444
20285,118.7925,119.21444444444444,5,1,0.42194444444444446,118.7925,119.21444444444444
20290,118.86722222222222,121.10972222222222,5,1,2.2425,118.86722222222222,121.10972222222222
20292,118.88666666666667,118.95240740740742,1,8,0.42444444444444446,118.88666666666667,118.9825
20295,118.94416666666666,118.94444444444444,5,4,0.0011111111111111111,118.94416666666666,118.94444444444444
20296,118.94611111111111,118.94666666666667,5,6,0.0033333333333333335,118.94611111111111,118.94666666666667
20297,118.94805555555556,118.94833333333334,5,7,0.0019444444444444444,118.94805555555556,118.94833333333334
20300,118.95138888888889,128.5011111111111,5,1,9.549722222222222,118.95138888888889,128.5011111111111
20304,119.08611111111111,119.13638888888889,5,1,0.050277777777777775,119.08611111111111,119.13638888888889
20311,119.41333333333333,119.45666666666666,5,1,0.043333333333333335,119.41333333333333,119.45666666666666
20314,119.67388888888888,119.70777777777778,5,1,0.03388888888888889,119.67388888888888,119.70777777777778
20315,119.73416666666667,120.2761111111111,5,1,0.5419444444444445,119.73416666666667,120.2761111111111
20317,119.8625,139.00472222222223,5,8,153.13777777777779,119.8625,139.00472222222223
20322,120.58638888888889,120.6245942408377,1,8,0.24666666666666667,120.58638888888889,124.96583333333334
20324,120.61777777777777,120.99222222222222,5,1,0.37444444444444447,120.61777777777777,120.99222222222222
20325,120.6725,122.9486111111111,5,1,2.276111111111111,120.6725,122.9486111111111
20326,120.72666666666667,122.94222222222223,5,1,2.2155555555555555,120.72666666666667,122.94222222222223
20328,120.76333333333334,122.98611111111111,5,1,2.222777777777778,120.76333333333334,122.98611111111111
20329,120.78888888888889,123.0188888888889,5,1,2.23,120.78888888888889,123.0188888888889
20331,120.84972222222223,123.06472222222222,5,1,2.215,120.84972222222223,123.06472222222222
20332,120.88083333333333,123.226170781893,3,1,2.229722222222222,120.88083333333333,123.3411111111111
20335,120.9275,123.63009840992824,1,1,2.181111111111111,120.9275,125.12333333333333
20336,120.96777777777778,125.42055555555555,5,2,8.905555555555555,120.96777777777778,125.42055555555555
20339,121.26333333333334,121.30833333333334,5,2,0.09,121.26333333333334,121.30833333333334
20341,121.30833333333334,121.37138888888889,5,2,0.12611111111111112,121.30833333333334,121.37138888888889
20345,121.46111111111111,121.50305555555556,5,2,0.08388888888888889,121.46111111111111,121.50305555555556
20347,121.50333333333333,121.54888888888888,5,2,0.09111111111111111,121.50333333333333,121.54888888888888
20352,123.115,166.2538888888889,5,32,1380.4444444444443,123.115,166.2538888888889
20357,123.3086111111111,148.32,5,1,25.011388888888888,123.3086111111111,148.32
20358,123.31944444444444,138.71416666666667,5,1,15.394722222222223,123.31944444444444,138.71416666666667
20359,123.32388888888889,154.35833333333332,5,1,31.034444444444443,123.32388888888889,154.35833333333332
20360,123.35305555555556,145.9897222222222,5,1,22.636666666666667,123.35305555555556,145.9897222222222
20361,123.35722222222222,129.43166666666667,5,1,6.0744444444444445,123.35722222222222,129.43166666666667
20362,123.36305555555556,157.82222222222222,5,1,34.45916666666667,123.36305555555556,157.82222222222222
20363,123.36694444444444,151.92944444444444,5,1,28.5625,123.36694444444444,151.92944444444444
20364,123.38305555555556,136.93194444444444,5,1,13.54888888888889,123.38305555555556,136.93194444444444
20365,123.38944444444445,159.60861111111112,5,1,36.219166666666666,123.38944444444445,159.60861111111112
20366,123.39361111111111,158.28833333333333,5,1,34.89472222222222,123.39361111111111,158.28833333333333
20367,123.39777777777778,150.20805555555555,5,1,26.810277777777777,123.39777777777778,150.20805555555555
20368,123.40305555555555,160.1725,5,1,36.769444444444446,123.40305555555555,160.1725
20369,123.40694444444445,157.25555555555556,5,1,33.84861111111111,123.40694444444445,157.25555555555556
20370,123.41111111111111,146.5638888888889,5,1,23.15277777777778,123.41111111111111,146.5638888888889
20371,124.63166666666666,124.67882101997284,1,8,0.30444444444444446,124.63166666666666,125.0038888888889
20372,124.8163888888889,125.21777777777778,5,2,0.8027777777777778,124.8163888888889,125.21777777777778
20381,125.21777777777778,125.61138888888888,5,2,0.7872222222222223,125.21777777777778,125.61138888888888
20383,125.53111111111112,125.87083333333334,5,8,2.7177777777777776,125.53111111111112,125.87083333333334
20385,128.5011111111111,128.8425,5,2,0.6827777777777778,128.5011111111111,128.8425
20387,128.8425,129.17166666666665,5,2,0.6583333333333333,128.8425,129.17166666666665
20388,128.87555555555556,128.9086111111111,5,8,0.2644444444444444,128.87555555555556,128.9086111111111
20407,129.5911111111111,129.6261111111111,5,8,0.28,129.5911111111111,129.6261111111111
20410,129.6327777777778,129.66916666666665,5,8,0.2911111111111111,129.6327777777778,129.66916666666665
20426,130.18027777777777,132.45694444444445,5,1,2.276666666666667,130.18027777777777,132.45694444444445
20429,130.22166666666666,132.49527777777777,5,1,2.2736111111111112,130.22166666666666,132.49527777777777
20430,130.23611111111111,132.57,5,1,2.3338888888888887,130.23611111111111,132.57
20432,130.24555555555557,132.51083333333332,5,1,2.265277777777778,130.24555555555557,132.51083333333332
20433,130.27527777777777,132.535,5,1,2.2597222222222224,130.27527777777777,132.535
20437,130.37944444444443,132.7475,5,1,2.3680555555555554,130.37944444444443,132.7475
20439,130.42416666666668,133.32811760713594,1,1,2.343611111111111,130.42416666666668,134.80055555555555
20440,130.52138888888888,133.4060650572038,1,1,2.3280555555555558,130.52138888888888,134.82333333333332
20441,130.54666666666665,139.74944444444444,5,8,73.62222222222222,130.54666666666665,139.74944444444444
20442,130.55027777777778,139.84166666666667,5,8,74.33111111111111,130.55027777777778,139.84166666666667
20444,130.5925,130.67222222222222,5,8,0.6377777777777778,130.5925,130.67222222222222
20451,131.0911111111111,131.14277777777778,5,8,0.41333333333333333,131.0911111111111,131.14277777777778
20452,131.2125,131.60611111111112,5,2,0.7872222222222223,131.2125,131.60611111111112
20454,131.3875,131.4281146984681,1,8,0.26222222222222225,131.3875,131.47861111111112
20455,131.445,131.53916666666666,5,16,1.5066666666666666,131.445,131.53916666666666
20458,131.50666666666666,131.56555555555556,5,16,0.9422222222222222,131.50666666666666,131.56555555555556
20461,131.5475,131.56591874201789,4,16,0.28888888888888886,131.5475,131.5661111111111
20462,131.5675,131.7697222222222,5,8,1.6177777777777778,131.5675,131.7697222222222
20463,131.56861111111112,131.58444444444444,5,8,0.12666666666666668,131.56861111111112,131.58444444444444
20464,131.57305555555556,131.61583333333334,5,16,0.6844444444444444,131.57305555555556,131.61583333333334
20465,131.57444444444445,133.5938888888889,5,8,16.155555555555555,131.57444444444445,133.5938888888889
20467,131.5825,131.6363888888889,5,16,0.8622222222222222,131.5825,131.6363888888889
20469,131.60611111111112,132.00583333333333,5,2,0.7994444444444444,131.60611111111112,132.00583333333333
20472,131.64194444444445,131.6611111111111,5,8,0.15333333333333332,131.64194444444445,131.6611111111111
20476,131.88416666666666,132.08555555555554,5,8,1.6111111111111112,131.88416666666666,132.08555555555554
20477,131.88944444444445,133.89583333333334,5,8,16.051111111111112,131.88944444444445,133.89583333333334
20482,132.1627777777778,132.31416666666667,5,8,1.211111111111111,132.1627777777778,132.31416666666667
20483,132.33916666666667,132.4911111111111,5,8,1.2155555555555555,132.33916666666667,132.4911111111111
20484,132.34166666666667,132.4286111111111,5,16,1.3911111111111112,132.34166666666667,132.4286111111111
20485,132.3761111111111,132.4676662788443,1,16,1.1822222222222223,132.3761111111111,132.5025
20487,132.6952777777778,135.48277777777778,5,1,2.7875,132.6952777777778,135.48277777777778
20489,132.72194444444443,135.44055555555556,5,1,2.718611111111111,132.72194444444443,135.44055555555556
20491,132.76,132.835,5,16,1.2,132.76,132.835
20492,132.8225,132.98166666666665,5,8,1.2733333333333334,132.8225,132.98166666666665
20493,132.84666666666666,132.89583333333334,5,1,0.049166666666666664,132.84666666666666,132.89583333333334
20494,132.85,132.93555555555557,5,16,1.3688888888888888,132.85,132.93555555555557
20495,132.9986111111111,133.15055555555554,5,8,1.2155555555555555,132.9986111111111,133.15055555555554
20496,133.16666666666666,133.21527777777777,5,1,0.04861111111111111,133.16666666666666,133.21527777777777
20499,133.42916666666667,133.46527777777777,5,1,0.03611111111111111,133.42916666666667,133.46527777777777
20501,133.46722222222223,133.4925,5,16,0.40444444444444444,133.46722222222223,133.4925
20502,133.52277777777778,136.92138888888888,5,16,54.37777777777778,133.52277777777778,136.92138888888888
20503,133.5263888888889,133.5611111111111,5,1,0.034722222222222224,133.5263888888889,133.5611111111111
20504,133.55333333333334,133.94583333333333,5,2,0.785,133.55333333333334,133.94583333333333
20506,133.56944444444446,133.57861111111112,5,1,0.009166666666666667,133.56944444444446,133.57861111111112
20507,133.59166666666667,133.60305555555556,5,1,0.01138888888888889,133.59166666666667,133.60305555555556
20508,133.6125,133.62083333333334,5,1,0.008333333333333333,133.6125,133.62083333333334
20511,133.62527777777777,133.63305555555556,5,1,0.0077777777777777776,133.62527777777777,133.63305555555556
20512,133.6525,133.6611111111111,5,1,0.008611111111111111,133.6525,133.6611111111111
20514,133.66722222222222,133.67444444444445,5,1,0.007222222222222222,133.66722222222222,133.67444444444445
20515,133.68777777777777,133.69916666666666,5,1,0.01138888888888889,133.68777777777777,133.69916666666666
20516,133.7111111111111,133.7411111111111,5,1,0.03,133.7111111111111,133.7411111111111
20517,133.71583333333334,133.94416666666666,5,2,0.45666666666666667,133.71583333333334,133.94416666666666
20518,133.73527777777778,133.74277777777777,5,1,0.0075,133.73527777777778,133.74277777777777
20519,133.75555555555556,133.76333333333332,5,1,0.0077777777777777776,133.75555555555556,133.76333333333332
20520,133.77194444444444,133.78055555555557,5,1,0.008611111111111111,133.77194444444444,133.78055555555557
20521,133.79166666666666,133.79916666666668,5,1,0.0075,133.79166666666666,133.79916666666668
20522,133.8075,133.81527777777777,5,1,0.0077777777777777776,133.8075,133.81527777777777
20523,133.83805555555554,133.84666666666666,5,1,0.008611111111111111,133.83805555555554,133.84666666666666
20525,133.86694444444444,133.87666666666667,5,1,0.009722222222222222,133.86694444444444,133.87666666666667
20526,133.89083333333335,133.89805555555554,5,1,0.007222222222222222,133.89083333333335,133.89805555555554
20527,133.90722222222223,133.91444444444446,5,1,0.007222222222222222,133.90722222222223,133.91444444444446
20528,133.94,133.94861111111112,5,1,0.008611111111111111,133.94,133.94861111111112
20529,133.9463888888889,134.23833333333334,5,2,0.5838888888888889,133.9463888888889,134.23833333333334
20530,133.96972222222223,133.9763888888889,5,1,0.006666666666666667,133.96972222222223,133.9763888888889
20531,133.98611111111111,133.99388888888888,5,1,0.0077777777777777776,133.98611111111111,133.99388888888888
20532,134.01083333333332,134.02722222222224,5,1,0.01638888888888889,134.01083333333332,134.02722222222224
20533,134.0313888888889,134.0388888888889,5,1,0.0075,134.0313888888889,134.0388888888889
20534,134.04361111111112,134.05055555555555,5,1,0.006944444444444444,134.04361111111112,134.05055555555555
20535,134.0547222222222,134.06277777777777,5,1,0.008055555555555555,134.0547222222222,134.06277777777777
20536,134.065,134.0725,5,1,0.0075,134.065,134.0725
20537,134.08138888888888,134.0886111111111,5,1,0.007222222222222222,134.08138888888888,134.0886111111111
20538,134.09194444444444,134.0988888888889,5,1,0.006944444444444444,134.09194444444444,134.0988888888889
20539,134.10222222222222,134.10861111111112,5,1,0.006388888888888889,134.10222222222222,134.10861111111112
20540,134.11277777777778,134.1197222222222,5,1,0.006944444444444444,134.11277777777778,134.1197222222222
20541,134.14027777777778,134.1472222222222,5,1,0.006944444444444444,134.14027777777778,134.1472222222222
20543,134.16722222222222,134.17416666666668,5,1,0.006944444444444444,134.16722222222222,134.17416666666668
20544,134.19166666666666,134.20194444444445,5,1,0.010277777777777778,134.19166666666666,134.20194444444445
20545,134.2111111111111,134.2186111111111,5,1,0.0075,134.2111111111111,134.2186111111111
20546,134.23583333333335,134.49941069574245,2,2,0.4766666666666667,134.23583333333335,134.52388888888888
20547,134.24,134.29162885398486,1,1,0.041666666666666664,134.24,134.32722222222222
20548,134.2422222222222,134.27767403529182,1,1,0.02861111111111111,134.2422222222222,134.31416666666667
20549,134.31694444444443,134.35083333333333,5,1,0.03388888888888889,134.31694444444443,134.35083333333333
20550,134.3527777777778,134.3875,5,1,0.034722222222222224,134.3527777777778,134.3875
20551,134.355,134.40008919914678,1,8,0.2911111111111111,134.355,134.40722222222223
20553,134.39083333333335,134.4188888888889,5,1,0.028055555555555556,134.39083333333335,134.4188888888889
20554,134.40722222222223,134.44166666666666,5,8,0.27555555555555555,134.40722222222223,134.44166666666666
20555,134.42083333333332,134.45083333333332,5,1,0.03,134.42083333333332,134.45083333333332
20556,134.44166666666666,137.02416666666667,5,8,20.66,134.44166666666666,137.02416666666667
20557,134.45277777777778,134.48222222222222,5,1,0.029444444444444443,134.45277777777778,134.48222222222222
20559,134.4777777777778,150.02805555555557,5,1,15.550277777777778,134.4777777777778,150.02805555555557
20560,134.48777777777778,134.52166666666668,5,1,0.03388888888888889,134.48777777777778,134.52166666666668
20561,134.5338888888889,134.56583333333333,5,1,0.03194444444444444,134.5338888888889,134.56583333333333
20562,134.56944444444446,134.59916666666666,5,1,0.029722222222222223,134.56944444444446,134.59916666666666
20563,134.58083333333335,136.4375,5,1,1.8566666666666667,134.58083333333335,136.4375
20564,134.58138888888888,134.82,5,2,0.4772222222222222,134.58138888888888,134.82
20565,134.5836111111111,134.63,5,1,0.04638888888888889,134.5836111111111,134.63
20566,134.6627777777778,134.71305555555554,5,1,0.050277777777777775,134.6627777777778,134.71305555555554
20567,134.6975,134.73416666666665,5,1,0.03666666666666667,134.6975,134.73416666666665
20568,134.71722222222223,134.74694444444444,5,1,0.029722222222222223,134.71722222222223,134.74694444444444
20572,134.86055555555555,140.04361111111112,5,1,5.183055555555556,134.86055555555555,140.04361111111112
20573,134.86694444444444,135.79527777777778,5,1,0.9283333333333333,134.86694444444444,135.79527777777778
20574,134.88611111111112,134.92333333333335,5,1,0.03722222222222222,134.88611111111112,134.92333333333335
20575,134.89,134.9413888888889,5,1,0.05138888888888889,134.89,134.9413888888889
20576,134.90166666666667,140.10416666666666,5,1,5.2025,134.90166666666667,140.10416666666666
20577,134.94555555555556,140.09694444444443,5,1,5.151388888888889,134.94555555555556,140.09694444444443
20579,135.07,135.1038888888889,5,1,0.03388888888888889,135.07,135.1038888888889
20580,135.105,135.16472222222222,5,1,0.059722222222222225,135.105,135.16472222222222
20581,135.10916666666665,135.14427428737636,1,1,0.028333333333333332,135.10916666666665,135.15694444444443
20582,135.11305555555555,135.12510228815202,1,1,0.009722222222222222,135.11305555555555,135.17444444444445
20583,135.1161111111111,135.12972222222223,5,1,0.01361111111111111,135.1161111111111,135.12972222222223
20586,135.17138888888888,135.18309142912548,1,1,0.009444444444444445,135.17138888888888,135.1838888888889
20587,135.18305555555557,135.97722222222222,5,2,1.5883333333333334,135.18305555555557,135.97722222222222
20588,135.19305555555556,135.2263888888889,5,1,0.03333333333333333,135.19305555555556,135.2263888888889
20592,135.24,135.98388888888888,5,2,1.4877777777777779,135.24,135.98388888888888
20594,135.25611111111112,135.26277777777779,5,1,0.006666666666666667,135.25611111111112,135.26277777777779
20595,135.2711111111111,158.14166666666668,5,1,22.870555555555555,135.2711111111111,158.14166666666668
20596,135.2747222222222,135.35555555555555,5,16,1.2933333333333332,135.2747222222222,135.35555555555555
20597,135.28805555555556,135.29555555555555,5,1,0.0075,135.28805555555556,135.29555555555555
20598,135.29916666666668,135.30916666666667,5,1,0.01,135.29916666666668,135.30916666666667
20599,135.31416666666667,135.325,5,1,0.010833333333333334,135.31416666666667,135.325
20600,135.32777777777778,149.00222222222223,5,1,13.674444444444445,135.32777777777778,149.00222222222223
20604,135.35444444444445,155.30527777777777,5,1,19.950833333333332,135.35444444444445,155.30527777777777
20605,135.36583333333334,161.7775,5,1,26.411666666666665,135.36583333333334,161.7775
20606,135.36638888888888,135.3761111111111,5,1,0.009722222222222222,135.36638888888888,135.3761111111111
20607,135.38333333333333,135.39416666666668,5,1,0.010833333333333334,135.38333333333333,135.39416666666668
20608,135.38611111111112,167.03722222222223,5,1,31.65111111111111,135.38611111111112,167.03722222222223
20610,135.4597222222222,135.46944444444443,5,1,0.009722222222222222,135.4597222222222,135.46944444444443
20612,135.49388888888888,135.51166666666666,5,16,0.28444444444444444,135.49388888888888,135.51166666666666
20615,135.52972222222223,135.60833333333332,5,16,1.2577777777777779,135.52972222222223,135.60833333333332
20616,135.5547222222222,158.23583333333335,5,1,22.68111111111111,135.5547222222222,158.23583333333335
20617,135.5888888888889,135.61944444444444,5,1,0.030555555555555555,135.5888888888889,135.61944444444444
20619,135.67472222222221,135.68722222222223,5,1,0.0125,135.67472222222221,135.68722222222223
20620,135.7097222222222,135.78722222222223,5,16,1.24,135.7097222222222,135.78722222222223
20621,135.72194444444443,135.7325,5,1,0.010555555555555556,135.72194444444443,135.7325
20622,135.75166666666667,135.76194444444445,5,1,0.010277777777777778,135.75166666666667,135.76194444444445
20623,135.76083333333332,135.79194444444445,5,1,0.03111111111111111,135.76083333333332,135.79194444444445
20624,135.78027777777777,135.7888888888889,5,1,0.008611111111111111,135.78027777777777,135.7888888888889
20625,135.82638888888889,135.83388888888888,5,1,0.0075,135.82638888888889,135.83388888888888
20627,135.8436111111111,161.30416666666667,5,1,25.460555555555555,135.8436111111111,161.30416666666667
20628,135.85111111111112,135.85972222222222,5,1,0.008611111111111111,135.85111111111112,135.85972222222222
20629,135.86527777777778,135.8786111111111,5,8,0.10666666666666667,135.86527777777778,135.8786111111111
20630,135.87083333333334,135.87944444444443,5,1,0.008611111111111111,135.87083333333334,135.87944444444443
20631,135.87444444444444,135.88166666666666,5,1,0.007222222222222222,135.87444444444444,135.88166666666666
20632,135.88833333333332,157.4675,5,1,21.579166666666666,135.88833333333332,157.4675
20633,135.88916666666665,135.90194444444444,5,8,0.10222222222222223,135.88916666666665,135.90194444444444
20634,135.89194444444445,135.9,5,1,0.008055555555555555,135.89194444444445,135.9
20635,135.9011111111111,135.9086111111111,5,1,0.0075,135.9011111111111,135.9086111111111
20636,135.90777777777777,154.87694444444443,5,1,18.969166666666666,135.90777777777777,154.87694444444443
20637,135.915,141.29805555555555,5,8,43.06444444444445,135.915,141.29805555555555
20638,135.9225,163.6513888888889,5,1,27.72888888888889,135.9225,163.6513888888889
20639,135.92527777777778,135.9336111111111,5,1,0.008333333333333333,135.92527777777778,135.9336111111111
20640,135.92527777777778,135.9338888888889,5,1,0.008611111111111111,135.92527777777778,135.9338888888889
20641,135.93555555555557,157.54638888888888,5,1,21.610833333333332,135.93555555555557,157.54638888888888
20642,135.94166666666666,135.95138888888889,5,1,0.009722222222222222,135.94166666666666,135.95138888888889
20643,135.94583333333333,135.95805555555555,5,1,0.012222222222222223,135.94583333333333,135.95805555555555
20645,135.9638888888889,148.8125,5,1,12.848611111111111,135.9638888888889,148.8125
20646,135.97,135.98111111111112,5,1,0.011111111111111112,135.97,135.98111111111112
20648,135.9802777777778,135.9961111111111,5,16,0.25333333333333335,135.9802777777778,135.9961111111111
20649,135.9925,135.99972222222223,5,1,0.007222222222222222,135.9925,135.99972222222223
20652,136.01916666666668,136.0313888888889,5,1,0.012222222222222223,136.01916666666668,136.0313888888889
20657,136.05555555555554,136.0636111111111,5,1,0.008055555555555555,136.05555555555554,136.0636111111111
20659,136.06222222222223,144.248787642783,2,16,118.44,136.06222222222223,144.3238888888889
20660,136.06416666666667,136.14166666666668,5,16,1.24,136.06416666666667,136.14166666666668
20663,136.0911111111111,136.10222222222222,5,1,0.011111111111111112,136.0911111111111,136.10222222222222
20664,136.10194444444446,142.38666666666666,5,16,100.55555555555556,136.10194444444446,142.38666666666666
20665,136.10972222222222,136.16222222222223,5,1,0.0525,136.10972222222222,136.16222222222223
20667,136.12305555555557,136.13194444444446,5,1,0.008888888888888889,136.12305555555557,136.13194444444446
20669,136.15277777777777,136.16166666666666,5,1,0.008888888888888889,136.15277777777777,136.16166666666666
20671,136.1611111111111,146.0102777777778,5,8,78.79333333333334,136.1611111111111,146.0102777777778
20673,136.19083333333333,136.3177777777778,5,16,2.031111111111111,136.19083333333333,136.3177777777778
20674,136.19333333333333,146.38361111111112,5,8,81.52222222222223,136.19333333333333,146.38361111111112
20677,136.19833333333332,136.2072222222222,5,1,0.008888888888888889,136.19833333333332,136.2072222222222
20692,136.29972222222221,136.3072222222222,5,1,0.0075,136.29972222222221,136.3072222222222
20696,136.3163888888889,136.32611111111112,5,1,0.009722222222222222,136.3163888888889,136.32611111111112
20698,136.33277777777778,136.34916666666666,5,1,0.01638888888888889,136.33277777777778,136.34916666666666
20705,136.38722222222222,136.4036111111111,5,1,0.01638888888888889,136.38722222222222,136.4036111111111
20708,136.4075,136.4575,5,1,0.05,136.4075,136.4575
20709,136.4127777777778,137.84722222222223,5,8,11.475555555555555,136.4127777777778,137.84722222222223
20710,136.42472222222221,136.53666666666666,5,1,0.11194444444444444,136.42472222222221,136.53666666666666
20712,136.43472222222223,136.44722222222222,5,1,0.0125,136.43472222222223,136.44722222222222
20714,136.4572222222222,136.4688888888889,5,1,0.011666666666666667,136.4572222222222,136.4688888888889
20717,136.485,136.49694444444444,5,1,0.011944444444444445,136.485,136.49694444444444
20721,136.54805555555555,136.59027777777777,5,1,0.042222222222222223,136.54805555555555,136.59027777777777
20725,136.58944444444444,136.6363888888889,5,1,0.04694444444444444,136.58944444444444,136.6363888888889
20726,136.6,136.61083333333335,5,1,0.010833333333333334,136.6,136.61083333333335
20727,136.62583333333333,138.15444444444444,5,8,12.22888888888889,136.62583333333333,138.1663888888889
20728,136.6352777777778,136.6472222222222,5,1,0.011944444444444445,136.6352777777778,136.6472222222222
20730,136.65277777777777,136.74639809967033,1,16,1.208888888888889,136.65277777777777,139.81444444444443
20731,136.66805555555555,136.6825,5,1,0.014444444444444444,136.66805555555555,136.6825
20732,136.67388888888888,136.72027777777777,5,1,0.04638888888888889,136.67388888888888,136.72027777777777
20734,136.6863888888889,136.69833333333332,5,1,0.011944444444444445,136.6863888888889,136.69833333333332
20735,136.6952777777778,136.71527777777777,5,1,0.02,136.6952777777778,136.71527777777777
20737,136.7136111111111,136.93277777777777,5,2,0.43833333333333335,136.7136111111111,136.93277777777777
20738,136.73527777777778,136.75,5,1,0.014722222222222222,136.73527777777778,136.75
20739,136.74444444444444,136.75722222222223,5,1,0.012777777777777779,136.74444444444444,136.75722222222223
20741,136.76083333333332,136.78972222222222,5,1,0.028888888888888888,136.76083333333332,136.78972222222222
20742,136.77138888888888,136.79305555555555,5,1,0.021666666666666667,136.77138888888888,136.79305555555555
20744,136.81,136.83194444444445,5,1,0.021944444444444444,136.81,136.83194444444445
20745,136.81166666666667,136.82,5,1,0.008333333333333333,136.81166666666667,136.82
20748,136.8525,136.8975,5,1,0.045,136.8525,136.8975
20750,136.88,138.3838888888889,5,8,12.03111111111111,136.88,138.39416666666668
20753,136.94611111111112,137.4875,5,1,0.5413888888888889,136.94611111111112,137.4875
20754,136.94611111111112,137.4875,5,1,0.5413888888888889,136.94611111111112,137.4875
20755,136.94611111111112,137.48916666666668,5,1,0.5430555555555555,136.94611111111112,137.48916666666668
20756,136.94611111111112,137.48805555555555,5,1,0.5419444444444445,136.94611111111112,137.48805555555555
20757,136.94611111111112,137.48805555555555,5,1,0.5419444444444445,136.94611111111112,137.48805555555555
20758,136.94611111111112,137.4875,5,1,0.5413888888888889,136.94611111111112,137.4875
20759,136.94611111111112,137.4875,5,1,0.5413888888888889,136.94611111111112,137.4875
20760,136.94611111111112,137.075,5,1,0.1288888888888889,136.94611111111112,137.075
20763,136.95527777777778,137.02083333333334,5,1,0.06555555555555556,136.95527777777778,137.02083333333334
20767,137.02444444444444,137.04638888888888,5,4,0.08777777777777777,137.02444444444444,137.04638888888888
20768,137.04722222222222,137.08166666666668,5,8,0.27555555555555555,137.04722222222222,137.08166666666668
20772,137.075,137.20944444444444,5,1,0.13444444444444445,137.075,137.20944444444444
20773,137.08166666666668,137.11444444444444,5,8,0.26222222222222225,137.08166666666668,137.11444444444444
20776,137.11444444444444,137.13944444444445,5,4,0.1,137.11444444444444,137.13944444444445
20777,137.14027777777778,137.17277777777778,5,8,0.26,137.14027777777778,137.17277777777778
20778,137.1472222222222,137.20361111111112,5,1,0.05638888888888889,137.1472222222222,137.20361111111112
20780,137.17277777777778,137.2075,5,8,0.2777777777777778,137.17277777777778,137.2075
20781,137.20333333333335,142.91472222222222,5,24,137.07333333333332,137.20333333333335,142.91472222222222
20782,137.2075,137.5175,5,8,2.48,137.2075,137.5175
20784,137.20944444444444,137.35083333333333,5,1,0.1413888888888889,137.20944444444444,137.35083333333333
20786,137.23111111111112,137.31527777777777,5,1,0.08416666666666667,137.23111111111112,137.31527777777777
20787,137.2588888888889,137.3486111111111,5,8,0.7177777777777777,137.2588888888889,137.3486111111111
20789,137.35111111111112,137.48638888888888,5,1,0.13527777777777777,137.35111111111112,137.48638888888888
20796,137.48638888888888,137.61555555555555,5,1,0.12916666666666668,137.48638888888888,137.61555555555555
20797,137.4875,137.79527777777778,5,1,0.30777777777777776,137.4875,137.79527777777778
20798,137.4875,137.79527777777778,5,1,0.30777777777777776,137.4875,137.79527777777778
20799,137.4875,137.79527777777778,5,1,0.30777777777777776,137.4875,137.79527777777778
20800,137.4875,137.79527777777778,5,1,0.30777777777777776,137.4875,137.79527777777778
20802,137.5175,137.60611111111112,5,8,0.7088888888888889,137.5175,137.60611111111112
20805,137.60611111111112,137.62083333333334,5,8,0.11777777777777777,137.60611111111112,137.62083333333334
20806,137.61555555555555,137.6352777777778,5,8,0.15777777777777777,137.61555555555555,137.6352777777778
20807,137.62166666666667,138.20638888888888,5,8,4.677777777777778,137.62166666666667,138.20638888888888
20809,137.7186111111111,137.7888888888889,5,1,0.07027777777777777,137.7186111111111,137.7888888888889
20810,137.7386111111111,137.7938888888889,5,1,0.05527777777777778,137.7386111111111,137.7938888888889
20820,137.94805555555556,138.0392665309288,1,1,0.07361111111111111,137.94805555555556,138.0522222222222
20824,138.05694444444444,138.12666666666667,5,1,0.06972222222222223,138.05694444444444,138.12666666666667
20825,138.1275,138.19361111111112,5,1,0.0661111111111111,138.1275,138.19361111111112
20831,138.19583333333333,138.26527777777778,5,1,0.06944444444444445,138.19583333333333,138.26527777777778
20833,138.20638888888888,138.25583333333333,5,8,0.39555555555555555,138.20638888888888,138.25583333333333
20834,138.20944444444444,142.30843125848364,1,16,52.92888888888889,138.20944444444444,147.63194444444446
20835,138.22722222222222,140.14111111111112,5,8,15.311111111111112,138.22722222222222,140.14111111111112
20837,138.25666666666666,138.45222222222222,5,8,1.5644444444444445,138.25666666666666,138.45222222222222
20845,138.39833333333334,138.4427777777778,5,1,0.044444444444444446,138.39833333333334,138.4427777777778
20850,138.48416666666665,138.59083333333334,5,1,0.10666666666666667,138.48416666666665,138.59083333333334
20851,138.49055555555555,138.55138888888888,5,1,0.060833333333333336,138.49055555555555,138.55138888888888
20853,138.51055555555556,140.42916666666667,5,8,15.348888888888888,138.51055555555556,140.4361111111111
20854,138.5225,140.9189200191571,4,8,18.793333333333333,138.5225,140.9325
20855,138.60111111111112,138.98833333333334,5,1,0.38722222222222225,138.60111111111112,138.98833333333334
20856,138.6172222222222,138.88500387822376,1,2,0.43222222222222223,138.6172222222222,138.90027777777777
20857,138.63111111111112,138.7629367849525,1,1,0.1063888888888889,138.63111111111112,138.79055555555556
20858,138.90277777777777,139.0077777777778,5,1,0.105,138.90277777777777,139.0077777777778
20860,139.03083333333333,139.76444444444445,5,8,5.868888888888889,139.03083333333333,139.76444444444445
20861,139.0675,139.0822222222222,5,1,0.014722222222222222,139.0675,139.0822222222222
20862,139.11388888888888,139.15305555555557,5,1,0.03916666666666667,139.11388888888888,139.15305555555557
20864,139.1172222222222,139.155,5,1,0.03777777777777778,139.1172222222222,139.155
20866,139.16555555555556,139.19861111111112,5,1,0.03305555555555555,139.16555555555556,139.19861111111112
20869,139.18972222222223,139.19166666666666,5,1,0.0019444444444444444,139.18972222222223,139.19166666666666
20870,139.19722222222222,140.73888888888888,5,1,1.5416666666666667,139.19722222222222,140.73888888888888
20871,139.21583333333334,139.21694444444444,5,1,0.0011111111111111111,139.21583333333334,139.21694444444444
20873,139.22083333333333,140.80194444444444,5,1,1.5811111111111111,139.22083333333333,140.80194444444444
20874,139.23944444444444,140.81833333333333,5,1,1.5788888888888888,139.23944444444444,140.81833333333333
20875,139.24777777777777,140.78972222222222,5,1,1.5419444444444443,139.24777777777777,140.78972222222222
20876,139.26638888888888,140.78972222222222,5,1,1.5233333333333334,139.26638888888888,140.78972222222222
20877,139.28444444444443,140.81833333333333,5,1,1.5338888888888889,139.28444444444443,140.81833333333333
20883,139.85083333333333,139.88861111111112,5,1,0.03777777777777778,139.85083333333333,139.88861111111112
20888,140.04833333333335,140.085,5,1,0.03666666666666667,140.04833333333335,140.085
20891,140.1486111111111,140.14888888888888,5,8,0.0022222222222222222,140.1486111111111,140.14888888888888
20893,140.17277777777778,140.2122222222222,5,1,0.03944444444444444,140.17277777777778,140.2122222222222
20894,140.23916666666668,140.275,5,1,0.035833333333333335,140.23916666666668,140.275
20896,140.32472222222222,140.365,5,1,0.04027777777777778,140.32472222222222,140.365
20898,140.3925,140.42666666666668,5,1,0.034166666666666665,140.3925,140.42666666666668
20903,140.47833333333332,140.51611111111112,5,1,0.03777777777777778,140.47833333333332,140.51611111111112
20906,140.545,150.52722222222224,5,8,79.85777777777778,140.545,150.52722222222224
20907,140.55777777777777,140.575,5,1,0.017222222222222222,140.55777777777777,140.575
20908,140.55833333333334,140.59194444444444,5,1,0.03361111111111111,140.55833333333334,140.59194444444444
20909,140.56416666666667,152.34194444444444,5,8,94.22222222222223,140.56416666666667,152.34194444444444
20910,140.57972222222222,140.63222222222223,5,1,0.0525,140.57972222222222,140.63222222222223
20911,140.63,140.6913888888889,5,1,0.06138888888888889,140.63,140.6913888888889
20912,140.69583333333333,140.7775,5,8,0.6533333333333333,140.69583333333333,140.7775
20914,140.7511111111111,152.42305555555555,5,8,93.37555555555555,140.7511111111111,152.42305555555555
20915,140.79944444444445,150.9622222222222,5,8,81.30222222222223,140.79944444444445,150.9622222222222
20916,140.82694444444445,140.93846276905174,1,8,0.72,140.82694444444445,150.6172222222222
20918,140.84916666666666,144.12305555555557,5,8,26.191111111111113,140.84916666666666,144.12305555555557
20922,140.9425,152.80333333333334,5,8,94.88666666666667,140.9425,152.80333333333334
20925,140.98166666666665,152.57527777777779,5,8,92.74888888888889,140.98166666666665,152.57527777777779
20926,140.99194444444444,151.04833333333335,5,8,80.45111111111112,140.99194444444444,151.04833333333335
20927,140.99694444444444,141.0702777777778,5,1,0.07333333333333333,140.99694444444444,141.0702777777778
20933,141.12194444444444,141.1840014367816,4,1,0.060833333333333336,141.12194444444444,141.18472222222223
20934,141.1688888888889,141.94416666666666,5,1,0.7752777777777777,141.1688888888889,141.94416666666666
20936,141.29472222222222,141.35472222222222,5,1,0.06,141.29472222222222,141.35472222222222
20937,141.29527777777778,141.92638888888888,5,8,5.0488888888888885,141.29527777777778,141.92638888888888
20938,141.40944444444443,141.4711111111111,5,1,0.06166666666666667,141.40944444444443,141.4711111111111
20939,141.44333333333333,143.01416666666665,5,1,1.5708333333333333,141.44333333333333,143.01416666666665
20940,141.46333333333334,143.04611111111112,5,1,1.5827777777777778,141.46333333333334,143.04611111111112
20941,141.5225,141.58333333333334,5,1,0.060833333333333336,141.5225,141.58333333333334
20942,141.65222222222224,141.71555555555557,5,1,0.06333333333333334,141.65222222222224,141.71555555555557
20952,141.74916666666667,149.05055555555555,5,8,58.41111111111111,141.74916666666667,149.05055555555555
20953,141.79111111111112,161.19254605390734,1,8,125.26222222222222,141.79111111111112,166.275
20955,141.82833333333335,141.87083333333334,5,1,0.0425,141.82833333333335,141.87083333333334
20956,141.8538888888889,155.7193339150669,1,8,89.52,141.8538888888889,163.53194444444443
20957,141.8725,141.93,5,1,0.0575,141.8725,141.93
20958,141.87333333333333,156.5393697886368,1,8,94.68888888888888,141.87333333333333,164.25916666666666
20962,141.9488888888889,142.0088888888889,5,1,0.06,141.9488888888889,142.0088888888889
20966,141.95777777777778,142.59805555555556,5,8,5.122222222222222,141.95777777777778,142.59805555555556
20970,142.0311111111111,142.08833333333334,5,1,0.05722222222222222,142.0311111111111,142.08833333333334
20971,142.10444444444445,142.16416666666666,5,1,0.059722222222222225,142.10444444444445,142.16416666666666
20972,142.12527777777777,144.37027777777777,5,8,17.96,142.12527777777777,144.37027777777777
20978,142.26361111111112,142.3061111111111,5,1,0.0425,142.26361111111112,142.3061111111111
20980,142.3336111111111,142.40027777777777,5,1,0.06666666666666667,142.3336111111111,142.40027777777777
20981,142.34416666666667,142.39694444444444,5,1,0.05277777777777778,142.34416666666667,142.39694444444444
20982,142.34694444444443,142.35916666666665,5,1,0.012222222222222223,142.34694444444443,142.35916666666665
20984,142.41,142.41972222222222,5,1,0.009722222222222222,142.41,142.41972222222222
20988,142.46777777777777,142.48283056420908,2,8,0.10888888888888888,142.46777777777777,142.48444444444445
20990,142.47472222222223,142.5275,5,1,0.05277777777777778,142.47472222222223,142.5275
20992,142.48444444444445,142.49777777777777,5,8,0.10666666666666667,142.48444444444445,142.49777777777777
20994,142.5275,142.60416666666666,5,1,0.07666666666666666,142.5275,142.60416666666666
20995,142.59027777777777,142.63944444444445,5,1,0.049166666666666664,142.59027777777777,142.63944444444445
20997,142.66944444444445,142.76583333333335,5,1,0.09638888888888889,142.66944444444445,142.76583333333335
20999,142.7763888888889,142.87277777777777,5,1,0.09638888888888889,142.7763888888889,142.87277777777777
21000,142.78055555555557,162.01583333333335,5,1,19.235277777777778,142.78055555555557,162.01583333333335
21001,142.82722222222222,142.8275,5,8,0.0022222222222222222,142.82722222222222,142.8275
21002,142.82888888888888,154.53805555555556,5,8,93.67333333333333,142.82888888888888,154.53805555555556
21005,142.86583333333334,142.9311111111111,5,1,0.06527777777777778,142.86583333333334,142.9311111111111
21006,142.8925,142.99027777777778,5,1,0.09777777777777778,142.8925,142.99027777777778
21008,142.92361111111111,164.89777777777778,5,1,21.974166666666665,142.92361111111111,164.89777777777778
21013,143.01305555555555,143.0986111111111,5,1,0.08555555555555555,143.01305555555555,143.0986111111111
21017,143.08833333333334,143.21916666666667,5,1,0.13083333333333333,143.08833333333334,143.21916666666667
21021,143.10666666666665,143.14944444444444,5,8,0.3422222222222222,143.10666666666665,143.15
21022,143.11166666666668,167.39222222222222,5,1,24.280555555555555,143.11166666666668,167.39222222222222
21024,143.15027777777777,143.18916666666667,5,8,0.3111111111111111,143.15027777777777,143.18916666666667
21025,143.15194444444444,147.81166666666667,5,2,9.319444444444445,143.15194444444444,147.81166666666667
21028,143.285,166.22611111111112,5,1,22.941111111111113,143.285,166.22611111111112
21031,143.29527777777778,143.40333333333334,5,1,0.10805555555555556,143.29527777777778,143.40333333333334
21033,143.3161111111111,143.35222222222222,5,1,0.03611111111111111,143.3161111111111,143.35222222222222
21034,143.32333333333332,161.89444444444445,5,1,18.57111111111111,143.32333333333332,161.89444444444445
21035,143.34527777777777,154.5475,5,32,358.4711111111111,143.34527777777777,154.5475
21037,143.42111111111112,163.1627777777778,5,1,19.741666666666667,143.42111111111112,163.1627777777778
21038,143.42888888888888,143.52916666666667,5,1,0.10027777777777777,143.42888888888888,143.52916666666667
21039,143.435,167.91166666666666,5,1,24.476666666666667,143.435,167.91166666666666
21042,143.48194444444445,164.72583333333333,5,1,21.24388888888889,143.48194444444445,164.72583333333333
21045,143.55972222222223,143.66166666666666,5,1,0.10194444444444445,143.55972222222223,143.66166666666666
21046,143.58138888888888,166.7325,5,1,23.15111111111111,143.58138888888888,166.7325
21049,143.73833333333334,143.86777777777777,5,1,0.12944444444444445,143.73833333333334,143.86777777777777
21053,144.08638888888888,144.10361111111112,5,8,0.13777777777777778,144.08638888888888,144.10361111111112
21054,144.20777777777778,144.22333333333333,5,8,0.12444444444444444,144.20777777777778,144.22333333333333
21055,144.2097222222222,144.2236111111111,5,1,0.013888888888888888,144.2097222222222,144.2236111111111
21056,144.24333333333334,144.26416666666665,5,8,0.16666666666666666,144.24333333333334,144.26416666666665
21057,144.26277777777779,144.29972222222221,5,1,0.036944444444444446,144.26277777777779,144.29972222222221
21060,144.35805555555555,150.2902777777778,5,8,47.45777777777778,144.35805555555555,150.2902777777778
21064,144.4297222222222,146.8161111111111,5,1,2.386388888888889,144.4297222222222,146.8161111111111
21065,144.43055555555554,146.8161111111111,5,1,2.3855555555555554,144.43055555555554,146.8161111111111
21066,144.43138888888888,146.8161111111111,5,1,2.3847222222222224,144.43138888888888,146.8161111111111
21068,144.57166666666666,146.1338888888889,5,8,12.497777777777777,144.57166666666666,146.1338888888889
21069,144.5886111111111,154.5268293527172,2,8,71.89111111111112,144.5886111111111,154.99666666666667
21070,144.58972222222224,144.65833333333333,5,1,0.06861111111111111,144.58972222222224,144.65833333333333
21072,144.77944444444444,146.32361111111112,5,8,12.353333333333333,144.77944444444444,146.32361111111112
21073,144.82305555555556,147.13533982935814,1,8,14.928888888888888,144.82305555555556,148.0
21074,144.83277777777778,146.29284176847003,1,1,1.1783333333333332,144.83277777777778,147.50194444444443
21075,144.84,146.26908667830133,1,1,1.1533333333333333,144.84,147.47694444444446
21076,144.85611111111112,147.61894318402173,1,1,2.229722222222222,144.85611111111112,148.55333333333334
21078,145.05,147.45556040333528,1,8,15.53111111111111,145.05,149.9413888888889
21079,145.06083333333333,150.2326677331782,1,1,4.1738888888888885,145.06083333333333,150.4986111111111
21080,145.21333333333334,145.23083333333332,5,16,0.28,145.21333333333334,145.23083333333332
21081,145.24138888888888,145.2747222222222,5,16,0.5333333333333333,145.24138888888888,145.2747222222222
21082,147.81166666666667,147.98805555555555,5,2,0.3527777777777778,147.81166666666667,147.98805555555555
21092,151.5925,160.87305555555554,5,8,74.24444444444444,151.5925,160.9361111111111
21093,152.01611111111112,161.11198771201109,2,8,65.79777777777778,152.01611111111112,161.31583333333333
21098,152.74333333333334,152.7889135802469,3,8,0.3466666666666667,152.74333333333334,152.78972222222222
21100,152.79,152.82861111111112,5,8,0.3088888888888889,152.79,152.82861111111112
21104,153.70333333333335,154.33722222222224,5,24,15.213333333333333,153.70333333333335,154.3386111111111
21107,154.3386111111111,154.35944444444445,5,4,0.08333333333333333,154.3386111111111,154.35944444444445
21110,154.36416666666668,154.40682510288067,3,8,0.3244444444444444,154.36416666666668,154.4075
21112,154.40777777777777,154.45027777777779,5,8,0.34,154.40777777777777,154.45027777777779
21113,154.45055555555555,154.4777777777778,5,4,0.10888888888888888,154.45055555555555,154.4777777777778
21114,154.48166666666665,154.5222222222222,5,8,0.3244444444444444,154.48166666666665,154.5222222222222
21116,154.5225,154.54416666666665,5,8,0.17333333333333334,154.5225,154.54416666666665
21117,154.54444444444445,154.6472222222222,5,24,2.466666666666667,154.54444444444445,154.64805555555554
21119,154.64805555555554,154.70111111111112,5,24,1.2733333333333334,154.64805555555554,154.70111111111112
21120,154.70111111111112,154.7163888888889,5,8,0.12222222222222222,154.70111111111112,154.7163888888889
21123,154.72194444444443,154.89249999999998,5,24,4.093333333333334,154.72194444444443,154.89444444444445
21125,154.89444444444445,154.94333333333333,5,8,0.39111111111111113,154.89444444444445,154.94333333333333
21127,154.9477777777778,155.13944444444445,5,8,1.5333333333333334,154.9477777777778,155.13944444444445
21130,155.12027777777777,155.12055555555557,5,8,0.0022222222222222222,155.12027777777777,155.12055555555557
21131,155.12277777777777,155.66861111111112,5,8,4.366666666666666,155.12277777777777,155.66861111111112
21134,155.1436111111111,155.1862695473251,3,8,0.3244444444444444,155.1436111111111,155.18722222222223
21136,155.1875,155.22666666666666,5,8,0.31333333333333335,155.1875,155.22666666666666
21137,155.20583333333335,155.6875,5,1,0.4816666666666667,155.20583333333335,155.6875
21138,155.20583333333335,155.6875,5,1,0.4816666666666667,155.20583333333335,155.6875
21139,155.20583333333335,155.6938888888889,5,1,0.4880555555555556,155.20583333333335,155.6938888888889
21140,155.20583333333335,155.51805555555555,5,1,0.31222222222222223,155.20583333333335,155.51805555555555
21141,155.20583333333335,155.70527777777778,5,1,0.49944444444444447,155.20583333333335,155.70527777777778
21142,155.20583333333335,155.84027777777777,5,1,0.6344444444444445,155.20583333333335,155.84027777777777
21143,155.20583333333335,155.8361111111111,5,1,0.6302777777777778,155.20583333333335,155.8361111111111
21144,155.20583333333335,155.8361111111111,5,1,0.6302777777777778,155.20583333333335,155.8361111111111
21145,155.2075,155.7525,5,1,0.545,155.2075,155.7525
21146,155.2075,155.7525,5,1,0.545,155.2075,155.7525
21147,155.2075,155.7525,5,1,0.545,155.2075,155.7525
21148,155.2075,155.7525,5,1,0.545,155.2075,155.7525
21149,155.2075,155.7525,5,1,0.545,155.2075,155.7525
21150,155.2075,155.42916666666667,5,1,0.22166666666666668,155.2075,155.42916666666667
21151,155.2075,155.42916666666667,5,1,0.22166666666666668,155.2075,155.42916666666667
21152,155.2075,155.42916666666667,5,1,0.22166666666666668,155.2075,155.42916666666667
21153,155.22666666666666,155.2819228927203,4,24,1.3,155.22666666666666,155.28333333333333
21155,155.28333333333333,155.29111111111112,5,4,0.03111111111111111,155.28333333333333,155.29111111111112
21158,155.29472222222222,155.33767283950615,3,8,0.32666666666666666,155.29472222222222,155.33805555555554
21160,155.33805555555554,155.38416666666666,5,8,0.3688888888888889,155.33805555555554,155.38416666666666
21161,155.38416666666666,155.47916666666666,5,24,2.28,155.38416666666666,155.4802777777778
21163,155.42916666666667,155.62777777777777,5,1,0.1986111111111111,155.42916666666667,155.62777777777777
21164,155.42916666666667,155.5847222222222,5,1,0.15555555555555556,155.42916666666667,155.5847222222222
21165,155.42916666666667,155.5847222222222,5,1,0.15555555555555556,155.42916666666667,155.5847222222222
21168,155.4802777777778,155.48888888888888,5,4,0.034444444444444444,155.4802777777778,155.48888888888888
21171,155.4925,155.53277777777777,5,8,0.32222222222222224,155.4925,155.53277777777777
21175,155.51833333333335,155.82555555555555,5,1,0.30722222222222223,155.51833333333335,155.82555555555555
21177,155.53277777777777,155.56944444444446,5,8,0.29333333333333333,155.53277777777777,155.56944444444446
21179,155.56972222222223,155.61150411522635,3,24,0.9533333333333334,155.56972222222223,155.61194444444445
21180,155.57166666666666,167.37333333333333,5,8,94.41333333333333,155.57166666666666,167.37333333333333
21183,155.5847222222222,155.7386111111111,5,1,0.15388888888888888,155.5847222222222,155.7386111111111
21184,155.5847222222222,155.7386111111111,5,1,0.15388888888888888,155.5847222222222,155.7386111111111
21186,155.61222222222221,155.62,5,4,0.03111111111111111,155.61222222222221,155.62
21189,155.6238888888889,155.66420987654325,3,8,0.30666666666666664,155.6238888888889,155.66444444444446
21190,155.62777777777777,155.82361111111112,5,1,0.19583333333333333,155.62777777777777,155.82361111111112
21192,155.6525,155.6625,5,8,0.08,155.6525,155.6625
21193,155.66472222222222,155.70444444444445,5,8,0.31777777777777777,155.66472222222222,155.70444444444445
21194,155.67916666666667,167.17916666666667,5,8,92.0,155.67916666666667,167.17916666666667
21195,155.68777777777777,156.17277777777778,5,1,0.485,155.68777777777777,156.17277777777778
21196,155.68777777777777,156.16694444444445,5,1,0.4791666666666667,155.68777777777777,156.16694444444445
21197,155.68916666666667,167.12972222222223,5,8,91.52444444444444,155.68916666666667,167.12972222222223
21198,155.6913888888889,156.38,5,1,0.6886111111111111,155.6913888888889,156.38
21199,155.6938888888889,156.17527777777778,5,1,0.48138888888888887,155.6938888888889,156.17527777777778
21201,155.70444444444445,155.72833333333332,5,4,0.09555555555555556,155.70444444444445,155.72833333333332
21202,155.70555555555555,156.19611111111112,5,1,0.4905555555555556,155.70555555555555,156.19611111111112
21203,155.73194444444445,155.76888888888888,5,8,0.29555555555555557,155.73194444444445,155.76888888888888
21205,155.7386111111111,155.91166666666666,5,1,0.17305555555555555,155.7386111111111,155.91166666666666
21206,155.7386111111111,155.91166666666666,5,1,0.17305555555555555,155.7386111111111,155.91166666666666
21208,155.76888888888888,155.80694444444444,5,8,0.30444444444444446,155.76888888888888,155.80694444444444
21209,155.80694444444444,155.83166666666668,5,4,0.09888888888888889,155.80694444444444,155.83166666666668
21210,155.82555555555555,156.09416666666667,5,1,0.26861111111111113,155.82555555555555,156.09416666666667
21211,155.835,155.87472222222223,5,8,0.31777777777777777,155.835,155.87472222222223
21213,155.8361111111111,156.32944444444445,5,1,0.49333333333333335,155.8361111111111,156.32944444444445
21214,155.8361111111111,156.105,5,1,0.2688888888888889,155.8361111111111,156.105
21215,155.87472222222223,155.91166666666666,5,8,0.29555555555555557,155.87472222222223,155.91166666666666
21217,155.91194444444446,155.9363888888889,5,4,0.09777777777777778,155.91194444444446,155.9363888888889
21218,155.94,155.97972222222222,5,8,0.31777777777777777,155.94,155.97972222222222
21220,155.98,156.01833333333335,5,8,0.30666666666666664,155.98,156.01833333333335
21221,156.01833333333335,156.045,5,4,0.10666666666666667,156.01833333333335,156.045
21223,156.04833333333335,156.08806995884777,3,8,0.3022222222222222,156.04833333333335,156.08916666666667
21225,156.08944444444444,156.11111111111111,5,8,0.17333333333333334,156.08944444444444,156.11111111111111
21228,156.11111111111111,156.135,5,4,0.09555555555555556,156.11111111111111,156.135
21230,156.1197222222222,156.1352777777778,5,1,0.015555555555555555,156.1197222222222,156.1352777777778
21231,156.1211111111111,156.1352777777778,5,1,0.014166666666666666,156.1211111111111,156.1352777777778
21232,156.1225,156.1352777777778,5,1,0.012777777777777779,156.1225,156.1352777777778
21233,156.13555555555556,156.14243940275355,1,1,0.005555555555555556,156.13555555555556,160.94166666666666
21234,156.13861111111112,156.18,5,8,0.33111111111111113,156.13861111111112,156.18
21236,156.16194444444446,156.2386111111111,5,1,0.07666666666666666,156.16194444444446,156.2386111111111
21237,156.1625,156.2386111111111,5,1,0.07611111111111112,156.1625,156.2386111111111
21238,156.1627777777778,156.2386111111111,5,1,0.07583333333333334,156.1627777777778,156.2386111111111
21239,156.18,156.20194444444445,5,8,0.17555555555555555,156.18,156.20194444444445
21240,156.20222222222222,156.23111111111112,5,4,0.11555555555555555,156.20222222222222,156.23111111111112
21241,156.23555555555555,156.27583333333334,5,8,0.32222222222222224,156.23555555555555,156.27583333333334
21243,156.27583333333334,156.31166666666667,5,8,0.2866666666666667,156.27583333333334,156.31166666666667
21245,156.31166666666667,156.33833333333334,5,4,0.10666666666666667,156.31166666666667,156.33833333333334
21249,156.3436111111111,156.4111111111111,5,1,0.0675,156.3436111111111,156.4111111111111
21250,156.34416666666667,156.42152538314176,4,24,1.82,156.34416666666667,156.42222222222222
21251,156.34416666666667,156.4111111111111,5,1,0.06694444444444445,156.34416666666667,156.4111111111111
21252,156.34472222222223,156.4111111111111,5,1,0.06638888888888889,156.34472222222223,156.4111111111111
21254,156.42222222222222,156.43333333333334,5,8,0.08888888888888889,156.42222222222222,156.43333333333334
21258,156.43694444444444,156.51515325670496,4,24,1.84,156.43694444444444,156.51638888888888
21261,156.51666666666668,156.54111111111112,5,8,0.19555555555555557,156.51666666666668,156.54111111111112
21265,156.54527777777778,156.59713362068965,4,24,1.22,156.54527777777778,156.59833333333333
21267,156.57694444444445,164.20114940857087,1,4,24.612222222222222,156.57694444444445,167.1275
21268,156.59833333333333,156.60611111111112,5,8,0.06222222222222222,156.59833333333333,156.60611111111112
21270,156.60944444444445,156.65944444444443,5,8,0.4,156.60944444444445,156.65944444444443
21273,156.66333333333333,156.71333333333334,5,8,0.4,156.66333333333333,156.71333333333334
21276,156.69416666666666,158.76194444444445,5,1,2.0677777777777777,156.69416666666666,158.76194444444445
21277,156.70361111111112,158.7711111111111,5,1,2.0675,156.70361111111112,158.7711111111111
21279,156.71666666666667,156.76694444444445,5,8,0.4022222222222222,156.71666666666667,156.76694444444445
21282,156.77027777777778,156.82083333333333,5,8,0.40444444444444444,156.77027777777778,156.82083333333333
21284,156.82472222222222,156.875,5,8,0.4022222222222222,156.82472222222222,156.875
21287,156.8788888888889,156.93138888888888,5,8,0.42,156.8788888888889,156.93138888888888
21289,156.93527777777777,156.98611111111111,5,8,0.4066666666666667,156.93527777777777,156.98611111111111
21293,157.28555555555556,157.34194444444444,5,1,0.05638888888888889,157.28555555555556,157.34194444444444
21294,157.42027777777778,157.47805555555556,5,1,0.057777777777777775,157.42027777777778,157.47805555555556
21296,157.70555555555555,158.42222222222222,5,1,0.7166666666666667,157.70555555555555,158.42222222222222
21297,157.99194444444444,158.07214126430097,1,1,0.06472222222222222,157.99194444444444,161.00611111111112
21299,158.20111111111112,158.27722222222224,5,1,0.07611111111111112,158.20111111111112,158.27722222222224
21300,158.28527777777776,158.36055555555555,5,1,0.07527777777777778,158.28527777777776,158.36055555555555
21301,158.28833333333333,160.21166666666667,5,8,15.386666666666667,158.28833333333333,160.21166666666667
21302,158.29222222222222,160.76166666666666,5,1,2.4694444444444446,158.29222222222222,160.76166666666666
21303,158.4063888888889,160.31833333333333,5,8,15.295555555555556,158.4063888888889,160.31833333333333
21304,158.42111111111112,161.50805555555556,5,8,24.695555555555554,158.42111111111112,161.50805555555556
21305,158.43666666666667,162.11694444444444,5,1,3.680277777777778,158.43666666666667,162.11694444444444
21306,158.44833333333332,161.43972222222223,5,8,23.93111111111111,158.44833333333332,161.43972222222223
21307,158.4688888888889,160.87694444444443,5,1,2.4080555555555554,158.4688888888889,160.87694444444443
21308,158.48194444444445,162.0261111111111,5,1,3.5441666666666665,158.48194444444445,162.0261111111111
21309,158.67111111111112,159.34472222222223,5,1,0.6736111111111112,158.67111111111112,159.34472222222223
21310,158.79583333333332,159.48083333333332,5,8,5.48,158.79583333333332,159.48083333333332
21314,159.1027777777778,159.139606360287,1,1,0.029722222222222223,159.1027777777778,160.9711111111111
21323,159.72944444444445,160.57472222222222,5,8,6.762222222222222,159.72944444444445,160.57472222222222
21326,159.98694444444445,160.17280831879,1,1,0.15,159.98694444444445,161.0913888888889
21327,160.03083333333333,160.07361111111112,5,1,0.042777777777777776,160.03083333333333,160.07361111111112
21332,160.34916666666666,166.64777777777778,5,16,100.77777777777777,160.34916666666666,166.64777777777778
21334,160.5875,161.33083333333335,5,8,5.946666666666666,160.5875,161.33083333333335
21339,161.0036111111111,161.03916666666666,5,1,0.035555555555555556,161.0036111111111,161.03916666666666
21343,161.04472222222222,161.07472222222222,5,1,0.03,161.04472222222222,161.07472222222222
21344,161.09583333333333,161.12694444444443,5,1,0.03111111111111111,161.09583333333333,161.12694444444443
21345,161.11888888888888,161.84055555555557,5,1,0.7216666666666667,161.11888888888888,161.84055555555557
21347,161.14138888888888,161.17666666666668,5,1,0.035277777777777776,161.14138888888888,161.17666666666668
21349,161.18444444444444,161.22722222222222,5,1,0.042777777777777776,161.18444444444444,161.22722222222222
21353,161.22805555555556,161.33666666666667,5,1,0.10861111111111112,161.22805555555556,161.33666666666667
21354,161.23111111111112,161.26916666666668,5,1,0.03805555555555556,161.23111111111112,161.26916666666668
21356,161.25055555555556,161.47,5,1,0.21944444444444444,161.25055555555556,161.47
21358,161.28222222222223,161.32194444444445,5,1,0.03972222222222222,161.28222222222223,161.32194444444445
21359,161.33083333333335,161.37305555555557,5,1,0.042222222222222223,161.33083333333335,161.37305555555557
21361,161.3786111111111,161.41805555555555,5,1,0.03944444444444444,161.3786111111111,161.41805555555555
21362,161.3852777777778,161.6325,5,1,0.24722222222222223,161.3852777777778,161.6325
21363,161.43055555555554,161.46833333333333,5,1,0.03777777777777778,161.43055555555554,161.46833333333333
21369,161.51416666666665,161.57305555555556,5,1,0.058888888888888886,161.51416666666665,161.57305555555556
21370,161.52777777777777,161.75416666666666,5,1,0.2263888888888889,161.52777777777777,161.75416666666666
21371,161.53555555555556,162.27,5,8,5.875555555555556,161.53555555555556,162.27
21377,161.57666666666665,161.6327777777778,5,1,0.05611111111111111,161.57666666666665,161.6327777777778
21385,161.94222222222223,163.4975,5,1,1.5552777777777778,161.94222222222223,163.4975
21386,162.36583333333334,162.40527777777777,5,1,0.03944444444444444,162.36583333333334,162.40527777777777
21387,162.4275,162.47444444444446,5,1,0.04694444444444444,162.4275,162.47444444444446
21388,162.48277777777778,162.55055555555555,5,1,0.06777777777777778,162.48277777777778,162.55055555555555
21390,162.57444444444445,162.63805555555555,5,1,0.0636111111111111,162.57444444444445,162.63805555555555
21391,162.65472222222223,162.74333333333334,5,1,0.08861111111111111,162.65472222222223,162.74333333333334
21392,162.69472222222223,163.14111111111112,5,8,3.571111111111111,162.69472222222223,163.14111111111112
21393,162.7536111111111,162.84194444444444,5,1,0.08833333333333333,162.7536111111111,162.84194444444444
21394,162.85583333333332,162.95083333333332,5,1,0.095,162.85583333333332,162.95083333333332
21398,162.96194444444444,163.0611111111111,5,1,0.09916666666666667,162.96194444444444,163.0611111111111
21399,163.1275,163.12777777777777,5,8,0.0022222222222222222,163.1275,163.12777777777777
21400,163.17111111111112,163.61805555555554,5,8,3.5755555555555554,163.17111111111112,163.61805555555554
21401,163.23055555555555,163.325,5,1,0.09444444444444444,163.23055555555555,163.325
21403,163.2888888888889,163.34027777777777,5,1,0.05138888888888889,163.2888888888889,163.34027777777777
21404,163.4061111111111,163.50416666666666,5,1,0.09805555555555556,163.4061111111111,163.50416666666666
21405,163.40916666666666,163.46138888888888,5,1,0.052222222222222225,163.40916666666666,163.46138888888888
21406,163.42194444444445,163.42222222222222,5,8,0.0022222222222222222,163.42194444444445,163.42222222222222
21408,163.49388888888888,163.54944444444445,5,1,0.05555555555555555,163.49388888888888,163.54944444444445
21412,163.60722222222222,163.67222222222222,5,1,0.065,163.60722222222222,163.67222222222222
21413,163.63194444444446,164.795,5,1,1.1630555555555555,163.63194444444446,164.795
21414,163.69222222222223,164.04527777777778,5,4,1.4122222222222223,163.69222222222223,164.04527777777778
21415,163.69583333333333,164.13333333333333,5,8,3.5,163.69583333333333,164.13333333333333
21417,163.75027777777777,163.8213888888889,5,1,0.07111111111111111,163.75027777777777,163.8213888888889
21427,164.30777777777777,164.3413888888889,5,1,0.03361111111111111,164.30777777777777,164.3413888888889
21429,164.46555555555557,164.99555555555557,5,8,4.24,164.46555555555557,164.99555555555557
21430,164.51361111111112,164.55166666666668,5,1,0.03805555555555556,164.51361111111112,164.55166666666668
21431,164.61805555555554,164.66555555555556,5,1,0.0475,164.61805555555554,164.66555555555556
21432,164.68444444444444,164.96305555555554,5,1,0.2786111111111111,164.68444444444444,164.96305555555554
21433,164.68777777777777,164.74305555555554,5,1,0.05527777777777778,164.68777777777777,164.74305555555554
21434,164.77194444444444,164.81916666666666,5,1,0.04722222222222222,164.77194444444444,164.81916666666666
21436,164.89944444444444,164.9477777777778,5,1,0.04833333333333333,164.89944444444444,164.9477777777778
21438,164.97722222222222,165.03,5,1,0.05277777777777778,164.97722222222222,165.03
21439,165.06055555555557,165.10694444444445,5,1,0.04638888888888889,165.06055555555557,165.10694444444445
21440,165.0661111111111,165.52194444444444,5,8,3.6466666666666665,165.0661111111111,165.52194444444444
21443,165.17805555555555,165.22916666666666,5,1,0.051111111111111114,165.17805555555555,165.22916666666666
21444,165.1797222222222,165.19361111111112,5,40,0.5555555555555556,165.1797222222222,165.19361111111112
21445,165.29444444444445,165.34444444444443,5,1,0.05,165.29444444444445,165.34444444444443
21450,165.61888888888888,166.0861111111111,5,8,3.7377777777777776,165.61888888888888,166.0861111111111
21452,165.70694444444445,166.00584977500864,2,4,1.0811111111111111,165.70694444444445,166.00722222222223
21463,166.11916666666667,166.60361111111112,5,1,0.48444444444444446,166.11916666666667,166.60361111111112
21468,166.21027777777778,166.67388888888888,5,1,0.4636111111111111,166.21027777777778,166.67388888888888
21471,166.31722222222223,166.77694444444444,5,1,0.4597222222222222,166.31722222222223,166.77694444444444
21472,166.3486111111111,166.45777777777778,5,1,0.10916666666666666,166.3486111111111,166.45777777777778
21476,166.5011111111111,166.51194444444445,5,8,0.08666666666666667,166.5011111111111,166.51194444444445
21481,166.64027777777778,167.04333333333332,5,4,1.6122222222222222,166.64027777777778,167.04333333333332
21483,166.73611111111111,166.76805555555555,5,8,0.25555555555555554,166.73611111111111,166.76805555555555
21486,166.78694444444446,166.8275,5,1,0.04055555555555555,166.78694444444446,166.8275
21489,166.8136111111111,166.84583333333333,5,8,0.2577777777777778,166.8136111111111,166.84583333333333
21491,166.84833333333333,167.20638888888888,5,1,0.35805555555555557,166.84833333333333,167.20638888888888
21493,166.87166666666667,167.01072038006595,1,1,0.11222222222222222,166.87166666666667,167.15555555555557
21501,166.91861111111112,167.35972222222222,5,8,3.528888888888889,166.91861111111112,167.35972222222222
21507,167.0222222222222,167.0225,5,1,0.0002777777777777778,167.0222222222222,167.0225
21508,167.02777777777777,167.03666666666666,5,1,0.008888888888888889,167.02777777777777,167.03666666666666
21510,167.055,167.24694444444444,5,4,0.7677777777777778,167.055,167.24694444444444
21513,167.09527777777777,167.1013888888889,5,1,0.006111111111111111,167.09527777777777,167.1013888888889
21521,167.2938888888889,167.4925,5,4,0.7944444444444444,167.2938888888889,167.4925
21523,167.36305555555555,167.45555555555555,5,1,0.0925,167.36305555555555,167.45555555555555
21533,167.51194444444445,167.7122222222222,5,4,0.8011111111111111,167.51194444444445,167.7122222222222
21534,167.51472222222222,167.58583333333334,5,1,0.07111111111111111,167.51472222222222,167.58583333333334
21542,167.67694444444444,167.76944444444445,5,1,0.0925,167.67694444444444,167.76944444444445
