time,cluster,gpus_in_use
2020-03-20 16:00:00,Earth,8.0
2020-03-20 17:00:00,Earth,8.0
2020-03-20 18:00:00,Earth,8.0
2020-03-20 19:00:00,Earth,8.0
2020-03-20 20:00:00,Earth,8.0
2020-03-20 21:00:00,Earth,8.0
2020-03-20 22:00:00,Earth,8.0
2020-03-20 23:00:00,Earth,8.0
2020-03-21 00:00:00,Earth,8.0
2020-03-21 01:00:00,Earth,8.0
2020-03-21 02:00:00,Earth,8.0
2020-03-21 03:00:00,Earth,8.0
2020-03-21 04:00:00,Earth,8.0
2020-03-21 05:00:00,Earth,8.0
2020-03-21 06:00:00,Earth,8.0
2020-03-21 07:00:00,Earth,8.0
2020-03-21 08:00:00,Earth,8.0
2020-03-21 09:00:00,Earth,8.0
2020-03-21 10:00:00,Earth,8.0
2020-03-21 11:00:00,Earth,8.0
2020-03-21 12:00:00,Earth,8.0
2020-03-21 13:00:00,Earth,8.0
2020-03-21 14:00:00,Earth,8.0
2020-03-21 15:00:00,Earth,8.0
2020-03-21 16:00:00,Earth,8.0
2020-03-21 17:00:00,Earth,8.0
2020-03-21 18:00:00,Earth,8.0
2020-03-21 19:00:00,Earth,8.0
2020-03-21 20:00:00,Earth,8.0
2020-03-21 21:00:00,Earth,8.0
2020-03-21 22:00:00,Earth,8.0
2020-03-21 23:00:00,Earth,8.0
2020-03-22 00:00:00,Earth,8.0
2020-03-22 01:00:00,Earth,8.0
2020-03-22 02:00:00,Earth,8.0
2020-03-22 03:00:00,Earth,8.0
2020-03-22 04:00:00,Earth,8.0
2020-03-22 05:00:00,Earth,8.0
2020-03-22 06:00:00,Earth,8.0
2020-03-22 07:00:00,Earth,8.0
2020-03-22 08:00:00,Earth,8.0
2020-03-22 09:00:00,Earth,8.0
2020-03-22 10:00:00,Earth,8.0
2020-03-22 11:00:00,Earth,8.0
2020-03-22 12:00:00,Earth,8.0
2020-03-22 13:00:00,Earth,8.0
2020-03-22 14:00:00,Earth,8.0
2020-03-22 15:00:00,Earth,8.0
2020-03-22 16:00:00,Earth,8.0
2020-03-22 17:00:00,Earth,8.0
2020-03-22 18:00:00,Earth,8.0
2020-03-22 19:00:00,Earth,8.0
2020-03-22 20:00:00,Earth,8.0
2020-03-22 21:00:00,Earth,8.0
2020-03-22 22:00:00,Earth,8.0
2020-03-22 23:00:00,Earth,8.0
2020-03-23 00:00:00,Earth,8.0
2020-03-23 01:00:00,Earth,8.0
2020-03-23 02:00:00,Earth,8.0
2020-03-23 03:00:00,Earth,16.0
2020-03-23 04:00:00,Earth,16.0
2020-03-23 05:00:00,Earth,16.0
2020-03-23 06:00:00,Earth,16.0
2020-03-23 07:00:00,Earth,16.0
2020-03-23 08:00:00,Earth,16.0
2020-03-23 09:00:00,Earth,16.0
2020-03-23 10:00:00,Earth,16.0
2020-03-23 11:00:00,Earth,16.0
2020-03-23 12:00:00,Earth,16.0
2020-03-23 13:00:00,Earth,16.0
2020-03-23 14:00:00,Earth,16.0
2020-03-23 15:00:00,Earth,16.0
2020-03-23 16:00:00,Earth,16.0
2020-03-23 17:00:00,Earth,16.0
2020-03-23 18:00:00,Earth,16.0
2020-03-23 19:00:00,Earth,16.0
2020-03-23 20:00:00,Earth,16.0
2020-03-23 21:00:00,Earth,16.0
2020-03-23 22:00:00,Earth,16.0
2020-03-23 23:00:00,Earth,16.0
2020-03-24 00:00:00,Earth,16.0
2020-03-24 01:00:00,Earth,16.0
2020-03-24 02:00:00,Earth,16.0
2020-03-24 03:00:00,Earth,16.0
2020-03-24 04:00:00,Earth,16.0
2020-03-24 05:00:00,Earth,16.0
2020-03-24 06:00:00,Earth,16.0
2020-03-24 07:00:00,Earth,16.0
2020-03-24 08:00:00,Earth,16.0
2020-03-24 09:00:00,Earth,16.0
2020-03-24 10:00:00,Earth,16.0
2020-03-24 11:00:00,Earth,16.0
2020-03-24 12:00:00,Earth,16.0
2020-03-24 13:00:00,Earth,16.0
2020-03-24 14:00:00,Earth,16.0
2020-03-24 15:00:00,Earth,16.0
2020-03-24 16:00:00,Earth,16.0
2020-03-24 17:00:00,Earth,16.0
2020-03-24 18:00:00,Earth,16.0
2020-03-24 19:00:00,Earth,16.0
2020-03-24 20:00:00,Earth,16.0
2020-03-24 21:00:00,Earth,16.0
2020-03-24 22:00:00,Earth,16.0
2020-03-24 23:00:00,Earth,16.0
2020-03-25 00:00:00,Earth,16.0
2020-03-25 01:00:00,Earth,16.0
2020-03-25 02:00:00,Earth,16.0
2020-03-25 03:00:00,Earth,16.0
2020-03-25 04:00:00,Earth,16.0
2020-03-25 05:00:00,Earth,16.0
2020-03-25 06:00:00,Earth,16.0
2020-03-25 07:00:00,Earth,16.0
2020-03-25 08:00:00,Earth,16.0
2020-03-25 09:00:00,Earth,16.0
2020-03-25 10:00:00,Earth,16.0
2020-03-25 11:00:00,Earth,16.0
2020-03-25 12:00:00,Earth,16.0
2020-03-25 13:00:00,Earth,16.0
2020-03-25 14:00:00,Earth,16.0
2020-03-25 15:00:00,Earth,16.0
2020-03-25 16:00:00,Earth,16.0
2020-03-25 17:00:00,Earth,16.0
2020-03-25 18:00:00,Earth,16.0
2020-03-25 19:00:00,Earth,16.0
2020-03-25 20:00:00,Earth,16.0
2020-03-25 21:00:00,Earth,16.0
2020-03-25 22:00:00,Earth,16.0
2020-03-25 23:00:00,Earth,16.0
2020-03-26 00:00:00,Earth,16.0
2020-03-26 01:00:00,Earth,16.0
2020-03-26 02:00:00,Earth,16.0
2020-03-26 03:00:00,Earth,16.0
2020-03-26 04:00:00,Earth,16.0
2020-03-26 05:00:00,Earth,16.0
2020-03-26 06:00:00,Earth,16.0
2020-03-26 07:00:00,Earth,16.0
2020-03-26 08:00:00,Earth,16.0
2020-03-26 09:00:00,Earth,16.0
2020-03-26 10:00:00,Earth,16.0
2020-03-26 11:00:00,Earth,16.0
2020-03-26 12:00:00,Earth,16.0
2020-03-26 13:00:00,Earth,16.0
2020-03-26 14:00:00,Earth,24.0
2020-03-26 15:00:00,Earth,24.0
2020-03-26 16:00:00,Earth,24.0
2020-03-26 17:00:00,Earth,24.0
2020-03-26 18:00:00,Earth,24.0
2020-03-26 19:00:00,Earth,24.0
2020-03-26 20:00:00,Earth,24.0
2020-03-26 21:00:00,Earth,25.0
2020-03-26 22:00:00,Earth,25.0
2020-03-26 23:00:00,Earth,25.0
2020-03-27 00:00:00,Earth,25.0
2020-03-27 01:00:00,Earth,25.0
2020-03-27 02:00:00,Earth,25.0
2020-03-27 03:00:00,Earth,25.0
2020-03-27 04:00:00,Earth,25.0
2020-03-27 05:00:00,Earth,25.0
2020-03-27 06:00:00,Earth,25.0
2020-03-27 07:00:00,Earth,25.0
2020-03-27 08:00:00,Earth,25.0
2020-03-27 09:00:00,Earth,25.0
2020-03-27 10:00:00,Earth,25.0
2020-03-27 11:00:00,Earth,41.0
2020-03-27 12:00:00,Earth,41.0
2020-03-27 13:00:00,Earth,41.0
2020-03-27 14:00:00,Earth,41.0
2020-03-27 15:00:00,Earth,41.0
2020-03-27 16:00:00,Earth,41.0
2020-03-27 17:00:00,Earth,41.0
2020-03-27 18:00:00,Earth,41.0
2020-03-27 19:00:00,Earth,41.0
2020-03-27 20:00:00,Earth,41.0
2020-03-27 21:00:00,Earth,41.0
2020-03-27 22:00:00,Earth,41.0
2020-03-27 23:00:00,Earth,41.0
2020-03-28 00:00:00,Earth,41.0
2020-03-28 01:00:00,Earth,41.0
2020-03-28 02:00:00,Earth,41.0
2020-03-28 03:00:00,Earth,41.0
2020-03-28 04:00:00,Earth,41.0
2020-03-28 05:00:00,Earth,41.0
2020-03-28 06:00:00,Earth,41.0
2020-03-28 07:00:00,Earth,41.0
2020-03-28 08:00:00,Earth,129.0
2020-03-28 09:00:00,Earth,129.0
2020-03-28 10:00:00,Earth,129.0
2020-03-28 11:00:00,Earth,129.0
2020-03-28 12:00:00,Earth,129.0
2020-03-28 13:00:00,Earth,129.0
2020-03-28 14:00:00,Earth,129.0
2020-03-28 15:00:00,Earth,129.0
2020-03-28 16:00:00,Earth,129.0
2020-03-28 17:00:00,Earth,129.0
2020-03-28 18:00:00,Earth,129.0
2020-03-28 19:00:00,Earth,129.0
2020-03-28 20:00:00,Earth,129.0
2020-03-28 21:00:00,Earth,129.0
2020-03-28 22:00:00,Earth,129.0
2020-03-28 23:00:00,Earth,129.0
2020-03-29 00:00:00,Earth,129.0
2020-03-29 01:00:00,Earth,129.0
2020-03-29 02:00:00,Earth,129.0
2020-03-29 03:00:00,Earth,129.0
2020-03-29 04:00:00,Earth,129.0
2020-03-29 05:00:00,Earth,129.0
2020-03-29 06:00:00,Earth,129.0
2020-03-29 07:00:00,Earth,129.0
2020-03-29 08:00:00,Earth,129.0
2020-03-29 09:00:00,Earth,129.0
2020-03-29 10:00:00,Earth,129.0
2020-03-29 11:00:00,Earth,129.0
2020-03-29 12:00:00,Earth,129.0
2020-03-29 13:00:00,Earth,129.0
2020-03-29 14:00:00,Earth,129.0
2020-03-29 15:00:00,Earth,129.0
2020-03-29 16:00:00,Earth,129.0
2020-03-29 17:00:00,Earth,129.0
2020-03-29 18:00:00,Earth,129.0
2020-03-29 19:00:00,Earth,129.0
2020-03-29 20:00:00,Earth,129.0
2020-03-29 21:00:00,Earth,129.0
2020-03-29 22:00:00,Earth,129.0
2020-03-29 23:00:00,Earth,129.0
2020-03-30 00:00:00,Earth,129.0
2020-03-30 01:00:00,Earth,129.0
2020-03-30 02:00:00,Earth,129.0
2020-03-30 03:00:00,Earth,129.0
2020-03-30 04:00:00,Earth,129.0
2020-03-30 05:00:00,Earth,129.0
2020-03-30 06:00:00,Earth,129.0
2020-03-30 07:00:00,Earth,129.0
2020-03-30 08:00:00,Earth,129.0
2020-03-30 09:00:00,Earth,129.0
2020-03-30 10:00:00,Earth,129.0
2020-03-30 11:00:00,Earth,129.0
2020-03-30 12:00:00,Earth,129.0
2020-03-30 13:00:00,Earth,161.0
2020-03-30 14:00:00,Earth,161.0
2020-03-30 15:00:00,Earth,161.0
2020-03-30 16:00:00,Earth,169.0
2020-03-30 17:00:00,Earth,177.0
2020-03-30 18:00:00,Earth,177.0
2020-03-30 19:00:00,Earth,177.0
2020-03-30 20:00:00,Earth,177.0
2020-03-30 21:00:00,Earth,177.0
2020-03-30 22:00:00,Earth,209.0
2020-03-30 23:00:00,Earth,209.0
2020-03-31 00:00:00,Earth,209.0
2020-03-31 01:00:00,Earth,209.0
2020-03-31 02:00:00,Earth,209.0
2020-03-31 03:00:00,Earth,209.0
2020-03-31 04:00:00,Earth,209.0
2020-03-31 05:00:00,Earth,225.0
2020-03-31 06:00:00,Earth,225.0
2020-03-31 07:00:00,Earth,225.0
2020-03-31 08:00:00,Earth,225.0
2020-03-31 09:00:00,Earth,245.0
2020-03-31 10:00:00,Earth,277.0
2020-03-31 11:00:00,Earth,293.0
2020-03-31 12:00:00,Earth,293.0
2020-03-31 13:00:00,Earth,309.0
2020-03-31 14:00:00,Earth,339.0
2020-03-31 15:00:00,Earth,371.0
2020-03-31 16:00:00,Earth,435.0
2020-03-31 17:00:00,Earth,463.0
2020-03-31 18:00:00,Earth,463.0
2020-03-31 19:00:00,Earth,551.0
2020-03-31 20:00:00,Earth,555.0
2020-03-31 21:00:00,Earth,559.0
2020-03-31 22:00:00,Earth,559.0
2020-03-31 23:00:00,Earth,608.0
2020-04-01 00:00:00,Earth,760.0
2020-04-01 01:00:00,Earth,600.0
2020-04-01 02:00:00,Earth,600.0
2020-04-01 03:00:00,Earth,616.0
2020-04-01 04:00:00,Earth,600.0
2020-04-01 05:00:00,Earth,600.0
2020-04-01 06:00:00,Earth,688.0
2020-04-01 07:00:00,Earth,624.0
2020-04-01 08:00:00,Earth,592.0
2020-04-01 09:00:00,Earth,600.0
2020-04-01 10:00:00,Earth,692.0
2020-04-01 11:00:00,Earth,898.0
2020-04-01 12:00:00,Earth,961.0
2020-04-01 13:00:00,Earth,1039.0
2020-04-01 14:00:00,Earth,831.0
2020-04-01 15:00:00,Earth,1170.0
2020-04-01 16:00:00,Earth,1039.0
2020-04-01 17:00:00,Earth,973.0
2020-04-01 18:00:00,Earth,921.0
2020-04-01 19:00:00,Earth,1057.0
2020-04-01 20:00:00,Earth,1025.0
2020-04-01 21:00:00,Earth,907.0
2020-04-01 22:00:00,Earth,919.0
2020-04-01 23:00:00,Earth,889.0
2020-04-02 00:00:00,Earth,649.0
2020-04-02 01:00:00,Earth,969.0
2020-04-02 02:00:00,Earth,617.0
2020-04-02 03:00:00,Earth,617.0
2020-04-02 04:00:00,Earth,625.0
2020-04-02 05:00:00,Earth,617.0
2020-04-02 06:00:00,Earth,625.0
2020-04-02 07:00:00,Earth,633.0
2020-04-02 08:00:00,Earth,625.0
2020-04-02 09:00:00,Earth,717.0
2020-04-02 10:00:00,Earth,669.0
2020-04-02 11:00:00,Earth,727.0
2020-04-02 12:00:00,Earth,582.0
2020-04-02 13:00:00,Earth,887.0
2020-04-02 14:00:00,Earth,720.0
2020-04-02 15:00:00,Earth,618.0
2020-04-02 16:00:00,Earth,681.0
2020-04-02 17:00:00,Earth,627.0
2020-04-02 18:00:00,Earth,672.0
2020-04-02 19:00:00,Earth,756.0
2020-04-02 20:00:00,Earth,641.0
2020-04-02 21:00:00,Earth,655.0
2020-04-02 22:00:00,Earth,629.0
2020-04-02 23:00:00,Earth,751.0
2020-04-03 00:00:00,Earth,706.0
2020-04-03 01:00:00,Earth,631.0
2020-04-03 02:00:00,Earth,640.0
2020-04-03 03:00:00,Earth,623.0
2020-04-03 04:00:00,Earth,628.0
2020-04-03 05:00:00,Earth,619.0
2020-04-03 06:00:00,Earth,620.0
2020-04-03 07:00:00,Earth,633.0
2020-04-03 08:00:00,Earth,616.0
2020-04-03 09:00:00,Earth,624.0
2020-04-03 10:00:00,Earth,769.0
2020-04-03 11:00:00,Earth,602.0
2020-04-03 12:00:00,Earth,635.0
2020-04-03 13:00:00,Earth,585.0
2020-04-03 14:00:00,Earth,668.0
2020-04-03 15:00:00,Earth,603.0
2020-04-03 16:00:00,Earth,640.0
2020-04-03 17:00:00,Earth,593.0
2020-04-03 18:00:00,Earth,767.0
2020-04-03 19:00:00,Earth,631.0
2020-04-03 20:00:00,Earth,623.0
2020-04-03 21:00:00,Earth,596.0
2020-04-03 22:00:00,Earth,716.0
2020-04-03 23:00:00,Earth,651.0
2020-04-04 00:00:00,Earth,613.0
2020-04-04 01:00:00,Earth,1026.0
2020-04-04 02:00:00,Earth,578.0
2020-04-04 03:00:00,Earth,578.0
2020-04-04 04:00:00,Earth,578.0
2020-04-04 05:00:00,Earth,570.0
2020-04-04 06:00:00,Earth,570.0
2020-04-04 07:00:00,Earth,570.0
2020-04-04 08:00:00,Earth,562.0
2020-04-04 09:00:00,Earth,618.0
2020-04-04 10:00:00,Earth,564.0
2020-04-04 11:00:00,Earth,550.0
2020-04-04 12:00:00,Earth,578.0
2020-04-04 13:00:00,Earth,549.0
2020-04-04 14:00:00,Earth,572.0
2020-04-04 15:00:00,Earth,611.0
2020-04-04 16:00:00,Earth,580.0
2020-04-04 17:00:00,Earth,611.0
2020-04-04 18:00:00,Earth,548.0
2020-04-04 19:00:00,Earth,547.0
2020-04-04 20:00:00,Earth,579.0
2020-04-04 21:00:00,Earth,598.0
2020-04-04 22:00:00,Earth,579.0
2020-04-04 23:00:00,Earth,639.0
2020-04-05 00:00:00,Earth,609.0
2020-04-05 01:00:00,Earth,581.0
2020-04-05 02:00:00,Earth,581.0
2020-04-05 03:00:00,Earth,573.0
2020-04-05 04:00:00,Earth,573.0
2020-04-05 05:00:00,Earth,701.0
2020-04-05 06:00:00,Earth,685.0
2020-04-05 07:00:00,Earth,595.0
2020-04-05 08:00:00,Earth,573.0
2020-04-05 09:00:00,Earth,568.0
2020-04-05 10:00:00,Earth,563.0
2020-04-05 11:00:00,Earth,637.0
2020-04-05 12:00:00,Earth,582.0
2020-04-05 13:00:00,Earth,621.0
2020-04-05 14:00:00,Earth,573.0
2020-04-05 15:00:00,Earth,608.0
2020-04-05 16:00:00,Earth,634.0
2020-04-05 17:00:00,Earth,634.0
2020-04-05 18:00:00,Earth,649.0
2020-04-05 19:00:00,Earth,628.0
2020-04-05 20:00:00,Earth,618.0
2020-04-05 21:00:00,Earth,652.0
2020-04-05 22:00:00,Earth,628.0
2020-04-05 23:00:00,Earth,649.0
2020-04-06 00:00:00,Earth,617.0
2020-04-06 01:00:00,Earth,625.0
2020-04-06 02:00:00,Earth,561.0
2020-04-06 03:00:00,Earth,556.0
2020-04-06 04:00:00,Earth,538.0
2020-04-06 05:00:00,Earth,538.0
2020-04-06 06:00:00,Earth,542.0
2020-04-06 07:00:00,Earth,541.0
2020-04-06 08:00:00,Earth,505.0
2020-04-06 09:00:00,Earth,509.0
2020-04-06 10:00:00,Earth,751.0
2020-04-06 11:00:00,Earth,1849.0
2020-04-06 12:00:00,Earth,1691.0
2020-04-06 13:00:00,Earth,1789.0
2020-04-06 14:00:00,Earth,1552.0
2020-04-06 15:00:00,Earth,1068.0
2020-04-06 16:00:00,Earth,686.0
2020-04-06 17:00:00,Earth,699.0
2020-04-06 18:00:00,Earth,617.0
2020-04-06 19:00:00,Earth,690.0
2020-04-06 20:00:00,Earth,583.0
2020-04-06 21:00:00,Earth,588.0
2020-04-06 22:00:00,Earth,650.0
2020-04-06 23:00:00,Earth,595.0
2020-04-07 00:00:00,Earth,567.0
2020-04-07 01:00:00,Earth,608.0
2020-04-07 02:00:00,Earth,599.0
2020-04-07 03:00:00,Earth,598.0
2020-04-07 04:00:00,Earth,598.0
2020-04-07 05:00:00,Earth,590.0
2020-04-07 06:00:00,Earth,606.0
2020-04-07 07:00:00,Earth,606.0
2020-04-07 08:00:00,Earth,590.0
2020-04-07 09:00:00,Earth,585.0
2020-04-07 10:00:00,Earth,700.0
2020-04-07 11:00:00,Earth,859.0
2020-04-07 12:00:00,Earth,552.0
2020-04-07 13:00:00,Earth,672.0
2020-04-07 14:00:00,Earth,923.0
2020-04-07 15:00:00,Earth,738.0
2020-04-07 16:00:00,Earth,728.0
2020-04-07 17:00:00,Earth,578.0
2020-04-07 18:00:00,Earth,727.0
2020-04-07 19:00:00,Earth,637.0
2020-04-07 20:00:00,Earth,657.0
2020-04-07 21:00:00,Earth,666.0
2020-04-07 22:00:00,Earth,667.0
2020-04-07 23:00:00,Earth,667.0
2020-04-08 00:00:00,Earth,617.0
2020-04-08 01:00:00,Earth,575.0
2020-04-08 02:00:00,Earth,555.0
2020-04-08 03:00:00,Earth,573.0
2020-04-08 04:00:00,Earth,560.0
2020-04-08 05:00:00,Earth,555.0
2020-04-08 06:00:00,Earth,555.0
2020-04-08 07:00:00,Earth,554.0
2020-04-08 08:00:00,Earth,591.0
2020-04-08 09:00:00,Earth,638.0
2020-04-08 10:00:00,Earth,638.0
2020-04-08 11:00:00,Earth,654.0
2020-04-08 12:00:00,Earth,562.0
2020-04-08 13:00:00,Earth,635.0
2020-04-08 14:00:00,Earth,664.0
2020-04-08 15:00:00,Earth,640.0
2020-04-08 16:00:00,Earth,650.0
2020-04-08 17:00:00,Earth,636.0
2020-04-08 18:00:00,Earth,641.0
2020-04-08 19:00:00,Earth,637.0
2020-04-08 20:00:00,Earth,827.0
2020-04-08 21:00:00,Earth,610.0
2020-04-08 22:00:00,Earth,703.0
2020-04-08 23:00:00,Earth,719.0
2020-04-09 00:00:00,Earth,606.0
2020-04-09 01:00:00,Earth,619.0
2020-04-09 02:00:00,Earth,614.0
2020-04-09 03:00:00,Earth,609.0
2020-04-09 04:00:00,Earth,585.0
2020-04-09 05:00:00,Earth,569.0
2020-04-09 06:00:00,Earth,569.0
2020-04-09 07:00:00,Earth,601.0
2020-04-09 08:00:00,Earth,582.0
2020-04-09 09:00:00,Earth,626.0
2020-04-09 10:00:00,Earth,726.0
2020-04-09 11:00:00,Earth,784.0
2020-04-09 12:00:00,Earth,633.0
2020-04-09 13:00:00,Earth,615.0
2020-04-09 14:00:00,Earth,703.0
2020-04-09 15:00:00,Earth,711.0
2020-04-09 16:00:00,Earth,720.0
2020-04-09 17:00:00,Earth,788.0
2020-04-09 18:00:00,Earth,693.0
2020-04-09 19:00:00,Earth,675.0
2020-04-09 20:00:00,Earth,707.0
2020-04-09 21:00:00,Earth,679.0
2020-04-09 22:00:00,Earth,677.0
2020-04-09 23:00:00,Earth,683.0
2020-04-10 00:00:00,Earth,702.0
2020-04-10 01:00:00,Earth,654.0
2020-04-10 02:00:00,Earth,613.0
2020-04-10 03:00:00,Earth,605.0
2020-04-10 04:00:00,Earth,573.0
2020-04-10 05:00:00,Earth,541.0
2020-04-10 06:00:00,Earth,533.0
2020-04-10 07:00:00,Earth,532.0
2020-04-10 08:00:00,Earth,547.0
2020-04-10 09:00:00,Earth,575.0
2020-04-10 10:00:00,Earth,698.0
2020-04-10 11:00:00,Earth,658.0
2020-04-10 12:00:00,Earth,763.0
2020-04-10 13:00:00,Earth,776.0
2020-04-10 14:00:00,Earth,681.0
2020-04-10 15:00:00,Earth,822.0
2020-04-10 16:00:00,Earth,687.0
2020-04-10 17:00:00,Earth,685.0
2020-04-10 18:00:00,Earth,776.0
2020-04-10 19:00:00,Earth,678.0
2020-04-10 20:00:00,Earth,646.0
2020-04-10 21:00:00,Earth,649.0
2020-04-10 22:00:00,Earth,651.0
2020-04-10 23:00:00,Earth,633.0
2020-04-11 00:00:00,Earth,641.0
2020-04-11 01:00:00,Earth,693.0
2020-04-11 02:00:00,Earth,605.0
2020-04-11 03:00:00,Earth,589.0
2020-04-11 04:00:00,Earth,606.0
2020-04-11 05:00:00,Earth,590.0
2020-04-11 06:00:00,Earth,605.0
2020-04-11 07:00:00,Earth,606.0
2020-04-11 08:00:00,Earth,589.0
2020-04-11 09:00:00,Earth,589.0
2020-04-11 10:00:00,Earth,625.0
2020-04-11 11:00:00,Earth,643.0
2020-04-11 12:00:00,Earth,592.0
2020-04-11 13:00:00,Earth,575.0
2020-04-11 14:00:00,Earth,656.0
2020-04-11 15:00:00,Earth,686.0
2020-04-11 16:00:00,Earth,594.0
2020-04-11 17:00:00,Earth,744.0
2020-04-11 18:00:00,Earth,656.0
2020-04-11 19:00:00,Earth,623.0
2020-04-11 20:00:00,Earth,656.0
2020-04-11 21:00:00,Earth,647.0
2020-04-11 22:00:00,Earth,645.0
2020-04-11 23:00:00,Earth,642.0
2020-04-12 00:00:00,Earth,595.0
2020-04-12 01:00:00,Earth,538.0
2020-04-12 02:00:00,Earth,538.0
2020-04-12 03:00:00,Earth,506.0
2020-04-12 04:00:00,Earth,537.0
2020-04-12 05:00:00,Earth,505.0
2020-04-12 06:00:00,Earth,521.0
2020-04-12 07:00:00,Earth,553.0
2020-04-12 08:00:00,Earth,521.0
2020-04-12 09:00:00,Earth,497.0
2020-04-12 10:00:00,Earth,537.0
2020-04-12 11:00:00,Earth,565.0
2020-04-12 12:00:00,Earth,638.0
2020-04-12 13:00:00,Earth,629.0
2020-04-12 14:00:00,Earth,631.0
2020-04-12 15:00:00,Earth,604.0
2020-04-12 16:00:00,Earth,682.0
2020-04-12 17:00:00,Earth,617.0
2020-04-12 18:00:00,Earth,573.0
2020-04-12 19:00:00,Earth,550.0
2020-04-12 20:00:00,Earth,683.0
2020-04-12 21:00:00,Earth,729.0
2020-04-12 22:00:00,Earth,579.0
2020-04-12 23:00:00,Earth,569.0
2020-04-13 00:00:00,Earth,523.0
2020-04-13 01:00:00,Earth,526.0
2020-04-13 02:00:00,Earth,499.0
2020-04-13 03:00:00,Earth,483.0
2020-04-13 04:00:00,Earth,491.0
2020-04-13 05:00:00,Earth,483.0
2020-04-13 06:00:00,Earth,515.0
2020-04-13 07:00:00,Earth,507.0
2020-04-13 08:00:00,Earth,491.0
2020-04-13 09:00:00,Earth,523.0
2020-04-13 10:00:00,Earth,648.0
2020-04-13 11:00:00,Earth,666.0
2020-04-13 12:00:00,Earth,954.0
2020-04-13 13:00:00,Earth,801.0
2020-04-13 14:00:00,Earth,632.0
2020-04-13 15:00:00,Earth,724.0
2020-04-13 16:00:00,Earth,725.0
2020-04-13 17:00:00,Earth,611.0
2020-04-13 18:00:00,Earth,574.0
2020-04-13 19:00:00,Earth,618.0
2020-04-13 20:00:00,Earth,603.0
2020-04-13 21:00:00,Earth,606.0
2020-04-13 22:00:00,Earth,572.0
2020-04-13 23:00:00,Earth,620.0
2020-04-14 00:00:00,Earth,603.0
2020-04-14 01:00:00,Earth,621.0
2020-04-14 02:00:00,Earth,629.0
2020-04-14 03:00:00,Earth,565.0
2020-04-14 04:00:00,Earth,533.0
2020-04-14 05:00:00,Earth,532.0
2020-04-14 06:00:00,Earth,524.0
2020-04-14 07:00:00,Earth,540.0
2020-04-14 08:00:00,Earth,492.0
2020-04-14 09:00:00,Earth,513.0
2020-04-14 10:00:00,Earth,523.0
2020-04-14 11:00:00,Earth,597.0
2020-04-14 12:00:00,Earth,710.0
2020-04-14 13:00:00,Earth,998.0
2020-04-14 14:00:00,Earth,731.0
2020-04-14 15:00:00,Earth,674.0
2020-04-14 16:00:00,Earth,791.0
2020-04-14 17:00:00,Earth,761.0
2020-04-14 18:00:00,Earth,985.0
2020-04-14 19:00:00,Earth,789.0
2020-04-14 20:00:00,Earth,891.0
2020-04-14 21:00:00,Earth,804.0
2020-04-14 22:00:00,Earth,755.0
2020-04-14 23:00:00,Earth,600.0
2020-04-15 00:00:00,Earth,611.0
2020-04-15 01:00:00,Earth,594.0
2020-04-15 02:00:00,Earth,574.0
2020-04-15 03:00:00,Earth,611.0
2020-04-15 04:00:00,Earth,582.0
2020-04-15 05:00:00,Earth,566.0
2020-04-15 06:00:00,Earth,566.0
2020-04-15 07:00:00,Earth,566.0
2020-04-15 08:00:00,Earth,594.0
2020-04-15 09:00:00,Earth,743.0
2020-04-15 10:00:00,Earth,752.0
2020-04-15 11:00:00,Earth,774.0
2020-04-15 12:00:00,Earth,671.0
2020-04-15 13:00:00,Earth,683.0
2020-04-15 14:00:00,Earth,770.0
2020-04-15 15:00:00,Earth,796.0
2020-04-15 16:00:00,Earth,784.0
2020-04-15 17:00:00,Earth,780.0
2020-04-15 18:00:00,Earth,950.0
2020-04-15 19:00:00,Earth,703.0
2020-04-15 20:00:00,Earth,686.0
2020-04-15 21:00:00,Earth,822.0
2020-04-15 22:00:00,Earth,725.0
2020-04-15 23:00:00,Earth,711.0
2020-04-16 00:00:00,Earth,678.0
2020-04-16 01:00:00,Earth,641.0
2020-04-16 02:00:00,Earth,596.0
2020-04-16 03:00:00,Earth,596.0
2020-04-16 04:00:00,Earth,580.0
2020-04-16 05:00:00,Earth,572.0
2020-04-16 06:00:00,Earth,576.0
2020-04-16 07:00:00,Earth,564.0
2020-04-16 08:00:00,Earth,556.0
2020-04-16 09:00:00,Earth,640.0
2020-04-16 10:00:00,Earth,728.0
2020-04-16 11:00:00,Earth,680.0
2020-04-16 12:00:00,Earth,631.0
2020-04-16 13:00:00,Earth,632.0
2020-04-16 14:00:00,Earth,764.0
2020-04-16 15:00:00,Earth,847.0
2020-04-16 16:00:00,Earth,735.0
2020-04-16 17:00:00,Earth,732.0
2020-04-16 18:00:00,Earth,588.0
2020-04-16 19:00:00,Earth,638.0
2020-04-16 20:00:00,Earth,584.0
2020-04-16 21:00:00,Earth,640.0
2020-04-16 22:00:00,Earth,621.0
2020-04-16 23:00:00,Earth,578.0
2020-04-17 00:00:00,Earth,606.0
2020-04-17 01:00:00,Earth,550.0
2020-04-17 02:00:00,Earth,606.0
2020-04-17 03:00:00,Earth,510.0
2020-04-17 04:00:00,Earth,490.0
2020-04-17 05:00:00,Earth,490.0
2020-04-17 06:00:00,Earth,506.0
2020-04-17 07:00:00,Earth,510.0
2020-04-17 08:00:00,Earth,477.0
2020-04-17 09:00:00,Earth,568.0
2020-04-17 10:00:00,Earth,635.0
2020-04-17 11:00:00,Earth,888.0
2020-04-17 12:00:00,Earth,765.0
2020-04-17 13:00:00,Earth,581.0
2020-04-17 14:00:00,Earth,680.0
2020-04-17 15:00:00,Earth,675.0
2020-04-17 16:00:00,Earth,697.0
2020-04-17 17:00:00,Earth,680.0
2020-04-17 18:00:00,Earth,672.0
2020-04-17 19:00:00,Earth,776.0
2020-04-17 20:00:00,Earth,669.0
2020-04-17 21:00:00,Earth,617.0
2020-04-17 22:00:00,Earth,729.0
2020-04-17 23:00:00,Earth,673.0
2020-04-18 00:00:00,Earth,710.0
2020-04-18 01:00:00,Earth,605.0
2020-04-18 02:00:00,Earth,565.0
2020-04-18 03:00:00,Earth,589.0
2020-04-18 04:00:00,Earth,557.0
2020-04-18 05:00:00,Earth,533.0
2020-04-18 06:00:00,Earth,525.0
2020-04-18 07:00:00,Earth,525.0
2020-04-18 08:00:00,Earth,517.0
2020-04-18 09:00:00,Earth,517.0
2020-04-18 10:00:00,Earth,599.0
2020-04-18 11:00:00,Earth,732.0
2020-04-18 12:00:00,Earth,745.0
2020-04-18 13:00:00,Earth,820.0
2020-04-18 14:00:00,Earth,961.0
2020-04-18 15:00:00,Earth,584.0
2020-04-18 16:00:00,Earth,553.0
2020-04-18 17:00:00,Earth,594.0
2020-04-18 18:00:00,Earth,571.0
2020-04-18 19:00:00,Earth,589.0
2020-04-18 20:00:00,Earth,609.0
2020-04-18 21:00:00,Earth,593.0
2020-04-18 22:00:00,Earth,681.0
2020-04-18 23:00:00,Earth,699.0
2020-04-19 00:00:00,Earth,722.0
2020-04-19 01:00:00,Earth,592.0
2020-04-19 02:00:00,Earth,726.0
2020-04-19 03:00:00,Earth,634.0
2020-04-19 04:00:00,Earth,537.0
2020-04-19 05:00:00,Earth,737.0
2020-04-19 06:00:00,Earth,777.0
2020-04-19 07:00:00,Earth,705.0
2020-04-19 08:00:00,Earth,722.0
2020-04-19 09:00:00,Earth,806.0
2020-04-19 10:00:00,Earth,853.0
2020-04-19 11:00:00,Earth,842.0
2020-04-19 12:00:00,Earth,820.0
2020-04-19 13:00:00,Earth,849.0
2020-04-19 14:00:00,Earth,755.0
2020-04-19 15:00:00,Earth,789.0
2020-04-19 16:00:00,Earth,797.0
2020-04-19 17:00:00,Earth,671.0
2020-04-19 18:00:00,Earth,603.0
2020-04-19 19:00:00,Earth,693.0
2020-04-19 20:00:00,Earth,658.0
2020-04-19 21:00:00,Earth,487.0
2020-04-19 22:00:00,Earth,546.0
2020-04-19 23:00:00,Earth,545.0
2020-04-20 00:00:00,Earth,630.0
2020-04-20 01:00:00,Earth,585.0
2020-04-20 02:00:00,Earth,523.0
2020-04-20 03:00:00,Earth,539.0
2020-04-20 04:00:00,Earth,514.0
2020-04-20 05:00:00,Earth,514.0
2020-04-20 06:00:00,Earth,546.0
2020-04-20 07:00:00,Earth,512.0
2020-04-20 08:00:00,Earth,538.0
2020-04-20 09:00:00,Earth,543.0
2020-04-20 10:00:00,Earth,760.0
2020-04-20 11:00:00,Earth,920.0
2020-04-20 12:00:00,Earth,1078.0
2020-04-20 13:00:00,Earth,697.0
2020-04-20 14:00:00,Earth,691.0
2020-04-20 15:00:00,Earth,819.0
2020-04-20 16:00:00,Earth,741.0
2020-04-20 17:00:00,Earth,752.0
2020-04-20 18:00:00,Earth,705.0
2020-04-20 19:00:00,Earth,741.0
2020-04-20 20:00:00,Earth,949.0
2020-04-20 21:00:00,Earth,610.0
2020-04-20 22:00:00,Earth,596.0
2020-04-20 23:00:00,Earth,595.0
2020-04-21 00:00:00,Earth,738.0
2020-04-21 01:00:00,Earth,570.0
2020-04-21 02:00:00,Earth,610.0
2020-04-21 03:00:00,Earth,586.0
2020-04-21 04:00:00,Earth,578.0
2020-04-21 05:00:00,Earth,578.0
2020-04-21 06:00:00,Earth,618.0
2020-04-21 07:00:00,Earth,578.0
2020-04-21 08:00:00,Earth,582.0
2020-04-21 09:00:00,Earth,659.0
2020-04-21 10:00:00,Earth,629.0
2020-04-21 11:00:00,Earth,819.0
2020-04-21 12:00:00,Earth,581.0
2020-04-21 13:00:00,Earth,732.0
2020-04-21 14:00:00,Earth,1035.0
2020-04-21 15:00:00,Earth,1186.0
2020-04-21 16:00:00,Earth,954.0
2020-04-21 17:00:00,Earth,669.0
2020-04-21 18:00:00,Earth,703.0
2020-04-21 19:00:00,Earth,754.0
2020-04-21 20:00:00,Earth,714.0
2020-04-21 21:00:00,Earth,695.0
2020-04-21 22:00:00,Earth,665.0
2020-04-21 23:00:00,Earth,673.0
2020-04-22 00:00:00,Earth,646.0
2020-04-22 01:00:00,Earth,654.0
2020-04-22 02:00:00,Earth,614.0
2020-04-22 03:00:00,Earth,624.0
2020-04-22 04:00:00,Earth,608.0
2020-04-22 05:00:00,Earth,626.0
2020-04-22 06:00:00,Earth,615.0
2020-04-22 07:00:00,Earth,613.0
2020-04-22 08:00:00,Earth,615.0
2020-04-22 09:00:00,Earth,692.0
2020-04-22 10:00:00,Earth,757.0
2020-04-22 11:00:00,Earth,861.0
2020-04-22 12:00:00,Earth,874.0
2020-04-22 13:00:00,Earth,724.0
2020-04-22 14:00:00,Earth,960.0
2020-04-22 15:00:00,Earth,912.0
2020-04-22 16:00:00,Earth,1050.0
2020-04-22 17:00:00,Earth,1117.0
2020-04-22 18:00:00,Earth,915.0
2020-04-22 19:00:00,Earth,878.0
2020-04-22 20:00:00,Earth,763.0
2020-04-22 21:00:00,Earth,744.0
2020-04-22 22:00:00,Earth,795.0
2020-04-22 23:00:00,Earth,794.0
2020-04-23 00:00:00,Earth,771.0
2020-04-23 01:00:00,Earth,641.0
2020-04-23 02:00:00,Earth,632.0
2020-04-23 03:00:00,Earth,611.0
2020-04-23 04:00:00,Earth,611.0
2020-04-23 05:00:00,Earth,611.0
2020-04-23 06:00:00,Earth,665.0
2020-04-23 07:00:00,Earth,614.0
2020-04-23 08:00:00,Earth,606.0
2020-04-23 09:00:00,Earth,641.0
2020-04-23 10:00:00,Earth,923.0
2020-04-23 11:00:00,Earth,756.0
2020-04-23 12:00:00,Earth,733.0
2020-04-23 13:00:00,Earth,884.0
2020-04-23 14:00:00,Earth,861.0
2020-04-23 15:00:00,Earth,866.0
2020-04-23 16:00:00,Earth,729.0
2020-04-23 17:00:00,Earth,721.0
2020-04-23 18:00:00,Earth,827.0
2020-04-23 19:00:00,Earth,907.0
2020-04-23 20:00:00,Earth,958.0
2020-04-23 21:00:00,Earth,887.0
2020-04-23 22:00:00,Earth,840.0
2020-04-23 23:00:00,Earth,788.0
2020-04-24 00:00:00,Earth,779.0
2020-04-24 01:00:00,Earth,799.0
2020-04-24 02:00:00,Earth,717.0
2020-04-24 03:00:00,Earth,759.0
2020-04-24 04:00:00,Earth,717.0
2020-04-24 05:00:00,Earth,717.0
2020-04-24 06:00:00,Earth,724.0
2020-04-24 07:00:00,Earth,700.0
2020-04-24 08:00:00,Earth,692.0
2020-04-24 09:00:00,Earth,693.0
2020-04-24 10:00:00,Earth,764.0
2020-04-24 11:00:00,Earth,702.0
2020-04-24 12:00:00,Earth,733.0
2020-04-24 13:00:00,Earth,843.0
2020-04-24 14:00:00,Earth,765.0
2020-04-24 15:00:00,Earth,750.0
2020-04-24 16:00:00,Earth,752.0
2020-04-24 17:00:00,Earth,823.0
2020-04-24 18:00:00,Earth,689.0
2020-04-24 19:00:00,Earth,720.0
2020-04-24 20:00:00,Earth,793.0
2020-04-24 21:00:00,Earth,788.0
2020-04-24 22:00:00,Earth,804.0
2020-04-24 23:00:00,Earth,708.0
2020-04-25 00:00:00,Earth,724.0
2020-04-25 01:00:00,Earth,762.0
2020-04-25 02:00:00,Earth,751.0
2020-04-25 03:00:00,Earth,738.0
2020-04-25 04:00:00,Earth,690.0
2020-04-25 05:00:00,Earth,680.0
2020-04-25 06:00:00,Earth,688.0
2020-04-25 07:00:00,Earth,687.0
2020-04-25 08:00:00,Earth,689.0
2020-04-25 09:00:00,Earth,673.0
2020-04-25 10:00:00,Earth,767.0
2020-04-25 11:00:00,Earth,889.0
2020-04-25 12:00:00,Earth,897.0
2020-04-25 13:00:00,Earth,908.0
2020-04-25 14:00:00,Earth,939.0
2020-04-25 15:00:00,Earth,909.0
2020-04-25 16:00:00,Earth,942.0
2020-04-25 17:00:00,Earth,908.0
2020-04-25 18:00:00,Earth,958.0
2020-04-25 19:00:00,Earth,866.0
2020-04-25 20:00:00,Earth,842.0
2020-04-25 21:00:00,Earth,803.0
2020-04-25 22:00:00,Earth,776.0
2020-04-25 23:00:00,Earth,769.0
2020-04-26 00:00:00,Earth,846.0
2020-04-26 01:00:00,Earth,781.0
2020-04-26 02:00:00,Earth,673.0
2020-04-26 03:00:00,Earth,596.0
2020-04-26 04:00:00,Earth,604.0
2020-04-26 05:00:00,Earth,588.0
2020-04-26 06:00:00,Earth,603.0
2020-04-26 07:00:00,Earth,643.0
2020-04-26 08:00:00,Earth,619.0
2020-04-26 09:00:00,Earth,612.0
2020-04-26 10:00:00,Earth,616.0
2020-04-26 11:00:00,Earth,687.0
2020-04-26 12:00:00,Earth,701.0
2020-04-26 13:00:00,Earth,602.0
2020-04-26 14:00:00,Earth,647.0
2020-04-26 15:00:00,Earth,648.0
2020-04-26 16:00:00,Earth,715.0
2020-04-26 17:00:00,Earth,644.0
2020-04-26 18:00:00,Earth,687.0
2020-04-26 19:00:00,Earth,880.0
2020-04-26 20:00:00,Earth,1078.0
2020-04-26 21:00:00,Earth,1050.0
2020-04-26 22:00:00,Earth,1115.0
2020-04-26 23:00:00,Earth,1234.0
2020-04-27 00:00:00,Earth,1205.0
2020-04-27 01:00:00,Earth,1285.0
2020-04-27 02:00:00,Earth,1128.0
2020-04-27 03:00:00,Earth,1342.0
2020-04-27 04:00:00,Earth,1141.0
2020-04-27 05:00:00,Earth,925.0
2020-04-27 06:00:00,Earth,922.0
2020-04-27 07:00:00,Earth,909.0
2020-04-27 08:00:00,Earth,926.0
2020-04-27 09:00:00,Earth,851.0
2020-04-27 10:00:00,Earth,823.0
2020-04-27 11:00:00,Earth,985.0
2020-04-27 12:00:00,Earth,826.0
2020-04-27 13:00:00,Earth,836.0
2020-04-27 14:00:00,Earth,847.0
2020-04-27 15:00:00,Earth,705.0
2020-04-27 16:00:00,Earth,885.0
2020-04-27 17:00:00,Earth,774.0
2020-04-27 18:00:00,Earth,681.0
2020-04-27 19:00:00,Earth,635.0
2020-04-27 20:00:00,Earth,674.0
2020-04-27 21:00:00,Earth,682.0
2020-04-27 22:00:00,Earth,680.0
2020-04-27 23:00:00,Earth,673.0
2020-04-28 00:00:00,Earth,637.0
2020-04-28 01:00:00,Earth,735.0
2020-04-28 02:00:00,Earth,690.0
2020-04-28 03:00:00,Earth,678.0
2020-04-28 04:00:00,Earth,671.0
2020-04-28 05:00:00,Earth,671.0
2020-04-28 06:00:00,Earth,653.0
2020-04-28 07:00:00,Earth,664.0
2020-04-28 08:00:00,Earth,674.0
2020-04-28 09:00:00,Earth,671.0
2020-04-28 10:00:00,Earth,736.0
2020-04-28 11:00:00,Earth,1095.0
2020-04-28 12:00:00,Earth,832.0
2020-04-28 13:00:00,Earth,757.0
2020-04-28 14:00:00,Earth,1004.0
2020-04-28 15:00:00,Earth,1004.0
2020-04-28 16:00:00,Earth,1683.0
2020-04-28 17:00:00,Earth,1646.0
2020-04-28 18:00:00,Earth,1652.0
2020-04-28 19:00:00,Earth,1702.0
2020-04-28 20:00:00,Earth,1655.0
2020-04-28 21:00:00,Earth,1534.0
2020-04-28 22:00:00,Earth,1026.0
2020-04-28 23:00:00,Earth,698.0
2020-04-29 00:00:00,Earth,645.0
2020-04-29 01:00:00,Earth,641.0
2020-04-29 02:00:00,Earth,597.0
2020-04-29 03:00:00,Earth,650.0
2020-04-29 04:00:00,Earth,691.0
2020-04-29 05:00:00,Earth,773.0
2020-04-29 06:00:00,Earth,756.0
2020-04-29 07:00:00,Earth,687.0
2020-04-29 08:00:00,Earth,721.0
2020-04-29 09:00:00,Earth,835.0
2020-04-29 10:00:00,Earth,920.0
2020-04-29 11:00:00,Earth,962.0
2020-04-29 12:00:00,Earth,816.0
2020-04-29 13:00:00,Earth,939.0
2020-04-29 14:00:00,Earth,919.0
2020-04-29 15:00:00,Earth,790.0
2020-04-29 16:00:00,Earth,710.0
2020-04-29 17:00:00,Earth,898.0
2020-04-29 18:00:00,Earth,816.0
2020-04-29 19:00:00,Earth,769.0
2020-04-29 20:00:00,Earth,832.0
2020-04-29 21:00:00,Earth,783.0
2020-04-29 22:00:00,Earth,865.0
2020-04-29 23:00:00,Earth,893.0
2020-04-30 00:00:00,Earth,865.0
2020-04-30 01:00:00,Earth,772.0
2020-04-30 02:00:00,Earth,789.0
2020-04-30 03:00:00,Earth,813.0
2020-04-30 04:00:00,Earth,765.0
2020-04-30 05:00:00,Earth,706.0
2020-04-30 06:00:00,Earth,655.0
2020-04-30 07:00:00,Earth,686.0
2020-04-30 08:00:00,Earth,691.0
2020-04-30 09:00:00,Earth,810.0
2020-04-30 10:00:00,Earth,973.0
2020-04-30 11:00:00,Earth,875.0
2020-04-30 12:00:00,Earth,906.0
2020-04-30 13:00:00,Earth,905.0
2020-04-30 14:00:00,Earth,1055.0
2020-04-30 15:00:00,Earth,911.0
2020-04-30 16:00:00,Earth,1025.0
2020-04-30 17:00:00,Earth,802.0
2020-04-30 18:00:00,Earth,748.0
2020-04-30 19:00:00,Earth,697.0
2020-04-30 20:00:00,Earth,717.0
2020-04-30 21:00:00,Earth,634.0
2020-04-30 22:00:00,Earth,685.0
2020-04-30 23:00:00,Earth,636.0
2020-05-01 00:00:00,Earth,772.0
2020-05-01 01:00:00,Earth,628.0
2020-05-01 02:00:00,Earth,568.0
2020-05-01 03:00:00,Earth,546.0
2020-05-01 04:00:00,Earth,638.0
2020-05-01 05:00:00,Earth,608.0
2020-05-01 06:00:00,Earth,601.0
2020-05-01 07:00:00,Earth,607.0
2020-05-01 08:00:00,Earth,579.0
2020-05-01 09:00:00,Earth,593.0
2020-05-01 10:00:00,Earth,721.0
2020-05-01 11:00:00,Earth,635.0
2020-05-01 12:00:00,Earth,626.0
2020-05-01 13:00:00,Earth,576.0
2020-05-01 14:00:00,Earth,588.0
2020-05-01 15:00:00,Earth,605.0
2020-05-01 16:00:00,Earth,1095.0
2020-05-01 17:00:00,Earth,973.0
2020-05-01 18:00:00,Earth,931.0
2020-05-01 19:00:00,Earth,802.0
2020-05-01 20:00:00,Earth,1012.0
2020-05-01 21:00:00,Earth,897.0
2020-05-01 22:00:00,Earth,796.0
2020-05-01 23:00:00,Earth,628.0
2020-05-02 00:00:00,Earth,907.0
2020-05-02 01:00:00,Earth,1118.0
2020-05-02 02:00:00,Earth,1114.0
2020-05-02 03:00:00,Earth,1132.0
2020-05-02 04:00:00,Earth,1125.0
2020-05-02 05:00:00,Earth,1123.0
2020-05-02 06:00:00,Earth,988.0
2020-05-02 07:00:00,Earth,534.0
2020-05-02 08:00:00,Earth,505.0
2020-05-02 09:00:00,Earth,514.0
2020-05-02 10:00:00,Earth,503.0
2020-05-02 11:00:00,Earth,540.0
2020-05-02 12:00:00,Earth,564.0
2020-05-02 13:00:00,Earth,733.0
2020-05-02 14:00:00,Earth,724.0
2020-05-02 15:00:00,Earth,828.0
2020-05-02 16:00:00,Earth,777.0
2020-05-02 17:00:00,Earth,727.0
2020-05-02 18:00:00,Earth,799.0
2020-05-02 19:00:00,Earth,704.0
2020-05-02 20:00:00,Earth,763.0
2020-05-02 21:00:00,Earth,735.0
2020-05-02 22:00:00,Earth,812.0
2020-05-02 23:00:00,Earth,790.0
2020-05-03 00:00:00,Earth,876.0
2020-05-03 01:00:00,Earth,873.0
2020-05-03 02:00:00,Earth,697.0
2020-05-03 03:00:00,Earth,571.0
2020-05-03 04:00:00,Earth,530.0
2020-05-03 05:00:00,Earth,530.0
2020-05-03 06:00:00,Earth,515.0
2020-05-03 07:00:00,Earth,549.0
2020-05-03 08:00:00,Earth,636.0
2020-05-03 09:00:00,Earth,552.0
2020-05-03 10:00:00,Earth,569.0
2020-05-03 11:00:00,Earth,877.0
2020-05-03 12:00:00,Earth,924.0
2020-05-03 13:00:00,Earth,1092.0
2020-05-03 14:00:00,Earth,893.0
2020-05-03 15:00:00,Earth,811.0
2020-05-03 16:00:00,Earth,885.0
2020-05-03 17:00:00,Earth,805.0
2020-05-03 18:00:00,Earth,972.0
2020-05-03 19:00:00,Earth,838.0
2020-05-03 20:00:00,Earth,826.0
2020-05-03 21:00:00,Earth,795.0
2020-05-03 22:00:00,Earth,894.0
2020-05-03 23:00:00,Earth,790.0
2020-05-04 00:00:00,Earth,862.0
2020-05-04 01:00:00,Earth,836.0
2020-05-04 02:00:00,Earth,618.0
2020-05-04 03:00:00,Earth,514.0
2020-05-04 04:00:00,Earth,554.0
2020-05-04 05:00:00,Earth,458.0
2020-05-04 06:00:00,Earth,450.0
2020-05-04 07:00:00,Earth,458.0
2020-05-04 08:00:00,Earth,450.0
2020-05-04 09:00:00,Earth,450.0
2020-05-04 10:00:00,Earth,631.0
2020-05-04 11:00:00,Earth,494.0
2020-05-04 12:00:00,Earth,547.0
2020-05-04 13:00:00,Earth,466.0
2020-05-04 14:00:00,Earth,490.0
2020-05-04 15:00:00,Earth,515.0
2020-05-04 16:00:00,Earth,488.0
2020-05-04 17:00:00,Earth,571.0
2020-05-04 18:00:00,Earth,442.0
2020-05-04 19:00:00,Earth,465.0
2020-05-04 20:00:00,Earth,874.0
2020-05-04 21:00:00,Earth,451.0
2020-05-04 22:00:00,Earth,515.0
2020-05-04 23:00:00,Earth,494.0
2020-05-05 00:00:00,Earth,487.0
2020-05-05 01:00:00,Earth,529.0
2020-05-05 02:00:00,Earth,457.0
2020-05-05 03:00:00,Earth,465.0
2020-05-05 04:00:00,Earth,449.0
2020-05-05 05:00:00,Earth,449.0
2020-05-05 06:00:00,Earth,457.0
2020-05-05 07:00:00,Earth,457.0
2020-05-05 08:00:00,Earth,449.0
2020-05-05 09:00:00,Earth,553.0
2020-05-05 10:00:00,Earth,525.0
2020-05-05 11:00:00,Earth,522.0
2020-05-05 12:00:00,Earth,544.0
2020-05-05 13:00:00,Earth,439.0
2020-05-05 14:00:00,Earth,475.0
2020-05-05 15:00:00,Earth,500.0
2020-05-05 16:00:00,Earth,511.0
2020-05-05 17:00:00,Earth,530.0
2020-05-05 18:00:00,Earth,535.0
2020-05-05 19:00:00,Earth,606.0
2020-05-05 20:00:00,Earth,539.0
2020-05-05 21:00:00,Earth,559.0
2020-05-05 22:00:00,Earth,483.0
2020-05-05 23:00:00,Earth,484.0
2020-05-06 00:00:00,Earth,489.0
2020-05-06 01:00:00,Earth,505.0
2020-05-06 02:00:00,Earth,487.0
2020-05-06 03:00:00,Earth,471.0
2020-05-06 04:00:00,Earth,462.0
2020-05-06 05:00:00,Earth,478.0
2020-05-06 06:00:00,Earth,454.0
2020-05-06 07:00:00,Earth,478.0
2020-05-06 08:00:00,Earth,471.0
2020-05-06 09:00:00,Earth,633.0
2020-05-06 10:00:00,Earth,718.0
2020-05-06 11:00:00,Earth,625.0
2020-05-06 12:00:00,Earth,541.0
2020-05-06 13:00:00,Earth,569.0
2020-05-06 14:00:00,Earth,673.0
2020-05-06 15:00:00,Earth,878.0
2020-05-06 16:00:00,Earth,1034.0
2020-05-06 17:00:00,Earth,1032.0
2020-05-06 18:00:00,Earth,957.0
2020-05-06 19:00:00,Earth,1046.0
2020-05-06 20:00:00,Earth,1019.0
2020-05-06 21:00:00,Earth,936.0
2020-05-06 22:00:00,Earth,913.0
2020-05-06 23:00:00,Earth,914.0
2020-05-07 00:00:00,Earth,852.0
2020-05-07 01:00:00,Earth,873.0
2020-05-07 02:00:00,Earth,695.0
2020-05-07 03:00:00,Earth,745.0
2020-05-07 04:00:00,Earth,777.0
2020-05-07 05:00:00,Earth,689.0
2020-05-07 06:00:00,Earth,679.0
2020-05-07 07:00:00,Earth,675.0
2020-05-07 08:00:00,Earth,729.0
2020-05-07 09:00:00,Earth,789.0
2020-05-07 10:00:00,Earth,648.0
2020-05-07 11:00:00,Earth,887.0
2020-05-07 12:00:00,Earth,833.0
2020-05-07 13:00:00,Earth,607.0
2020-05-07 14:00:00,Earth,697.0
2020-05-07 15:00:00,Earth,949.0
2020-05-07 16:00:00,Earth,1091.0
2020-05-07 17:00:00,Earth,1112.0
2020-05-07 18:00:00,Earth,1284.0
2020-05-07 19:00:00,Earth,1240.0
2020-05-07 20:00:00,Earth,1353.0
2020-05-07 21:00:00,Earth,1235.0
2020-05-07 22:00:00,Earth,1175.0
2020-05-07 23:00:00,Earth,1200.0
2020-05-08 00:00:00,Earth,1159.0
2020-05-08 01:00:00,Earth,1066.0
2020-05-08 02:00:00,Earth,988.0
2020-05-08 03:00:00,Earth,887.0
2020-05-08 04:00:00,Earth,655.0
2020-05-08 05:00:00,Earth,623.0
2020-05-08 06:00:00,Earth,574.0
2020-05-08 07:00:00,Earth,558.0
2020-05-08 08:00:00,Earth,592.0
2020-05-08 09:00:00,Earth,585.0
2020-05-08 10:00:00,Earth,675.0
2020-05-08 11:00:00,Earth,767.0
2020-05-08 12:00:00,Earth,669.0
2020-05-08 13:00:00,Earth,804.0
2020-05-08 14:00:00,Earth,819.0
2020-05-08 15:00:00,Earth,726.0
2020-05-08 16:00:00,Earth,662.0
2020-05-08 17:00:00,Earth,917.0
2020-05-08 18:00:00,Earth,964.0
2020-05-08 19:00:00,Earth,1003.0
2020-05-08 20:00:00,Earth,1158.0
2020-05-08 21:00:00,Earth,1055.0
2020-05-08 22:00:00,Earth,922.0
2020-05-08 23:00:00,Earth,861.0
2020-05-09 00:00:00,Earth,998.0
2020-05-09 01:00:00,Earth,1056.0
2020-05-09 02:00:00,Earth,1086.0
2020-05-09 03:00:00,Earth,1111.0
2020-05-09 04:00:00,Earth,992.0
2020-05-09 05:00:00,Earth,1021.0
2020-05-09 06:00:00,Earth,888.0
2020-05-09 07:00:00,Earth,882.0
2020-05-09 08:00:00,Earth,742.0
2020-05-09 09:00:00,Earth,830.0
2020-05-09 10:00:00,Earth,640.0
2020-05-09 11:00:00,Earth,719.0
2020-05-09 12:00:00,Earth,803.0
2020-05-09 13:00:00,Earth,757.0
2020-05-09 14:00:00,Earth,933.0
2020-05-09 15:00:00,Earth,813.0
2020-05-09 16:00:00,Earth,934.0
2020-05-09 17:00:00,Earth,1044.0
2020-05-09 18:00:00,Earth,777.0
2020-05-09 19:00:00,Earth,691.0
2020-05-09 20:00:00,Earth,738.0
2020-05-09 21:00:00,Earth,811.0
2020-05-09 22:00:00,Earth,696.0
2020-05-09 23:00:00,Earth,667.0
2020-05-10 00:00:00,Earth,840.0
2020-05-10 01:00:00,Earth,6720.0
2020-05-10 02:00:00,Earth,5040.0
2020-05-10 03:00:00,Earth,864.0
2020-05-10 04:00:00,Earth,0.0
2020-05-10 05:00:00,Earth,0.0
2020-05-10 06:00:00,Earth,0.0
2020-05-10 07:00:00,Earth,0.0
2020-05-10 08:00:00,Earth,0.0
2020-05-10 09:00:00,Earth,0.0
2020-05-10 10:00:00,Earth,0.0
2020-05-10 11:00:00,Earth,0.0
2020-05-10 12:00:00,Earth,3336.0
2020-05-10 13:00:00,Earth,16.0
2020-05-10 14:00:00,Earth,0.0
2020-05-10 15:00:00,Earth,0.0
2020-05-10 16:00:00,Earth,0.0
2020-05-10 17:00:00,Earth,0.0
2020-05-10 18:00:00,Earth,1.0
2020-05-10 19:00:00,Earth,4961.0
2020-05-10 20:00:00,Earth,3649.0
2020-05-10 21:00:00,Earth,2049.0
2020-05-10 22:00:00,Earth,3072.0
2020-05-10 23:00:00,Earth,1024.0
2020-05-11 00:00:00,Earth,1015.0
2020-05-11 01:00:00,Earth,435.0
2020-05-11 02:00:00,Earth,416.0
2020-05-11 03:00:00,Earth,413.0
2020-05-11 04:00:00,Earth,403.0
2020-05-11 05:00:00,Earth,394.0
2020-05-11 06:00:00,Earth,394.0
2020-05-11 07:00:00,Earth,394.0
2020-05-11 08:00:00,Earth,519.0
2020-05-11 09:00:00,Earth,673.0
2020-05-11 10:00:00,Earth,533.0
2020-05-11 11:00:00,Earth,634.0
2020-05-11 12:00:00,Earth,596.0
2020-05-11 13:00:00,Earth,591.0
2020-05-11 14:00:00,Earth,760.0
2020-05-11 15:00:00,Earth,687.0
2020-05-11 16:00:00,Earth,752.0
2020-05-11 17:00:00,Earth,689.0
2020-05-11 18:00:00,Earth,598.0
2020-05-11 19:00:00,Earth,686.0
2020-05-11 20:00:00,Earth,601.0
2020-05-11 21:00:00,Earth,675.0
2020-05-11 22:00:00,Earth,618.0
2020-05-11 23:00:00,Earth,594.0
2020-05-12 00:00:00,Earth,641.0
2020-05-12 01:00:00,Earth,651.0
2020-05-12 02:00:00,Earth,571.0
2020-05-12 03:00:00,Earth,532.0
2020-05-12 04:00:00,Earth,533.0
2020-05-12 05:00:00,Earth,516.0
2020-05-12 06:00:00,Earth,524.0
2020-05-12 07:00:00,Earth,500.0
2020-05-12 08:00:00,Earth,508.0
2020-05-12 09:00:00,Earth,609.0
2020-05-12 10:00:00,Earth,614.0
2020-05-12 11:00:00,Earth,758.0
2020-05-12 12:00:00,Earth,744.0
2020-05-12 13:00:00,Earth,672.0
2020-05-12 14:00:00,Earth,3130.0
2020-05-12 15:00:00,Earth,24.0
2020-05-12 16:00:00,Earth,1027.0
2020-05-12 17:00:00,Earth,689.0
2020-05-12 18:00:00,Earth,622.0
2020-05-12 19:00:00,Earth,745.0
2020-05-12 20:00:00,Earth,681.0
2020-05-12 21:00:00,Earth,684.0
2020-05-12 22:00:00,Earth,688.0
2020-05-12 23:00:00,Earth,668.0
2020-05-13 00:00:00,Earth,665.0
2020-05-13 01:00:00,Earth,576.0
2020-05-13 02:00:00,Earth,582.0
2020-05-13 03:00:00,Earth,566.0
2020-05-13 04:00:00,Earth,554.0
2020-05-13 05:00:00,Earth,537.0
2020-05-13 06:00:00,Earth,545.0
2020-05-13 07:00:00,Earth,585.0
2020-05-13 08:00:00,Earth,545.0
2020-05-13 09:00:00,Earth,575.0
2020-05-13 10:00:00,Earth,644.0
2020-05-13 11:00:00,Earth,761.0
2020-05-13 12:00:00,Earth,655.0
2020-05-13 13:00:00,Earth,614.0
2020-05-13 14:00:00,Earth,681.0
2020-05-13 15:00:00,Earth,857.0
2020-05-13 16:00:00,Earth,797.0
2020-05-13 17:00:00,Earth,677.0
2020-05-13 18:00:00,Earth,649.0
2020-05-13 19:00:00,Earth,748.0
2020-05-13 20:00:00,Earth,729.0
2020-05-13 21:00:00,Earth,703.0
2020-05-13 22:00:00,Earth,690.0
2020-05-13 23:00:00,Earth,717.0
2020-05-14 00:00:00,Earth,727.0
2020-05-14 01:00:00,Earth,634.0
2020-05-14 02:00:00,Earth,686.0
2020-05-14 03:00:00,Earth,533.0
2020-05-14 04:00:00,Earth,516.0
2020-05-14 05:00:00,Earth,724.0
2020-05-14 06:00:00,Earth,579.0
2020-05-14 07:00:00,Earth,577.0
2020-05-14 08:00:00,Earth,558.0
2020-05-14 09:00:00,Earth,590.0
2020-05-14 10:00:00,Earth,832.0
2020-05-14 11:00:00,Earth,932.0
2020-05-14 12:00:00,Earth,774.0
2020-05-14 13:00:00,Earth,913.0
2020-05-14 14:00:00,Earth,781.0
2020-05-14 15:00:00,Earth,865.0
2020-05-14 16:00:00,Earth,1027.0
2020-05-14 17:00:00,Earth,1006.0
2020-05-14 18:00:00,Earth,885.0
2020-05-14 19:00:00,Earth,795.0
2020-05-14 20:00:00,Earth,849.0
2020-05-14 21:00:00,Earth,907.0
2020-05-14 22:00:00,Earth,817.0
2020-05-14 23:00:00,Earth,870.0
2020-05-15 00:00:00,Earth,789.0
2020-05-15 01:00:00,Earth,845.0
2020-05-15 02:00:00,Earth,691.0
2020-05-15 03:00:00,Earth,732.0
2020-05-15 04:00:00,Earth,612.0
2020-05-15 05:00:00,Earth,596.0
2020-05-15 06:00:00,Earth,579.0
2020-05-15 07:00:00,Earth,638.0
2020-05-15 08:00:00,Earth,770.0
2020-05-15 09:00:00,Earth,777.0
2020-05-15 10:00:00,Earth,811.0
2020-05-15 11:00:00,Earth,897.0
2020-05-15 12:00:00,Earth,705.0
2020-05-15 13:00:00,Earth,845.0
2020-05-15 14:00:00,Earth,988.0
2020-05-15 15:00:00,Earth,783.0
2020-05-15 16:00:00,Earth,888.0
2020-05-15 17:00:00,Earth,941.0
2020-05-15 18:00:00,Earth,854.0
2020-05-15 19:00:00,Earth,878.0
2020-05-15 20:00:00,Earth,865.0
2020-05-15 21:00:00,Earth,861.0
2020-05-15 22:00:00,Earth,769.0
2020-05-15 23:00:00,Earth,930.0
2020-05-16 00:00:00,Earth,997.0
2020-05-16 01:00:00,Earth,797.0
2020-05-16 02:00:00,Earth,709.0
2020-05-16 03:00:00,Earth,773.0
2020-05-16 04:00:00,Earth,689.0
2020-05-16 05:00:00,Earth,688.0
2020-05-16 06:00:00,Earth,684.0
2020-05-16 07:00:00,Earth,700.0
2020-05-16 08:00:00,Earth,756.0
2020-05-16 09:00:00,Earth,689.0
2020-05-16 10:00:00,Earth,721.0
2020-05-16 11:00:00,Earth,808.0
2020-05-16 12:00:00,Earth,778.0
2020-05-16 13:00:00,Earth,748.0
2020-05-16 14:00:00,Earth,708.0
2020-05-16 15:00:00,Earth,761.0
2020-05-16 16:00:00,Earth,770.0
2020-05-16 17:00:00,Earth,802.0
2020-05-16 18:00:00,Earth,822.0
2020-05-16 19:00:00,Earth,770.0
2020-05-16 20:00:00,Earth,669.0
2020-05-16 21:00:00,Earth,782.0
2020-05-16 22:00:00,Earth,751.0
2020-05-16 23:00:00,Earth,795.0
2020-05-17 00:00:00,Earth,713.0
2020-05-17 01:00:00,Earth,748.0
2020-05-17 02:00:00,Earth,664.0
2020-05-17 03:00:00,Earth,628.0
2020-05-17 04:00:00,Earth,576.0
2020-05-17 05:00:00,Earth,560.0
2020-05-17 06:00:00,Earth,592.0
2020-05-17 07:00:00,Earth,558.0
2020-05-17 08:00:00,Earth,590.0
2020-05-17 09:00:00,Earth,534.0
2020-05-17 10:00:00,Earth,582.0
2020-05-17 11:00:00,Earth,657.0
2020-05-17 12:00:00,Earth,765.0
2020-05-17 13:00:00,Earth,618.0
2020-05-17 14:00:00,Earth,597.0
2020-05-17 15:00:00,Earth,620.0
2020-05-17 16:00:00,Earth,580.0
2020-05-17 17:00:00,Earth,688.0
2020-05-17 18:00:00,Earth,599.0
2020-05-17 19:00:00,Earth,638.0
2020-05-17 20:00:00,Earth,610.0
2020-05-17 21:00:00,Earth,738.0
2020-05-17 22:00:00,Earth,756.0
2020-05-17 23:00:00,Earth,735.0
2020-05-18 00:00:00,Earth,666.0
2020-05-18 01:00:00,Earth,659.0
2020-05-18 02:00:00,Earth,667.0
2020-05-18 03:00:00,Earth,635.0
2020-05-18 04:00:00,Earth,659.0
2020-05-18 05:00:00,Earth,650.0
2020-05-18 06:00:00,Earth,698.0
2020-05-18 07:00:00,Earth,682.0
2020-05-18 08:00:00,Earth,668.0
2020-05-18 09:00:00,Earth,707.0
2020-05-18 10:00:00,Earth,884.0
2020-05-18 11:00:00,Earth,923.0
2020-05-18 12:00:00,Earth,824.0
2020-05-18 13:00:00,Earth,801.0
2020-05-18 14:00:00,Earth,868.0
2020-05-18 15:00:00,Earth,907.0
2020-05-18 16:00:00,Earth,780.0
2020-05-18 17:00:00,Earth,859.0
2020-05-18 18:00:00,Earth,797.0
2020-05-18 19:00:00,Earth,792.0
2020-05-18 20:00:00,Earth,1004.0
2020-05-18 21:00:00,Earth,1088.0
2020-05-18 22:00:00,Earth,1058.0
2020-05-18 23:00:00,Earth,800.0
2020-05-19 00:00:00,Earth,815.0
2020-05-19 01:00:00,Earth,753.0
2020-05-19 02:00:00,Earth,738.0
2020-05-19 03:00:00,Earth,698.0
2020-05-19 04:00:00,Earth,684.0
2020-05-19 05:00:00,Earth,658.0
2020-05-19 06:00:00,Earth,644.0
2020-05-19 07:00:00,Earth,627.0
2020-05-19 08:00:00,Earth,670.0
2020-05-19 09:00:00,Earth,744.0
2020-05-19 10:00:00,Earth,808.0
2020-05-19 11:00:00,Earth,883.0
2020-05-19 12:00:00,Earth,728.0
2020-05-19 13:00:00,Earth,762.0
2020-05-19 14:00:00,Earth,829.0
2020-05-19 15:00:00,Earth,959.0
2020-05-19 16:00:00,Earth,904.0
2020-05-19 17:00:00,Earth,855.0
2020-05-19 18:00:00,Earth,905.0
2020-05-19 19:00:00,Earth,891.0
2020-05-19 20:00:00,Earth,955.0
2020-05-19 21:00:00,Earth,846.0
2020-05-19 22:00:00,Earth,833.0
2020-05-19 23:00:00,Earth,872.0
2020-05-20 00:00:00,Earth,780.0
2020-05-20 01:00:00,Earth,958.0
2020-05-20 02:00:00,Earth,762.0
2020-05-20 03:00:00,Earth,810.0
2020-05-20 04:00:00,Earth,739.0
2020-05-20 05:00:00,Earth,706.0
2020-05-20 06:00:00,Earth,675.0
2020-05-20 07:00:00,Earth,674.0
2020-05-20 08:00:00,Earth,698.0
2020-05-20 09:00:00,Earth,768.0
2020-05-20 10:00:00,Earth,999.0
2020-05-20 11:00:00,Earth,752.0
2020-05-20 12:00:00,Earth,948.0
2020-05-20 13:00:00,Earth,860.0
2020-05-20 14:00:00,Earth,932.0
2020-05-20 15:00:00,Earth,969.0
2020-05-20 16:00:00,Earth,872.0
2020-05-20 17:00:00,Earth,1060.0
2020-05-20 18:00:00,Earth,982.0
2020-05-20 19:00:00,Earth,1005.0
2020-05-20 20:00:00,Earth,941.0
2020-05-20 21:00:00,Earth,949.0
2020-05-20 22:00:00,Earth,865.0
2020-05-20 23:00:00,Earth,834.0
2020-05-21 00:00:00,Earth,895.0
2020-05-21 01:00:00,Earth,991.0
2020-05-21 02:00:00,Earth,690.0
2020-05-21 03:00:00,Earth,656.0
2020-05-21 04:00:00,Earth,660.0
2020-05-21 05:00:00,Earth,652.0
2020-05-21 06:00:00,Earth,644.0
2020-05-21 07:00:00,Earth,599.0
2020-05-21 08:00:00,Earth,632.0
2020-05-21 09:00:00,Earth,805.0
2020-05-21 10:00:00,Earth,687.0
2020-05-21 11:00:00,Earth,814.0
2020-05-21 12:00:00,Earth,799.0
2020-05-21 13:00:00,Earth,790.0
2020-05-21 14:00:00,Earth,795.0
2020-05-21 15:00:00,Earth,895.0
2020-05-21 16:00:00,Earth,896.0
2020-05-21 17:00:00,Earth,906.0
2020-05-21 18:00:00,Earth,848.0
2020-05-21 19:00:00,Earth,870.0
2020-05-21 20:00:00,Earth,809.0
2020-05-21 21:00:00,Earth,1126.0
2020-05-21 22:00:00,Earth,937.0
2020-05-21 23:00:00,Earth,788.0
2020-05-22 00:00:00,Earth,865.0
2020-05-22 01:00:00,Earth,828.0
2020-05-22 02:00:00,Earth,838.0
2020-05-22 03:00:00,Earth,762.0
2020-05-22 04:00:00,Earth,721.0
2020-05-22 05:00:00,Earth,715.0
2020-05-22 06:00:00,Earth,721.0
2020-05-22 07:00:00,Earth,702.0
2020-05-22 08:00:00,Earth,692.0
2020-05-22 09:00:00,Earth,840.0
2020-05-22 10:00:00,Earth,783.0
2020-05-22 11:00:00,Earth,787.0
2020-05-22 12:00:00,Earth,850.0
2020-05-22 13:00:00,Earth,778.0
2020-05-22 14:00:00,Earth,752.0
2020-05-22 15:00:00,Earth,803.0
2020-05-22 16:00:00,Earth,808.0
2020-05-22 17:00:00,Earth,797.0
2020-05-22 18:00:00,Earth,770.0
2020-05-22 19:00:00,Earth,789.0
2020-05-22 20:00:00,Earth,825.0
2020-05-22 21:00:00,Earth,738.0
2020-05-22 22:00:00,Earth,812.0
2020-05-22 23:00:00,Earth,776.0
2020-05-23 00:00:00,Earth,699.0
2020-05-23 01:00:00,Earth,698.0
2020-05-23 02:00:00,Earth,704.0
2020-05-23 03:00:00,Earth,696.0
2020-05-23 04:00:00,Earth,695.0
2020-05-23 05:00:00,Earth,707.0
2020-05-23 06:00:00,Earth,675.0
2020-05-23 07:00:00,Earth,682.0
2020-05-23 08:00:00,Earth,690.0
2020-05-23 09:00:00,Earth,714.0
2020-05-23 10:00:00,Earth,698.0
2020-05-23 11:00:00,Earth,714.0
2020-05-23 12:00:00,Earth,698.0
2020-05-23 13:00:00,Earth,701.0
2020-05-23 14:00:00,Earth,673.0
2020-05-23 15:00:00,Earth,679.0
2020-05-23 16:00:00,Earth,728.0
2020-05-23 17:00:00,Earth,671.0
2020-05-23 18:00:00,Earth,660.0
2020-05-23 19:00:00,Earth,696.0
2020-05-23 20:00:00,Earth,726.0
2020-05-23 21:00:00,Earth,709.0
2020-05-23 22:00:00,Earth,716.0
2020-05-23 23:00:00,Earth,705.0
2020-05-24 00:00:00,Earth,744.0
2020-05-24 01:00:00,Earth,680.0
2020-05-24 02:00:00,Earth,688.0
2020-05-24 03:00:00,Earth,658.0
2020-05-24 04:00:00,Earth,668.0
2020-05-24 05:00:00,Earth,653.0
2020-05-24 06:00:00,Earth,653.0
2020-05-24 07:00:00,Earth,633.0
2020-05-24 08:00:00,Earth,612.0
2020-05-24 09:00:00,Earth,610.0
2020-05-24 10:00:00,Earth,683.0
2020-05-24 11:00:00,Earth,697.0
2020-05-24 12:00:00,Earth,829.0
2020-05-24 13:00:00,Earth,756.0
2020-05-24 14:00:00,Earth,916.0
2020-05-24 15:00:00,Earth,898.0
2020-05-24 16:00:00,Earth,977.0
2020-05-24 17:00:00,Earth,695.0
2020-05-24 18:00:00,Earth,612.0
2020-05-24 19:00:00,Earth,612.0
2020-05-24 20:00:00,Earth,736.0
2020-05-24 21:00:00,Earth,827.0
2020-05-24 22:00:00,Earth,759.0
2020-05-24 23:00:00,Earth,779.0
2020-05-25 00:00:00,Earth,845.0
2020-05-25 01:00:00,Earth,708.0
2020-05-25 02:00:00,Earth,628.0
2020-05-25 03:00:00,Earth,593.0
2020-05-25 04:00:00,Earth,601.0
2020-05-25 05:00:00,Earth,608.0
2020-05-25 06:00:00,Earth,600.0
2020-05-25 07:00:00,Earth,584.0
2020-05-25 08:00:00,Earth,577.0
2020-05-25 09:00:00,Earth,646.0
2020-05-25 10:00:00,Earth,689.0
2020-05-25 11:00:00,Earth,899.0
2020-05-25 12:00:00,Earth,787.0
2020-05-25 13:00:00,Earth,837.0
2020-05-25 14:00:00,Earth,840.0
2020-05-25 15:00:00,Earth,846.0
2020-05-25 16:00:00,Earth,811.0
2020-05-25 17:00:00,Earth,751.0
2020-05-25 18:00:00,Earth,788.0
2020-05-25 19:00:00,Earth,759.0
2020-05-25 20:00:00,Earth,699.0
2020-05-25 21:00:00,Earth,817.0
2020-05-25 22:00:00,Earth,801.0
2020-05-25 23:00:00,Earth,759.0
2020-05-26 00:00:00,Earth,838.0
2020-05-26 01:00:00,Earth,861.0
2020-05-26 02:00:00,Earth,845.0
2020-05-26 03:00:00,Earth,922.0
2020-05-26 04:00:00,Earth,817.0
2020-05-26 05:00:00,Earth,703.0
2020-05-26 06:00:00,Earth,664.0
2020-05-26 07:00:00,Earth,628.0
2020-05-26 08:00:00,Earth,604.0
2020-05-26 09:00:00,Earth,728.0
2020-05-26 10:00:00,Earth,625.0
2020-05-26 11:00:00,Earth,957.0
2020-05-26 12:00:00,Earth,900.0
2020-05-26 13:00:00,Earth,921.0
2020-05-26 14:00:00,Earth,786.0
2020-05-26 15:00:00,Earth,1020.0
2020-05-26 16:00:00,Earth,927.0
2020-05-26 17:00:00,Earth,720.0
2020-05-26 18:00:00,Earth,1141.0
2020-05-26 19:00:00,Earth,1615.0
2020-05-26 20:00:00,Earth,1509.0
2020-05-26 21:00:00,Earth,1568.0
2020-05-26 22:00:00,Earth,1480.0
2020-05-26 23:00:00,Earth,1399.0
2020-05-27 00:00:00,Earth,1243.0
2020-05-27 01:00:00,Earth,1004.0
2020-05-27 02:00:00,Earth,804.0
2020-05-27 03:00:00,Earth,826.0
2020-05-27 04:00:00,Earth,777.0
2020-05-27 05:00:00,Earth,696.0
2020-05-27 06:00:00,Earth,679.0
2020-05-27 07:00:00,Earth,622.0
2020-05-27 08:00:00,Earth,627.0
2020-05-27 09:00:00,Earth,1229.0
2020-05-27 10:00:00,Earth,1598.0
2020-05-27 11:00:00,Earth,1694.0
2020-05-27 12:00:00,Earth,1824.0
2020-05-27 13:00:00,Earth,1379.0
2020-05-27 14:00:00,Earth,692.0
2020-05-27 15:00:00,Earth,705.0
2020-05-27 16:00:00,Earth,828.0
2020-05-27 17:00:00,Earth,722.0
2020-05-27 18:00:00,Earth,699.0
2020-05-27 19:00:00,Earth,735.0
2020-05-27 20:00:00,Earth,680.0
2020-05-27 21:00:00,Earth,556.0
2020-05-27 22:00:00,Earth,640.0
2020-05-27 23:00:00,Earth,764.0
2020-05-28 00:00:00,Earth,696.0
2020-05-28 01:00:00,Earth,616.0
2020-05-28 02:00:00,Earth,598.0
2020-05-28 03:00:00,Earth,610.0
2020-05-28 04:00:00,Earth,636.0
2020-05-28 05:00:00,Earth,597.0
2020-05-28 06:00:00,Earth,604.0
2020-05-28 07:00:00,Earth,571.0
2020-05-28 08:00:00,Earth,612.0
2020-05-28 09:00:00,Earth,625.0
2020-05-28 10:00:00,Earth,703.0
2020-05-28 11:00:00,Earth,677.0
2020-05-28 12:00:00,Earth,699.0
2020-05-28 13:00:00,Earth,753.0
2020-05-28 14:00:00,Earth,872.0
2020-05-28 15:00:00,Earth,884.0
2020-05-28 16:00:00,Earth,1078.0
2020-05-28 17:00:00,Earth,1016.0
2020-05-28 18:00:00,Earth,1004.0
2020-05-28 19:00:00,Earth,989.0
2020-05-28 20:00:00,Earth,1271.0
2020-05-28 21:00:00,Earth,1378.0
2020-05-28 22:00:00,Earth,1068.0
2020-05-28 23:00:00,Earth,1220.0
2020-05-29 00:00:00,Earth,1232.0
2020-05-29 01:00:00,Earth,1297.0
2020-05-29 02:00:00,Earth,1050.0
2020-05-29 03:00:00,Earth,1111.0
2020-05-29 04:00:00,Earth,1120.0
2020-05-29 05:00:00,Earth,1020.0
2020-05-29 06:00:00,Earth,1030.0
2020-05-29 07:00:00,Earth,930.0
2020-05-29 08:00:00,Earth,814.0
2020-05-29 09:00:00,Earth,834.0
2020-05-29 10:00:00,Earth,717.0
2020-05-29 11:00:00,Earth,564.0
2020-05-29 12:00:00,Earth,558.0
2020-05-29 13:00:00,Earth,744.0
2020-05-29 14:00:00,Earth,852.0
2020-05-29 15:00:00,Earth,871.0
2020-05-29 16:00:00,Earth,865.0
2020-05-29 17:00:00,Earth,814.0
2020-05-29 18:00:00,Earth,835.0
2020-05-29 19:00:00,Earth,866.0
2020-05-29 20:00:00,Earth,863.0
2020-05-29 21:00:00,Earth,847.0
2020-05-29 22:00:00,Earth,835.0
2020-05-29 23:00:00,Earth,757.0
2020-05-30 00:00:00,Earth,734.0
2020-05-30 01:00:00,Earth,793.0
2020-05-30 02:00:00,Earth,700.0
2020-05-30 03:00:00,Earth,699.0
2020-05-30 04:00:00,Earth,704.0
2020-05-30 05:00:00,Earth,690.0
2020-05-30 06:00:00,Earth,674.0
2020-05-30 07:00:00,Earth,661.0
2020-05-30 08:00:00,Earth,646.0
2020-05-30 09:00:00,Earth,585.0
2020-05-30 10:00:00,Earth,741.0
2020-05-30 11:00:00,Earth,735.0
2020-05-30 12:00:00,Earth,769.0
2020-05-30 13:00:00,Earth,772.0
2020-05-30 14:00:00,Earth,610.0
2020-05-30 15:00:00,Earth,558.0
2020-05-30 16:00:00,Earth,547.0
2020-05-30 17:00:00,Earth,556.0
2020-05-30 18:00:00,Earth,569.0
2020-05-30 19:00:00,Earth,570.0
2020-05-30 20:00:00,Earth,477.0
2020-05-30 21:00:00,Earth,483.0
2020-05-30 22:00:00,Earth,504.0
2020-05-30 23:00:00,Earth,594.0
2020-05-31 00:00:00,Earth,695.0
2020-05-31 01:00:00,Earth,670.0
2020-05-31 02:00:00,Earth,686.0
2020-05-31 03:00:00,Earth,670.0
2020-05-31 04:00:00,Earth,659.0
2020-05-31 05:00:00,Earth,661.0
2020-05-31 06:00:00,Earth,622.0
2020-05-31 07:00:00,Earth,647.0
2020-05-31 08:00:00,Earth,561.0
2020-05-31 09:00:00,Earth,664.0
2020-05-31 10:00:00,Earth,773.0
2020-05-31 11:00:00,Earth,616.0
2020-05-31 12:00:00,Earth,577.0
2020-05-31 13:00:00,Earth,564.0
2020-05-31 14:00:00,Earth,607.0
2020-05-31 15:00:00,Earth,472.0
2020-05-31 16:00:00,Earth,600.0
2020-05-31 17:00:00,Earth,619.0
2020-05-31 18:00:00,Earth,584.0
2020-05-31 19:00:00,Earth,603.0
2020-05-31 20:00:00,Earth,609.0
2020-05-31 21:00:00,Earth,582.0
2020-05-31 22:00:00,Earth,517.0
2020-05-31 23:00:00,Earth,469.0
2020-06-01 00:00:00,Earth,483.0
2020-06-01 01:00:00,Earth,529.0
2020-06-01 02:00:00,Earth,505.0
2020-06-01 03:00:00,Earth,497.0
2020-06-01 04:00:00,Earth,457.0
2020-06-01 05:00:00,Earth,457.0
2020-06-01 06:00:00,Earth,489.0
2020-06-01 07:00:00,Earth,456.0
2020-06-01 08:00:00,Earth,473.0
2020-06-01 09:00:00,Earth,477.0
2020-06-01 10:00:00,Earth,592.0
2020-06-01 11:00:00,Earth,711.0
2020-06-01 12:00:00,Earth,549.0
2020-06-01 13:00:00,Earth,631.0
2020-06-01 14:00:00,Earth,794.0
2020-06-01 15:00:00,Earth,626.0
2020-06-01 16:00:00,Earth,754.0
2020-06-01 17:00:00,Earth,721.0
2020-06-01 18:00:00,Earth,841.0
2020-06-01 19:00:00,Earth,796.0
2020-06-01 20:00:00,Earth,865.0
2020-06-01 21:00:00,Earth,863.0
2020-06-01 22:00:00,Earth,763.0
2020-06-01 23:00:00,Earth,711.0
2020-06-02 00:00:00,Earth,658.0
2020-06-02 01:00:00,Earth,622.0
2020-06-02 02:00:00,Earth,556.0
2020-06-02 03:00:00,Earth,556.0
2020-06-02 04:00:00,Earth,544.0
2020-06-02 05:00:00,Earth,528.0
2020-06-02 06:00:00,Earth,512.0
2020-06-02 07:00:00,Earth,480.0
2020-06-02 08:00:00,Earth,480.0
2020-06-02 09:00:00,Earth,546.0
2020-06-02 10:00:00,Earth,575.0
2020-06-02 11:00:00,Earth,518.0
2020-06-02 12:00:00,Earth,541.0
2020-06-02 13:00:00,Earth,621.0
2020-06-02 14:00:00,Earth,707.0
2020-06-02 15:00:00,Earth,990.0
2020-06-02 16:00:00,Earth,1050.0
2020-06-02 17:00:00,Earth,1080.0
2020-06-02 18:00:00,Earth,959.0
2020-06-02 19:00:00,Earth,971.0
2020-06-02 20:00:00,Earth,858.0
2020-06-02 21:00:00,Earth,1024.0
2020-06-02 22:00:00,Earth,839.0
2020-06-02 23:00:00,Earth,722.0
2020-06-03 00:00:00,Earth,823.0
2020-06-03 01:00:00,Earth,800.0
2020-06-03 02:00:00,Earth,726.0
2020-06-03 03:00:00,Earth,767.0
2020-06-03 04:00:00,Earth,641.0
2020-06-03 05:00:00,Earth,632.0
2020-06-03 06:00:00,Earth,577.0
2020-06-03 07:00:00,Earth,519.0
2020-06-03 08:00:00,Earth,471.0
2020-06-03 09:00:00,Earth,511.0
2020-06-03 10:00:00,Earth,533.0
2020-06-03 11:00:00,Earth,567.0
2020-06-03 12:00:00,Earth,551.0
2020-06-03 13:00:00,Earth,568.0
2020-06-03 14:00:00,Earth,562.0
2020-06-03 15:00:00,Earth,639.0
2020-06-03 16:00:00,Earth,601.0
2020-06-03 17:00:00,Earth,744.0
2020-06-03 18:00:00,Earth,819.0
2020-06-03 19:00:00,Earth,908.0
2020-06-03 20:00:00,Earth,892.0
2020-06-03 21:00:00,Earth,888.0
2020-06-03 22:00:00,Earth,957.0
2020-06-03 23:00:00,Earth,993.0
2020-06-04 00:00:00,Earth,925.0
2020-06-04 01:00:00,Earth,953.0
2020-06-04 02:00:00,Earth,879.0
2020-06-04 03:00:00,Earth,804.0
2020-06-04 04:00:00,Earth,683.0
2020-06-04 05:00:00,Earth,636.0
2020-06-04 06:00:00,Earth,633.0
2020-06-04 07:00:00,Earth,618.0
2020-06-04 08:00:00,Earth,616.0
2020-06-04 09:00:00,Earth,681.0
2020-06-04 10:00:00,Earth,685.0
2020-06-04 11:00:00,Earth,739.0
2020-06-04 12:00:00,Earth,1025.0
2020-06-04 13:00:00,Earth,845.0
2020-06-04 14:00:00,Earth,869.0
2020-06-04 15:00:00,Earth,874.0
2020-06-04 16:00:00,Earth,749.0
2020-06-04 17:00:00,Earth,704.0
2020-06-04 18:00:00,Earth,761.0
2020-06-04 19:00:00,Earth,706.0
2020-06-04 20:00:00,Earth,1498.0
2020-06-04 21:00:00,Earth,1578.0
2020-06-04 22:00:00,Earth,1305.0
2020-06-04 23:00:00,Earth,1247.0
2020-06-05 00:00:00,Earth,1250.0
2020-06-05 01:00:00,Earth,967.0
2020-06-05 02:00:00,Earth,678.0
2020-06-05 03:00:00,Earth,698.0
2020-06-05 04:00:00,Earth,628.0
2020-06-05 05:00:00,Earth,557.0
2020-06-05 06:00:00,Earth,549.0
2020-06-05 07:00:00,Earth,500.0
2020-06-05 08:00:00,Earth,528.0
2020-06-05 09:00:00,Earth,575.0
2020-06-05 10:00:00,Earth,674.0
2020-06-05 11:00:00,Earth,758.0
2020-06-05 12:00:00,Earth,683.0
2020-06-05 13:00:00,Earth,847.0
2020-06-05 14:00:00,Earth,876.0
2020-06-05 15:00:00,Earth,711.0
2020-06-05 16:00:00,Earth,746.0
2020-06-05 17:00:00,Earth,741.0
2020-06-05 18:00:00,Earth,691.0
2020-06-05 19:00:00,Earth,611.0
2020-06-05 20:00:00,Earth,671.0
2020-06-05 21:00:00,Earth,657.0
2020-06-05 22:00:00,Earth,732.0
2020-06-05 23:00:00,Earth,654.0
2020-06-06 00:00:00,Earth,659.0
2020-06-06 01:00:00,Earth,617.0
2020-06-06 02:00:00,Earth,714.0
2020-06-06 03:00:00,Earth,583.0
2020-06-06 04:00:00,Earth,600.0
2020-06-06 05:00:00,Earth,567.0
2020-06-06 06:00:00,Earth,551.0
2020-06-06 07:00:00,Earth,551.0
2020-06-06 08:00:00,Earth,591.0
2020-06-06 09:00:00,Earth,555.0
2020-06-06 10:00:00,Earth,539.0
2020-06-06 11:00:00,Earth,676.0
2020-06-06 12:00:00,Earth,589.0
2020-06-06 13:00:00,Earth,613.0
2020-06-06 14:00:00,Earth,599.0
2020-06-06 15:00:00,Earth,613.0
2020-06-06 16:00:00,Earth,600.0
2020-06-06 17:00:00,Earth,632.0
2020-06-06 18:00:00,Earth,580.0
2020-06-06 19:00:00,Earth,573.0
2020-06-06 20:00:00,Earth,591.0
2020-06-06 21:00:00,Earth,648.0
2020-06-06 22:00:00,Earth,616.0
2020-06-06 23:00:00,Earth,677.0
2020-06-07 00:00:00,Earth,642.0
2020-06-07 01:00:00,Earth,620.0
2020-06-07 02:00:00,Earth,600.0
2020-06-07 03:00:00,Earth,582.0
2020-06-07 04:00:00,Earth,554.0
2020-06-07 05:00:00,Earth,549.0
2020-06-07 06:00:00,Earth,549.0
2020-06-07 07:00:00,Earth,541.0
2020-06-07 08:00:00,Earth,533.0
2020-06-07 09:00:00,Earth,513.0
2020-06-07 10:00:00,Earth,535.0
2020-06-07 11:00:00,Earth,598.0
2020-06-07 12:00:00,Earth,617.0
2020-06-07 13:00:00,Earth,503.0
2020-06-07 14:00:00,Earth,596.0
2020-06-07 15:00:00,Earth,573.0
2020-06-07 16:00:00,Earth,595.0
2020-06-07 17:00:00,Earth,638.0
2020-06-07 18:00:00,Earth,614.0
2020-06-07 19:00:00,Earth,649.0
2020-06-07 20:00:00,Earth,592.0
2020-06-07 21:00:00,Earth,620.0
2020-06-07 22:00:00,Earth,637.0
2020-06-07 23:00:00,Earth,572.0
2020-06-08 00:00:00,Earth,691.0
2020-06-08 01:00:00,Earth,766.0
2020-06-08 02:00:00,Earth,686.0
2020-06-08 03:00:00,Earth,649.0
2020-06-08 04:00:00,Earth,656.0
2020-06-08 05:00:00,Earth,672.0
2020-06-08 06:00:00,Earth,609.0
2020-06-08 07:00:00,Earth,641.0
2020-06-08 08:00:00,Earth,669.0
2020-06-08 09:00:00,Earth,620.0
2020-06-08 10:00:00,Earth,616.0
2020-06-08 11:00:00,Earth,741.0
2020-06-08 12:00:00,Earth,788.0
2020-06-08 13:00:00,Earth,926.0
2020-06-08 14:00:00,Earth,947.0
2020-06-08 15:00:00,Earth,1083.0
2020-06-08 16:00:00,Earth,870.0
2020-06-08 17:00:00,Earth,866.0
2020-06-08 18:00:00,Earth,925.0
2020-06-08 19:00:00,Earth,938.0
2020-06-08 20:00:00,Earth,938.0
2020-06-08 21:00:00,Earth,832.0
2020-06-08 22:00:00,Earth,774.0
2020-06-08 23:00:00,Earth,791.0
2020-06-09 00:00:00,Earth,1085.0
2020-06-09 01:00:00,Earth,1106.0
2020-06-09 02:00:00,Earth,991.0
2020-06-09 03:00:00,Earth,834.0
2020-06-09 04:00:00,Earth,845.0
2020-06-09 05:00:00,Earth,854.0
2020-06-09 06:00:00,Earth,932.0
2020-06-09 07:00:00,Earth,809.0
2020-06-09 08:00:00,Earth,783.0
2020-06-09 09:00:00,Earth,751.0
2020-06-09 10:00:00,Earth,678.0
2020-06-09 11:00:00,Earth,672.0
2020-06-09 12:00:00,Earth,652.0
2020-06-09 13:00:00,Earth,581.0
2020-06-09 14:00:00,Earth,599.0
2020-06-09 15:00:00,Earth,816.0
2020-06-09 16:00:00,Earth,737.0
2020-06-09 17:00:00,Earth,1005.0
2020-06-09 18:00:00,Earth,960.0
2020-06-09 19:00:00,Earth,919.0
2020-06-09 20:00:00,Earth,765.0
2020-06-09 21:00:00,Earth,983.0
2020-06-09 22:00:00,Earth,939.0
2020-06-09 23:00:00,Earth,1065.0
2020-06-10 00:00:00,Earth,810.0
2020-06-10 01:00:00,Earth,703.0
2020-06-10 02:00:00,Earth,717.0
2020-06-10 03:00:00,Earth,717.0
2020-06-10 04:00:00,Earth,821.0
2020-06-10 05:00:00,Earth,901.0
2020-06-10 06:00:00,Earth,801.0
2020-06-10 07:00:00,Earth,731.0
2020-06-10 08:00:00,Earth,716.0
2020-06-10 09:00:00,Earth,765.0
2020-06-10 10:00:00,Earth,836.0
2020-06-10 11:00:00,Earth,956.0
2020-06-10 12:00:00,Earth,994.0
2020-06-10 13:00:00,Earth,968.0
2020-06-10 14:00:00,Earth,1185.0
2020-06-10 15:00:00,Earth,1007.0
2020-06-10 16:00:00,Earth,991.0
2020-06-10 17:00:00,Earth,1072.0
2020-06-10 18:00:00,Earth,1311.0
2020-06-10 19:00:00,Earth,1712.0
2020-06-10 20:00:00,Earth,1092.0
2020-06-10 21:00:00,Earth,834.0
2020-06-10 22:00:00,Earth,742.0
2020-06-10 23:00:00,Earth,753.0
2020-06-11 00:00:00,Earth,817.0
2020-06-11 01:00:00,Earth,637.0
2020-06-11 02:00:00,Earth,609.0
2020-06-11 03:00:00,Earth,625.0
2020-06-11 04:00:00,Earth,609.0
2020-06-11 05:00:00,Earth,609.0
2020-06-11 06:00:00,Earth,623.0
2020-06-11 07:00:00,Earth,642.0
2020-06-11 08:00:00,Earth,596.0
2020-06-11 09:00:00,Earth,627.0
2020-06-11 10:00:00,Earth,696.0
2020-06-11 11:00:00,Earth,771.0
2020-06-11 12:00:00,Earth,856.0
2020-06-11 13:00:00,Earth,1166.0
2020-06-11 14:00:00,Earth,1366.0
2020-06-11 15:00:00,Earth,1480.0
2020-06-11 16:00:00,Earth,1132.0
2020-06-11 17:00:00,Earth,1447.0
2020-06-11 18:00:00,Earth,1061.0
2020-06-11 19:00:00,Earth,1058.0
2020-06-11 20:00:00,Earth,1315.0
2020-06-11 21:00:00,Earth,1577.0
2020-06-11 22:00:00,Earth,1414.0
2020-06-11 23:00:00,Earth,801.0
2020-06-12 00:00:00,Earth,625.0
2020-06-12 01:00:00,Earth,600.0
2020-06-12 02:00:00,Earth,582.0
2020-06-12 03:00:00,Earth,582.0
2020-06-12 04:00:00,Earth,580.0
2020-06-12 05:00:00,Earth,564.0
2020-06-12 06:00:00,Earth,564.0
2020-06-12 07:00:00,Earth,548.0
2020-06-12 08:00:00,Earth,574.0
2020-06-12 09:00:00,Earth,596.0
2020-06-12 10:00:00,Earth,584.0
2020-06-12 11:00:00,Earth,671.0
2020-06-12 12:00:00,Earth,688.0
2020-06-12 13:00:00,Earth,793.0
2020-06-12 14:00:00,Earth,871.0
2020-06-12 15:00:00,Earth,856.0
2020-06-12 16:00:00,Earth,763.0
2020-06-12 17:00:00,Earth,778.0
2020-06-12 18:00:00,Earth,770.0
2020-06-12 19:00:00,Earth,797.0
2020-06-12 20:00:00,Earth,726.0
2020-06-12 21:00:00,Earth,682.0
2020-06-12 22:00:00,Earth,692.0
2020-06-12 23:00:00,Earth,692.0
2020-06-13 00:00:00,Earth,695.0
2020-06-13 01:00:00,Earth,682.0
2020-06-13 02:00:00,Earth,682.0
2020-06-13 03:00:00,Earth,682.0
2020-06-13 04:00:00,Earth,673.0
2020-06-13 05:00:00,Earth,663.0
2020-06-13 06:00:00,Earth,659.0
2020-06-13 07:00:00,Earth,653.0
2020-06-13 08:00:00,Earth,654.0
2020-06-13 09:00:00,Earth,655.0
2020-06-13 10:00:00,Earth,693.0
2020-06-13 11:00:00,Earth,683.0
2020-06-13 12:00:00,Earth,667.0
2020-06-13 13:00:00,Earth,686.0
2020-06-13 14:00:00,Earth,685.0
2020-06-13 15:00:00,Earth,649.0
2020-06-13 16:00:00,Earth,652.0
2020-06-13 17:00:00,Earth,675.0
2020-06-13 18:00:00,Earth,642.0
2020-06-13 19:00:00,Earth,627.0
2020-06-13 20:00:00,Earth,625.0
2020-06-13 21:00:00,Earth,618.0
2020-06-13 22:00:00,Earth,665.0
2020-06-13 23:00:00,Earth,618.0
2020-06-14 00:00:00,Earth,618.0
2020-06-14 01:00:00,Earth,617.0
2020-06-14 02:00:00,Earth,609.0
2020-06-14 03:00:00,Earth,601.0
2020-06-14 04:00:00,Earth,601.0
2020-06-14 05:00:00,Earth,601.0
2020-06-14 06:00:00,Earth,591.0
2020-06-14 07:00:00,Earth,591.0
2020-06-14 08:00:00,Earth,615.0
2020-06-14 09:00:00,Earth,600.0
2020-06-14 10:00:00,Earth,610.0
2020-06-14 11:00:00,Earth,980.0
2020-06-14 12:00:00,Earth,761.0
2020-06-14 13:00:00,Earth,677.0
2020-06-14 14:00:00,Earth,641.0
2020-06-14 15:00:00,Earth,664.0
2020-06-14 16:00:00,Earth,701.0
2020-06-14 17:00:00,Earth,697.0
2020-06-14 18:00:00,Earth,704.0
2020-06-14 19:00:00,Earth,702.0
2020-06-14 20:00:00,Earth,728.0
2020-06-14 21:00:00,Earth,661.0
2020-06-14 22:00:00,Earth,682.0
2020-06-14 23:00:00,Earth,656.0
2020-06-15 00:00:00,Earth,656.0
2020-06-15 01:00:00,Earth,598.0
2020-06-15 02:00:00,Earth,588.0
2020-06-15 03:00:00,Earth,588.0
2020-06-15 04:00:00,Earth,588.0
2020-06-15 05:00:00,Earth,580.0
2020-06-15 06:00:00,Earth,580.0
2020-06-15 07:00:00,Earth,565.0
2020-06-15 08:00:00,Earth,563.0
2020-06-15 09:00:00,Earth,768.0
2020-06-15 10:00:00,Earth,854.0
2020-06-15 11:00:00,Earth,842.0
2020-06-15 12:00:00,Earth,838.0
2020-06-15 13:00:00,Earth,891.0
2020-06-15 14:00:00,Earth,854.0
2020-06-15 15:00:00,Earth,664.0
2020-06-15 16:00:00,Earth,763.0
2020-06-15 17:00:00,Earth,680.0
2020-06-15 18:00:00,Earth,676.0
2020-06-15 19:00:00,Earth,679.0
2020-06-15 20:00:00,Earth,868.0
2020-06-15 21:00:00,Earth,930.0
2020-06-15 22:00:00,Earth,975.0
2020-06-15 23:00:00,Earth,821.0
2020-06-16 00:00:00,Earth,857.0
2020-06-16 01:00:00,Earth,972.0
2020-06-16 02:00:00,Earth,842.0
2020-06-16 03:00:00,Earth,702.0
2020-06-16 04:00:00,Earth,765.0
2020-06-16 05:00:00,Earth,730.0
2020-06-16 06:00:00,Earth,722.0
2020-06-16 07:00:00,Earth,737.0
2020-06-16 08:00:00,Earth,682.0
2020-06-16 09:00:00,Earth,804.0
2020-06-16 10:00:00,Earth,1078.0
2020-06-16 11:00:00,Earth,1164.0
2020-06-16 12:00:00,Earth,896.0
2020-06-16 13:00:00,Earth,915.0
2020-06-16 14:00:00,Earth,1033.0
2020-06-16 15:00:00,Earth,1038.0
2020-06-16 16:00:00,Earth,982.0
2020-06-16 17:00:00,Earth,1427.0
2020-06-16 18:00:00,Earth,877.0
2020-06-16 19:00:00,Earth,768.0
2020-06-16 20:00:00,Earth,903.0
2020-06-16 21:00:00,Earth,844.0
2020-06-16 22:00:00,Earth,887.0
2020-06-16 23:00:00,Earth,899.0
2020-06-17 00:00:00,Earth,927.0
2020-06-17 01:00:00,Earth,883.0
2020-06-17 02:00:00,Earth,882.0
2020-06-17 03:00:00,Earth,858.0
2020-06-17 04:00:00,Earth,762.0
2020-06-17 05:00:00,Earth,723.0
2020-06-17 06:00:00,Earth,661.0
2020-06-17 07:00:00,Earth,778.0
2020-06-17 08:00:00,Earth,810.0
2020-06-17 09:00:00,Earth,839.0
2020-06-17 10:00:00,Earth,934.0
2020-06-17 11:00:00,Earth,1104.0
2020-06-17 12:00:00,Earth,904.0
2020-06-17 13:00:00,Earth,811.0
2020-06-17 14:00:00,Earth,929.0
2020-06-17 15:00:00,Earth,1615.0
2020-06-17 16:00:00,Earth,1441.0
2020-06-17 17:00:00,Earth,1114.0
2020-06-17 18:00:00,Earth,864.0
2020-06-17 19:00:00,Earth,1091.0
2020-06-17 20:00:00,Earth,1777.0
2020-06-17 21:00:00,Earth,1456.0
2020-06-17 22:00:00,Earth,850.0
2020-06-17 23:00:00,Earth,748.0
2020-06-18 00:00:00,Earth,809.0
2020-06-18 01:00:00,Earth,777.0
2020-06-18 02:00:00,Earth,777.0
2020-06-18 03:00:00,Earth,936.0
2020-06-18 04:00:00,Earth,927.0
2020-06-18 05:00:00,Earth,931.0
2020-06-18 06:00:00,Earth,911.0
2020-06-18 07:00:00,Earth,915.0
2020-06-18 08:00:00,Earth,997.0
2020-06-18 09:00:00,Earth,1257.0
2020-06-18 10:00:00,Earth,1117.0
2020-06-18 11:00:00,Earth,931.0
2020-06-18 12:00:00,Earth,1007.0
2020-06-18 13:00:00,Earth,1029.0
2020-06-18 14:00:00,Earth,1189.0
2020-06-18 15:00:00,Earth,1085.0
2020-06-18 16:00:00,Earth,1465.0
2020-06-18 17:00:00,Earth,1003.0
2020-06-18 18:00:00,Earth,1026.0
2020-06-18 19:00:00,Earth,1067.0
2020-06-18 20:00:00,Earth,1321.0
2020-06-18 21:00:00,Earth,1117.0
2020-06-18 22:00:00,Earth,941.0
2020-06-18 23:00:00,Earth,772.0
2020-06-19 00:00:00,Earth,773.0
2020-06-19 01:00:00,Earth,760.0
2020-06-19 02:00:00,Earth,760.0
2020-06-19 03:00:00,Earth,770.0
2020-06-19 04:00:00,Earth,764.0
2020-06-19 05:00:00,Earth,814.0
2020-06-19 06:00:00,Earth,738.0
2020-06-19 07:00:00,Earth,717.0
2020-06-19 08:00:00,Earth,714.0
2020-06-19 09:00:00,Earth,781.0
2020-06-19 10:00:00,Earth,872.0
2020-06-19 11:00:00,Earth,911.0
2020-06-19 12:00:00,Earth,809.0
2020-06-19 13:00:00,Earth,690.0
2020-06-19 14:00:00,Earth,753.0
2020-06-19 15:00:00,Earth,768.0
2020-06-19 16:00:00,Earth,874.0
2020-06-19 17:00:00,Earth,931.0
2020-06-19 18:00:00,Earth,709.0
2020-06-19 19:00:00,Earth,753.0
2020-06-19 20:00:00,Earth,735.0
2020-06-19 21:00:00,Earth,637.0
2020-06-19 22:00:00,Earth,688.0
2020-06-19 23:00:00,Earth,806.0
2020-06-20 00:00:00,Earth,764.0
2020-06-20 01:00:00,Earth,867.0
2020-06-20 02:00:00,Earth,955.0
2020-06-20 03:00:00,Earth,768.0
2020-06-20 04:00:00,Earth,855.0
2020-06-20 05:00:00,Earth,808.0
2020-06-20 06:00:00,Earth,863.0
2020-06-20 07:00:00,Earth,800.0
2020-06-20 08:00:00,Earth,832.0
2020-06-20 09:00:00,Earth,2382.0
2020-06-20 10:00:00,Earth,1850.0
2020-06-20 11:00:00,Earth,1020.0
2020-06-20 12:00:00,Earth,1126.0
2020-06-20 13:00:00,Earth,782.0
2020-06-20 14:00:00,Earth,758.0
2020-06-20 15:00:00,Earth,775.0
2020-06-20 16:00:00,Earth,710.0
2020-06-20 17:00:00,Earth,796.0
2020-06-20 18:00:00,Earth,805.0
2020-06-20 19:00:00,Earth,755.0
2020-06-20 20:00:00,Earth,736.0
2020-06-20 21:00:00,Earth,703.0
2020-06-20 22:00:00,Earth,689.0
2020-06-20 23:00:00,Earth,765.0
2020-06-21 00:00:00,Earth,798.0
2020-06-21 01:00:00,Earth,720.0
2020-06-21 02:00:00,Earth,632.0
2020-06-21 03:00:00,Earth,682.0
2020-06-21 04:00:00,Earth,674.0
2020-06-21 05:00:00,Earth,639.0
2020-06-21 06:00:00,Earth,673.0
2020-06-21 07:00:00,Earth,705.0
2020-06-21 08:00:00,Earth,667.0
2020-06-21 09:00:00,Earth,697.0
2020-06-21 10:00:00,Earth,699.0
2020-06-21 11:00:00,Earth,675.0
2020-06-21 12:00:00,Earth,729.0
2020-06-21 13:00:00,Earth,668.0
2020-06-21 14:00:00,Earth,679.0
2020-06-21 15:00:00,Earth,676.0
2020-06-21 16:00:00,Earth,691.0
2020-06-21 17:00:00,Earth,744.0
2020-06-21 18:00:00,Earth,830.0
2020-06-21 19:00:00,Earth,924.0
2020-06-21 20:00:00,Earth,909.0
2020-06-21 21:00:00,Earth,789.0
2020-06-21 22:00:00,Earth,816.0
2020-06-21 23:00:00,Earth,947.0
2020-06-22 00:00:00,Earth,915.0
2020-06-22 01:00:00,Earth,935.0
2020-06-22 02:00:00,Earth,931.0
2020-06-22 03:00:00,Earth,982.0
2020-06-22 04:00:00,Earth,1064.0
2020-06-22 05:00:00,Earth,1066.0
2020-06-22 06:00:00,Earth,989.0
2020-06-22 07:00:00,Earth,932.0
2020-06-22 08:00:00,Earth,997.0
2020-06-22 09:00:00,Earth,1039.0
2020-06-22 10:00:00,Earth,942.0
2020-06-22 11:00:00,Earth,741.0
2020-06-22 12:00:00,Earth,657.0
2020-06-22 13:00:00,Earth,609.0
2020-06-22 14:00:00,Earth,681.0
2020-06-22 15:00:00,Earth,864.0
2020-06-22 16:00:00,Earth,814.0
2020-06-22 17:00:00,Earth,783.0
2020-06-22 18:00:00,Earth,870.0
2020-06-22 19:00:00,Earth,783.0
2020-06-22 20:00:00,Earth,952.0
2020-06-22 21:00:00,Earth,930.0
2020-06-22 22:00:00,Earth,964.0
2020-06-22 23:00:00,Earth,955.0
2020-06-23 00:00:00,Earth,831.0
2020-06-23 01:00:00,Earth,784.0
2020-06-23 02:00:00,Earth,907.0
2020-06-23 03:00:00,Earth,942.0
2020-06-23 04:00:00,Earth,885.0
2020-06-23 05:00:00,Earth,755.0
2020-06-23 06:00:00,Earth,727.0
2020-06-23 07:00:00,Earth,688.0
2020-06-23 08:00:00,Earth,618.0
2020-06-23 09:00:00,Earth,653.0
2020-06-23 10:00:00,Earth,781.0
2020-06-23 11:00:00,Earth,853.0
2020-06-23 12:00:00,Earth,705.0
2020-06-23 13:00:00,Earth,809.0
2020-06-23 14:00:00,Earth,949.0
2020-06-23 15:00:00,Earth,833.0
2020-06-23 16:00:00,Earth,841.0
2020-06-23 17:00:00,Earth,908.0
2020-06-23 18:00:00,Earth,799.0
2020-06-23 19:00:00,Earth,872.0
2020-06-23 20:00:00,Earth,889.0
2020-06-23 21:00:00,Earth,894.0
2020-06-23 22:00:00,Earth,846.0
2020-06-23 23:00:00,Earth,895.0
2020-06-24 00:00:00,Earth,842.0
2020-06-24 01:00:00,Earth,723.0
2020-06-24 02:00:00,Earth,704.0
2020-06-24 03:00:00,Earth,700.0
2020-06-24 04:00:00,Earth,691.0
2020-06-24 05:00:00,Earth,688.0
2020-06-24 06:00:00,Earth,662.0
2020-06-24 07:00:00,Earth,636.0
2020-06-24 08:00:00,Earth,636.0
2020-06-24 09:00:00,Earth,638.0
2020-06-24 10:00:00,Earth,949.0
2020-06-24 11:00:00,Earth,1366.0
2020-06-24 12:00:00,Earth,1075.0
2020-06-24 13:00:00,Earth,928.0
2020-06-24 14:00:00,Earth,1893.0
2020-06-24 15:00:00,Earth,4502.0
2020-06-24 16:00:00,Earth,2736.0
2020-06-24 17:00:00,Earth,1187.0
2020-06-24 18:00:00,Earth,1054.0
2020-06-24 19:00:00,Earth,739.0
2020-06-24 20:00:00,Earth,941.0
2020-06-24 21:00:00,Earth,1114.0
2020-06-24 22:00:00,Earth,995.0
2020-06-24 23:00:00,Earth,824.0
2020-06-25 00:00:00,Earth,930.0
2020-06-25 01:00:00,Earth,887.0
2020-06-25 02:00:00,Earth,734.0
2020-06-25 03:00:00,Earth,684.0
2020-06-25 04:00:00,Earth,661.0
2020-06-25 05:00:00,Earth,686.0
2020-06-25 06:00:00,Earth,610.0
2020-06-25 07:00:00,Earth,578.0
2020-06-25 08:00:00,Earth,679.0
2020-06-25 09:00:00,Earth,544.0
2020-06-25 10:00:00,Earth,719.0
2020-06-25 11:00:00,Earth,574.0
2020-06-25 12:00:00,Earth,641.0
2020-06-25 13:00:00,Earth,666.0
2020-06-25 14:00:00,Earth,737.0
2020-06-25 15:00:00,Earth,786.0
2020-06-25 16:00:00,Earth,1009.0
2020-06-25 17:00:00,Earth,781.0
2020-06-25 18:00:00,Earth,812.0
2020-06-25 19:00:00,Earth,789.0
2020-06-25 20:00:00,Earth,997.0
2020-06-25 21:00:00,Earth,882.0
2020-06-25 22:00:00,Earth,1163.0
2020-06-25 23:00:00,Earth,860.0
2020-06-26 00:00:00,Earth,847.0
2020-06-26 01:00:00,Earth,656.0
2020-06-26 02:00:00,Earth,699.0
2020-06-26 03:00:00,Earth,725.0
2020-06-26 04:00:00,Earth,704.0
2020-06-26 05:00:00,Earth,701.0
2020-06-26 06:00:00,Earth,680.0
2020-06-26 07:00:00,Earth,729.0
2020-06-26 08:00:00,Earth,652.0
2020-06-26 09:00:00,Earth,667.0
2020-06-26 10:00:00,Earth,685.0
2020-06-26 11:00:00,Earth,770.0
2020-06-26 12:00:00,Earth,857.0
2020-06-26 13:00:00,Earth,862.0
2020-06-26 14:00:00,Earth,730.0
2020-06-26 15:00:00,Earth,799.0
2020-06-26 16:00:00,Earth,1065.0
2020-06-26 17:00:00,Earth,1053.0
2020-06-26 18:00:00,Earth,987.0
2020-06-26 19:00:00,Earth,1027.0
2020-06-26 20:00:00,Earth,1053.0
2020-06-26 21:00:00,Earth,960.0
2020-06-26 22:00:00,Earth,926.0
2020-06-26 23:00:00,Earth,926.0
2020-06-27 00:00:00,Earth,892.0
2020-06-27 01:00:00,Earth,772.0
2020-06-27 02:00:00,Earth,765.0
2020-06-27 03:00:00,Earth,723.0
2020-06-27 04:00:00,Earth,621.0
2020-06-27 05:00:00,Earth,554.0
2020-06-27 06:00:00,Earth,554.0
2020-06-27 07:00:00,Earth,556.0
2020-06-27 08:00:00,Earth,547.0
2020-06-27 09:00:00,Earth,534.0
2020-06-27 10:00:00,Earth,539.0
2020-06-27 11:00:00,Earth,544.0
2020-06-27 12:00:00,Earth,667.0
2020-06-27 13:00:00,Earth,587.0
2020-06-27 14:00:00,Earth,515.0
2020-06-27 15:00:00,Earth,527.0
2020-06-27 16:00:00,Earth,569.0
2020-06-27 17:00:00,Earth,542.0
2020-06-27 18:00:00,Earth,616.0
2020-06-27 19:00:00,Earth,582.0
2020-06-27 20:00:00,Earth,553.0
2020-06-27 21:00:00,Earth,626.0
2020-06-27 22:00:00,Earth,1057.0
2020-06-27 23:00:00,Earth,777.0
2020-06-28 00:00:00,Earth,759.0
2020-06-28 01:00:00,Earth,779.0
2020-06-28 02:00:00,Earth,815.0
2020-06-28 03:00:00,Earth,805.0
2020-06-28 04:00:00,Earth,792.0
2020-06-28 05:00:00,Earth,885.0
2020-06-28 06:00:00,Earth,853.0
2020-06-28 07:00:00,Earth,843.0
2020-06-28 08:00:00,Earth,778.0
2020-06-28 09:00:00,Earth,734.0
2020-06-28 10:00:00,Earth,732.0
2020-06-28 11:00:00,Earth,735.0
2020-06-28 12:00:00,Earth,715.0
2020-06-28 13:00:00,Earth,645.0
2020-06-28 14:00:00,Earth,710.0
2020-06-28 15:00:00,Earth,692.0
2020-06-28 16:00:00,Earth,680.0
2020-06-28 17:00:00,Earth,691.0
2020-06-28 18:00:00,Earth,664.0
2020-06-28 19:00:00,Earth,858.0
2020-06-28 20:00:00,Earth,964.0
2020-06-28 21:00:00,Earth,1035.0
2020-06-28 22:00:00,Earth,876.0
2020-06-28 23:00:00,Earth,599.0
2020-06-29 00:00:00,Earth,620.0
2020-06-29 01:00:00,Earth,604.0
2020-06-29 02:00:00,Earth,620.0
2020-06-29 03:00:00,Earth,672.0
2020-06-29 04:00:00,Earth,847.0
2020-06-29 05:00:00,Earth,1020.0
2020-06-29 06:00:00,Earth,777.0
2020-06-29 07:00:00,Earth,717.0
2020-06-29 08:00:00,Earth,731.0
2020-06-29 09:00:00,Earth,754.0
2020-06-29 10:00:00,Earth,848.0
2020-06-29 11:00:00,Earth,937.0
2020-06-29 12:00:00,Earth,996.0
2020-06-29 13:00:00,Earth,1068.0
2020-06-29 14:00:00,Earth,918.0
2020-06-29 15:00:00,Earth,933.0
2020-06-29 16:00:00,Earth,863.0
2020-06-29 17:00:00,Earth,808.0
2020-06-29 18:00:00,Earth,980.0
2020-06-29 19:00:00,Earth,1196.0
2020-06-29 20:00:00,Earth,1425.0
2020-06-29 21:00:00,Earth,941.0
2020-06-29 22:00:00,Earth,685.0
2020-06-29 23:00:00,Earth,693.0
2020-06-30 00:00:00,Earth,809.0
2020-06-30 01:00:00,Earth,671.0
2020-06-30 02:00:00,Earth,662.0
2020-06-30 03:00:00,Earth,662.0
2020-06-30 04:00:00,Earth,662.0
2020-06-30 05:00:00,Earth,630.0
2020-06-30 06:00:00,Earth,622.0
2020-06-30 07:00:00,Earth,615.0
2020-06-30 08:00:00,Earth,600.0
2020-06-30 09:00:00,Earth,624.0
2020-06-30 10:00:00,Earth,798.0
2020-06-30 11:00:00,Earth,792.0
2020-06-30 12:00:00,Earth,1100.0
2020-06-30 13:00:00,Earth,1007.0
2020-06-30 14:00:00,Earth,947.0
2020-06-30 15:00:00,Earth,841.0
2020-06-30 16:00:00,Earth,812.0
2020-06-30 17:00:00,Earth,968.0
2020-06-30 18:00:00,Earth,842.0
2020-06-30 19:00:00,Earth,750.0
2020-06-30 20:00:00,Earth,804.0
2020-06-30 21:00:00,Earth,782.0
2020-06-30 22:00:00,Earth,867.0
2020-06-30 23:00:00,Earth,792.0
2020-07-01 00:00:00,Earth,806.0
2020-07-01 01:00:00,Earth,695.0
2020-07-01 02:00:00,Earth,715.0
2020-07-01 03:00:00,Earth,662.0
2020-07-01 04:00:00,Earth,656.0
2020-07-01 05:00:00,Earth,559.0
2020-07-01 06:00:00,Earth,575.0
2020-07-01 07:00:00,Earth,559.0
2020-07-01 08:00:00,Earth,499.0
2020-07-01 09:00:00,Earth,507.0
2020-07-01 10:00:00,Earth,464.0
2020-07-01 11:00:00,Earth,495.0
2020-07-01 12:00:00,Earth,718.0
2020-07-01 13:00:00,Earth,764.0
2020-07-01 14:00:00,Earth,578.0
2020-07-01 15:00:00,Earth,667.0
2020-07-01 16:00:00,Earth,618.0
2020-07-01 17:00:00,Earth,644.0
2020-07-01 18:00:00,Earth,733.0
2020-07-01 19:00:00,Earth,782.0
2020-07-01 20:00:00,Earth,782.0
2020-07-01 21:00:00,Earth,910.0
2020-07-01 22:00:00,Earth,912.0
2020-07-01 23:00:00,Earth,844.0
2020-07-02 00:00:00,Earth,1033.0
2020-07-02 01:00:00,Earth,810.0
2020-07-02 02:00:00,Earth,846.0
2020-07-02 03:00:00,Earth,872.0
2020-07-02 04:00:00,Earth,868.0
2020-07-02 05:00:00,Earth,824.0
2020-07-02 06:00:00,Earth,810.0
2020-07-02 07:00:00,Earth,777.0
2020-07-02 08:00:00,Earth,782.0
2020-07-02 09:00:00,Earth,1283.0
2020-07-02 10:00:00,Earth,3160.0
2020-07-02 11:00:00,Earth,6900.0
2020-07-02 12:00:00,Earth,2431.0
2020-07-02 13:00:00,Earth,1231.0
2020-07-02 14:00:00,Earth,1344.0
2020-07-02 15:00:00,Earth,1025.0
2020-07-02 16:00:00,Earth,1062.0
2020-07-02 17:00:00,Earth,983.0
2020-07-02 18:00:00,Earth,1279.0
2020-07-02 19:00:00,Earth,896.0
2020-07-02 20:00:00,Earth,1128.0
2020-07-02 21:00:00,Earth,1407.0
2020-07-02 22:00:00,Earth,1238.0
2020-07-02 23:00:00,Earth,1363.0
2020-07-03 00:00:00,Earth,1581.0
2020-07-03 01:00:00,Earth,1054.0
2020-07-03 02:00:00,Earth,963.0
2020-07-03 03:00:00,Earth,929.0
2020-07-03 04:00:00,Earth,893.0
2020-07-03 05:00:00,Earth,931.0
2020-07-03 06:00:00,Earth,900.0
2020-07-03 07:00:00,Earth,889.0
2020-07-03 08:00:00,Earth,941.0
2020-07-03 09:00:00,Earth,1020.0
2020-07-03 10:00:00,Earth,1061.0
2020-07-03 11:00:00,Earth,1123.0
2020-07-03 12:00:00,Earth,1211.0
2020-07-03 13:00:00,Earth,1100.0
2020-07-03 14:00:00,Earth,1160.0
2020-07-03 15:00:00,Earth,1184.0
2020-07-03 16:00:00,Earth,1025.0
2020-07-03 17:00:00,Earth,1195.0
2020-07-03 18:00:00,Earth,994.0
2020-07-03 19:00:00,Earth,1529.0
2020-07-03 20:00:00,Earth,1320.0
2020-07-03 21:00:00,Earth,958.0
2020-07-03 22:00:00,Earth,1023.0
2020-07-03 23:00:00,Earth,987.0
2020-07-04 00:00:00,Earth,1059.0
2020-07-04 01:00:00,Earth,876.0
2020-07-04 02:00:00,Earth,903.0
2020-07-04 03:00:00,Earth,987.0
2020-07-04 04:00:00,Earth,977.0
2020-07-04 05:00:00,Earth,937.0
2020-07-04 06:00:00,Earth,824.0
2020-07-04 07:00:00,Earth,817.0
2020-07-04 08:00:00,Earth,782.0
2020-07-04 09:00:00,Earth,877.0
2020-07-04 10:00:00,Earth,885.0
2020-07-04 11:00:00,Earth,1066.0
2020-07-04 12:00:00,Earth,998.0
2020-07-04 13:00:00,Earth,875.0
2020-07-04 14:00:00,Earth,909.0
2020-07-04 15:00:00,Earth,1324.0
2020-07-04 16:00:00,Earth,854.0
2020-07-04 17:00:00,Earth,1093.0
2020-07-04 18:00:00,Earth,826.0
2020-07-04 19:00:00,Earth,919.0
2020-07-04 20:00:00,Earth,1105.0
2020-07-04 21:00:00,Earth,1041.0
2020-07-04 22:00:00,Earth,868.0
2020-07-04 23:00:00,Earth,1001.0
2020-07-05 00:00:00,Earth,948.0
2020-07-05 01:00:00,Earth,1285.0
2020-07-05 02:00:00,Earth,1092.0
2020-07-05 03:00:00,Earth,1118.0
2020-07-05 04:00:00,Earth,1090.0
2020-07-05 05:00:00,Earth,1149.0
2020-07-05 06:00:00,Earth,1080.0
2020-07-05 07:00:00,Earth,1087.0
2020-07-05 08:00:00,Earth,1048.0
2020-07-05 09:00:00,Earth,1353.0
2020-07-05 10:00:00,Earth,1046.0
2020-07-05 11:00:00,Earth,995.0
2020-07-05 12:00:00,Earth,1044.0
2020-07-05 13:00:00,Earth,1037.0
2020-07-05 14:00:00,Earth,1058.0
2020-07-05 15:00:00,Earth,1060.0
2020-07-05 16:00:00,Earth,1197.0
2020-07-05 17:00:00,Earth,1214.0
2020-07-05 18:00:00,Earth,1701.0
2020-07-05 19:00:00,Earth,1278.0
2020-07-05 20:00:00,Earth,1216.0
2020-07-05 21:00:00,Earth,1161.0
2020-07-05 22:00:00,Earth,862.0
2020-07-05 23:00:00,Earth,1157.0
2020-07-06 00:00:00,Earth,921.0
2020-07-06 01:00:00,Earth,916.0
2020-07-06 02:00:00,Earth,856.0
2020-07-06 03:00:00,Earth,859.0
2020-07-06 04:00:00,Earth,883.0
2020-07-06 05:00:00,Earth,862.0
2020-07-06 06:00:00,Earth,856.0
2020-07-06 07:00:00,Earth,850.0
2020-07-06 08:00:00,Earth,855.0
2020-07-06 09:00:00,Earth,880.0
2020-07-06 10:00:00,Earth,907.0
2020-07-06 11:00:00,Earth,1462.0
2020-07-06 12:00:00,Earth,1554.0
2020-07-06 13:00:00,Earth,1406.0
2020-07-06 14:00:00,Earth,1128.0
2020-07-06 15:00:00,Earth,1391.0
2020-07-06 16:00:00,Earth,1271.0
2020-07-06 17:00:00,Earth,1259.0
2020-07-06 18:00:00,Earth,1042.0
2020-07-06 19:00:00,Earth,1129.0
2020-07-06 20:00:00,Earth,1287.0
2020-07-06 21:00:00,Earth,1397.0
2020-07-06 22:00:00,Earth,1142.0
2020-07-06 23:00:00,Earth,1198.0
2020-07-07 00:00:00,Earth,1136.0
2020-07-07 01:00:00,Earth,1116.0
2020-07-07 02:00:00,Earth,1088.0
2020-07-07 03:00:00,Earth,1049.0
2020-07-07 04:00:00,Earth,1039.0
2020-07-07 05:00:00,Earth,1040.0
2020-07-07 06:00:00,Earth,1099.0
2020-07-07 07:00:00,Earth,1088.0
2020-07-07 08:00:00,Earth,1064.0
2020-07-07 09:00:00,Earth,1126.0
2020-07-07 10:00:00,Earth,1240.0
2020-07-07 11:00:00,Earth,1450.0
2020-07-07 12:00:00,Earth,1325.0
2020-07-07 13:00:00,Earth,1492.0
2020-07-07 14:00:00,Earth,1396.0
2020-07-07 15:00:00,Earth,1513.0
2020-07-07 16:00:00,Earth,1383.0
2020-07-07 17:00:00,Earth,1396.0
2020-07-07 18:00:00,Earth,1230.0
2020-07-07 19:00:00,Earth,1592.0
2020-07-07 20:00:00,Earth,1304.0
2020-07-07 21:00:00,Earth,1508.0
2020-07-07 22:00:00,Earth,1192.0
2020-07-07 23:00:00,Earth,1126.0
2020-07-08 00:00:00,Earth,1201.0
2020-07-08 01:00:00,Earth,1171.0
2020-07-08 02:00:00,Earth,1109.0
2020-07-08 03:00:00,Earth,1095.0
2020-07-08 04:00:00,Earth,1023.0
2020-07-08 05:00:00,Earth,986.0
2020-07-08 06:00:00,Earth,987.0
2020-07-08 07:00:00,Earth,965.0
2020-07-08 08:00:00,Earth,936.0
2020-07-08 09:00:00,Earth,1000.0
2020-07-08 10:00:00,Earth,1296.0
2020-07-08 11:00:00,Earth,1525.0
2020-07-08 12:00:00,Earth,1181.0
2020-07-08 13:00:00,Earth,1307.0
2020-07-08 14:00:00,Earth,1509.0
2020-07-08 15:00:00,Earth,1350.0
2020-07-08 16:00:00,Earth,1468.0
2020-07-08 17:00:00,Earth,1426.0
2020-07-08 18:00:00,Earth,1311.0
2020-07-08 19:00:00,Earth,1181.0
2020-07-08 20:00:00,Earth,1163.0
2020-07-08 21:00:00,Earth,1072.0
2020-07-08 22:00:00,Earth,1135.0
2020-07-08 23:00:00,Earth,1443.0
2020-07-09 00:00:00,Earth,1052.0
2020-07-09 01:00:00,Earth,914.0
2020-07-09 02:00:00,Earth,979.0
2020-07-09 03:00:00,Earth,955.0
2020-07-09 04:00:00,Earth,914.0
2020-07-09 05:00:00,Earth,874.0
2020-07-09 06:00:00,Earth,890.0
2020-07-09 07:00:00,Earth,893.0
2020-07-09 08:00:00,Earth,860.0
2020-07-09 09:00:00,Earth,876.0
2020-07-09 10:00:00,Earth,906.0
2020-07-09 11:00:00,Earth,1164.0
2020-07-09 12:00:00,Earth,1674.0
2020-07-09 13:00:00,Earth,1507.0
2020-07-09 14:00:00,Earth,1019.0
2020-07-09 15:00:00,Earth,1224.0
2020-07-09 16:00:00,Earth,1423.0
2020-07-09 17:00:00,Earth,1267.0
2020-07-09 18:00:00,Earth,1272.0
2020-07-09 19:00:00,Earth,1240.0
2020-07-09 20:00:00,Earth,1027.0
2020-07-09 21:00:00,Earth,1072.0
2020-07-09 22:00:00,Earth,1002.0
2020-07-09 23:00:00,Earth,1267.0
2020-07-10 00:00:00,Earth,1043.0
2020-07-10 01:00:00,Earth,1014.0
2020-07-10 02:00:00,Earth,1032.0
2020-07-10 03:00:00,Earth,1015.0
2020-07-10 04:00:00,Earth,960.0
2020-07-10 05:00:00,Earth,935.0
2020-07-10 06:00:00,Earth,916.0
2020-07-10 07:00:00,Earth,886.0
2020-07-10 08:00:00,Earth,856.0
2020-07-10 09:00:00,Earth,857.0
2020-07-10 10:00:00,Earth,1045.0
2020-07-10 11:00:00,Earth,1275.0
2020-07-10 12:00:00,Earth,1296.0
2020-07-10 13:00:00,Earth,1063.0
2020-07-10 14:00:00,Earth,968.0
2020-07-10 15:00:00,Earth,1094.0
2020-07-10 16:00:00,Earth,1043.0
2020-07-10 17:00:00,Earth,1080.0
2020-07-10 18:00:00,Earth,1188.0
2020-07-10 19:00:00,Earth,1447.0
2020-07-10 20:00:00,Earth,1115.0
2020-07-10 21:00:00,Earth,1165.0
2020-07-10 22:00:00,Earth,1205.0
2020-07-10 23:00:00,Earth,1045.0
2020-07-11 00:00:00,Earth,1031.0
2020-07-11 01:00:00,Earth,928.0
2020-07-11 02:00:00,Earth,966.0
2020-07-11 03:00:00,Earth,950.0
2020-07-11 04:00:00,Earth,921.0
2020-07-11 05:00:00,Earth,906.0
2020-07-11 06:00:00,Earth,906.0
2020-07-11 07:00:00,Earth,861.0
2020-07-11 08:00:00,Earth,842.0
2020-07-11 09:00:00,Earth,837.0
2020-07-11 10:00:00,Earth,917.0
2020-07-11 11:00:00,Earth,813.0
2020-07-11 12:00:00,Earth,824.0
2020-07-11 13:00:00,Earth,874.0
2020-07-11 14:00:00,Earth,844.0
2020-07-11 15:00:00,Earth,821.0
2020-07-11 16:00:00,Earth,1055.0
2020-07-11 17:00:00,Earth,902.0
2020-07-11 18:00:00,Earth,951.0
2020-07-11 19:00:00,Earth,1063.0
2020-07-11 20:00:00,Earth,990.0
2020-07-11 21:00:00,Earth,1113.0
2020-07-11 22:00:00,Earth,1155.0
2020-07-11 23:00:00,Earth,889.0
2020-07-12 00:00:00,Earth,854.0
2020-07-12 01:00:00,Earth,921.0
2020-07-12 02:00:00,Earth,835.0
2020-07-12 03:00:00,Earth,810.0
2020-07-12 04:00:00,Earth,784.0
2020-07-12 05:00:00,Earth,761.0
2020-07-12 06:00:00,Earth,778.0
2020-07-12 07:00:00,Earth,733.0
2020-07-12 08:00:00,Earth,715.0
2020-07-12 09:00:00,Earth,698.0
2020-07-12 10:00:00,Earth,779.0
2020-07-12 11:00:00,Earth,851.0
2020-07-12 12:00:00,Earth,1138.0
2020-07-12 13:00:00,Earth,1116.0
2020-07-12 14:00:00,Earth,960.0
2020-07-12 15:00:00,Earth,973.0
2020-07-12 16:00:00,Earth,872.0
2020-07-12 17:00:00,Earth,851.0
2020-07-12 18:00:00,Earth,966.0
2020-07-12 19:00:00,Earth,967.0
2020-07-12 20:00:00,Earth,970.0
2020-07-12 21:00:00,Earth,954.0
2020-07-12 22:00:00,Earth,955.0
2020-07-12 23:00:00,Earth,927.0
2020-07-13 00:00:00,Earth,963.0
2020-07-13 01:00:00,Earth,936.0
2020-07-13 02:00:00,Earth,847.0
2020-07-13 03:00:00,Earth,840.0
2020-07-13 04:00:00,Earth,814.0
2020-07-13 05:00:00,Earth,785.0
2020-07-13 06:00:00,Earth,781.0
2020-07-13 07:00:00,Earth,777.0
2020-07-13 08:00:00,Earth,776.0
2020-07-13 09:00:00,Earth,822.0
2020-07-13 10:00:00,Earth,997.0
2020-07-13 11:00:00,Earth,1088.0
2020-07-13 12:00:00,Earth,929.0
2020-07-13 13:00:00,Earth,1453.0
2020-07-13 14:00:00,Earth,1100.0
2020-07-13 15:00:00,Earth,1293.0
2020-07-13 16:00:00,Earth,1365.0
2020-07-13 17:00:00,Earth,976.0
2020-07-13 18:00:00,Earth,1278.0
2020-07-13 19:00:00,Earth,1248.0
2020-07-13 20:00:00,Earth,1408.0
2020-07-13 21:00:00,Earth,1619.0
2020-07-13 22:00:00,Earth,1033.0
2020-07-13 23:00:00,Earth,1063.0
2020-07-14 00:00:00,Earth,1040.0
2020-07-14 01:00:00,Earth,972.0
2020-07-14 02:00:00,Earth,938.0
2020-07-14 03:00:00,Earth,906.0
2020-07-14 04:00:00,Earth,905.0
2020-07-14 05:00:00,Earth,885.0
2020-07-14 06:00:00,Earth,881.0
2020-07-14 07:00:00,Earth,865.0
2020-07-14 08:00:00,Earth,857.0
2020-07-14 09:00:00,Earth,990.0
2020-07-14 10:00:00,Earth,1247.0
2020-07-14 11:00:00,Earth,995.0
2020-07-14 12:00:00,Earth,1508.0
2020-07-14 13:00:00,Earth,1430.0
2020-07-14 14:00:00,Earth,1440.0
2020-07-14 15:00:00,Earth,1624.0
2020-07-14 16:00:00,Earth,1263.0
2020-07-14 17:00:00,Earth,1758.0
2020-07-14 18:00:00,Earth,922.0
2020-07-14 19:00:00,Earth,1059.0
2020-07-14 20:00:00,Earth,1040.0
2020-07-14 21:00:00,Earth,1080.0
2020-07-14 22:00:00,Earth,1151.0
2020-07-14 23:00:00,Earth,1068.0
2020-07-15 00:00:00,Earth,1104.0
2020-07-15 01:00:00,Earth,1003.0
2020-07-15 02:00:00,Earth,930.0
2020-07-15 03:00:00,Earth,865.0
2020-07-15 04:00:00,Earth,989.0
2020-07-15 05:00:00,Earth,967.0
2020-07-15 06:00:00,Earth,947.0
2020-07-15 07:00:00,Earth,1006.0
2020-07-15 08:00:00,Earth,995.0
2020-07-15 09:00:00,Earth,1045.0
2020-07-15 10:00:00,Earth,1297.0
2020-07-15 11:00:00,Earth,1385.0
2020-07-15 12:00:00,Earth,1513.0
2020-07-15 13:00:00,Earth,1411.0
2020-07-15 14:00:00,Earth,995.0
2020-07-15 15:00:00,Earth,1155.0
2020-07-15 16:00:00,Earth,1500.0
2020-07-15 17:00:00,Earth,1321.0
2020-07-15 18:00:00,Earth,1640.0
2020-07-15 19:00:00,Earth,1516.0
2020-07-15 20:00:00,Earth,2261.0
2020-07-15 21:00:00,Earth,1486.0
2020-07-15 22:00:00,Earth,1425.0
2020-07-15 23:00:00,Earth,1336.0
2020-07-16 00:00:00,Earth,1479.0
2020-07-16 01:00:00,Earth,1101.0
2020-07-16 02:00:00,Earth,1163.0
2020-07-16 03:00:00,Earth,1226.0
2020-07-16 04:00:00,Earth,1176.0
2020-07-16 05:00:00,Earth,1101.0
2020-07-16 06:00:00,Earth,1116.0
2020-07-16 07:00:00,Earth,1134.0
2020-07-16 08:00:00,Earth,1378.0
2020-07-16 09:00:00,Earth,1314.0
2020-07-16 10:00:00,Earth,1648.0
2020-07-16 11:00:00,Earth,1516.0
2020-07-16 12:00:00,Earth,1279.0
2020-07-16 13:00:00,Earth,1840.0
2020-07-16 14:00:00,Earth,1417.0
2020-07-16 15:00:00,Earth,1419.0
2020-07-16 16:00:00,Earth,1344.0
2020-07-16 17:00:00,Earth,1204.0
2020-07-16 18:00:00,Earth,1036.0
2020-07-16 19:00:00,Earth,1150.0
2020-07-16 20:00:00,Earth,1207.0
2020-07-16 21:00:00,Earth,1135.0
2020-07-16 22:00:00,Earth,1085.0
2020-07-16 23:00:00,Earth,1483.0
2020-07-17 00:00:00,Earth,1564.0
2020-07-17 01:00:00,Earth,1634.0
2020-07-17 02:00:00,Earth,1473.0
2020-07-17 03:00:00,Earth,1551.0
2020-07-17 04:00:00,Earth,1546.0
2020-07-17 05:00:00,Earth,1544.0
2020-07-17 06:00:00,Earth,1636.0
2020-07-17 07:00:00,Earth,1585.0
2020-07-17 08:00:00,Earth,1565.0
2020-07-17 09:00:00,Earth,1679.0
2020-07-17 10:00:00,Earth,1867.0
2020-07-17 11:00:00,Earth,1874.0
2020-07-17 12:00:00,Earth,1781.0
2020-07-17 13:00:00,Earth,1815.0
2020-07-17 14:00:00,Earth,1784.0
2020-07-17 15:00:00,Earth,2423.0
2020-07-17 16:00:00,Earth,1771.0
2020-07-17 17:00:00,Earth,1453.0
2020-07-17 18:00:00,Earth,1287.0
2020-07-17 19:00:00,Earth,1221.0
2020-07-17 20:00:00,Earth,1487.0
2020-07-17 21:00:00,Earth,1410.0
2020-07-17 22:00:00,Earth,1350.0
2020-07-17 23:00:00,Earth,1440.0
2020-07-18 00:00:00,Earth,1141.0
2020-07-18 01:00:00,Earth,1198.0
2020-07-18 02:00:00,Earth,1240.0
2020-07-18 03:00:00,Earth,1009.0
2020-07-18 04:00:00,Earth,1026.0
2020-07-18 05:00:00,Earth,993.0
2020-07-18 06:00:00,Earth,954.0
2020-07-18 07:00:00,Earth,995.0
2020-07-18 08:00:00,Earth,981.0
2020-07-18 09:00:00,Earth,1000.0
2020-07-18 10:00:00,Earth,1049.0
2020-07-18 11:00:00,Earth,1182.0
2020-07-18 12:00:00,Earth,1949.0
2020-07-18 13:00:00,Earth,2861.0
2020-07-18 14:00:00,Earth,1218.0
2020-07-18 15:00:00,Earth,1199.0
2020-07-18 16:00:00,Earth,1073.0
2020-07-18 17:00:00,Earth,1015.0
2020-07-18 18:00:00,Earth,944.0
2020-07-18 19:00:00,Earth,928.0
2020-07-18 20:00:00,Earth,1216.0
2020-07-18 21:00:00,Earth,1496.0
2020-07-18 22:00:00,Earth,1410.0
2020-07-18 23:00:00,Earth,1505.0
2020-07-19 00:00:00,Earth,1640.0
2020-07-19 01:00:00,Earth,1413.0
2020-07-19 02:00:00,Earth,1399.0
2020-07-19 03:00:00,Earth,1474.0
2020-07-19 04:00:00,Earth,1402.0
2020-07-19 05:00:00,Earth,1433.0
2020-07-19 06:00:00,Earth,1402.0
2020-07-19 07:00:00,Earth,1439.0
2020-07-19 08:00:00,Earth,1431.0
2020-07-19 09:00:00,Earth,1442.0
2020-07-19 10:00:00,Earth,1348.0
2020-07-19 11:00:00,Earth,1220.0
2020-07-19 12:00:00,Earth,1052.0
2020-07-19 13:00:00,Earth,1269.0
2020-07-19 14:00:00,Earth,1126.0
2020-07-19 15:00:00,Earth,1132.0
2020-07-19 16:00:00,Earth,1104.0
2020-07-19 17:00:00,Earth,1030.0
2020-07-19 18:00:00,Earth,1062.0
2020-07-19 19:00:00,Earth,1006.0
2020-07-19 20:00:00,Earth,1020.0
2020-07-19 21:00:00,Earth,992.0
2020-07-19 22:00:00,Earth,1108.0
2020-07-19 23:00:00,Earth,1088.0
2020-07-20 00:00:00,Earth,1248.0
2020-07-20 01:00:00,Earth,1212.0
2020-07-20 02:00:00,Earth,1469.0
2020-07-20 03:00:00,Earth,1127.0
2020-07-20 04:00:00,Earth,1039.0
2020-07-20 05:00:00,Earth,942.0
2020-07-20 06:00:00,Earth,922.0
2020-07-20 07:00:00,Earth,932.0
2020-07-20 08:00:00,Earth,906.0
2020-07-20 09:00:00,Earth,892.0
2020-07-20 10:00:00,Earth,1106.0
2020-07-20 11:00:00,Earth,947.0
2020-07-20 12:00:00,Earth,1022.0
2020-07-20 13:00:00,Earth,1330.0
2020-07-20 14:00:00,Earth,1500.0
2020-07-20 15:00:00,Earth,1380.0
2020-07-20 16:00:00,Earth,1388.0
2020-07-20 17:00:00,Earth,1476.0
2020-07-20 18:00:00,Earth,1411.0
2020-07-20 19:00:00,Earth,1406.0
2020-07-20 20:00:00,Earth,1265.0
2020-07-20 21:00:00,Earth,1418.0
2020-07-20 22:00:00,Earth,1392.0
2020-07-20 23:00:00,Earth,976.0
2020-07-21 00:00:00,Earth,907.0
2020-07-21 01:00:00,Earth,915.0
2020-07-21 02:00:00,Earth,859.0
2020-07-21 03:00:00,Earth,808.0
2020-07-21 04:00:00,Earth,776.0
2020-07-21 05:00:00,Earth,776.0
2020-07-21 06:00:00,Earth,776.0
2020-07-21 07:00:00,Earth,776.0
2020-07-21 08:00:00,Earth,760.0
2020-07-21 09:00:00,Earth,777.0
2020-07-21 10:00:00,Earth,912.0
2020-07-21 11:00:00,Earth,897.0
2020-07-21 12:00:00,Earth,872.0
2020-07-21 13:00:00,Earth,840.0
2020-07-21 14:00:00,Earth,919.0
2020-07-21 15:00:00,Earth,1102.0
2020-07-21 16:00:00,Earth,1150.0
2020-07-21 17:00:00,Earth,1163.0
2020-07-21 18:00:00,Earth,1100.0
2020-07-21 19:00:00,Earth,1149.0
2020-07-21 20:00:00,Earth,1200.0
2020-07-21 21:00:00,Earth,1148.0
2020-07-21 22:00:00,Earth,1076.0
2020-07-21 23:00:00,Earth,1060.0
2020-07-22 00:00:00,Earth,1077.0
2020-07-22 01:00:00,Earth,1070.0
2020-07-22 02:00:00,Earth,1149.0
2020-07-22 03:00:00,Earth,1168.0
2020-07-22 04:00:00,Earth,1129.0
2020-07-22 05:00:00,Earth,1132.0
2020-07-22 06:00:00,Earth,1045.0
2020-07-22 07:00:00,Earth,1099.0
2020-07-22 08:00:00,Earth,1058.0
2020-07-22 09:00:00,Earth,967.0
2020-07-22 10:00:00,Earth,1024.0
2020-07-22 11:00:00,Earth,992.0
2020-07-22 12:00:00,Earth,936.0
2020-07-22 13:00:00,Earth,1108.0
2020-07-22 14:00:00,Earth,1448.0
2020-07-22 15:00:00,Earth,1458.0
2020-07-22 16:00:00,Earth,1152.0
2020-07-22 17:00:00,Earth,1263.0
2020-07-22 18:00:00,Earth,1214.0
2020-07-22 19:00:00,Earth,1243.0
2020-07-22 20:00:00,Earth,1288.0
2020-07-22 21:00:00,Earth,1207.0
2020-07-22 22:00:00,Earth,1154.0
2020-07-22 23:00:00,Earth,1158.0
2020-07-23 00:00:00,Earth,1168.0
2020-07-23 01:00:00,Earth,1199.0
2020-07-23 02:00:00,Earth,1215.0
2020-07-23 03:00:00,Earth,1050.0
2020-07-23 04:00:00,Earth,1002.0
2020-07-23 05:00:00,Earth,1008.0
2020-07-23 06:00:00,Earth,986.0
2020-07-23 07:00:00,Earth,936.0
2020-07-23 08:00:00,Earth,955.0
2020-07-23 09:00:00,Earth,956.0
2020-07-23 10:00:00,Earth,1032.0
2020-07-23 11:00:00,Earth,1319.0
2020-07-23 12:00:00,Earth,1212.0
2020-07-23 13:00:00,Earth,1292.0
2020-07-23 14:00:00,Earth,1122.0
2020-07-23 15:00:00,Earth,1143.0
2020-07-23 16:00:00,Earth,1171.0
2020-07-23 17:00:00,Earth,1037.0
2020-07-23 18:00:00,Earth,1171.0
2020-07-23 19:00:00,Earth,1285.0
2020-07-23 20:00:00,Earth,1168.0
2020-07-23 21:00:00,Earth,1061.0
2020-07-23 22:00:00,Earth,1136.0
2020-07-23 23:00:00,Earth,1036.0
2020-07-24 00:00:00,Earth,998.0
2020-07-24 01:00:00,Earth,1508.0
2020-07-24 02:00:00,Earth,1134.0
2020-07-24 03:00:00,Earth,948.0
2020-07-24 04:00:00,Earth,964.0
2020-07-24 05:00:00,Earth,977.0
2020-07-24 06:00:00,Earth,1015.0
2020-07-24 07:00:00,Earth,1020.0
2020-07-24 08:00:00,Earth,1416.0
2020-07-24 09:00:00,Earth,1059.0
2020-07-24 10:00:00,Earth,1144.0
2020-07-24 11:00:00,Earth,1229.0
2020-07-24 12:00:00,Earth,1056.0
2020-07-24 13:00:00,Earth,1145.0
2020-07-24 14:00:00,Earth,1274.0
2020-07-24 15:00:00,Earth,1202.0
2020-07-24 16:00:00,Earth,1411.0
2020-07-24 17:00:00,Earth,1311.0
2020-07-24 18:00:00,Earth,1129.0
2020-07-24 19:00:00,Earth,1191.0
2020-07-24 20:00:00,Earth,1172.0
2020-07-24 21:00:00,Earth,1130.0
2020-07-24 22:00:00,Earth,1291.0
2020-07-24 23:00:00,Earth,1143.0
2020-07-25 00:00:00,Earth,1103.0
2020-07-25 01:00:00,Earth,1072.0
2020-07-25 02:00:00,Earth,1291.0
2020-07-25 03:00:00,Earth,1206.0
2020-07-25 04:00:00,Earth,1083.0
2020-07-25 05:00:00,Earth,944.0
2020-07-25 06:00:00,Earth,930.0
2020-07-25 07:00:00,Earth,935.0
2020-07-25 08:00:00,Earth,807.0
2020-07-25 09:00:00,Earth,833.0
2020-07-25 10:00:00,Earth,1011.0
2020-07-25 11:00:00,Earth,900.0
2020-07-25 12:00:00,Earth,840.0
2020-07-25 13:00:00,Earth,821.0
2020-07-25 14:00:00,Earth,837.0
2020-07-25 15:00:00,Earth,894.0
2020-07-25 16:00:00,Earth,854.0
2020-07-25 17:00:00,Earth,865.0
2020-07-25 18:00:00,Earth,913.0
2020-07-25 19:00:00,Earth,1019.0
2020-07-25 20:00:00,Earth,880.0
2020-07-25 21:00:00,Earth,1005.0
2020-07-25 22:00:00,Earth,946.0
2020-07-25 23:00:00,Earth,909.0
2020-07-26 00:00:00,Earth,912.0
2020-07-26 01:00:00,Earth,900.0
2020-07-26 02:00:00,Earth,867.0
2020-07-26 03:00:00,Earth,862.0
2020-07-26 04:00:00,Earth,874.0
2020-07-26 05:00:00,Earth,828.0
2020-07-26 06:00:00,Earth,773.0
2020-07-26 07:00:00,Earth,784.0
2020-07-26 08:00:00,Earth,769.0
2020-07-26 09:00:00,Earth,783.0
2020-07-26 10:00:00,Earth,874.0
2020-07-26 11:00:00,Earth,886.0
2020-07-26 12:00:00,Earth,777.0
2020-07-26 13:00:00,Earth,782.0
2020-07-26 14:00:00,Earth,791.0
2020-07-26 15:00:00,Earth,759.0
2020-07-26 16:00:00,Earth,845.0
2020-07-26 17:00:00,Earth,946.0
2020-07-26 18:00:00,Earth,949.0
2020-07-26 19:00:00,Earth,980.0
2020-07-26 20:00:00,Earth,976.0
2020-07-26 21:00:00,Earth,985.0
2020-07-26 22:00:00,Earth,1157.0
2020-07-26 23:00:00,Earth,987.0
2020-07-27 00:00:00,Earth,881.0
2020-07-27 01:00:00,Earth,852.0
2020-07-27 02:00:00,Earth,815.0
2020-07-27 03:00:00,Earth,834.0
2020-07-27 04:00:00,Earth,795.0
2020-07-27 05:00:00,Earth,786.0
2020-07-27 06:00:00,Earth,732.0
2020-07-27 07:00:00,Earth,714.0
2020-07-27 08:00:00,Earth,688.0
2020-07-27 09:00:00,Earth,745.0
2020-07-27 10:00:00,Earth,1071.0
2020-07-27 11:00:00,Earth,1140.0
2020-07-27 12:00:00,Earth,996.0
2020-07-27 13:00:00,Earth,1072.0
2020-07-27 14:00:00,Earth,1123.0
2020-07-27 15:00:00,Earth,1182.0
2020-07-27 16:00:00,Earth,1375.0
2020-07-27 17:00:00,Earth,1430.0
2020-07-27 18:00:00,Earth,1378.0
2020-07-27 19:00:00,Earth,1504.0
2020-07-27 20:00:00,Earth,1418.0
2020-07-27 21:00:00,Earth,1141.0
2020-07-27 22:00:00,Earth,1188.0
2020-07-27 23:00:00,Earth,1240.0
2020-07-28 00:00:00,Earth,1165.0
2020-07-28 01:00:00,Earth,955.0
2020-07-28 02:00:00,Earth,973.0
2020-07-28 03:00:00,Earth,956.0
2020-07-28 04:00:00,Earth,921.0
2020-07-28 05:00:00,Earth,876.0
2020-07-28 06:00:00,Earth,872.0
2020-07-28 07:00:00,Earth,883.0
2020-07-28 08:00:00,Earth,926.0
2020-07-28 09:00:00,Earth,933.0
2020-07-28 10:00:00,Earth,1332.0
2020-07-28 11:00:00,Earth,1319.0
2020-07-28 12:00:00,Earth,1284.0
2020-07-28 13:00:00,Earth,1146.0
2020-07-28 14:00:00,Earth,1144.0
2020-07-28 15:00:00,Earth,1477.0
2020-07-28 16:00:00,Earth,1274.0
2020-07-28 17:00:00,Earth,1090.0
2020-07-28 18:00:00,Earth,1202.0
2020-07-28 19:00:00,Earth,1403.0
2020-07-28 20:00:00,Earth,1350.0
2020-07-28 21:00:00,Earth,1559.0
2020-07-28 22:00:00,Earth,1438.0
2020-07-28 23:00:00,Earth,1672.0
2020-07-29 00:00:00,Earth,1497.0
2020-07-29 01:00:00,Earth,1124.0
2020-07-29 02:00:00,Earth,1026.0
2020-07-29 03:00:00,Earth,1025.0
2020-07-29 04:00:00,Earth,1033.0
2020-07-29 05:00:00,Earth,1046.0
2020-07-29 06:00:00,Earth,1002.0
2020-07-29 07:00:00,Earth,971.0
2020-07-29 08:00:00,Earth,986.0
2020-07-29 09:00:00,Earth,897.0
2020-07-29 10:00:00,Earth,1018.0
2020-07-29 11:00:00,Earth,1046.0
2020-07-29 12:00:00,Earth,1065.0
2020-07-29 13:00:00,Earth,1056.0
2020-07-29 14:00:00,Earth,1031.0
2020-07-29 15:00:00,Earth,1530.0
2020-07-29 16:00:00,Earth,1343.0
2020-07-29 17:00:00,Earth,1150.0
2020-07-29 18:00:00,Earth,1139.0
2020-07-29 19:00:00,Earth,1293.0
2020-07-29 20:00:00,Earth,1117.0
2020-07-29 21:00:00,Earth,1262.0
2020-07-29 22:00:00,Earth,1132.0
2020-07-29 23:00:00,Earth,1007.0
2020-07-30 00:00:00,Earth,1112.0
2020-07-30 01:00:00,Earth,1103.0
2020-07-30 02:00:00,Earth,1216.0
2020-07-30 03:00:00,Earth,1022.0
2020-07-30 04:00:00,Earth,902.0
2020-07-30 05:00:00,Earth,973.0
2020-07-30 06:00:00,Earth,872.0
2020-07-30 07:00:00,Earth,867.0
2020-07-30 08:00:00,Earth,1010.0
2020-07-30 09:00:00,Earth,962.0
2020-07-30 10:00:00,Earth,905.0
2020-07-30 11:00:00,Earth,1041.0
2020-07-30 12:00:00,Earth,922.0
2020-07-30 13:00:00,Earth,925.0
2020-07-30 14:00:00,Earth,1188.0
2020-07-30 15:00:00,Earth,1132.0
2020-07-30 16:00:00,Earth,969.0
2020-07-30 17:00:00,Earth,1033.0
2020-07-30 18:00:00,Earth,933.0
2020-07-30 19:00:00,Earth,973.0
2020-07-30 20:00:00,Earth,985.0
2020-07-30 21:00:00,Earth,910.0
2020-07-30 22:00:00,Earth,1009.0
2020-07-30 23:00:00,Earth,956.0
2020-07-31 00:00:00,Earth,962.0
2020-07-31 01:00:00,Earth,1067.0
2020-07-31 02:00:00,Earth,929.0
2020-07-31 03:00:00,Earth,880.0
2020-07-31 04:00:00,Earth,860.0
2020-07-31 05:00:00,Earth,766.0
2020-07-31 06:00:00,Earth,740.0
2020-07-31 07:00:00,Earth,715.0
2020-07-31 08:00:00,Earth,709.0
2020-07-31 09:00:00,Earth,766.0
2020-07-31 10:00:00,Earth,806.0
2020-07-31 11:00:00,Earth,904.0
2020-07-31 12:00:00,Earth,798.0
2020-07-31 13:00:00,Earth,785.0
2020-07-31 14:00:00,Earth,934.0
2020-07-31 15:00:00,Earth,1519.0
2020-07-31 16:00:00,Earth,1046.0
2020-07-31 17:00:00,Earth,924.0
2020-07-31 18:00:00,Earth,931.0
2020-07-31 19:00:00,Earth,1013.0
2020-07-31 20:00:00,Earth,1017.0
2020-07-31 21:00:00,Earth,1015.0
2020-07-31 22:00:00,Earth,1090.0
2020-07-31 23:00:00,Earth,1076.0
2020-08-01 00:00:00,Earth,1021.0
2020-08-01 01:00:00,Earth,943.0
2020-08-01 02:00:00,Earth,918.0
2020-08-01 03:00:00,Earth,911.0
2020-08-01 04:00:00,Earth,917.0
2020-08-01 05:00:00,Earth,871.0
2020-08-01 06:00:00,Earth,862.0
2020-08-01 07:00:00,Earth,806.0
2020-08-01 08:00:00,Earth,813.0
2020-08-01 09:00:00,Earth,820.0
2020-08-01 10:00:00,Earth,807.0
2020-08-01 11:00:00,Earth,847.0
2020-08-01 12:00:00,Earth,828.0
2020-08-01 13:00:00,Earth,874.0
2020-08-01 14:00:00,Earth,879.0
2020-08-01 15:00:00,Earth,1064.0
2020-08-01 16:00:00,Earth,984.0
2020-08-01 17:00:00,Earth,976.0
2020-08-01 18:00:00,Earth,987.0
2020-08-01 19:00:00,Earth,945.0
2020-08-01 20:00:00,Earth,1165.0
2020-08-01 21:00:00,Earth,975.0
2020-08-01 22:00:00,Earth,1269.0
2020-08-01 23:00:00,Earth,1006.0
2020-08-02 00:00:00,Earth,1130.0
2020-08-02 01:00:00,Earth,1060.0
2020-08-02 02:00:00,Earth,960.0
2020-08-02 03:00:00,Earth,928.0
2020-08-02 04:00:00,Earth,914.0
2020-08-02 05:00:00,Earth,897.0
2020-08-02 06:00:00,Earth,891.0
2020-08-02 07:00:00,Earth,888.0
2020-08-02 08:00:00,Earth,875.0
2020-08-02 09:00:00,Earth,964.0
2020-08-02 10:00:00,Earth,1005.0
2020-08-02 11:00:00,Earth,828.0
2020-08-02 12:00:00,Earth,870.0
2020-08-02 13:00:00,Earth,811.0
2020-08-02 14:00:00,Earth,943.0
2020-08-02 15:00:00,Earth,812.0
2020-08-02 16:00:00,Earth,977.0
2020-08-02 17:00:00,Earth,1235.0
2020-08-02 18:00:00,Earth,1016.0
2020-08-02 19:00:00,Earth,853.0
2020-08-02 20:00:00,Earth,906.0
2020-08-02 21:00:00,Earth,842.0
2020-08-02 22:00:00,Earth,866.0
2020-08-02 23:00:00,Earth,1623.0
2020-08-03 00:00:00,Earth,1026.0
2020-08-03 01:00:00,Earth,937.0
2020-08-03 02:00:00,Earth,879.0
2020-08-03 03:00:00,Earth,875.0
2020-08-03 04:00:00,Earth,859.0
2020-08-03 05:00:00,Earth,859.0
2020-08-03 06:00:00,Earth,811.0
2020-08-03 07:00:00,Earth,803.0
2020-08-03 08:00:00,Earth,841.0
2020-08-03 09:00:00,Earth,871.0
2020-08-03 10:00:00,Earth,901.0
2020-08-03 11:00:00,Earth,937.0
2020-08-03 12:00:00,Earth,836.0
2020-08-03 13:00:00,Earth,923.0
2020-08-03 14:00:00,Earth,1219.0
2020-08-03 15:00:00,Earth,1417.0
2020-08-03 16:00:00,Earth,1199.0
2020-08-03 17:00:00,Earth,1222.0
2020-08-03 18:00:00,Earth,1124.0
2020-08-03 19:00:00,Earth,1199.0
2020-08-03 20:00:00,Earth,1377.0
2020-08-03 21:00:00,Earth,1116.0
2020-08-03 22:00:00,Earth,1113.0
2020-08-03 23:00:00,Earth,1091.0
2020-08-04 00:00:00,Earth,934.0
2020-08-04 01:00:00,Earth,915.0
2020-08-04 02:00:00,Earth,893.0
2020-08-04 03:00:00,Earth,860.0
2020-08-04 04:00:00,Earth,855.0
2020-08-04 05:00:00,Earth,855.0
2020-08-04 06:00:00,Earth,854.0
2020-08-04 07:00:00,Earth,838.0
2020-08-04 08:00:00,Earth,808.0
2020-08-04 09:00:00,Earth,962.0
2020-08-04 10:00:00,Earth,923.0
2020-08-04 11:00:00,Earth,1076.0
2020-08-04 12:00:00,Earth,1035.0
2020-08-04 13:00:00,Earth,1444.0
2020-08-04 14:00:00,Earth,1255.0
2020-08-04 15:00:00,Earth,1289.0
2020-08-04 16:00:00,Earth,1301.0
2020-08-04 17:00:00,Earth,1163.0
2020-08-04 18:00:00,Earth,1208.0
2020-08-04 19:00:00,Earth,1416.0
2020-08-04 20:00:00,Earth,1468.0
2020-08-04 21:00:00,Earth,1094.0
2020-08-04 22:00:00,Earth,1046.0
2020-08-04 23:00:00,Earth,900.0
2020-08-05 00:00:00,Earth,1017.0
2020-08-05 01:00:00,Earth,935.0
2020-08-05 02:00:00,Earth,813.0
2020-08-05 03:00:00,Earth,766.0
2020-08-05 04:00:00,Earth,775.0
2020-08-05 05:00:00,Earth,686.0
2020-08-05 06:00:00,Earth,628.0
2020-08-05 07:00:00,Earth,614.0
2020-08-05 08:00:00,Earth,601.0
2020-08-05 09:00:00,Earth,659.0
2020-08-05 10:00:00,Earth,956.0
2020-08-05 11:00:00,Earth,1535.0
2020-08-05 12:00:00,Earth,997.0
2020-08-05 13:00:00,Earth,1201.0
2020-08-05 14:00:00,Earth,1102.0
2020-08-05 15:00:00,Earth,1080.0
2020-08-05 16:00:00,Earth,1260.0
2020-08-05 17:00:00,Earth,1067.0
2020-08-05 18:00:00,Earth,1021.0
2020-08-05 19:00:00,Earth,1145.0
2020-08-05 20:00:00,Earth,1305.0
2020-08-05 21:00:00,Earth,1226.0
2020-08-05 22:00:00,Earth,1256.0
2020-08-05 23:00:00,Earth,1169.0
2020-08-06 00:00:00,Earth,1098.0
2020-08-06 01:00:00,Earth,1196.0
2020-08-06 02:00:00,Earth,1039.0
2020-08-06 03:00:00,Earth,975.0
2020-08-06 04:00:00,Earth,905.0
2020-08-06 05:00:00,Earth,886.0
2020-08-06 06:00:00,Earth,922.0
2020-08-06 07:00:00,Earth,860.0
2020-08-06 08:00:00,Earth,802.0
2020-08-06 09:00:00,Earth,880.0
2020-08-06 10:00:00,Earth,1125.0
2020-08-06 11:00:00,Earth,1186.0
2020-08-06 12:00:00,Earth,1326.0
2020-08-06 13:00:00,Earth,1221.0
2020-08-06 14:00:00,Earth,1259.0
2020-08-06 15:00:00,Earth,1078.0
2020-08-06 16:00:00,Earth,1130.0
2020-08-06 17:00:00,Earth,1196.0
2020-08-06 18:00:00,Earth,1357.0
2020-08-06 19:00:00,Earth,1239.0
2020-08-06 20:00:00,Earth,1076.0
2020-08-06 21:00:00,Earth,965.0
2020-08-06 22:00:00,Earth,1007.0
2020-08-06 23:00:00,Earth,967.0
2020-08-07 00:00:00,Earth,1089.0
2020-08-07 01:00:00,Earth,1145.0
2020-08-07 02:00:00,Earth,895.0
2020-08-07 03:00:00,Earth,848.0
2020-08-07 04:00:00,Earth,822.0
2020-08-07 05:00:00,Earth,746.0
2020-08-07 06:00:00,Earth,695.0
2020-08-07 07:00:00,Earth,665.0
2020-08-07 08:00:00,Earth,652.0
2020-08-07 09:00:00,Earth,953.0
2020-08-07 10:00:00,Earth,1038.0
2020-08-07 11:00:00,Earth,1376.0
2020-08-07 12:00:00,Earth,1164.0
2020-08-07 13:00:00,Earth,1223.0
2020-08-07 14:00:00,Earth,1044.0
2020-08-07 15:00:00,Earth,895.0
2020-08-07 16:00:00,Earth,952.0
2020-08-07 17:00:00,Earth,1235.0
2020-08-07 18:00:00,Earth,1260.0
2020-08-07 19:00:00,Earth,995.0
2020-08-07 20:00:00,Earth,1148.0
2020-08-07 21:00:00,Earth,1032.0
2020-08-07 22:00:00,Earth,1219.0
2020-08-07 23:00:00,Earth,1187.0
2020-08-08 00:00:00,Earth,954.0
2020-08-08 01:00:00,Earth,943.0
2020-08-08 02:00:00,Earth,889.0
2020-08-08 03:00:00,Earth,873.0
2020-08-08 04:00:00,Earth,857.0
2020-08-08 05:00:00,Earth,836.0
2020-08-08 06:00:00,Earth,827.0
2020-08-08 07:00:00,Earth,792.0
2020-08-08 08:00:00,Earth,768.0
2020-08-08 09:00:00,Earth,772.0
2020-08-08 10:00:00,Earth,730.0
2020-08-08 11:00:00,Earth,790.0
2020-08-08 12:00:00,Earth,775.0
2020-08-08 13:00:00,Earth,859.0
2020-08-08 14:00:00,Earth,867.0
2020-08-08 15:00:00,Earth,906.0
2020-08-08 16:00:00,Earth,858.0
2020-08-08 17:00:00,Earth,1006.0
2020-08-08 18:00:00,Earth,906.0
2020-08-08 19:00:00,Earth,1319.0
2020-08-08 20:00:00,Earth,812.0
2020-08-08 21:00:00,Earth,943.0
2020-08-08 22:00:00,Earth,795.0
2020-08-08 23:00:00,Earth,718.0
2020-08-09 00:00:00,Earth,755.0
2020-08-09 01:00:00,Earth,750.0
2020-08-09 02:00:00,Earth,723.0
2020-08-09 03:00:00,Earth,680.0
2020-08-09 04:00:00,Earth,678.0
2020-08-09 05:00:00,Earth,645.0
2020-08-09 06:00:00,Earth,650.0
2020-08-09 07:00:00,Earth,648.0
2020-08-09 08:00:00,Earth,650.0
2020-08-09 09:00:00,Earth,655.0
2020-08-09 10:00:00,Earth,682.0
2020-08-09 11:00:00,Earth,853.0
2020-08-09 12:00:00,Earth,957.0
2020-08-09 13:00:00,Earth,889.0
2020-08-09 14:00:00,Earth,946.0
2020-08-09 15:00:00,Earth,878.0
2020-08-09 16:00:00,Earth,905.0
2020-08-09 17:00:00,Earth,1017.0
2020-08-09 18:00:00,Earth,1001.0
2020-08-09 19:00:00,Earth,990.0
2020-08-09 20:00:00,Earth,961.0
2020-08-09 21:00:00,Earth,1119.0
2020-08-09 22:00:00,Earth,980.0
2020-08-09 23:00:00,Earth,904.0
2020-08-10 00:00:00,Earth,928.0
2020-08-10 01:00:00,Earth,969.0
2020-08-10 02:00:00,Earth,872.0
2020-08-10 03:00:00,Earth,857.0
2020-08-10 04:00:00,Earth,792.0
2020-08-10 05:00:00,Earth,769.0
2020-08-10 06:00:00,Earth,728.0
2020-08-10 07:00:00,Earth,715.0
2020-08-10 08:00:00,Earth,682.0
2020-08-10 09:00:00,Earth,771.0
2020-08-10 10:00:00,Earth,946.0
2020-08-10 11:00:00,Earth,1263.0
2020-08-10 12:00:00,Earth,943.0
2020-08-10 13:00:00,Earth,1002.0
2020-08-10 14:00:00,Earth,1037.0
2020-08-10 15:00:00,Earth,1122.0
2020-08-10 16:00:00,Earth,1281.0
2020-08-10 17:00:00,Earth,1019.0
2020-08-10 18:00:00,Earth,1061.0
2020-08-10 19:00:00,Earth,1111.0
2020-08-10 20:00:00,Earth,1102.0
2020-08-10 21:00:00,Earth,1199.0
2020-08-10 22:00:00,Earth,1062.0
2020-08-10 23:00:00,Earth,1186.0
2020-08-11 00:00:00,Earth,1030.0
2020-08-11 01:00:00,Earth,972.0
2020-08-11 02:00:00,Earth,985.0
2020-08-11 03:00:00,Earth,992.0
2020-08-11 04:00:00,Earth,972.0
2020-08-11 05:00:00,Earth,962.0
2020-08-11 06:00:00,Earth,920.0
2020-08-11 07:00:00,Earth,922.0
2020-08-11 08:00:00,Earth,929.0
2020-08-11 09:00:00,Earth,994.0
2020-08-11 10:00:00,Earth,1341.0
2020-08-11 11:00:00,Earth,1390.0
2020-08-11 12:00:00,Earth,1496.0
2020-08-11 13:00:00,Earth,1348.0
2020-08-11 14:00:00,Earth,1283.0
2020-08-11 15:00:00,Earth,1230.0
2020-08-11 16:00:00,Earth,1331.0
2020-08-11 17:00:00,Earth,1564.0
2020-08-11 18:00:00,Earth,1491.0
2020-08-11 19:00:00,Earth,1311.0
2020-08-11 20:00:00,Earth,1362.0
2020-08-11 21:00:00,Earth,1127.0
2020-08-11 22:00:00,Earth,1175.0
2020-08-11 23:00:00,Earth,1191.0
2020-08-12 00:00:00,Earth,1297.0
2020-08-12 01:00:00,Earth,1027.0
2020-08-12 02:00:00,Earth,981.0
2020-08-12 03:00:00,Earth,1012.0
2020-08-12 04:00:00,Earth,995.0
2020-08-12 05:00:00,Earth,950.0
2020-08-12 06:00:00,Earth,963.0
2020-08-12 07:00:00,Earth,984.0
2020-08-12 08:00:00,Earth,1061.0
2020-08-12 09:00:00,Earth,1081.0
2020-08-12 10:00:00,Earth,1102.0
2020-08-12 11:00:00,Earth,1285.0
2020-08-12 12:00:00,Earth,1165.0
2020-08-12 13:00:00,Earth,1191.0
2020-08-12 14:00:00,Earth,1332.0
2020-08-12 15:00:00,Earth,1486.0
2020-08-12 16:00:00,Earth,1533.0
2020-08-12 17:00:00,Earth,1280.0
2020-08-12 18:00:00,Earth,1120.0
2020-08-12 19:00:00,Earth,1291.0
2020-08-12 20:00:00,Earth,1489.0
2020-08-12 21:00:00,Earth,1198.0
2020-08-12 22:00:00,Earth,1252.0
2020-08-12 23:00:00,Earth,1325.0
2020-08-13 00:00:00,Earth,1147.0
2020-08-13 01:00:00,Earth,1257.0
2020-08-13 02:00:00,Earth,1127.0
2020-08-13 03:00:00,Earth,1091.0
2020-08-13 04:00:00,Earth,1033.0
2020-08-13 05:00:00,Earth,1043.0
2020-08-13 06:00:00,Earth,1015.0
2020-08-13 07:00:00,Earth,992.0
2020-08-13 08:00:00,Earth,992.0
2020-08-13 09:00:00,Earth,1036.0
2020-08-13 10:00:00,Earth,1175.0
2020-08-13 11:00:00,Earth,1099.0
2020-08-13 12:00:00,Earth,1269.0
2020-08-13 13:00:00,Earth,1113.0
2020-08-13 14:00:00,Earth,1189.0
2020-08-13 15:00:00,Earth,1226.0
2020-08-13 16:00:00,Earth,1352.0
2020-08-13 17:00:00,Earth,1181.0
2020-08-13 18:00:00,Earth,1151.0
2020-08-13 19:00:00,Earth,1152.0
2020-08-13 20:00:00,Earth,1135.0
2020-08-13 21:00:00,Earth,1286.0
2020-08-13 22:00:00,Earth,1015.0
2020-08-13 23:00:00,Earth,1037.0
2020-08-14 00:00:00,Earth,1102.0
2020-08-14 01:00:00,Earth,1079.0
2020-08-14 02:00:00,Earth,1016.0
2020-08-14 03:00:00,Earth,983.0
2020-08-14 04:00:00,Earth,1027.0
2020-08-14 05:00:00,Earth,963.0
2020-08-14 06:00:00,Earth,1011.0
2020-08-14 07:00:00,Earth,1095.0
2020-08-14 08:00:00,Earth,1065.0
2020-08-14 09:00:00,Earth,1065.0
2020-08-14 10:00:00,Earth,1416.0
2020-08-14 11:00:00,Earth,1399.0
2020-08-14 12:00:00,Earth,1023.0
2020-08-14 13:00:00,Earth,1170.0
2020-08-14 14:00:00,Earth,1307.0
2020-08-14 15:00:00,Earth,1476.0
2020-08-14 16:00:00,Earth,1408.0
2020-08-14 17:00:00,Earth,1163.0
2020-08-14 18:00:00,Earth,1179.0
2020-08-14 19:00:00,Earth,1254.0
2020-08-14 20:00:00,Earth,1233.0
2020-08-14 21:00:00,Earth,1198.0
2020-08-14 22:00:00,Earth,1234.0
2020-08-14 23:00:00,Earth,1166.0
2020-08-15 00:00:00,Earth,1172.0
2020-08-15 01:00:00,Earth,1156.0
2020-08-15 02:00:00,Earth,1018.0
2020-08-15 03:00:00,Earth,1024.0
2020-08-15 04:00:00,Earth,996.0
2020-08-15 05:00:00,Earth,933.0
2020-08-15 06:00:00,Earth,990.0
2020-08-15 07:00:00,Earth,1506.0
2020-08-15 08:00:00,Earth,1383.0
2020-08-15 09:00:00,Earth,980.0
2020-08-15 10:00:00,Earth,1084.0
2020-08-15 11:00:00,Earth,1054.0
2020-08-15 12:00:00,Earth,1217.0
2020-08-15 13:00:00,Earth,1277.0
2020-08-15 14:00:00,Earth,1350.0
2020-08-15 15:00:00,Earth,1265.0
2020-08-15 16:00:00,Earth,1029.0
2020-08-15 17:00:00,Earth,1118.0
2020-08-15 18:00:00,Earth,1036.0
2020-08-15 19:00:00,Earth,1090.0
2020-08-15 20:00:00,Earth,1115.0
2020-08-15 21:00:00,Earth,1085.0
2020-08-15 22:00:00,Earth,1108.0
2020-08-15 23:00:00,Earth,1029.0
2020-08-16 00:00:00,Earth,1344.0
2020-08-16 01:00:00,Earth,1168.0
2020-08-16 02:00:00,Earth,1075.0
2020-08-16 03:00:00,Earth,1132.0
2020-08-16 04:00:00,Earth,1212.0
2020-08-16 05:00:00,Earth,1040.0
2020-08-16 06:00:00,Earth,1116.0
2020-08-16 07:00:00,Earth,1024.0
2020-08-16 08:00:00,Earth,1009.0
2020-08-16 09:00:00,Earth,1119.0
2020-08-16 10:00:00,Earth,1213.0
2020-08-16 11:00:00,Earth,1260.0
2020-08-16 12:00:00,Earth,1085.0
2020-08-16 13:00:00,Earth,1033.0
2020-08-16 14:00:00,Earth,1112.0
2020-08-16 15:00:00,Earth,1151.0
2020-08-16 16:00:00,Earth,1134.0
2020-08-16 17:00:00,Earth,1124.0
2020-08-16 18:00:00,Earth,955.0
2020-08-16 19:00:00,Earth,987.0
2020-08-16 20:00:00,Earth,1009.0
2020-08-16 21:00:00,Earth,1119.0
2020-08-16 22:00:00,Earth,1124.0
2020-08-16 23:00:00,Earth,1164.0
2020-08-17 00:00:00,Earth,1144.0
2020-08-17 01:00:00,Earth,1057.0
2020-08-17 02:00:00,Earth,992.0
2020-08-17 03:00:00,Earth,971.0
2020-08-17 04:00:00,Earth,926.0
2020-08-17 05:00:00,Earth,874.0
2020-08-17 06:00:00,Earth,891.0
2020-08-17 07:00:00,Earth,847.0
2020-08-17 08:00:00,Earth,831.0
2020-08-17 09:00:00,Earth,886.0
2020-08-17 10:00:00,Earth,1061.0
2020-08-17 11:00:00,Earth,1261.0
2020-08-17 12:00:00,Earth,1193.0
2020-08-17 13:00:00,Earth,1263.0
2020-08-17 14:00:00,Earth,1209.0
2020-08-17 15:00:00,Earth,1141.0
2020-08-17 16:00:00,Earth,1282.0
2020-08-17 17:00:00,Earth,1337.0
2020-08-17 18:00:00,Earth,1214.0
2020-08-17 19:00:00,Earth,1161.0
2020-08-17 20:00:00,Earth,1401.0
2020-08-17 21:00:00,Earth,1229.0
2020-08-17 22:00:00,Earth,1197.0
2020-08-17 23:00:00,Earth,1180.0
2020-08-18 00:00:00,Earth,1256.0
2020-08-18 01:00:00,Earth,1292.0
2020-08-18 02:00:00,Earth,1251.0
2020-08-18 03:00:00,Earth,1139.0
2020-08-18 04:00:00,Earth,1107.0
2020-08-18 05:00:00,Earth,1058.0
2020-08-18 06:00:00,Earth,993.0
2020-08-18 07:00:00,Earth,941.0
2020-08-18 08:00:00,Earth,920.0
2020-08-18 09:00:00,Earth,956.0
2020-08-18 10:00:00,Earth,1151.0
2020-08-18 11:00:00,Earth,1208.0
2020-08-18 12:00:00,Earth,1103.0
2020-08-18 13:00:00,Earth,1122.0
2020-08-18 14:00:00,Earth,1188.0
2020-08-18 15:00:00,Earth,1171.0
2020-08-18 16:00:00,Earth,1250.0
2020-08-18 17:00:00,Earth,1239.0
2020-08-18 18:00:00,Earth,1010.0
2020-08-18 19:00:00,Earth,1255.0
2020-08-18 20:00:00,Earth,1233.0
2020-08-18 21:00:00,Earth,1197.0
2020-08-18 22:00:00,Earth,1375.0
2020-08-18 23:00:00,Earth,1225.0
2020-08-19 00:00:00,Earth,1131.0
2020-08-19 01:00:00,Earth,1058.0
2020-08-19 02:00:00,Earth,1065.0
2020-08-19 03:00:00,Earth,1111.0
2020-08-19 04:00:00,Earth,1063.0
2020-08-19 05:00:00,Earth,1051.0
2020-08-19 06:00:00,Earth,1041.0
2020-08-19 07:00:00,Earth,1025.0
2020-08-19 08:00:00,Earth,954.0
2020-08-19 09:00:00,Earth,1117.0
2020-08-19 10:00:00,Earth,1077.0
2020-08-19 11:00:00,Earth,1145.0
2020-08-19 12:00:00,Earth,1050.0
2020-08-19 13:00:00,Earth,1135.0
2020-08-19 14:00:00,Earth,1488.0
2020-08-19 15:00:00,Earth,1197.0
2020-08-19 16:00:00,Earth,1220.0
2020-08-19 17:00:00,Earth,1286.0
2020-08-19 18:00:00,Earth,1044.0
2020-08-19 19:00:00,Earth,1109.0
2020-08-19 20:00:00,Earth,1228.0
2020-08-19 21:00:00,Earth,1160.0
2020-08-19 22:00:00,Earth,1075.0
2020-08-19 23:00:00,Earth,1066.0
2020-08-20 00:00:00,Earth,1096.0
2020-08-20 01:00:00,Earth,1047.0
2020-08-20 02:00:00,Earth,981.0
2020-08-20 03:00:00,Earth,945.0
2020-08-20 04:00:00,Earth,919.0
2020-08-20 05:00:00,Earth,905.0
2020-08-20 06:00:00,Earth,892.0
2020-08-20 07:00:00,Earth,928.0
2020-08-20 08:00:00,Earth,1005.0
2020-08-20 09:00:00,Earth,1002.0
2020-08-20 10:00:00,Earth,1138.0
2020-08-20 11:00:00,Earth,1154.0
2020-08-20 12:00:00,Earth,1174.0
2020-08-20 13:00:00,Earth,1201.0
2020-08-20 14:00:00,Earth,1210.0
2020-08-20 15:00:00,Earth,1226.0
2020-08-20 16:00:00,Earth,1308.0
2020-08-20 17:00:00,Earth,1478.0
2020-08-20 18:00:00,Earth,1075.0
2020-08-20 19:00:00,Earth,1069.0
2020-08-20 20:00:00,Earth,1158.0
2020-08-20 21:00:00,Earth,1083.0
2020-08-20 22:00:00,Earth,1097.0
2020-08-20 23:00:00,Earth,1103.0
2020-08-21 00:00:00,Earth,1143.0
2020-08-21 01:00:00,Earth,1152.0
2020-08-21 02:00:00,Earth,1007.0
2020-08-21 03:00:00,Earth,1111.0
2020-08-21 04:00:00,Earth,1038.0
2020-08-21 05:00:00,Earth,1006.0
2020-08-21 06:00:00,Earth,966.0
2020-08-21 07:00:00,Earth,946.0
2020-08-21 08:00:00,Earth,969.0
2020-08-21 09:00:00,Earth,1197.0
2020-08-21 10:00:00,Earth,1157.0
2020-08-21 11:00:00,Earth,1133.0
2020-08-21 12:00:00,Earth,1258.0
2020-08-21 13:00:00,Earth,1130.0
2020-08-21 14:00:00,Earth,1246.0
2020-08-21 15:00:00,Earth,1163.0
2020-08-21 16:00:00,Earth,1396.0
2020-08-21 17:00:00,Earth,1220.0
2020-08-21 18:00:00,Earth,1201.0
2020-08-21 19:00:00,Earth,1107.0
2020-08-21 20:00:00,Earth,1045.0
2020-08-21 21:00:00,Earth,998.0
2020-08-21 22:00:00,Earth,1019.0
2020-08-21 23:00:00,Earth,1007.0
2020-08-22 00:00:00,Earth,1048.0
2020-08-22 01:00:00,Earth,1034.0
2020-08-22 02:00:00,Earth,1082.0
2020-08-22 03:00:00,Earth,967.0
2020-08-22 04:00:00,Earth,963.0
2020-08-22 05:00:00,Earth,951.0
2020-08-22 06:00:00,Earth,927.0
2020-08-22 07:00:00,Earth,957.0
2020-08-22 08:00:00,Earth,993.0
2020-08-22 09:00:00,Earth,905.0
2020-08-22 10:00:00,Earth,921.0
2020-08-22 11:00:00,Earth,899.0
2020-08-22 12:00:00,Earth,894.0
2020-08-22 13:00:00,Earth,874.0
2020-08-22 14:00:00,Earth,896.0
2020-08-22 15:00:00,Earth,945.0
2020-08-22 16:00:00,Earth,1017.0
2020-08-22 17:00:00,Earth,1184.0
2020-08-22 18:00:00,Earth,943.0
2020-08-22 19:00:00,Earth,897.0
2020-08-22 20:00:00,Earth,907.0
2020-08-22 21:00:00,Earth,893.0
2020-08-22 22:00:00,Earth,927.0
2020-08-22 23:00:00,Earth,972.0
2020-08-23 00:00:00,Earth,922.0
2020-08-23 01:00:00,Earth,850.0
2020-08-23 02:00:00,Earth,842.0
2020-08-23 03:00:00,Earth,814.0
2020-08-23 04:00:00,Earth,1111.0
2020-08-23 05:00:00,Earth,963.0
2020-08-23 06:00:00,Earth,922.0
2020-08-23 07:00:00,Earth,819.0
2020-08-23 08:00:00,Earth,812.0
2020-08-23 09:00:00,Earth,841.0
2020-08-23 10:00:00,Earth,813.0
2020-08-23 11:00:00,Earth,865.0
2020-08-23 12:00:00,Earth,795.0
2020-08-23 13:00:00,Earth,893.0
2020-08-23 14:00:00,Earth,925.0
2020-08-23 15:00:00,Earth,866.0
2020-08-23 16:00:00,Earth,868.0
2020-08-23 17:00:00,Earth,900.0
2020-08-23 18:00:00,Earth,905.0
2020-08-23 19:00:00,Earth,848.0
2020-08-23 20:00:00,Earth,1033.0
2020-08-23 21:00:00,Earth,894.0
2020-08-23 22:00:00,Earth,953.0
2020-08-23 23:00:00,Earth,1117.0
2020-08-24 00:00:00,Earth,938.0
2020-08-24 01:00:00,Earth,935.0
2020-08-24 02:00:00,Earth,913.0
2020-08-24 03:00:00,Earth,875.0
2020-08-24 04:00:00,Earth,914.0
2020-08-24 05:00:00,Earth,854.0
2020-08-24 06:00:00,Earth,874.0
2020-08-24 07:00:00,Earth,870.0
2020-08-24 08:00:00,Earth,883.0
2020-08-24 09:00:00,Earth,884.0
2020-08-24 10:00:00,Earth,1096.0
2020-08-24 11:00:00,Earth,1015.0
2020-08-24 12:00:00,Earth,985.0
2020-08-24 13:00:00,Earth,1027.0
2020-08-24 14:00:00,Earth,1144.0
2020-08-24 15:00:00,Earth,1071.0
2020-08-24 16:00:00,Earth,1137.0
2020-08-24 17:00:00,Earth,1205.0
2020-08-24 18:00:00,Earth,1014.0
2020-08-24 19:00:00,Earth,1055.0
2020-08-24 20:00:00,Earth,1037.0
2020-08-24 21:00:00,Earth,1057.0
2020-08-24 22:00:00,Earth,1124.0
2020-08-24 23:00:00,Earth,1266.0
2020-08-25 00:00:00,Earth,1133.0
2020-08-25 01:00:00,Earth,1014.0
2020-08-25 02:00:00,Earth,989.0
2020-08-25 03:00:00,Earth,919.0
2020-08-25 04:00:00,Earth,969.0
2020-08-25 05:00:00,Earth,1020.0
2020-08-25 06:00:00,Earth,953.0
2020-08-25 07:00:00,Earth,942.0
2020-08-25 08:00:00,Earth,928.0
2020-08-25 09:00:00,Earth,925.0
2020-08-25 10:00:00,Earth,1069.0
2020-08-25 11:00:00,Earth,1054.0
2020-08-25 12:00:00,Earth,1046.0
2020-08-25 13:00:00,Earth,1162.0
2020-08-25 14:00:00,Earth,1210.0
2020-08-25 15:00:00,Earth,1104.0
2020-08-25 16:00:00,Earth,1111.0
2020-08-25 17:00:00,Earth,1063.0
2020-08-25 18:00:00,Earth,1301.0
2020-08-25 19:00:00,Earth,1206.0
2020-08-25 20:00:00,Earth,1107.0
2020-08-25 21:00:00,Earth,1136.0
2020-08-25 22:00:00,Earth,1077.0
2020-08-25 23:00:00,Earth,1032.0
2020-08-26 00:00:00,Earth,1099.0
2020-08-26 01:00:00,Earth,1330.0
2020-08-26 02:00:00,Earth,1285.0
2020-08-26 03:00:00,Earth,1206.0
2020-08-26 04:00:00,Earth,1166.0
2020-08-26 05:00:00,Earth,1210.0
2020-08-26 06:00:00,Earth,1241.0
2020-08-26 07:00:00,Earth,1223.0
2020-08-26 08:00:00,Earth,1152.0
2020-08-26 09:00:00,Earth,1222.0
2020-08-26 10:00:00,Earth,1464.0
2020-08-26 11:00:00,Earth,1459.0
2020-08-26 12:00:00,Earth,1366.0
2020-08-26 13:00:00,Earth,1172.0
2020-08-26 14:00:00,Earth,1218.0
2020-08-26 15:00:00,Earth,1303.0
2020-08-26 16:00:00,Earth,1236.0
2020-08-26 17:00:00,Earth,1259.0
2020-08-26 18:00:00,Earth,1265.0
2020-08-26 19:00:00,Earth,1173.0
2020-08-26 20:00:00,Earth,1272.0
2020-08-26 21:00:00,Earth,1259.0
2020-08-26 22:00:00,Earth,1294.0
2020-08-26 23:00:00,Earth,1108.0
2020-08-27 00:00:00,Earth,1059.0
2020-08-27 01:00:00,Earth,1102.0
2020-08-27 02:00:00,Earth,960.0
2020-08-27 03:00:00,Earth,928.0
2020-08-27 04:00:00,Earth,862.0
2020-08-27 05:00:00,Earth,892.0
2020-08-27 06:00:00,Earth,884.0
2020-08-27 07:00:00,Earth,873.0
2020-08-27 08:00:00,Earth,861.0
2020-08-27 09:00:00,Earth,948.0
2020-08-27 10:00:00,Earth,1072.0
2020-08-27 11:00:00,Earth,912.0
2020-08-27 12:00:00,Earth,1063.0
2020-08-27 13:00:00,Earth,1344.0
2020-08-27 14:00:00,Earth,1151.0
2020-08-27 15:00:00,Earth,1257.0
2020-08-27 16:00:00,Earth,1161.0
2020-08-27 17:00:00,Earth,1259.0
2020-08-27 18:00:00,Earth,1292.0
2020-08-27 19:00:00,Earth,1204.0
2020-08-27 20:00:00,Earth,1473.0
2020-08-27 21:00:00,Earth,1329.0
2020-08-27 22:00:00,Earth,1511.0
2020-08-27 23:00:00,Earth,1096.0
2020-08-28 00:00:00,Earth,1060.0
2020-08-28 01:00:00,Earth,1032.0
2020-08-28 02:00:00,Earth,1007.0
2020-08-28 03:00:00,Earth,998.0
2020-08-28 04:00:00,Earth,986.0
2020-08-28 05:00:00,Earth,971.0
2020-08-28 06:00:00,Earth,962.0
2020-08-28 07:00:00,Earth,976.0
2020-08-28 08:00:00,Earth,953.0
2020-08-28 09:00:00,Earth,1050.0
2020-08-28 10:00:00,Earth,1140.0
2020-08-28 11:00:00,Earth,1105.0
2020-08-28 12:00:00,Earth,1186.0
2020-08-28 13:00:00,Earth,1034.0
2020-08-28 14:00:00,Earth,1055.0
2020-08-28 15:00:00,Earth,1415.0
2020-08-28 16:00:00,Earth,1237.0
2020-08-28 17:00:00,Earth,1072.0
2020-08-28 18:00:00,Earth,1149.0
2020-08-28 19:00:00,Earth,1114.0
2020-08-28 20:00:00,Earth,1260.0
2020-08-28 21:00:00,Earth,1779.0
2020-08-28 22:00:00,Earth,1163.0
2020-08-28 23:00:00,Earth,1050.0
2020-08-29 00:00:00,Earth,1230.0
2020-08-29 01:00:00,Earth,1075.0
2020-08-29 02:00:00,Earth,1030.0
2020-08-29 03:00:00,Earth,923.0
2020-08-29 04:00:00,Earth,897.0
2020-08-29 05:00:00,Earth,889.0
2020-08-29 06:00:00,Earth,885.0
2020-08-29 07:00:00,Earth,911.0
2020-08-29 08:00:00,Earth,887.0
2020-08-29 09:00:00,Earth,1017.0
2020-08-29 10:00:00,Earth,1168.0
2020-08-29 11:00:00,Earth,933.0
2020-08-29 12:00:00,Earth,976.0
2020-08-29 13:00:00,Earth,938.0
2020-08-29 14:00:00,Earth,1252.0
2020-08-29 15:00:00,Earth,946.0
2020-08-29 16:00:00,Earth,1204.0
2020-08-29 17:00:00,Earth,959.0
2020-08-29 18:00:00,Earth,963.0
2020-08-29 19:00:00,Earth,1023.0
2020-08-29 20:00:00,Earth,1054.0
2020-08-29 21:00:00,Earth,1022.0
2020-08-29 22:00:00,Earth,988.0
2020-08-29 23:00:00,Earth,991.0
2020-08-30 00:00:00,Earth,1533.0
2020-08-30 01:00:00,Earth,1147.0
2020-08-30 02:00:00,Earth,1025.0
2020-08-30 03:00:00,Earth,1069.0
2020-08-30 04:00:00,Earth,958.0
2020-08-30 05:00:00,Earth,977.0
2020-08-30 06:00:00,Earth,946.0
2020-08-30 07:00:00,Earth,957.0
2020-08-30 08:00:00,Earth,891.0
2020-08-30 09:00:00,Earth,880.0
2020-08-30 10:00:00,Earth,901.0
2020-08-30 11:00:00,Earth,1253.0
2020-08-30 12:00:00,Earth,893.0
2020-08-30 13:00:00,Earth,982.0
2020-08-30 14:00:00,Earth,1067.0
2020-08-30 15:00:00,Earth,861.0
2020-08-30 16:00:00,Earth,1026.0
2020-08-30 17:00:00,Earth,1205.0
2020-08-30 18:00:00,Earth,853.0
2020-08-30 19:00:00,Earth,896.0
2020-08-30 20:00:00,Earth,990.0
2020-08-30 21:00:00,Earth,894.0
2020-08-30 22:00:00,Earth,896.0
2020-08-30 23:00:00,Earth,959.0
2020-08-31 00:00:00,Earth,999.0
2020-08-31 01:00:00,Earth,1011.0
2020-08-31 02:00:00,Earth,928.0
2020-08-31 03:00:00,Earth,895.0
2020-08-31 04:00:00,Earth,931.0
2020-08-31 05:00:00,Earth,893.0
2020-08-31 06:00:00,Earth,914.0
2020-08-31 07:00:00,Earth,888.0
2020-08-31 08:00:00,Earth,916.0
2020-08-31 09:00:00,Earth,916.0
2020-08-31 10:00:00,Earth,1107.0
2020-08-31 11:00:00,Earth,1121.0
2020-08-31 12:00:00,Earth,1048.0
2020-08-31 13:00:00,Earth,1149.0
2020-08-31 14:00:00,Earth,1102.0
2020-08-31 15:00:00,Earth,1066.0
2020-08-31 16:00:00,Earth,1010.0
2020-08-31 17:00:00,Earth,899.0
2020-08-31 18:00:00,Earth,930.0
2020-08-31 19:00:00,Earth,1037.0
2020-08-31 20:00:00,Earth,1300.0
2020-08-31 21:00:00,Earth,1108.0
2020-08-31 22:00:00,Earth,1075.0
2020-08-31 23:00:00,Earth,1101.0
2020-09-01 00:00:00,Earth,1255.0
2020-09-01 01:00:00,Earth,1088.0
2020-09-01 02:00:00,Earth,1063.0
2020-09-01 03:00:00,Earth,1010.0
2020-09-01 04:00:00,Earth,1032.0
2020-09-01 05:00:00,Earth,1033.0
2020-09-01 06:00:00,Earth,1027.0
2020-09-01 07:00:00,Earth,969.0
2020-09-01 08:00:00,Earth,951.0
2020-09-01 09:00:00,Earth,991.0
2020-09-01 10:00:00,Earth,1057.0
2020-09-01 11:00:00,Earth,1149.0
2020-09-01 12:00:00,Earth,1039.0
2020-09-01 13:00:00,Earth,1095.0
2020-09-01 14:00:00,Earth,1533.0
2020-09-01 15:00:00,Earth,1363.0
2020-09-01 16:00:00,Earth,1383.0
2020-09-01 17:00:00,Earth,1379.0
2020-09-01 18:00:00,Earth,1224.0
2020-09-01 19:00:00,Earth,1372.0
2020-09-01 20:00:00,Earth,1376.0
2020-09-01 21:00:00,Earth,1413.0
2020-09-01 22:00:00,Earth,1363.0
2020-09-01 23:00:00,Earth,1326.0
2020-09-02 00:00:00,Earth,1112.0
2020-09-02 01:00:00,Earth,1146.0
2020-09-02 02:00:00,Earth,1209.0
2020-09-02 03:00:00,Earth,1124.0
2020-09-02 04:00:00,Earth,1073.0
2020-09-02 05:00:00,Earth,1043.0
2020-09-02 06:00:00,Earth,1032.0
2020-09-02 07:00:00,Earth,1070.0
2020-09-02 08:00:00,Earth,1059.0
2020-09-02 09:00:00,Earth,1162.0
2020-09-02 10:00:00,Earth,1150.0
2020-09-02 11:00:00,Earth,1221.0
2020-09-02 12:00:00,Earth,1216.0
2020-09-02 13:00:00,Earth,1175.0
2020-09-02 14:00:00,Earth,1276.0
2020-09-02 15:00:00,Earth,1170.0
2020-09-02 16:00:00,Earth,1220.0
2020-09-02 17:00:00,Earth,1118.0
2020-09-02 18:00:00,Earth,1149.0
2020-09-02 19:00:00,Earth,1133.0
2020-09-02 20:00:00,Earth,1166.0
2020-09-02 21:00:00,Earth,1576.0
2020-09-02 22:00:00,Earth,1404.0
2020-09-02 23:00:00,Earth,1212.0
2020-09-03 00:00:00,Earth,1110.0
2020-09-03 01:00:00,Earth,1195.0
2020-09-03 02:00:00,Earth,1062.0
2020-09-03 03:00:00,Earth,1077.0
2020-09-03 04:00:00,Earth,1073.0
2020-09-03 05:00:00,Earth,1007.0
2020-09-03 06:00:00,Earth,983.0
2020-09-03 07:00:00,Earth,989.0
2020-09-03 08:00:00,Earth,1020.0
2020-09-03 09:00:00,Earth,1098.0
2020-09-03 10:00:00,Earth,1318.0
2020-09-03 11:00:00,Earth,1133.0
2020-09-03 12:00:00,Earth,1151.0
2020-09-03 13:00:00,Earth,1172.0
2020-09-03 14:00:00,Earth,1287.0
2020-09-03 15:00:00,Earth,1158.0
2020-09-03 16:00:00,Earth,1174.0
2020-09-03 17:00:00,Earth,1144.0
2020-09-03 18:00:00,Earth,1260.0
2020-09-03 19:00:00,Earth,1284.0
2020-09-03 20:00:00,Earth,1315.0
2020-09-03 21:00:00,Earth,1438.0
2020-09-03 22:00:00,Earth,1245.0
2020-09-03 23:00:00,Earth,1170.0
2020-09-04 00:00:00,Earth,1175.0
2020-09-04 01:00:00,Earth,1185.0
2020-09-04 02:00:00,Earth,1181.0
2020-09-04 03:00:00,Earth,1125.0
2020-09-04 04:00:00,Earth,1122.0
2020-09-04 05:00:00,Earth,1134.0
2020-09-04 06:00:00,Earth,1067.0
2020-09-04 07:00:00,Earth,1062.0
2020-09-04 08:00:00,Earth,1147.0
2020-09-04 09:00:00,Earth,1145.0
2020-09-04 10:00:00,Earth,1130.0
2020-09-04 11:00:00,Earth,1099.0
2020-09-04 12:00:00,Earth,1061.0
2020-09-04 13:00:00,Earth,1120.0
2020-09-04 14:00:00,Earth,1142.0
2020-09-04 15:00:00,Earth,1258.0
2020-09-04 16:00:00,Earth,1160.0
2020-09-04 17:00:00,Earth,1072.0
2020-09-04 18:00:00,Earth,1045.0
2020-09-04 19:00:00,Earth,1048.0
2020-09-04 20:00:00,Earth,1179.0
2020-09-04 21:00:00,Earth,1087.0
2020-09-04 22:00:00,Earth,1067.0
2020-09-04 23:00:00,Earth,1043.0
2020-09-05 00:00:00,Earth,1037.0
2020-09-05 01:00:00,Earth,1048.0
2020-09-05 02:00:00,Earth,1104.0
2020-09-05 03:00:00,Earth,1020.0
2020-09-05 04:00:00,Earth,999.0
2020-09-05 05:00:00,Earth,1022.0
2020-09-05 06:00:00,Earth,1062.0
2020-09-05 07:00:00,Earth,1007.0
2020-09-05 08:00:00,Earth,976.0
2020-09-05 09:00:00,Earth,1012.0
2020-09-05 10:00:00,Earth,1135.0
2020-09-05 11:00:00,Earth,972.0
2020-09-05 12:00:00,Earth,1027.0
2020-09-05 13:00:00,Earth,990.0
2020-09-05 14:00:00,Earth,1065.0
2020-09-05 15:00:00,Earth,1024.0
2020-09-05 16:00:00,Earth,977.0
2020-09-05 17:00:00,Earth,990.0
2020-09-05 18:00:00,Earth,959.0
2020-09-05 19:00:00,Earth,990.0
2020-09-05 20:00:00,Earth,1005.0
2020-09-05 21:00:00,Earth,1023.0
2020-09-05 22:00:00,Earth,965.0
2020-09-05 23:00:00,Earth,1050.0
2020-09-06 00:00:00,Earth,968.0
2020-09-06 01:00:00,Earth,894.0
2020-09-06 02:00:00,Earth,887.0
2020-09-06 03:00:00,Earth,847.0
2020-09-06 04:00:00,Earth,832.0
2020-09-06 05:00:00,Earth,828.0
2020-09-06 06:00:00,Earth,813.0
2020-09-06 07:00:00,Earth,798.0
2020-09-06 08:00:00,Earth,791.0
2020-09-06 09:00:00,Earth,803.0
2020-09-06 10:00:00,Earth,818.0
2020-09-06 11:00:00,Earth,872.0
2020-09-06 12:00:00,Earth,867.0
2020-09-06 13:00:00,Earth,897.0
2020-09-06 14:00:00,Earth,972.0
2020-09-06 15:00:00,Earth,853.0
2020-09-06 16:00:00,Earth,810.0
2020-09-06 17:00:00,Earth,865.0
2020-09-06 18:00:00,Earth,867.0
2020-09-06 19:00:00,Earth,908.0
2020-09-06 20:00:00,Earth,887.0
2020-09-06 21:00:00,Earth,932.0
2020-09-06 22:00:00,Earth,1023.0
2020-09-06 23:00:00,Earth,991.0
2020-09-07 00:00:00,Earth,1201.0
2020-09-07 01:00:00,Earth,949.0
2020-09-07 02:00:00,Earth,924.0
2020-09-07 03:00:00,Earth,923.0
2020-09-07 04:00:00,Earth,905.0
2020-09-07 05:00:00,Earth,916.0
2020-09-07 06:00:00,Earth,978.0
2020-09-07 07:00:00,Earth,903.0
2020-09-07 08:00:00,Earth,887.0
2020-09-07 09:00:00,Earth,918.0
2020-09-07 10:00:00,Earth,1061.0
2020-09-07 11:00:00,Earth,1294.0
2020-09-07 12:00:00,Earth,1149.0
2020-09-07 13:00:00,Earth,1227.0
2020-09-07 14:00:00,Earth,1350.0
2020-09-07 15:00:00,Earth,1112.0
2020-09-07 16:00:00,Earth,1291.0
2020-09-07 17:00:00,Earth,1243.0
2020-09-07 18:00:00,Earth,1194.0
2020-09-07 19:00:00,Earth,1174.0
2020-09-07 20:00:00,Earth,1156.0
2020-09-07 21:00:00,Earth,1192.0
2020-09-07 22:00:00,Earth,1323.0
2020-09-07 23:00:00,Earth,1105.0
2020-09-08 00:00:00,Earth,1022.0
2020-09-08 01:00:00,Earth,1028.0
2020-09-08 02:00:00,Earth,1090.0
2020-09-08 03:00:00,Earth,960.0
2020-09-08 04:00:00,Earth,943.0
2020-09-08 05:00:00,Earth,910.0
2020-09-08 06:00:00,Earth,941.0
2020-09-08 07:00:00,Earth,908.0
2020-09-08 08:00:00,Earth,960.0
2020-09-08 09:00:00,Earth,1049.0
2020-09-08 10:00:00,Earth,1244.0
2020-09-08 11:00:00,Earth,1105.0
2020-09-08 12:00:00,Earth,1168.0
2020-09-08 13:00:00,Earth,1246.0
2020-09-08 14:00:00,Earth,1184.0
2020-09-08 15:00:00,Earth,1295.0
2020-09-08 16:00:00,Earth,1477.0
2020-09-08 17:00:00,Earth,1300.0
2020-09-08 18:00:00,Earth,1117.0
2020-09-08 19:00:00,Earth,1648.0
2020-09-08 20:00:00,Earth,1279.0
2020-09-08 21:00:00,Earth,1173.0
2020-09-08 22:00:00,Earth,1139.0
2020-09-08 23:00:00,Earth,1159.0
2020-09-09 00:00:00,Earth,1132.0
2020-09-09 01:00:00,Earth,1053.0
2020-09-09 02:00:00,Earth,956.0
2020-09-09 03:00:00,Earth,950.0
2020-09-09 04:00:00,Earth,967.0
2020-09-09 05:00:00,Earth,912.0
2020-09-09 06:00:00,Earth,912.0
2020-09-09 07:00:00,Earth,944.0
2020-09-09 08:00:00,Earth,921.0
2020-09-09 09:00:00,Earth,1035.0
2020-09-09 10:00:00,Earth,1033.0
2020-09-09 11:00:00,Earth,1185.0
2020-09-09 12:00:00,Earth,1347.0
2020-09-09 13:00:00,Earth,1216.0
2020-09-09 14:00:00,Earth,1332.0
2020-09-09 15:00:00,Earth,1522.0
2020-09-09 16:00:00,Earth,1342.0
2020-09-09 17:00:00,Earth,1174.0
2020-09-09 18:00:00,Earth,1536.0
2020-09-09 19:00:00,Earth,1163.0
2020-09-09 20:00:00,Earth,1156.0
2020-09-09 21:00:00,Earth,1212.0
2020-09-09 22:00:00,Earth,1218.0
2020-09-09 23:00:00,Earth,1238.0
2020-09-10 00:00:00,Earth,1192.0
2020-09-10 01:00:00,Earth,1068.0
2020-09-10 02:00:00,Earth,1032.0
2020-09-10 03:00:00,Earth,973.0
2020-09-10 04:00:00,Earth,948.0
2020-09-10 05:00:00,Earth,942.0
2020-09-10 06:00:00,Earth,934.0
2020-09-10 07:00:00,Earth,826.0
2020-09-10 08:00:00,Earth,953.0
2020-09-10 09:00:00,Earth,963.0
2020-09-10 10:00:00,Earth,1101.0
2020-09-10 11:00:00,Earth,1105.0
2020-09-10 12:00:00,Earth,1054.0
2020-09-10 13:00:00,Earth,1118.0
2020-09-10 14:00:00,Earth,1278.0
2020-09-10 15:00:00,Earth,1132.0
2020-09-10 16:00:00,Earth,1374.0
2020-09-10 17:00:00,Earth,1640.0
2020-09-10 18:00:00,Earth,1060.0
2020-09-10 19:00:00,Earth,1226.0
2020-09-10 20:00:00,Earth,1180.0
2020-09-10 21:00:00,Earth,1119.0
2020-09-10 22:00:00,Earth,1248.0
2020-09-10 23:00:00,Earth,1334.0
2020-09-11 00:00:00,Earth,1096.0
2020-09-11 01:00:00,Earth,1046.0
2020-09-11 02:00:00,Earth,910.0
2020-09-11 03:00:00,Earth,750.0
2020-09-11 04:00:00,Earth,728.0
2020-09-11 05:00:00,Earth,733.0
2020-09-11 06:00:00,Earth,711.0
2020-09-11 07:00:00,Earth,699.0
2020-09-11 08:00:00,Earth,740.0
2020-09-11 09:00:00,Earth,978.0
2020-09-11 10:00:00,Earth,1046.0
2020-09-11 11:00:00,Earth,1037.0
2020-09-11 12:00:00,Earth,1427.0
2020-09-11 13:00:00,Earth,1363.0
2020-09-11 14:00:00,Earth,1462.0
2020-09-11 15:00:00,Earth,1280.0
2020-09-11 16:00:00,Earth,972.0
2020-09-11 17:00:00,Earth,1089.0
2020-09-11 18:00:00,Earth,1158.0
2020-09-11 19:00:00,Earth,966.0
2020-09-11 20:00:00,Earth,923.0
2020-09-11 21:00:00,Earth,927.0
2020-09-11 22:00:00,Earth,978.0
2020-09-11 23:00:00,Earth,1268.0
2020-09-12 00:00:00,Earth,1101.0
2020-09-12 01:00:00,Earth,925.0
2020-09-12 02:00:00,Earth,930.0
2020-09-12 03:00:00,Earth,964.0
2020-09-12 04:00:00,Earth,892.0
2020-09-12 05:00:00,Earth,863.0
2020-09-12 06:00:00,Earth,844.0
2020-09-12 07:00:00,Earth,825.0
2020-09-12 08:00:00,Earth,798.0
2020-09-12 09:00:00,Earth,802.0
2020-09-12 10:00:00,Earth,1040.0
2020-09-12 11:00:00,Earth,949.0
2020-09-12 12:00:00,Earth,910.0
2020-09-12 13:00:00,Earth,995.0
2020-09-12 14:00:00,Earth,920.0
2020-09-12 15:00:00,Earth,1051.0
2020-09-12 16:00:00,Earth,868.0
2020-09-12 17:00:00,Earth,922.0
2020-09-12 18:00:00,Earth,965.0
2020-09-12 19:00:00,Earth,860.0
2020-09-12 20:00:00,Earth,1518.0
2020-09-12 21:00:00,Earth,1244.0
2020-09-12 22:00:00,Earth,1206.0
2020-09-12 23:00:00,Earth,1323.0
2020-09-13 00:00:00,Earth,1080.0
2020-09-13 01:00:00,Earth,1342.0
2020-09-13 02:00:00,Earth,884.0
2020-09-13 03:00:00,Earth,875.0
2020-09-13 04:00:00,Earth,891.0
2020-09-13 05:00:00,Earth,844.0
2020-09-13 06:00:00,Earth,811.0
2020-09-13 07:00:00,Earth,780.0
2020-09-13 08:00:00,Earth,779.0
2020-09-13 09:00:00,Earth,798.0
2020-09-13 10:00:00,Earth,756.0
2020-09-13 11:00:00,Earth,751.0
2020-09-13 12:00:00,Earth,791.0
2020-09-13 13:00:00,Earth,867.0
2020-09-13 14:00:00,Earth,768.0
2020-09-13 15:00:00,Earth,869.0
2020-09-13 16:00:00,Earth,918.0
2020-09-13 17:00:00,Earth,988.0
2020-09-13 18:00:00,Earth,805.0
2020-09-13 19:00:00,Earth,826.0
2020-09-13 20:00:00,Earth,875.0
2020-09-13 21:00:00,Earth,838.0
2020-09-13 22:00:00,Earth,882.0
2020-09-13 23:00:00,Earth,814.0
2020-09-14 00:00:00,Earth,865.0
2020-09-14 01:00:00,Earth,929.0
2020-09-14 02:00:00,Earth,766.0
2020-09-14 03:00:00,Earth,782.0
2020-09-14 04:00:00,Earth,771.0
2020-09-14 05:00:00,Earth,762.0
2020-09-14 06:00:00,Earth,704.0
2020-09-14 07:00:00,Earth,705.0
2020-09-14 08:00:00,Earth,708.0
2020-09-14 09:00:00,Earth,743.0
2020-09-14 10:00:00,Earth,975.0
2020-09-14 11:00:00,Earth,1259.0
2020-09-14 12:00:00,Earth,917.0
2020-09-14 13:00:00,Earth,1145.0
2020-09-14 14:00:00,Earth,999.0
2020-09-14 15:00:00,Earth,1114.0
2020-09-14 16:00:00,Earth,1261.0
2020-09-14 17:00:00,Earth,2130.0
2020-09-14 18:00:00,Earth,1144.0
2020-09-14 19:00:00,Earth,1329.0
2020-09-14 20:00:00,Earth,1419.0
2020-09-14 21:00:00,Earth,1572.0
2020-09-14 22:00:00,Earth,1614.0
2020-09-14 23:00:00,Earth,1538.0
2020-09-15 00:00:00,Earth,1382.0
2020-09-15 01:00:00,Earth,1344.0
2020-09-15 02:00:00,Earth,1420.0
2020-09-15 03:00:00,Earth,1346.0
2020-09-15 04:00:00,Earth,1363.0
2020-09-15 05:00:00,Earth,1370.0
2020-09-15 06:00:00,Earth,1272.0
2020-09-15 07:00:00,Earth,1244.0
2020-09-15 08:00:00,Earth,1209.0
2020-09-15 09:00:00,Earth,1276.0
2020-09-15 10:00:00,Earth,1512.0
2020-09-15 11:00:00,Earth,1539.0
2020-09-15 12:00:00,Earth,1315.0
2020-09-15 13:00:00,Earth,1430.0
2020-09-15 14:00:00,Earth,1332.0
2020-09-15 15:00:00,Earth,1397.0
2020-09-15 16:00:00,Earth,1478.0
2020-09-15 17:00:00,Earth,1430.0
2020-09-15 18:00:00,Earth,1342.0
2020-09-15 19:00:00,Earth,1476.0
2020-09-15 20:00:00,Earth,1370.0
2020-09-15 21:00:00,Earth,1313.0
2020-09-15 22:00:00,Earth,1296.0
2020-09-15 23:00:00,Earth,1401.0
2020-09-16 00:00:00,Earth,1354.0
2020-09-16 01:00:00,Earth,1230.0
2020-09-16 02:00:00,Earth,1242.0
2020-09-16 03:00:00,Earth,1217.0
2020-09-16 04:00:00,Earth,1190.0
2020-09-16 05:00:00,Earth,1217.0
2020-09-16 06:00:00,Earth,1225.0
2020-09-16 07:00:00,Earth,1171.0
2020-09-16 08:00:00,Earth,1161.0
2020-09-16 09:00:00,Earth,1207.0
2020-09-16 10:00:00,Earth,1478.0
2020-09-16 11:00:00,Earth,1414.0
2020-09-16 12:00:00,Earth,1301.0
2020-09-16 13:00:00,Earth,1231.0
2020-09-16 14:00:00,Earth,1231.0
2020-09-16 15:00:00,Earth,1393.0
2020-09-16 16:00:00,Earth,1546.0
2020-09-16 17:00:00,Earth,1365.0
2020-09-16 18:00:00,Earth,1388.0
2020-09-16 19:00:00,Earth,1221.0
2020-09-16 20:00:00,Earth,1345.0
2020-09-16 21:00:00,Earth,1129.0
2020-09-16 22:00:00,Earth,1497.0
2020-09-16 23:00:00,Earth,1051.0
2020-09-17 00:00:00,Earth,1201.0
2020-09-17 01:00:00,Earth,1027.0
2020-09-17 02:00:00,Earth,1075.0
2020-09-17 03:00:00,Earth,1056.0
2020-09-17 04:00:00,Earth,1103.0
2020-09-17 05:00:00,Earth,900.0
2020-09-17 06:00:00,Earth,912.0
2020-09-17 07:00:00,Earth,929.0
2020-09-17 08:00:00,Earth,1166.0
2020-09-17 09:00:00,Earth,1351.0
2020-09-17 10:00:00,Earth,1198.0
2020-09-17 11:00:00,Earth,1275.0
2020-09-17 12:00:00,Earth,1366.0
2020-09-17 13:00:00,Earth,1343.0
2020-09-17 14:00:00,Earth,1780.0
2020-09-17 15:00:00,Earth,1832.0
2020-09-17 16:00:00,Earth,1336.0
2020-09-17 17:00:00,Earth,1527.0
2020-09-17 18:00:00,Earth,1441.0
2020-09-17 19:00:00,Earth,1809.0
2020-09-17 20:00:00,Earth,1478.0
2020-09-17 21:00:00,Earth,1455.0
2020-09-17 22:00:00,Earth,1577.0
2020-09-17 23:00:00,Earth,1469.0
2020-09-18 00:00:00,Earth,1239.0
2020-09-18 01:00:00,Earth,1339.0
2020-09-18 02:00:00,Earth,1188.0
2020-09-18 03:00:00,Earth,1136.0
2020-09-18 04:00:00,Earth,1121.0
2020-09-18 05:00:00,Earth,1081.0
2020-09-18 06:00:00,Earth,1181.0
2020-09-18 07:00:00,Earth,1139.0
2020-09-18 08:00:00,Earth,1132.0
2020-09-18 09:00:00,Earth,1181.0
2020-09-18 10:00:00,Earth,1333.0
2020-09-18 11:00:00,Earth,1300.0
2020-09-18 12:00:00,Earth,1150.0
2020-09-18 13:00:00,Earth,1186.0
2020-09-18 14:00:00,Earth,1288.0
2020-09-18 15:00:00,Earth,1719.0
2020-09-18 16:00:00,Earth,1491.0
2020-09-18 17:00:00,Earth,1164.0
2020-09-18 18:00:00,Earth,1264.0
2020-09-18 19:00:00,Earth,1171.0
2020-09-18 20:00:00,Earth,1162.0
2020-09-18 21:00:00,Earth,1168.0
2020-09-18 22:00:00,Earth,1224.0
2020-09-18 23:00:00,Earth,1196.0
2020-09-19 00:00:00,Earth,1240.0
2020-09-19 01:00:00,Earth,1207.0
2020-09-19 02:00:00,Earth,1214.0
2020-09-19 03:00:00,Earth,1187.0
2020-09-19 04:00:00,Earth,1186.0
2020-09-19 05:00:00,Earth,1157.0
2020-09-19 06:00:00,Earth,1165.0
2020-09-19 07:00:00,Earth,1161.0
2020-09-19 08:00:00,Earth,1143.0
2020-09-19 09:00:00,Earth,1203.0
2020-09-19 10:00:00,Earth,1209.0
2020-09-19 11:00:00,Earth,1138.0
2020-09-19 12:00:00,Earth,1225.0
2020-09-19 13:00:00,Earth,1325.0
2020-09-19 14:00:00,Earth,1202.0
2020-09-19 15:00:00,Earth,1141.0
2020-09-19 16:00:00,Earth,1138.0
2020-09-19 17:00:00,Earth,1168.0
2020-09-19 18:00:00,Earth,1158.0
2020-09-19 19:00:00,Earth,1187.0
2020-09-19 20:00:00,Earth,1428.0
2020-09-19 21:00:00,Earth,1420.0
2020-09-19 22:00:00,Earth,1257.0
2020-09-19 23:00:00,Earth,1269.0
2020-09-20 00:00:00,Earth,1318.0
2020-09-20 01:00:00,Earth,1881.0
2020-09-20 02:00:00,Earth,1213.0
2020-09-20 03:00:00,Earth,1022.0
2020-09-20 04:00:00,Earth,1074.0
2020-09-20 05:00:00,Earth,1029.0
2020-09-20 06:00:00,Earth,962.0
2020-09-20 07:00:00,Earth,936.0
2020-09-20 08:00:00,Earth,929.0
2020-09-20 09:00:00,Earth,923.0
2020-09-20 10:00:00,Earth,1088.0
2020-09-20 11:00:00,Earth,1130.0
2020-09-20 12:00:00,Earth,1168.0
2020-09-20 13:00:00,Earth,1257.0
2020-09-20 14:00:00,Earth,1442.0
2020-09-20 15:00:00,Earth,1213.0
2020-09-20 16:00:00,Earth,1132.0
2020-09-20 17:00:00,Earth,1170.0
2020-09-20 18:00:00,Earth,1079.0
2020-09-20 19:00:00,Earth,1075.0
2020-09-20 20:00:00,Earth,1078.0
2020-09-20 21:00:00,Earth,1179.0
2020-09-20 22:00:00,Earth,1116.0
2020-09-20 23:00:00,Earth,1239.0
2020-09-21 00:00:00,Earth,1124.0
2020-09-21 01:00:00,Earth,1285.0
2020-09-21 02:00:00,Earth,1258.0
2020-09-21 03:00:00,Earth,1117.0
2020-09-21 04:00:00,Earth,1008.0
2020-09-21 05:00:00,Earth,1005.0
2020-09-21 06:00:00,Earth,1003.0
2020-09-21 07:00:00,Earth,1118.0
2020-09-21 08:00:00,Earth,1151.0
2020-09-21 09:00:00,Earth,1309.0
2020-09-21 10:00:00,Earth,1422.0
2020-09-21 11:00:00,Earth,1505.0
2020-09-21 12:00:00,Earth,1278.0
2020-09-21 13:00:00,Earth,1652.0
2020-09-21 14:00:00,Earth,1812.0
2020-09-21 15:00:00,Earth,1321.0
2020-09-21 16:00:00,Earth,1287.0
2020-09-21 17:00:00,Earth,1219.0
2020-09-21 18:00:00,Earth,1171.0
2020-09-21 19:00:00,Earth,1374.0
2020-09-21 20:00:00,Earth,1310.0
2020-09-21 21:00:00,Earth,1285.0
2020-09-21 22:00:00,Earth,1249.0
2020-09-21 23:00:00,Earth,1179.0
2020-09-22 00:00:00,Earth,1191.0
2020-09-22 01:00:00,Earth,1193.0
2020-09-22 02:00:00,Earth,1177.0
2020-09-22 03:00:00,Earth,1176.0
2020-09-22 04:00:00,Earth,1152.0
2020-09-22 05:00:00,Earth,1139.0
2020-09-22 06:00:00,Earth,1116.0
2020-09-22 07:00:00,Earth,1088.0
2020-09-22 08:00:00,Earth,1077.0
2020-09-22 09:00:00,Earth,1217.0
2020-09-22 10:00:00,Earth,1406.0
2020-09-22 11:00:00,Earth,1418.0
2020-09-22 12:00:00,Earth,1240.0
2020-09-22 13:00:00,Earth,1366.0
2020-09-22 14:00:00,Earth,1339.0
2020-09-22 15:00:00,Earth,1354.0
2020-09-22 16:00:00,Earth,1484.0
2020-09-22 17:00:00,Earth,1418.0
2020-09-22 18:00:00,Earth,1501.0
2020-09-22 19:00:00,Earth,1457.0
2020-09-22 20:00:00,Earth,1484.0
2020-09-22 21:00:00,Earth,1384.0
2020-09-22 22:00:00,Earth,1372.0
2020-09-22 23:00:00,Earth,1311.0
2020-09-23 00:00:00,Earth,1263.0
2020-09-23 01:00:00,Earth,1315.0
2020-09-23 02:00:00,Earth,1230.0
2020-09-23 03:00:00,Earth,1224.0
2020-09-23 04:00:00,Earth,1213.0
2020-09-23 05:00:00,Earth,1208.0
2020-09-23 06:00:00,Earth,1180.0
2020-09-23 07:00:00,Earth,1244.0
2020-09-23 08:00:00,Earth,1190.0
2020-09-23 09:00:00,Earth,1311.0
2020-09-23 10:00:00,Earth,1349.0
2020-09-23 11:00:00,Earth,1319.0
2020-09-23 12:00:00,Earth,1324.0
2020-09-23 13:00:00,Earth,1295.0
2020-09-23 14:00:00,Earth,1326.0
2020-09-23 15:00:00,Earth,1479.0
2020-09-23 16:00:00,Earth,1410.0
2020-09-23 17:00:00,Earth,1239.0
2020-09-23 18:00:00,Earth,1223.0
2020-09-23 19:00:00,Earth,1636.0
2020-09-23 20:00:00,Earth,1555.0
2020-09-23 21:00:00,Earth,1368.0
2020-09-23 22:00:00,Earth,1227.0
2020-09-23 23:00:00,Earth,1244.0
2020-09-24 00:00:00,Earth,1453.0
2020-09-24 01:00:00,Earth,1293.0
2020-09-24 02:00:00,Earth,1338.0
2020-09-24 03:00:00,Earth,1307.0
2020-09-24 04:00:00,Earth,1287.0
2020-09-24 05:00:00,Earth,1315.0
2020-09-24 06:00:00,Earth,1327.0
2020-09-24 07:00:00,Earth,1367.0
2020-09-24 08:00:00,Earth,1381.0
2020-09-24 09:00:00,Earth,1431.0
2020-09-24 10:00:00,Earth,1506.0
2020-09-24 11:00:00,Earth,1570.0
2020-09-24 12:00:00,Earth,1503.0
2020-09-24 13:00:00,Earth,1463.0
2020-09-24 14:00:00,Earth,1673.0
2020-09-24 15:00:00,Earth,1828.0
2020-09-24 16:00:00,Earth,1480.0
2020-09-24 17:00:00,Earth,1380.0
2020-09-24 18:00:00,Earth,1707.0
2020-09-24 19:00:00,Earth,1401.0
2020-09-24 20:00:00,Earth,1743.0
2020-09-24 21:00:00,Earth,2048.0
2020-09-24 22:00:00,Earth,1954.0
2020-09-24 23:00:00,Earth,1763.0
2020-09-25 00:00:00,Earth,1750.0
2020-09-25 01:00:00,Earth,1712.0
2020-09-25 02:00:00,Earth,1764.0
2020-09-25 03:00:00,Earth,1683.0
2020-09-25 04:00:00,Earth,1661.0
2020-09-25 05:00:00,Earth,1660.0
2020-09-25 06:00:00,Earth,1664.0
2020-09-25 07:00:00,Earth,1691.0
2020-09-25 08:00:00,Earth,1693.0
2020-09-25 09:00:00,Earth,1758.0
2020-09-25 10:00:00,Earth,1795.0
2020-09-25 11:00:00,Earth,1915.0
2020-09-25 12:00:00,Earth,1877.0
2020-09-25 13:00:00,Earth,1982.0
2020-09-25 14:00:00,Earth,1960.0
2020-09-25 15:00:00,Earth,1889.0
2020-09-25 16:00:00,Earth,1679.0
2020-09-25 17:00:00,Earth,1061.0
2020-09-25 18:00:00,Earth,1061.0
2020-09-25 19:00:00,Earth,1061.0
2020-09-25 20:00:00,Earth,1166.0
2020-09-25 21:00:00,Earth,1445.0
2020-09-25 22:00:00,Earth,1027.0
2020-09-25 23:00:00,Earth,1011.0
2020-09-26 00:00:00,Earth,1074.0
2020-09-26 01:00:00,Earth,1018.0
2020-09-26 02:00:00,Earth,920.0
2020-09-26 03:00:00,Earth,920.0
2020-09-26 04:00:00,Earth,915.0
2020-09-26 05:00:00,Earth,937.0
2020-09-26 06:00:00,Earth,897.0
2020-09-26 07:00:00,Earth,900.0
2020-09-26 08:00:00,Earth,918.0
2020-09-26 09:00:00,Earth,912.0
2020-09-26 10:00:00,Earth,890.0
2020-09-26 11:00:00,Earth,893.0
2020-09-26 12:00:00,Earth,854.0
2020-09-26 13:00:00,Earth,898.0
2020-09-26 14:00:00,Earth,863.0
2020-09-26 15:00:00,Earth,903.0
2020-09-26 16:00:00,Earth,897.0
2020-09-26 17:00:00,Earth,951.0
2020-09-26 18:00:00,Earth,826.0
2020-09-26 19:00:00,Earth,835.0
2020-09-26 20:00:00,Earth,905.0
2020-09-26 21:00:00,Earth,859.0
2020-09-26 22:00:00,Earth,853.0
2020-09-26 23:00:00,Earth,905.0
2020-09-27 00:00:00,Earth,1301.0
2020-09-27 01:00:00,Earth,1250.0
2020-09-27 02:00:00,Earth,1231.0
2020-09-27 03:00:00,Earth,1153.0
2020-09-27 04:00:00,Earth,1190.0
2020-09-27 05:00:00,Earth,1141.0
2020-09-27 06:00:00,Earth,1136.0
2020-09-27 07:00:00,Earth,1138.0
2020-09-27 08:00:00,Earth,1206.0
2020-09-27 09:00:00,Earth,1181.0
2020-09-27 10:00:00,Earth,1549.0
2020-09-27 11:00:00,Earth,1680.0
2020-09-27 12:00:00,Earth,1338.0
2020-09-27 13:00:00,Earth,1400.0
2020-09-27 14:00:00,Earth,1097.0
2020-09-27 15:00:00,Earth,958.0
2020-09-27 16:00:00,Earth,1017.0
2020-09-27 17:00:00,Earth,1056.0
2020-09-27 18:00:00,Earth,971.0
2020-09-27 19:00:00,Earth,1084.0
2020-09-27 20:00:00,Earth,1150.0
2020-09-27 21:00:00,Earth,1391.0
2020-09-27 22:00:00,Earth,1318.0
2020-09-27 23:00:00,Earth,1166.0
2020-09-28 00:00:00,Earth,1013.0
2020-09-28 01:00:00,Earth,875.0
2020-09-28 02:00:00,Earth,879.0
2020-09-28 03:00:00,Earth,874.0
2020-09-28 04:00:00,Earth,854.0
2020-09-28 05:00:00,Earth,849.0
2020-09-28 06:00:00,Earth,839.0
2020-09-28 07:00:00,Earth,827.0
2020-09-28 08:00:00,Earth,824.0
2020-09-28 09:00:00,Earth,828.0
2020-09-28 10:00:00,Earth,646.0
2020-09-28 11:00:00,Earth,648.0
2020-09-28 12:00:00,Earth,595.0
2020-09-28 13:00:00,Earth,582.0
2020-09-28 14:00:00,Earth,528.0
2020-09-28 15:00:00,Earth,512.0
2020-09-28 16:00:00,Earth,501.0
2020-09-28 17:00:00,Earth,461.0
2020-09-28 18:00:00,Earth,436.0
2020-09-28 19:00:00,Earth,419.0
2020-09-28 20:00:00,Earth,401.0
2020-09-28 21:00:00,Earth,353.0
2020-09-28 22:00:00,Earth,353.0
2020-09-28 23:00:00,Earth,352.0
2020-09-29 00:00:00,Earth,343.0
2020-09-29 01:00:00,Earth,319.0
2020-09-29 02:00:00,Earth,319.0
2020-09-29 03:00:00,Earth,311.0
2020-09-29 04:00:00,Earth,303.0
2020-09-29 05:00:00,Earth,295.0
2020-09-29 06:00:00,Earth,295.0
2020-09-29 07:00:00,Earth,295.0
2020-09-29 08:00:00,Earth,287.0
2020-09-29 09:00:00,Earth,271.0
2020-09-29 10:00:00,Earth,269.0
2020-09-29 11:00:00,Earth,254.0
2020-09-29 12:00:00,Earth,246.0
2020-09-29 13:00:00,Earth,246.0
2020-09-29 14:00:00,Earth,246.0
2020-09-29 15:00:00,Earth,222.0
2020-09-29 16:00:00,Earth,222.0
2020-09-29 17:00:00,Earth,222.0
2020-09-29 18:00:00,Earth,214.0
2020-09-29 19:00:00,Earth,198.0
2020-09-29 20:00:00,Earth,198.0
2020-09-29 21:00:00,Earth,178.0
2020-09-29 22:00:00,Earth,175.0
2020-09-29 23:00:00,Earth,173.0
2020-09-30 00:00:00,Earth,173.0
2020-09-30 01:00:00,Earth,173.0
2020-09-30 02:00:00,Earth,173.0
2020-09-30 03:00:00,Earth,173.0
2020-09-30 04:00:00,Earth,173.0
2020-09-30 05:00:00,Earth,173.0
2020-09-30 06:00:00,Earth,173.0
2020-09-30 07:00:00,Earth,173.0
2020-09-30 08:00:00,Earth,173.0
2020-09-30 09:00:00,Earth,165.0
2020-09-30 10:00:00,Earth,165.0
2020-09-30 11:00:00,Earth,165.0
2020-09-30 12:00:00,Earth,149.0
2020-09-30 13:00:00,Earth,149.0
2020-09-30 14:00:00,Earth,147.0
2020-09-30 15:00:00,Earth,147.0
2020-09-30 16:00:00,Earth,147.0
2020-09-30 17:00:00,Earth,147.0
2020-09-30 18:00:00,Earth,139.0
2020-09-30 19:00:00,Earth,134.0
2020-09-30 20:00:00,Earth,130.0
2020-09-30 21:00:00,Earth,129.0
2020-09-30 22:00:00,Earth,129.0
2020-09-30 23:00:00,Earth,125.0
2020-10-01 00:00:00,Earth,125.0
2020-10-01 01:00:00,Earth,125.0
2020-10-01 02:00:00,Earth,117.0
2020-10-01 03:00:00,Earth,117.0
2020-10-01 04:00:00,Earth,117.0
2020-10-01 05:00:00,Earth,117.0
2020-10-01 06:00:00,Earth,117.0
2020-10-01 07:00:00,Earth,117.0
2020-10-01 08:00:00,Earth,117.0
2020-10-01 09:00:00,Earth,117.0
2020-10-01 10:00:00,Earth,117.0
2020-10-01 11:00:00,Earth,117.0
2020-10-01 12:00:00,Earth,117.0
2020-10-01 13:00:00,Earth,117.0
2020-10-01 14:00:00,Earth,117.0
2020-10-01 15:00:00,Earth,117.0
2020-10-01 16:00:00,Earth,109.0
2020-10-01 17:00:00,Earth,101.0
2020-10-01 18:00:00,Earth,101.0
2020-10-01 19:00:00,Earth,101.0
2020-10-01 20:00:00,Earth,93.0
2020-10-01 21:00:00,Earth,93.0
2020-10-01 22:00:00,Earth,93.0
2020-10-01 23:00:00,Earth,93.0
2020-10-02 00:00:00,Earth,93.0
2020-10-02 01:00:00,Earth,85.0
2020-10-02 02:00:00,Earth,81.0
2020-10-02 03:00:00,Earth,81.0
2020-10-02 04:00:00,Earth,81.0
2020-10-02 05:00:00,Earth,81.0
2020-10-02 06:00:00,Earth,81.0
2020-10-02 07:00:00,Earth,81.0
2020-10-02 08:00:00,Earth,81.0
2020-10-02 09:00:00,Earth,77.0
2020-10-02 10:00:00,Earth,77.0
2020-10-02 11:00:00,Earth,69.0
2020-10-02 12:00:00,Earth,69.0
2020-10-02 13:00:00,Earth,69.0
2020-10-02 14:00:00,Earth,69.0
2020-10-02 15:00:00,Earth,69.0
2020-10-02 16:00:00,Earth,65.0
2020-10-02 17:00:00,Earth,65.0
2020-10-02 18:00:00,Earth,65.0
2020-10-02 19:00:00,Earth,65.0
2020-10-02 20:00:00,Earth,65.0
2020-10-02 21:00:00,Earth,65.0
2020-10-02 22:00:00,Earth,65.0
2020-10-02 23:00:00,Earth,65.0
2020-10-03 00:00:00,Earth,65.0
2020-10-03 01:00:00,Earth,65.0
2020-10-03 02:00:00,Earth,65.0
2020-10-03 03:00:00,Earth,57.0
2020-10-03 04:00:00,Earth,57.0
2020-10-03 05:00:00,Earth,57.0
2020-10-03 06:00:00,Earth,57.0
2020-10-03 07:00:00,Earth,57.0
2020-10-03 08:00:00,Earth,57.0
2020-10-03 09:00:00,Earth,57.0
2020-10-03 10:00:00,Earth,57.0
2020-10-03 11:00:00,Earth,57.0
2020-10-03 12:00:00,Earth,57.0
2020-10-03 13:00:00,Earth,57.0
2020-10-03 14:00:00,Earth,57.0
2020-10-03 15:00:00,Earth,57.0
2020-10-03 16:00:00,Earth,57.0
2020-10-03 17:00:00,Earth,57.0
2020-10-03 18:00:00,Earth,57.0
2020-10-03 19:00:00,Earth,57.0
2020-10-03 20:00:00,Earth,57.0
2020-10-03 21:00:00,Earth,57.0
2020-10-03 22:00:00,Earth,57.0
2020-10-03 23:00:00,Earth,57.0
2020-10-04 00:00:00,Earth,57.0
2020-10-04 01:00:00,Earth,57.0
2020-10-04 02:00:00,Earth,57.0
2020-10-04 03:00:00,Earth,57.0
2020-10-04 04:00:00,Earth,57.0
2020-10-04 05:00:00,Earth,57.0
2020-10-04 06:00:00,Earth,57.0
2020-10-04 07:00:00,Earth,57.0
2020-10-04 08:00:00,Earth,57.0
2020-10-04 09:00:00,Earth,57.0
2020-10-04 10:00:00,Earth,57.0
2020-10-04 11:00:00,Earth,57.0
2020-10-04 12:00:00,Earth,57.0
2020-10-04 13:00:00,Earth,41.0
2020-10-04 14:00:00,Earth,41.0
2020-10-04 15:00:00,Earth,41.0
2020-10-04 16:00:00,Earth,41.0
2020-10-04 17:00:00,Earth,41.0
2020-10-04 18:00:00,Earth,41.0
2020-10-04 19:00:00,Earth,41.0
2020-10-04 20:00:00,Earth,41.0
2020-10-04 21:00:00,Earth,41.0
2020-10-04 22:00:00,Earth,41.0
2020-10-04 23:00:00,Earth,41.0
2020-10-05 00:00:00,Earth,41.0
2020-10-05 01:00:00,Earth,41.0
2020-10-05 02:00:00,Earth,41.0
2020-10-05 03:00:00,Earth,41.0
2020-10-05 04:00:00,Earth,41.0
2020-10-05 05:00:00,Earth,41.0
2020-10-05 06:00:00,Earth,41.0
2020-10-05 07:00:00,Earth,41.0
2020-10-05 08:00:00,Earth,41.0
2020-10-05 09:00:00,Earth,41.0
2020-10-05 10:00:00,Earth,41.0
2020-10-05 11:00:00,Earth,41.0
2020-10-05 12:00:00,Earth,41.0
2020-10-05 13:00:00,Earth,41.0
2020-10-05 14:00:00,Earth,41.0
2020-10-05 15:00:00,Earth,41.0
2020-10-05 16:00:00,Earth,41.0
2020-10-05 17:00:00,Earth,41.0
2020-10-05 18:00:00,Earth,41.0
2020-10-05 19:00:00,Earth,41.0
2020-10-05 20:00:00,Earth,41.0
2020-10-05 21:00:00,Earth,41.0
2020-10-05 22:00:00,Earth,41.0
2020-10-05 23:00:00,Earth,41.0
2020-10-06 00:00:00,Earth,41.0
2020-10-06 01:00:00,Earth,41.0
2020-10-06 02:00:00,Earth,41.0
2020-10-06 03:00:00,Earth,41.0
2020-10-06 04:00:00,Earth,41.0
2020-10-06 05:00:00,Earth,41.0
2020-10-06 06:00:00,Earth,41.0
2020-10-06 07:00:00,Earth,41.0
2020-10-06 08:00:00,Earth,41.0
2020-10-06 09:00:00,Earth,41.0
2020-10-06 10:00:00,Earth,41.0
2020-10-06 11:00:00,Earth,41.0
2020-10-06 12:00:00,Earth,41.0
2020-10-06 13:00:00,Earth,41.0
2020-10-06 14:00:00,Earth,41.0
2020-10-06 15:00:00,Earth,39.0
2020-10-06 16:00:00,Earth,39.0
2020-10-06 17:00:00,Earth,39.0
2020-10-06 18:00:00,Earth,39.0
2020-10-06 19:00:00,Earth,39.0
2020-10-06 20:00:00,Earth,39.0
2020-10-06 21:00:00,Earth,39.0
2020-10-06 22:00:00,Earth,39.0
2020-10-06 23:00:00,Earth,39.0
2020-10-07 00:00:00,Earth,39.0
2020-10-07 01:00:00,Earth,39.0
2020-10-07 02:00:00,Earth,39.0
2020-10-07 03:00:00,Earth,39.0
2020-10-07 04:00:00,Earth,39.0
2020-10-07 05:00:00,Earth,39.0
2020-10-07 06:00:00,Earth,39.0
2020-10-07 07:00:00,Earth,39.0
2020-10-07 08:00:00,Earth,39.0
2020-10-07 09:00:00,Earth,39.0
2020-10-07 10:00:00,Earth,39.0
2020-10-07 11:00:00,Earth,39.0
2020-10-07 12:00:00,Earth,39.0
2020-10-07 13:00:00,Earth,39.0
2020-10-07 14:00:00,Earth,38.0
2020-10-07 15:00:00,Earth,38.0
2020-10-07 16:00:00,Earth,38.0
2020-10-07 17:00:00,Earth,38.0
2020-10-07 18:00:00,Earth,38.0
2020-10-07 19:00:00,Earth,38.0
2020-10-07 20:00:00,Earth,38.0
2020-10-07 21:00:00,Earth,38.0
2020-10-07 22:00:00,Earth,38.0
2020-10-07 23:00:00,Earth,38.0
2020-10-08 00:00:00,Earth,38.0
2020-10-08 01:00:00,Earth,38.0
2020-10-08 02:00:00,Earth,38.0
2020-10-08 03:00:00,Earth,38.0
2020-10-08 04:00:00,Earth,38.0
2020-10-08 05:00:00,Earth,38.0
2020-10-08 06:00:00,Earth,38.0
2020-10-08 07:00:00,Earth,38.0
2020-10-08 08:00:00,Earth,38.0
2020-10-08 09:00:00,Earth,38.0
2020-10-08 10:00:00,Earth,38.0
2020-10-08 11:00:00,Earth,38.0
2020-10-08 12:00:00,Earth,38.0
2020-10-08 13:00:00,Earth,38.0
2020-10-08 14:00:00,Earth,38.0
2020-10-08 15:00:00,Earth,38.0
2020-10-08 16:00:00,Earth,38.0
2020-10-08 17:00:00,Earth,38.0
2020-10-08 18:00:00,Earth,38.0
2020-10-08 19:00:00,Earth,38.0
2020-10-08 20:00:00,Earth,38.0
2020-10-08 21:00:00,Earth,37.0
2020-10-08 22:00:00,Earth,37.0
2020-10-08 23:00:00,Earth,32.0
2020-10-09 00:00:00,Earth,24.0
2020-10-09 01:00:00,Earth,24.0
2020-10-09 02:00:00,Earth,24.0
2020-10-09 03:00:00,Earth,24.0
2020-10-09 04:00:00,Earth,24.0
2020-10-09 05:00:00,Earth,24.0
2020-10-09 06:00:00,Earth,24.0
2020-10-09 07:00:00,Earth,24.0
2020-10-09 08:00:00,Earth,24.0
2020-10-09 09:00:00,Earth,24.0
2020-10-09 10:00:00,Earth,24.0
2020-10-09 11:00:00,Earth,8.0
2020-10-09 12:00:00,Earth,8.0
2020-10-09 13:00:00,Earth,8.0
2020-10-09 14:00:00,Earth,7.0
2020-10-09 15:00:00,Earth,7.0
2020-10-09 16:00:00,Earth,3.0
2020-10-09 17:00:00,Earth,3.0
2020-10-09 18:00:00,Earth,3.0
2020-10-09 19:00:00,Earth,3.0
2020-10-09 20:00:00,Earth,3.0
2020-10-09 21:00:00,Earth,2.0
2020-10-09 22:00:00,Earth,2.0
2020-10-09 23:00:00,Earth,2.0
2020-10-10 00:00:00,Earth,2.0
2020-10-10 01:00:00,Earth,2.0
2020-10-10 02:00:00,Earth,2.0
2020-10-10 03:00:00,Earth,2.0
2020-10-10 04:00:00,Earth,2.0
2020-10-10 05:00:00,Earth,2.0
2020-10-10 06:00:00,Earth,2.0
2020-10-10 07:00:00,Earth,2.0
2020-10-10 08:00:00,Earth,2.0
2020-10-10 09:00:00,Earth,2.0
2020-10-10 10:00:00,Earth,2.0
2020-10-10 11:00:00,Earth,2.0
2020-10-10 12:00:00,Earth,2.0
2020-10-10 13:00:00,Earth,2.0
2020-10-10 14:00:00,Earth,0.0
2020-03-18 14:00:00,Saturn,1.0
2020-03-18 15:00:00,Saturn,1.0
2020-03-18 16:00:00,Saturn,1.0
2020-03-18 17:00:00,Saturn,2.0
2020-03-18 18:00:00,Saturn,2.0
2020-03-18 19:00:00,Saturn,2.0
2020-03-18 20:00:00,Saturn,2.0
2020-03-18 21:00:00,Saturn,2.0
2020-03-18 22:00:00,Saturn,2.0
2020-03-18 23:00:00,Saturn,2.0
2020-03-19 00:00:00,Saturn,2.0
2020-03-19 01:00:00,Saturn,2.0
2020-03-19 02:00:00,Saturn,2.0
2020-03-19 03:00:00,Saturn,2.0
2020-03-19 04:00:00,Saturn,2.0
2020-03-19 05:00:00,Saturn,2.0
2020-03-19 06:00:00,Saturn,2.0
2020-03-19 07:00:00,Saturn,2.0
2020-03-19 08:00:00,Saturn,2.0
2020-03-19 09:00:00,Saturn,2.0
2020-03-19 10:00:00,Saturn,10.0
2020-03-19 11:00:00,Saturn,19.0
2020-03-19 12:00:00,Saturn,19.0
2020-03-19 13:00:00,Saturn,19.0
2020-03-19 14:00:00,Saturn,19.0
2020-03-19 15:00:00,Saturn,19.0
2020-03-19 16:00:00,Saturn,19.0
2020-03-19 17:00:00,Saturn,19.0
2020-03-19 18:00:00,Saturn,19.0
2020-03-19 19:00:00,Saturn,19.0
2020-03-19 20:00:00,Saturn,19.0
2020-03-19 21:00:00,Saturn,19.0
2020-03-19 22:00:00,Saturn,19.0
2020-03-19 23:00:00,Saturn,19.0
2020-03-20 00:00:00,Saturn,19.0
2020-03-20 01:00:00,Saturn,19.0
2020-03-20 02:00:00,Saturn,19.0
2020-03-20 03:00:00,Saturn,19.0
2020-03-20 04:00:00,Saturn,19.0
2020-03-20 05:00:00,Saturn,19.0
2020-03-20 06:00:00,Saturn,19.0
2020-03-20 07:00:00,Saturn,19.0
2020-03-20 08:00:00,Saturn,19.0
2020-03-20 09:00:00,Saturn,19.0
2020-03-20 10:00:00,Saturn,19.0
2020-03-20 11:00:00,Saturn,19.0
2020-03-20 12:00:00,Saturn,19.0
2020-03-20 13:00:00,Saturn,19.0
2020-03-20 14:00:00,Saturn,19.0
2020-03-20 15:00:00,Saturn,19.0
2020-03-20 16:00:00,Saturn,19.0
2020-03-20 17:00:00,Saturn,19.0
2020-03-20 18:00:00,Saturn,19.0
2020-03-20 19:00:00,Saturn,19.0
2020-03-20 20:00:00,Saturn,19.0
2020-03-20 21:00:00,Saturn,19.0
2020-03-20 22:00:00,Saturn,27.0
2020-03-20 23:00:00,Saturn,27.0
2020-03-21 00:00:00,Saturn,27.0
2020-03-21 01:00:00,Saturn,27.0
2020-03-21 02:00:00,Saturn,27.0
2020-03-21 03:00:00,Saturn,27.0
2020-03-21 04:00:00,Saturn,27.0
2020-03-21 05:00:00,Saturn,27.0
2020-03-21 06:00:00,Saturn,27.0
2020-03-21 07:00:00,Saturn,27.0
2020-03-21 08:00:00,Saturn,27.0
2020-03-21 09:00:00,Saturn,27.0
2020-03-21 10:00:00,Saturn,27.0
2020-03-21 11:00:00,Saturn,27.0
2020-03-21 12:00:00,Saturn,27.0
2020-03-21 13:00:00,Saturn,27.0
2020-03-21 14:00:00,Saturn,27.0
2020-03-21 15:00:00,Saturn,27.0
2020-03-21 16:00:00,Saturn,27.0
2020-03-21 17:00:00,Saturn,27.0
2020-03-21 18:00:00,Saturn,27.0
2020-03-21 19:00:00,Saturn,27.0
2020-03-21 20:00:00,Saturn,27.0
2020-03-21 21:00:00,Saturn,27.0
2020-03-21 22:00:00,Saturn,27.0
2020-03-21 23:00:00,Saturn,27.0
2020-03-22 00:00:00,Saturn,27.0
2020-03-22 01:00:00,Saturn,27.0
2020-03-22 02:00:00,Saturn,27.0
2020-03-22 03:00:00,Saturn,27.0
2020-03-22 04:00:00,Saturn,27.0
2020-03-22 05:00:00,Saturn,27.0
2020-03-22 06:00:00,Saturn,27.0
2020-03-22 07:00:00,Saturn,27.0
2020-03-22 08:00:00,Saturn,27.0
2020-03-22 09:00:00,Saturn,27.0
2020-03-22 10:00:00,Saturn,27.0
2020-03-22 11:00:00,Saturn,27.0
2020-03-22 12:00:00,Saturn,27.0
2020-03-22 13:00:00,Saturn,27.0
2020-03-22 14:00:00,Saturn,27.0
2020-03-22 15:00:00,Saturn,27.0
2020-03-22 16:00:00,Saturn,27.0
2020-03-22 17:00:00,Saturn,27.0
2020-03-22 18:00:00,Saturn,27.0
2020-03-22 19:00:00,Saturn,27.0
2020-03-22 20:00:00,Saturn,27.0
2020-03-22 21:00:00,Saturn,27.0
2020-03-22 22:00:00,Saturn,27.0
2020-03-22 23:00:00,Saturn,27.0
2020-03-23 00:00:00,Saturn,27.0
2020-03-23 01:00:00,Saturn,27.0
2020-03-23 02:00:00,Saturn,27.0
2020-03-23 03:00:00,Saturn,27.0
2020-03-23 04:00:00,Saturn,27.0
2020-03-23 05:00:00,Saturn,27.0
2020-03-23 06:00:00,Saturn,27.0
2020-03-23 07:00:00,Saturn,27.0
2020-03-23 08:00:00,Saturn,27.0
2020-03-23 09:00:00,Saturn,27.0
2020-03-23 10:00:00,Saturn,27.0
2020-03-23 11:00:00,Saturn,27.0
2020-03-23 12:00:00,Saturn,27.0
2020-03-23 13:00:00,Saturn,27.0
2020-03-23 14:00:00,Saturn,27.0
2020-03-23 15:00:00,Saturn,27.0
2020-03-23 16:00:00,Saturn,27.0
2020-03-23 17:00:00,Saturn,27.0
2020-03-23 18:00:00,Saturn,27.0
2020-03-23 19:00:00,Saturn,27.0
2020-03-23 20:00:00,Saturn,27.0
2020-03-23 21:00:00,Saturn,27.0
2020-03-23 22:00:00,Saturn,27.0
2020-03-23 23:00:00,Saturn,27.0
2020-03-24 00:00:00,Saturn,27.0
2020-03-24 01:00:00,Saturn,27.0
2020-03-24 02:00:00,Saturn,27.0
2020-03-24 03:00:00,Saturn,27.0
2020-03-24 04:00:00,Saturn,27.0
2020-03-24 05:00:00,Saturn,27.0
2020-03-24 06:00:00,Saturn,27.0
2020-03-24 07:00:00,Saturn,27.0
2020-03-24 08:00:00,Saturn,27.0
2020-03-24 09:00:00,Saturn,27.0
2020-03-24 10:00:00,Saturn,27.0
2020-03-24 11:00:00,Saturn,27.0
2020-03-24 12:00:00,Saturn,27.0
2020-03-24 13:00:00,Saturn,27.0
2020-03-24 14:00:00,Saturn,27.0
2020-03-24 15:00:00,Saturn,27.0
2020-03-24 16:00:00,Saturn,27.0
2020-03-24 17:00:00,Saturn,27.0
2020-03-24 18:00:00,Saturn,27.0
2020-03-24 19:00:00,Saturn,27.0
2020-03-24 20:00:00,Saturn,27.0
2020-03-24 21:00:00,Saturn,27.0
2020-03-24 22:00:00,Saturn,27.0
2020-03-24 23:00:00,Saturn,27.0
2020-03-25 00:00:00,Saturn,27.0
2020-03-25 01:00:00,Saturn,27.0
2020-03-25 02:00:00,Saturn,27.0
2020-03-25 03:00:00,Saturn,27.0
2020-03-25 04:00:00,Saturn,27.0
2020-03-25 05:00:00,Saturn,27.0
2020-03-25 06:00:00,Saturn,27.0
2020-03-25 07:00:00,Saturn,27.0
2020-03-25 08:00:00,Saturn,27.0
2020-03-25 09:00:00,Saturn,27.0
2020-03-25 10:00:00,Saturn,27.0
2020-03-25 11:00:00,Saturn,27.0
2020-03-25 12:00:00,Saturn,27.0
2020-03-25 13:00:00,Saturn,27.0
2020-03-25 14:00:00,Saturn,27.0
2020-03-25 15:00:00,Saturn,27.0
2020-03-25 16:00:00,Saturn,27.0
2020-03-25 17:00:00,Saturn,27.0
2020-03-25 18:00:00,Saturn,27.0
2020-03-25 19:00:00,Saturn,27.0
2020-03-25 20:00:00,Saturn,27.0
2020-03-25 21:00:00,Saturn,35.0
2020-03-25 22:00:00,Saturn,36.0
2020-03-25 23:00:00,Saturn,36.0
2020-03-26 00:00:00,Saturn,36.0
2020-03-26 01:00:00,Saturn,36.0
2020-03-26 02:00:00,Saturn,36.0
2020-03-26 03:00:00,Saturn,36.0
2020-03-26 04:00:00,Saturn,36.0
2020-03-26 05:00:00,Saturn,36.0
2020-03-26 06:00:00,Saturn,36.0
2020-03-26 07:00:00,Saturn,36.0
2020-03-26 08:00:00,Saturn,36.0
2020-03-26 09:00:00,Saturn,36.0
2020-03-26 10:00:00,Saturn,36.0
2020-03-26 11:00:00,Saturn,36.0
2020-03-26 12:00:00,Saturn,36.0
2020-03-26 13:00:00,Saturn,36.0
2020-03-26 14:00:00,Saturn,36.0
2020-03-26 15:00:00,Saturn,36.0
2020-03-26 16:00:00,Saturn,36.0
2020-03-26 17:00:00,Saturn,36.0
2020-03-26 18:00:00,Saturn,36.0
2020-03-26 19:00:00,Saturn,36.0
2020-03-26 20:00:00,Saturn,36.0
2020-03-26 21:00:00,Saturn,36.0
2020-03-26 22:00:00,Saturn,36.0
2020-03-26 23:00:00,Saturn,36.0
2020-03-27 00:00:00,Saturn,36.0
2020-03-27 01:00:00,Saturn,36.0
2020-03-27 02:00:00,Saturn,36.0
2020-03-27 03:00:00,Saturn,36.0
2020-03-27 04:00:00,Saturn,36.0
2020-03-27 05:00:00,Saturn,36.0
2020-03-27 06:00:00,Saturn,36.0
2020-03-27 07:00:00,Saturn,36.0
2020-03-27 08:00:00,Saturn,68.0
2020-03-27 09:00:00,Saturn,68.0
2020-03-27 10:00:00,Saturn,68.0
2020-03-27 11:00:00,Saturn,69.0
2020-03-27 12:00:00,Saturn,69.0
2020-03-27 13:00:00,Saturn,69.0
2020-03-27 14:00:00,Saturn,69.0
2020-03-27 15:00:00,Saturn,77.0
2020-03-27 16:00:00,Saturn,77.0
2020-03-27 17:00:00,Saturn,77.0
2020-03-27 18:00:00,Saturn,85.0
2020-03-27 19:00:00,Saturn,85.0
2020-03-27 20:00:00,Saturn,85.0
2020-03-27 21:00:00,Saturn,85.0
2020-03-27 22:00:00,Saturn,85.0
2020-03-27 23:00:00,Saturn,85.0
2020-03-28 00:00:00,Saturn,117.0
2020-03-28 01:00:00,Saturn,117.0
2020-03-28 02:00:00,Saturn,117.0
2020-03-28 03:00:00,Saturn,117.0
2020-03-28 04:00:00,Saturn,117.0
2020-03-28 05:00:00,Saturn,117.0
2020-03-28 06:00:00,Saturn,117.0
2020-03-28 07:00:00,Saturn,117.0
2020-03-28 08:00:00,Saturn,117.0
2020-03-28 09:00:00,Saturn,117.0
2020-03-28 10:00:00,Saturn,133.0
2020-03-28 11:00:00,Saturn,165.0
2020-03-28 12:00:00,Saturn,165.0
2020-03-28 13:00:00,Saturn,165.0
2020-03-28 14:00:00,Saturn,173.0
2020-03-28 15:00:00,Saturn,173.0
2020-03-28 16:00:00,Saturn,173.0
2020-03-28 17:00:00,Saturn,173.0
2020-03-28 18:00:00,Saturn,173.0
2020-03-28 19:00:00,Saturn,173.0
2020-03-28 20:00:00,Saturn,173.0
2020-03-28 21:00:00,Saturn,173.0
2020-03-28 22:00:00,Saturn,173.0
2020-03-28 23:00:00,Saturn,173.0
2020-03-29 00:00:00,Saturn,173.0
2020-03-29 01:00:00,Saturn,173.0
2020-03-29 02:00:00,Saturn,173.0
2020-03-29 03:00:00,Saturn,173.0
2020-03-29 04:00:00,Saturn,173.0
2020-03-29 05:00:00,Saturn,173.0
2020-03-29 06:00:00,Saturn,173.0
2020-03-29 07:00:00,Saturn,173.0
2020-03-29 08:00:00,Saturn,173.0
2020-03-29 09:00:00,Saturn,173.0
2020-03-29 10:00:00,Saturn,173.0
2020-03-29 11:00:00,Saturn,173.0
2020-03-29 12:00:00,Saturn,181.0
2020-03-29 13:00:00,Saturn,181.0
2020-03-29 14:00:00,Saturn,205.0
2020-03-29 15:00:00,Saturn,205.0
2020-03-29 16:00:00,Saturn,205.0
2020-03-29 17:00:00,Saturn,205.0
2020-03-29 18:00:00,Saturn,205.0
2020-03-29 19:00:00,Saturn,205.0
2020-03-29 20:00:00,Saturn,205.0
2020-03-29 21:00:00,Saturn,205.0
2020-03-29 22:00:00,Saturn,205.0
2020-03-29 23:00:00,Saturn,205.0
2020-03-30 00:00:00,Saturn,205.0
2020-03-30 01:00:00,Saturn,237.0
2020-03-30 02:00:00,Saturn,237.0
2020-03-30 03:00:00,Saturn,237.0
2020-03-30 04:00:00,Saturn,237.0
2020-03-30 05:00:00,Saturn,237.0
2020-03-30 06:00:00,Saturn,237.0
2020-03-30 07:00:00,Saturn,237.0
2020-03-30 08:00:00,Saturn,245.0
2020-03-30 09:00:00,Saturn,247.0
2020-03-30 10:00:00,Saturn,247.0
2020-03-30 11:00:00,Saturn,263.0
2020-03-30 12:00:00,Saturn,263.0
2020-03-30 13:00:00,Saturn,287.0
2020-03-30 14:00:00,Saturn,319.0
2020-03-30 15:00:00,Saturn,354.0
2020-03-30 16:00:00,Saturn,446.0
2020-03-30 17:00:00,Saturn,526.0
2020-03-30 18:00:00,Saturn,558.0
2020-03-30 19:00:00,Saturn,560.0
2020-03-30 20:00:00,Saturn,641.0
2020-03-30 21:00:00,Saturn,673.0
2020-03-30 22:00:00,Saturn,682.0
2020-03-30 23:00:00,Saturn,768.0
2020-03-31 00:00:00,Saturn,772.0
2020-03-31 01:00:00,Saturn,780.0
2020-03-31 02:00:00,Saturn,780.0
2020-03-31 03:00:00,Saturn,796.0
2020-03-31 04:00:00,Saturn,796.0
2020-03-31 05:00:00,Saturn,796.0
2020-03-31 06:00:00,Saturn,796.0
2020-03-31 07:00:00,Saturn,797.0
2020-03-31 08:00:00,Saturn,829.0
2020-03-31 09:00:00,Saturn,830.0
2020-03-31 10:00:00,Saturn,948.0
2020-03-31 11:00:00,Saturn,972.0
2020-03-31 12:00:00,Saturn,996.0
2020-03-31 13:00:00,Saturn,1092.0
2020-03-31 14:00:00,Saturn,1172.0
2020-03-31 15:00:00,Saturn,1216.0
2020-03-31 16:00:00,Saturn,1233.0
2020-03-31 17:00:00,Saturn,1284.0
2020-03-31 18:00:00,Saturn,1389.0
2020-03-31 19:00:00,Saturn,1406.0
2020-03-31 20:00:00,Saturn,1520.0
2020-03-31 21:00:00,Saturn,1648.0
2020-03-31 22:00:00,Saturn,1708.0
2020-03-31 23:00:00,Saturn,1751.0
2020-04-01 00:00:00,Saturn,2321.0
2020-04-01 01:00:00,Saturn,2088.0
2020-04-01 02:00:00,Saturn,1950.0
2020-04-01 03:00:00,Saturn,1828.0
2020-04-01 04:00:00,Saturn,1754.0
2020-04-01 05:00:00,Saturn,1755.0
2020-04-01 06:00:00,Saturn,1736.0
2020-04-01 07:00:00,Saturn,1737.0
2020-04-01 08:00:00,Saturn,1704.0
2020-04-01 09:00:00,Saturn,1714.0
2020-04-01 10:00:00,Saturn,1964.0
2020-04-01 11:00:00,Saturn,2306.0
2020-04-01 12:00:00,Saturn,2094.0
2020-04-01 13:00:00,Saturn,2327.0
2020-04-01 14:00:00,Saturn,2197.0
2020-04-01 15:00:00,Saturn,2920.0
2020-04-01 16:00:00,Saturn,3443.0
2020-04-01 17:00:00,Saturn,2680.0
2020-04-01 18:00:00,Saturn,2965.0
2020-04-01 19:00:00,Saturn,3191.0
2020-04-01 20:00:00,Saturn,3015.0
2020-04-01 21:00:00,Saturn,3112.0
2020-04-01 22:00:00,Saturn,3517.0
2020-04-01 23:00:00,Saturn,2785.0
2020-04-02 00:00:00,Saturn,2400.0
2020-04-02 01:00:00,Saturn,2160.0
2020-04-02 02:00:00,Saturn,2026.0
2020-04-02 03:00:00,Saturn,2004.0
2020-04-02 04:00:00,Saturn,1942.0
2020-04-02 05:00:00,Saturn,1947.0
2020-04-02 06:00:00,Saturn,1902.0
2020-04-02 07:00:00,Saturn,1895.0
2020-04-02 08:00:00,Saturn,1908.0
2020-04-02 09:00:00,Saturn,2480.0
2020-04-02 10:00:00,Saturn,2591.0
2020-04-02 11:00:00,Saturn,2868.0
2020-04-02 12:00:00,Saturn,3048.0
2020-04-02 13:00:00,Saturn,3897.0
2020-04-02 14:00:00,Saturn,2815.0
2020-04-02 15:00:00,Saturn,3003.0
2020-04-02 16:00:00,Saturn,2646.0
2020-04-02 17:00:00,Saturn,2801.0
2020-04-02 18:00:00,Saturn,2598.0
2020-04-02 19:00:00,Saturn,2736.0
2020-04-02 20:00:00,Saturn,2583.0
2020-04-02 21:00:00,Saturn,2766.0
2020-04-02 22:00:00,Saturn,2581.0
2020-04-02 23:00:00,Saturn,2585.0
2020-04-03 00:00:00,Saturn,2349.0
2020-04-03 01:00:00,Saturn,2092.0
2020-04-03 02:00:00,Saturn,1985.0
2020-04-03 03:00:00,Saturn,1986.0
2020-04-03 04:00:00,Saturn,1991.0
2020-04-03 05:00:00,Saturn,1967.0
2020-04-03 06:00:00,Saturn,1946.0
2020-04-03 07:00:00,Saturn,1925.0
2020-04-03 08:00:00,Saturn,2002.0
2020-04-03 09:00:00,Saturn,2152.0
2020-04-03 10:00:00,Saturn,2213.0
2020-04-03 11:00:00,Saturn,2709.0
2020-04-03 12:00:00,Saturn,3109.0
2020-04-03 13:00:00,Saturn,2462.0
2020-04-03 14:00:00,Saturn,2611.0
2020-04-03 15:00:00,Saturn,2591.0
2020-04-03 16:00:00,Saturn,2400.0
2020-04-03 17:00:00,Saturn,2380.0
2020-04-03 18:00:00,Saturn,2422.0
2020-04-03 19:00:00,Saturn,2431.0
2020-04-03 20:00:00,Saturn,2669.0
2020-04-03 21:00:00,Saturn,2720.0
2020-04-03 22:00:00,Saturn,2866.0
2020-04-03 23:00:00,Saturn,2720.0
2020-04-04 00:00:00,Saturn,2664.0
2020-04-04 01:00:00,Saturn,3860.0
2020-04-04 02:00:00,Saturn,4131.0
2020-04-04 03:00:00,Saturn,3475.0
2020-04-04 04:00:00,Saturn,2793.0
2020-04-04 05:00:00,Saturn,1831.0
2020-04-04 06:00:00,Saturn,1924.0
2020-04-04 07:00:00,Saturn,3162.0
2020-04-04 08:00:00,Saturn,3287.0
2020-04-04 09:00:00,Saturn,4858.0
2020-04-04 10:00:00,Saturn,3276.0
2020-04-04 11:00:00,Saturn,3525.0
2020-04-04 12:00:00,Saturn,3736.0
2020-04-04 13:00:00,Saturn,2934.0
2020-04-04 14:00:00,Saturn,3349.0
2020-04-04 15:00:00,Saturn,3986.0
2020-04-04 16:00:00,Saturn,2192.0
2020-04-04 17:00:00,Saturn,2445.0
2020-04-04 18:00:00,Saturn,2577.0
2020-04-04 19:00:00,Saturn,2209.0
2020-04-04 20:00:00,Saturn,3082.0
2020-04-04 21:00:00,Saturn,3148.0
2020-04-04 22:00:00,Saturn,2721.0
2020-04-04 23:00:00,Saturn,2413.0
2020-04-05 00:00:00,Saturn,2224.0
2020-04-05 01:00:00,Saturn,2407.0
2020-04-05 02:00:00,Saturn,2391.0
2020-04-05 03:00:00,Saturn,2450.0
2020-04-05 04:00:00,Saturn,2767.0
2020-04-05 05:00:00,Saturn,2295.0
2020-04-05 06:00:00,Saturn,2023.0
2020-04-05 07:00:00,Saturn,2095.0
2020-04-05 08:00:00,Saturn,2742.0
2020-04-05 09:00:00,Saturn,2493.0
2020-04-05 10:00:00,Saturn,2704.0
2020-04-05 11:00:00,Saturn,2557.0
2020-04-05 12:00:00,Saturn,2584.0
2020-04-05 13:00:00,Saturn,2704.0
2020-04-05 14:00:00,Saturn,2209.0
2020-04-05 15:00:00,Saturn,3021.0
2020-04-05 16:00:00,Saturn,2391.0
2020-04-05 17:00:00,Saturn,2900.0
2020-04-05 18:00:00,Saturn,2056.0
2020-04-05 19:00:00,Saturn,2937.0
2020-04-05 20:00:00,Saturn,3191.0
2020-04-05 21:00:00,Saturn,2726.0
2020-04-05 22:00:00,Saturn,3221.0
2020-04-05 23:00:00,Saturn,2480.0
2020-04-06 00:00:00,Saturn,2317.0
2020-04-06 01:00:00,Saturn,2151.0
2020-04-06 02:00:00,Saturn,2008.0
2020-04-06 03:00:00,Saturn,2002.0
2020-04-06 04:00:00,Saturn,1948.0
2020-04-06 05:00:00,Saturn,1838.0
2020-04-06 06:00:00,Saturn,1830.0
2020-04-06 07:00:00,Saturn,1930.0
2020-04-06 08:00:00,Saturn,1978.0
2020-04-06 09:00:00,Saturn,2206.0
2020-04-06 10:00:00,Saturn,1972.0
2020-04-06 11:00:00,Saturn,1985.0
2020-04-06 12:00:00,Saturn,2041.0
2020-04-06 13:00:00,Saturn,2023.0
2020-04-06 14:00:00,Saturn,2146.0
2020-04-06 15:00:00,Saturn,2217.0
2020-04-06 16:00:00,Saturn,2138.0
2020-04-06 17:00:00,Saturn,2148.0
2020-04-06 18:00:00,Saturn,2513.0
2020-04-06 19:00:00,Saturn,2253.0
2020-04-06 20:00:00,Saturn,2249.0
2020-04-06 21:00:00,Saturn,2526.0
2020-04-06 22:00:00,Saturn,2344.0
2020-04-06 23:00:00,Saturn,2202.0
2020-04-07 00:00:00,Saturn,2215.0
2020-04-07 01:00:00,Saturn,2023.0
2020-04-07 02:00:00,Saturn,1927.0
2020-04-07 03:00:00,Saturn,1869.0
2020-04-07 04:00:00,Saturn,1930.0
2020-04-07 05:00:00,Saturn,1892.0
2020-04-07 06:00:00,Saturn,1897.0
2020-04-07 07:00:00,Saturn,1952.0
2020-04-07 08:00:00,Saturn,1881.0
2020-04-07 09:00:00,Saturn,3020.0
2020-04-07 10:00:00,Saturn,2525.0
2020-04-07 11:00:00,Saturn,2668.0
2020-04-07 12:00:00,Saturn,2204.0
2020-04-07 13:00:00,Saturn,2329.0
2020-04-07 14:00:00,Saturn,2654.0
2020-04-07 15:00:00,Saturn,3024.0
2020-04-07 16:00:00,Saturn,2612.0
2020-04-07 17:00:00,Saturn,2830.0
2020-04-07 18:00:00,Saturn,2517.0
2020-04-07 19:00:00,Saturn,2795.0
2020-04-07 20:00:00,Saturn,2810.0
2020-04-07 21:00:00,Saturn,3763.0
2020-04-07 22:00:00,Saturn,3924.0
2020-04-07 23:00:00,Saturn,2773.0
2020-04-08 00:00:00,Saturn,2671.0
2020-04-08 01:00:00,Saturn,2565.0
2020-04-08 02:00:00,Saturn,2375.0
2020-04-08 03:00:00,Saturn,2386.0
2020-04-08 04:00:00,Saturn,2442.0
2020-04-08 05:00:00,Saturn,2520.0
2020-04-08 06:00:00,Saturn,2438.0
2020-04-08 07:00:00,Saturn,2270.0
2020-04-08 08:00:00,Saturn,2195.0
2020-04-08 09:00:00,Saturn,2240.0
2020-04-08 10:00:00,Saturn,2396.0
2020-04-08 11:00:00,Saturn,2500.0
2020-04-08 12:00:00,Saturn,2319.0
2020-04-08 13:00:00,Saturn,2545.0
2020-04-08 14:00:00,Saturn,2854.0
2020-04-08 15:00:00,Saturn,2569.0
2020-04-08 16:00:00,Saturn,2751.0
2020-04-08 17:00:00,Saturn,2939.0
2020-04-08 18:00:00,Saturn,2770.0
2020-04-08 19:00:00,Saturn,2896.0
2020-04-08 20:00:00,Saturn,2567.0
2020-04-08 21:00:00,Saturn,2246.0
2020-04-08 22:00:00,Saturn,2148.0
2020-04-08 23:00:00,Saturn,2152.0
2020-04-09 00:00:00,Saturn,2149.0
2020-04-09 01:00:00,Saturn,2394.0
2020-04-09 02:00:00,Saturn,2097.0
2020-04-09 03:00:00,Saturn,2009.0
2020-04-09 04:00:00,Saturn,2011.0
2020-04-09 05:00:00,Saturn,1944.0
2020-04-09 06:00:00,Saturn,1851.0
2020-04-09 07:00:00,Saturn,1837.0
2020-04-09 08:00:00,Saturn,1872.0
2020-04-09 09:00:00,Saturn,2019.0
2020-04-09 10:00:00,Saturn,2535.0
2020-04-09 11:00:00,Saturn,2521.0
2020-04-09 12:00:00,Saturn,2555.0
2020-04-09 13:00:00,Saturn,3064.0
2020-04-09 14:00:00,Saturn,3920.0
2020-04-09 15:00:00,Saturn,3821.0
2020-04-09 16:00:00,Saturn,3279.0
2020-04-09 17:00:00,Saturn,2370.0
2020-04-09 18:00:00,Saturn,2752.0
2020-04-09 19:00:00,Saturn,2750.0
2020-04-09 20:00:00,Saturn,2383.0
2020-04-09 21:00:00,Saturn,2567.0
2020-04-09 22:00:00,Saturn,2553.0
2020-04-09 23:00:00,Saturn,2479.0
2020-04-10 00:00:00,Saturn,2375.0
2020-04-10 01:00:00,Saturn,2085.0
2020-04-10 02:00:00,Saturn,1985.0
2020-04-10 03:00:00,Saturn,2037.0
2020-04-10 04:00:00,Saturn,2049.0
2020-04-10 05:00:00,Saturn,2152.0
2020-04-10 06:00:00,Saturn,1963.0
2020-04-10 07:00:00,Saturn,1925.0
2020-04-10 08:00:00,Saturn,1925.0
2020-04-10 09:00:00,Saturn,2128.0
2020-04-10 10:00:00,Saturn,2299.0
2020-04-10 11:00:00,Saturn,2354.0
2020-04-10 12:00:00,Saturn,2569.0
2020-04-10 13:00:00,Saturn,2557.0
2020-04-10 14:00:00,Saturn,2532.0
2020-04-10 15:00:00,Saturn,2962.0
2020-04-10 16:00:00,Saturn,3161.0
2020-04-10 17:00:00,Saturn,2930.0
2020-04-10 18:00:00,Saturn,2635.0
2020-04-10 19:00:00,Saturn,2572.0
2020-04-10 20:00:00,Saturn,2709.0
2020-04-10 21:00:00,Saturn,2652.0
2020-04-10 22:00:00,Saturn,2523.0
2020-04-10 23:00:00,Saturn,2752.0
2020-04-11 00:00:00,Saturn,3506.0
2020-04-11 01:00:00,Saturn,3129.0
2020-04-11 02:00:00,Saturn,3436.0
2020-04-11 03:00:00,Saturn,3242.0
2020-04-11 04:00:00,Saturn,3230.0
2020-04-11 05:00:00,Saturn,2866.0
2020-04-11 06:00:00,Saturn,2882.0
2020-04-11 07:00:00,Saturn,2972.0
2020-04-11 08:00:00,Saturn,2767.0
2020-04-11 09:00:00,Saturn,2637.0
2020-04-11 10:00:00,Saturn,2519.0
2020-04-11 11:00:00,Saturn,2130.0
2020-04-11 12:00:00,Saturn,2098.0
2020-04-11 13:00:00,Saturn,1973.0
2020-04-11 14:00:00,Saturn,2449.0
2020-04-11 15:00:00,Saturn,4181.0
2020-04-11 16:00:00,Saturn,2318.0
2020-04-11 17:00:00,Saturn,2389.0
2020-04-11 18:00:00,Saturn,2303.0
2020-04-11 19:00:00,Saturn,2577.0
2020-04-11 20:00:00,Saturn,2547.0
2020-04-11 21:00:00,Saturn,2507.0
2020-04-11 22:00:00,Saturn,2637.0
2020-04-11 23:00:00,Saturn,2055.0
2020-04-12 00:00:00,Saturn,2134.0
2020-04-12 01:00:00,Saturn,2278.0
2020-04-12 02:00:00,Saturn,2108.0
2020-04-12 03:00:00,Saturn,1976.0
2020-04-12 04:00:00,Saturn,2207.0
2020-04-12 05:00:00,Saturn,2353.0
2020-04-12 06:00:00,Saturn,3003.0
2020-04-12 07:00:00,Saturn,2864.0
2020-04-12 08:00:00,Saturn,3192.0
2020-04-12 09:00:00,Saturn,2927.0
2020-04-12 10:00:00,Saturn,2799.0
2020-04-12 11:00:00,Saturn,2841.0
2020-04-12 12:00:00,Saturn,3035.0
2020-04-12 13:00:00,Saturn,4099.0
2020-04-12 14:00:00,Saturn,4632.0
2020-04-12 15:00:00,Saturn,3979.0
2020-04-12 16:00:00,Saturn,4225.0
2020-04-12 17:00:00,Saturn,3840.0
2020-04-12 18:00:00,Saturn,4111.0
2020-04-12 19:00:00,Saturn,4027.0
2020-04-12 20:00:00,Saturn,3928.0
2020-04-12 21:00:00,Saturn,3453.0
2020-04-12 22:00:00,Saturn,2087.0
2020-04-12 23:00:00,Saturn,2194.0
2020-04-13 00:00:00,Saturn,2082.0
2020-04-13 01:00:00,Saturn,2130.0
2020-04-13 02:00:00,Saturn,2219.0
2020-04-13 03:00:00,Saturn,2321.0
2020-04-13 04:00:00,Saturn,2000.0
2020-04-13 05:00:00,Saturn,1930.0
2020-04-13 06:00:00,Saturn,2739.0
2020-04-13 07:00:00,Saturn,2845.0
2020-04-13 08:00:00,Saturn,2753.0
2020-04-13 09:00:00,Saturn,2972.0
2020-04-13 10:00:00,Saturn,2578.0
2020-04-13 11:00:00,Saturn,2354.0
2020-04-13 12:00:00,Saturn,2756.0
2020-04-13 13:00:00,Saturn,2633.0
2020-04-13 14:00:00,Saturn,3624.0
2020-04-13 15:00:00,Saturn,2438.0
2020-04-13 16:00:00,Saturn,2592.0
2020-04-13 17:00:00,Saturn,2849.0
2020-04-13 18:00:00,Saturn,2797.0
2020-04-13 19:00:00,Saturn,2934.0
2020-04-13 20:00:00,Saturn,3191.0
2020-04-13 21:00:00,Saturn,3008.0
2020-04-13 22:00:00,Saturn,2764.0
2020-04-13 23:00:00,Saturn,2678.0
2020-04-14 00:00:00,Saturn,2598.0
2020-04-14 01:00:00,Saturn,2458.0
2020-04-14 02:00:00,Saturn,2073.0
2020-04-14 03:00:00,Saturn,2059.0
2020-04-14 04:00:00,Saturn,1914.0
2020-04-14 05:00:00,Saturn,1882.0
2020-04-14 06:00:00,Saturn,1999.0
2020-04-14 07:00:00,Saturn,2080.0
2020-04-14 08:00:00,Saturn,2239.0
2020-04-14 09:00:00,Saturn,2635.0
2020-04-14 10:00:00,Saturn,2252.0
2020-04-14 11:00:00,Saturn,2358.0
2020-04-14 12:00:00,Saturn,2527.0
2020-04-14 13:00:00,Saturn,2578.0
2020-04-14 14:00:00,Saturn,2429.0
2020-04-14 15:00:00,Saturn,2765.0
2020-04-14 16:00:00,Saturn,2728.0
2020-04-14 17:00:00,Saturn,3541.0
2020-04-14 18:00:00,Saturn,2518.0
2020-04-14 19:00:00,Saturn,2649.0
2020-04-14 20:00:00,Saturn,2421.0
2020-04-14 21:00:00,Saturn,2531.0
2020-04-14 22:00:00,Saturn,2689.0
2020-04-14 23:00:00,Saturn,2183.0
2020-04-15 00:00:00,Saturn,2080.0
2020-04-15 01:00:00,Saturn,2150.0
2020-04-15 02:00:00,Saturn,2175.0
2020-04-15 03:00:00,Saturn,2197.0
2020-04-15 04:00:00,Saturn,1970.0
2020-04-15 05:00:00,Saturn,1959.0
2020-04-15 06:00:00,Saturn,1850.0
2020-04-15 07:00:00,Saturn,1793.0
2020-04-15 08:00:00,Saturn,1822.0
2020-04-15 09:00:00,Saturn,2112.0
2020-04-15 10:00:00,Saturn,3112.0
2020-04-15 11:00:00,Saturn,2479.0
2020-04-15 12:00:00,Saturn,2390.0
2020-04-15 13:00:00,Saturn,2437.0
2020-04-15 14:00:00,Saturn,2809.0
2020-04-15 15:00:00,Saturn,2909.0
2020-04-15 16:00:00,Saturn,3033.0
2020-04-15 17:00:00,Saturn,3138.0
2020-04-15 18:00:00,Saturn,2657.0
2020-04-15 19:00:00,Saturn,2666.0
2020-04-15 20:00:00,Saturn,3011.0
2020-04-15 21:00:00,Saturn,2537.0
2020-04-15 22:00:00,Saturn,2376.0
2020-04-15 23:00:00,Saturn,2634.0
2020-04-16 00:00:00,Saturn,2434.0
2020-04-16 01:00:00,Saturn,2339.0
2020-04-16 02:00:00,Saturn,2410.0
2020-04-16 03:00:00,Saturn,2231.0
2020-04-16 04:00:00,Saturn,2099.0
2020-04-16 05:00:00,Saturn,2003.0
2020-04-16 06:00:00,Saturn,1937.0
2020-04-16 07:00:00,Saturn,1878.0
2020-04-16 08:00:00,Saturn,1838.0
2020-04-16 09:00:00,Saturn,2346.0
2020-04-16 10:00:00,Saturn,2904.0
2020-04-16 11:00:00,Saturn,2877.0
2020-04-16 12:00:00,Saturn,2723.0
2020-04-16 13:00:00,Saturn,2886.0
2020-04-16 14:00:00,Saturn,3273.0
2020-04-16 15:00:00,Saturn,3264.0
2020-04-16 16:00:00,Saturn,3127.0
2020-04-16 17:00:00,Saturn,3126.0
2020-04-16 18:00:00,Saturn,3064.0
2020-04-16 19:00:00,Saturn,3487.0
2020-04-16 20:00:00,Saturn,3039.0
2020-04-16 21:00:00,Saturn,2805.0
2020-04-16 22:00:00,Saturn,2595.0
2020-04-16 23:00:00,Saturn,2847.0
2020-04-17 00:00:00,Saturn,2859.0
2020-04-17 01:00:00,Saturn,2716.0
2020-04-17 02:00:00,Saturn,2588.0
2020-04-17 03:00:00,Saturn,2295.0
2020-04-17 04:00:00,Saturn,2163.0
2020-04-17 05:00:00,Saturn,2062.0
2020-04-17 06:00:00,Saturn,2028.0
2020-04-17 07:00:00,Saturn,2158.0
2020-04-17 08:00:00,Saturn,1722.0
2020-04-17 09:00:00,Saturn,1940.0
2020-04-17 10:00:00,Saturn,2840.0
2020-04-17 11:00:00,Saturn,2891.0
2020-04-17 12:00:00,Saturn,2598.0
2020-04-17 13:00:00,Saturn,2503.0
2020-04-17 14:00:00,Saturn,2915.0
2020-04-17 15:00:00,Saturn,3023.0
2020-04-17 16:00:00,Saturn,2887.0
2020-04-17 17:00:00,Saturn,2637.0
2020-04-17 18:00:00,Saturn,2539.0
2020-04-17 19:00:00,Saturn,2605.0
2020-04-17 20:00:00,Saturn,2852.0
2020-04-17 21:00:00,Saturn,2971.0
2020-04-17 22:00:00,Saturn,2487.0
2020-04-17 23:00:00,Saturn,2498.0
2020-04-18 00:00:00,Saturn,2749.0
2020-04-18 01:00:00,Saturn,2289.0
2020-04-18 02:00:00,Saturn,2389.0
2020-04-18 03:00:00,Saturn,2217.0
2020-04-18 04:00:00,Saturn,2330.0
2020-04-18 05:00:00,Saturn,2016.0
2020-04-18 06:00:00,Saturn,2048.0
2020-04-18 07:00:00,Saturn,2103.0
2020-04-18 08:00:00,Saturn,2074.0
2020-04-18 09:00:00,Saturn,2193.0
2020-04-18 10:00:00,Saturn,2257.0
2020-04-18 11:00:00,Saturn,2628.0
2020-04-18 12:00:00,Saturn,2166.0
2020-04-18 13:00:00,Saturn,2924.0
2020-04-18 14:00:00,Saturn,2637.0
2020-04-18 15:00:00,Saturn,2482.0
2020-04-18 16:00:00,Saturn,2119.0
2020-04-18 17:00:00,Saturn,2284.0
2020-04-18 18:00:00,Saturn,2419.0
2020-04-18 19:00:00,Saturn,2339.0
2020-04-18 20:00:00,Saturn,2695.0
2020-04-18 21:00:00,Saturn,2421.0
2020-04-18 22:00:00,Saturn,2523.0
2020-04-18 23:00:00,Saturn,2541.0
2020-04-19 00:00:00,Saturn,2168.0
2020-04-19 01:00:00,Saturn,2103.0
2020-04-19 02:00:00,Saturn,2051.0
2020-04-19 03:00:00,Saturn,2001.0
2020-04-19 04:00:00,Saturn,2052.0
2020-04-19 05:00:00,Saturn,1870.0
2020-04-19 06:00:00,Saturn,1893.0
2020-04-19 07:00:00,Saturn,1979.0
2020-04-19 08:00:00,Saturn,2050.0
2020-04-19 09:00:00,Saturn,2342.0
2020-04-19 10:00:00,Saturn,2295.0
2020-04-19 11:00:00,Saturn,2108.0
2020-04-19 12:00:00,Saturn,2188.0
2020-04-19 13:00:00,Saturn,2102.0
2020-04-19 14:00:00,Saturn,2253.0
2020-04-19 15:00:00,Saturn,2553.0
2020-04-19 16:00:00,Saturn,2481.0
2020-04-19 17:00:00,Saturn,2648.0
2020-04-19 18:00:00,Saturn,2422.0
2020-04-19 19:00:00,Saturn,2311.0
2020-04-19 20:00:00,Saturn,2548.0
2020-04-19 21:00:00,Saturn,2859.0
2020-04-19 22:00:00,Saturn,2595.0
2020-04-19 23:00:00,Saturn,2559.0
2020-04-20 00:00:00,Saturn,2452.0
2020-04-20 01:00:00,Saturn,2125.0
2020-04-20 02:00:00,Saturn,2472.0
2020-04-20 03:00:00,Saturn,2081.0
2020-04-20 04:00:00,Saturn,2308.0
2020-04-20 05:00:00,Saturn,2090.0
2020-04-20 06:00:00,Saturn,2129.0
2020-04-20 07:00:00,Saturn,1989.0
2020-04-20 08:00:00,Saturn,21514.0
2020-04-20 09:00:00,Saturn,23162.0
2020-04-20 10:00:00,Saturn,3586.0
2020-04-20 11:00:00,Saturn,3034.0
2020-04-20 12:00:00,Saturn,3474.0
2020-04-20 13:00:00,Saturn,2677.0
2020-04-20 14:00:00,Saturn,2818.0
2020-04-20 15:00:00,Saturn,2687.0
2020-04-20 16:00:00,Saturn,2909.0
2020-04-20 17:00:00,Saturn,2527.0
2020-04-20 18:00:00,Saturn,2408.0
2020-04-20 19:00:00,Saturn,2515.0
2020-04-20 20:00:00,Saturn,2765.0
2020-04-20 21:00:00,Saturn,2620.0
2020-04-20 22:00:00,Saturn,2680.0
2020-04-20 23:00:00,Saturn,2675.0
2020-04-21 00:00:00,Saturn,2199.0
2020-04-21 01:00:00,Saturn,2224.0
2020-04-21 02:00:00,Saturn,2146.0
2020-04-21 03:00:00,Saturn,2118.0
2020-04-21 04:00:00,Saturn,2097.0
2020-04-21 05:00:00,Saturn,2101.0
2020-04-21 06:00:00,Saturn,2193.0
2020-04-21 07:00:00,Saturn,2119.0
2020-04-21 08:00:00,Saturn,2093.0
2020-04-21 09:00:00,Saturn,2302.0
2020-04-21 10:00:00,Saturn,2438.0
2020-04-21 11:00:00,Saturn,2610.0
2020-04-21 12:00:00,Saturn,2572.0
2020-04-21 13:00:00,Saturn,2674.0
2020-04-21 14:00:00,Saturn,2751.0
2020-04-21 15:00:00,Saturn,2557.0
2020-04-21 16:00:00,Saturn,2684.0
2020-04-21 17:00:00,Saturn,2675.0
2020-04-21 18:00:00,Saturn,3021.0
2020-04-21 19:00:00,Saturn,3367.0
2020-04-21 20:00:00,Saturn,3047.0
2020-04-21 21:00:00,Saturn,2679.0
2020-04-21 22:00:00,Saturn,2581.0
2020-04-21 23:00:00,Saturn,2464.0
2020-04-22 00:00:00,Saturn,2246.0
2020-04-22 01:00:00,Saturn,2340.0
2020-04-22 02:00:00,Saturn,2224.0
2020-04-22 03:00:00,Saturn,2229.0
2020-04-22 04:00:00,Saturn,2219.0
2020-04-22 05:00:00,Saturn,2150.0
2020-04-22 06:00:00,Saturn,2235.0
2020-04-22 07:00:00,Saturn,2141.0
2020-04-22 08:00:00,Saturn,2159.0
2020-04-22 09:00:00,Saturn,2426.0
2020-04-22 10:00:00,Saturn,2705.0
2020-04-22 11:00:00,Saturn,2655.0
2020-04-22 12:00:00,Saturn,2391.0
2020-04-22 13:00:00,Saturn,2591.0
2020-04-22 14:00:00,Saturn,2779.0
2020-04-22 15:00:00,Saturn,3005.0
2020-04-22 16:00:00,Saturn,3120.0
2020-04-22 17:00:00,Saturn,2855.0
2020-04-22 18:00:00,Saturn,2394.0
2020-04-22 19:00:00,Saturn,2313.0
2020-04-22 20:00:00,Saturn,2604.0
2020-04-22 21:00:00,Saturn,2743.0
2020-04-22 22:00:00,Saturn,2582.0
2020-04-22 23:00:00,Saturn,2611.0
2020-04-23 00:00:00,Saturn,2709.0
2020-04-23 01:00:00,Saturn,2458.0
2020-04-23 02:00:00,Saturn,2347.0
2020-04-23 03:00:00,Saturn,2290.0
2020-04-23 04:00:00,Saturn,2431.0
2020-04-23 05:00:00,Saturn,2346.0
2020-04-23 06:00:00,Saturn,2223.0
2020-04-23 07:00:00,Saturn,2270.0
2020-04-23 08:00:00,Saturn,2146.0
2020-04-23 09:00:00,Saturn,2301.0
2020-04-23 10:00:00,Saturn,2653.0
2020-04-23 11:00:00,Saturn,2687.0
2020-04-23 12:00:00,Saturn,2709.0
2020-04-23 13:00:00,Saturn,2891.0
2020-04-23 14:00:00,Saturn,2725.0
2020-04-23 15:00:00,Saturn,3108.0
2020-04-23 16:00:00,Saturn,3645.0
2020-04-23 17:00:00,Saturn,3281.0
2020-04-23 18:00:00,Saturn,3371.0
2020-04-23 19:00:00,Saturn,2753.0
2020-04-23 20:00:00,Saturn,2697.0
2020-04-23 21:00:00,Saturn,2458.0
2020-04-23 22:00:00,Saturn,2553.0
2020-04-23 23:00:00,Saturn,2678.0
2020-04-24 00:00:00,Saturn,2736.0
2020-04-24 01:00:00,Saturn,2452.0
2020-04-24 02:00:00,Saturn,2396.0
2020-04-24 03:00:00,Saturn,2480.0
2020-04-24 04:00:00,Saturn,2357.0
2020-04-24 05:00:00,Saturn,2384.0
2020-04-24 06:00:00,Saturn,2386.0
2020-04-24 07:00:00,Saturn,2304.0
2020-04-24 08:00:00,Saturn,2230.0
2020-04-24 09:00:00,Saturn,2442.0
2020-04-24 10:00:00,Saturn,2596.0
2020-04-24 11:00:00,Saturn,2831.0
2020-04-24 12:00:00,Saturn,2782.0
2020-04-24 13:00:00,Saturn,3086.0
2020-04-24 14:00:00,Saturn,3301.0
2020-04-24 15:00:00,Saturn,3514.0
2020-04-24 16:00:00,Saturn,3497.0
2020-04-24 17:00:00,Saturn,3234.0
2020-04-24 18:00:00,Saturn,3232.0
2020-04-24 19:00:00,Saturn,2993.0
2020-04-24 20:00:00,Saturn,2697.0
2020-04-24 21:00:00,Saturn,2595.0
2020-04-24 22:00:00,Saturn,2765.0
2020-04-24 23:00:00,Saturn,2416.0
2020-04-25 00:00:00,Saturn,2271.0
2020-04-25 01:00:00,Saturn,2457.0
2020-04-25 02:00:00,Saturn,2153.0
2020-04-25 03:00:00,Saturn,2187.0
2020-04-25 04:00:00,Saturn,2133.0
2020-04-25 05:00:00,Saturn,2065.0
2020-04-25 06:00:00,Saturn,2042.0
2020-04-25 07:00:00,Saturn,2110.0
2020-04-25 08:00:00,Saturn,1916.0
2020-04-25 09:00:00,Saturn,1975.0
2020-04-25 10:00:00,Saturn,2053.0
2020-04-25 11:00:00,Saturn,2050.0
2020-04-25 12:00:00,Saturn,2078.0
2020-04-25 13:00:00,Saturn,2090.0
2020-04-25 14:00:00,Saturn,2466.0
2020-04-25 15:00:00,Saturn,2429.0
2020-04-25 16:00:00,Saturn,2174.0
2020-04-25 17:00:00,Saturn,2375.0
2020-04-25 18:00:00,Saturn,2364.0
2020-04-25 19:00:00,Saturn,2449.0
2020-04-25 20:00:00,Saturn,2461.0
2020-04-25 21:00:00,Saturn,2455.0
2020-04-25 22:00:00,Saturn,2575.0
2020-04-25 23:00:00,Saturn,2566.0
2020-04-26 00:00:00,Saturn,2860.0
2020-04-26 01:00:00,Saturn,2292.0
2020-04-26 02:00:00,Saturn,2399.0
2020-04-26 03:00:00,Saturn,2712.0
2020-04-26 04:00:00,Saturn,2264.0
2020-04-26 05:00:00,Saturn,2242.0
2020-04-26 06:00:00,Saturn,2267.0
2020-04-26 07:00:00,Saturn,2255.0
2020-04-26 08:00:00,Saturn,2271.0
2020-04-26 09:00:00,Saturn,2336.0
2020-04-26 10:00:00,Saturn,3211.0
2020-04-26 11:00:00,Saturn,3277.0
2020-04-26 12:00:00,Saturn,3102.0
2020-04-26 13:00:00,Saturn,3146.0
2020-04-26 14:00:00,Saturn,2585.0
2020-04-26 15:00:00,Saturn,2662.0
2020-04-26 16:00:00,Saturn,2498.0
2020-04-26 17:00:00,Saturn,2615.0
2020-04-26 18:00:00,Saturn,2402.0
2020-04-26 19:00:00,Saturn,3087.0
2020-04-26 20:00:00,Saturn,2947.0
2020-04-26 21:00:00,Saturn,2788.0
2020-04-26 22:00:00,Saturn,2476.0
2020-04-26 23:00:00,Saturn,2247.0
2020-04-27 00:00:00,Saturn,2326.0
2020-04-27 01:00:00,Saturn,2104.0
2020-04-27 02:00:00,Saturn,2204.0
2020-04-27 03:00:00,Saturn,2049.0
2020-04-27 04:00:00,Saturn,2037.0
2020-04-27 05:00:00,Saturn,2154.0
2020-04-27 06:00:00,Saturn,1967.0
2020-04-27 07:00:00,Saturn,1926.0
2020-04-27 08:00:00,Saturn,1879.0
2020-04-27 09:00:00,Saturn,2119.0
2020-04-27 10:00:00,Saturn,3058.0
2020-04-27 11:00:00,Saturn,2935.0
2020-04-27 12:00:00,Saturn,2456.0
2020-04-27 13:00:00,Saturn,2493.0
2020-04-27 14:00:00,Saturn,2872.0
2020-04-27 15:00:00,Saturn,2589.0
2020-04-27 16:00:00,Saturn,2500.0
2020-04-27 17:00:00,Saturn,2677.0
2020-04-27 18:00:00,Saturn,2703.0
2020-04-27 19:00:00,Saturn,2823.0
2020-04-27 20:00:00,Saturn,3567.0
2020-04-27 21:00:00,Saturn,2761.0
2020-04-27 22:00:00,Saturn,2834.0
2020-04-27 23:00:00,Saturn,2738.0
2020-04-28 00:00:00,Saturn,2923.0
2020-04-28 01:00:00,Saturn,3405.0
2020-04-28 02:00:00,Saturn,2486.0
2020-04-28 03:00:00,Saturn,3123.0
2020-04-28 04:00:00,Saturn,3247.0
2020-04-28 05:00:00,Saturn,3144.0
2020-04-28 06:00:00,Saturn,3094.0
2020-04-28 07:00:00,Saturn,1789.0
2020-04-28 08:00:00,Saturn,1822.0
2020-04-28 09:00:00,Saturn,2127.0
2020-04-28 10:00:00,Saturn,2073.0
2020-04-28 11:00:00,Saturn,2411.0
2020-04-28 12:00:00,Saturn,2191.0
2020-04-28 13:00:00,Saturn,2342.0
2020-04-28 14:00:00,Saturn,3692.0
2020-04-28 15:00:00,Saturn,3588.0
2020-04-28 16:00:00,Saturn,3673.0
2020-04-28 17:00:00,Saturn,4478.0
2020-04-28 18:00:00,Saturn,3374.0
2020-04-28 19:00:00,Saturn,2322.0
2020-04-28 20:00:00,Saturn,2781.0
2020-04-28 21:00:00,Saturn,2405.0
2020-04-28 22:00:00,Saturn,2347.0
2020-04-28 23:00:00,Saturn,2351.0
2020-04-29 00:00:00,Saturn,2400.0
2020-04-29 01:00:00,Saturn,2197.0
2020-04-29 02:00:00,Saturn,2038.0
2020-04-29 03:00:00,Saturn,2173.0
2020-04-29 04:00:00,Saturn,1981.0
2020-04-29 05:00:00,Saturn,1977.0
2020-04-29 06:00:00,Saturn,1984.0
2020-04-29 07:00:00,Saturn,1955.0
2020-04-29 08:00:00,Saturn,2049.0
2020-04-29 09:00:00,Saturn,2283.0
2020-04-29 10:00:00,Saturn,2362.0
2020-04-29 11:00:00,Saturn,2591.0
2020-04-29 12:00:00,Saturn,2394.0
2020-04-29 13:00:00,Saturn,2640.0
2020-04-29 14:00:00,Saturn,2490.0
2020-04-29 15:00:00,Saturn,2809.0
2020-04-29 16:00:00,Saturn,2841.0
2020-04-29 17:00:00,Saturn,2659.0
2020-04-29 18:00:00,Saturn,2727.0
2020-04-29 19:00:00,Saturn,3061.0
2020-04-29 20:00:00,Saturn,3331.0
2020-04-29 21:00:00,Saturn,3724.0
2020-04-29 22:00:00,Saturn,2974.0
2020-04-29 23:00:00,Saturn,2809.0
2020-04-30 00:00:00,Saturn,2688.0
2020-04-30 01:00:00,Saturn,2780.0
2020-04-30 02:00:00,Saturn,2335.0
2020-04-30 03:00:00,Saturn,2282.0
2020-04-30 04:00:00,Saturn,2070.0
2020-04-30 05:00:00,Saturn,2029.0
2020-04-30 06:00:00,Saturn,2078.0
2020-04-30 07:00:00,Saturn,1908.0
2020-04-30 08:00:00,Saturn,1875.0
2020-04-30 09:00:00,Saturn,2201.0
2020-04-30 10:00:00,Saturn,2491.0
2020-04-30 11:00:00,Saturn,2684.0
2020-04-30 12:00:00,Saturn,2386.0
2020-04-30 13:00:00,Saturn,2821.0
2020-04-30 14:00:00,Saturn,2483.0
2020-04-30 15:00:00,Saturn,2438.0
2020-04-30 16:00:00,Saturn,4908.0
2020-04-30 17:00:00,Saturn,2372.0
2020-04-30 18:00:00,Saturn,2282.0
2020-04-30 19:00:00,Saturn,2597.0
2020-04-30 20:00:00,Saturn,2231.0
2020-04-30 21:00:00,Saturn,2104.0
2020-04-30 22:00:00,Saturn,2190.0
2020-04-30 23:00:00,Saturn,2054.0
2020-05-01 00:00:00,Saturn,2219.0
2020-05-01 01:00:00,Saturn,1968.0
2020-05-01 02:00:00,Saturn,1966.0
2020-05-01 03:00:00,Saturn,1977.0
2020-05-01 04:00:00,Saturn,1905.0
2020-05-01 05:00:00,Saturn,1971.0
2020-05-01 06:00:00,Saturn,1981.0
2020-05-01 07:00:00,Saturn,1785.0
2020-05-01 08:00:00,Saturn,1772.0
2020-05-01 09:00:00,Saturn,1889.0
2020-05-01 10:00:00,Saturn,2017.0
2020-05-01 11:00:00,Saturn,2168.0
2020-05-01 12:00:00,Saturn,1870.0
2020-05-01 13:00:00,Saturn,1965.0
2020-05-01 14:00:00,Saturn,2139.0
2020-05-01 15:00:00,Saturn,2038.0
2020-05-01 16:00:00,Saturn,1897.0
2020-05-01 17:00:00,Saturn,2054.0
2020-05-01 18:00:00,Saturn,1861.0
2020-05-01 19:00:00,Saturn,1938.0
2020-05-01 20:00:00,Saturn,2102.0
2020-05-01 21:00:00,Saturn,2335.0
2020-05-01 22:00:00,Saturn,2318.0
2020-05-01 23:00:00,Saturn,2123.0
2020-05-02 00:00:00,Saturn,2143.0
2020-05-02 01:00:00,Saturn,2128.0
2020-05-02 02:00:00,Saturn,1919.0
2020-05-02 03:00:00,Saturn,2086.0
2020-05-02 04:00:00,Saturn,1801.0
2020-05-02 05:00:00,Saturn,1707.0
2020-05-02 06:00:00,Saturn,1740.0
2020-05-02 07:00:00,Saturn,1660.0
2020-05-02 08:00:00,Saturn,1694.0
2020-05-02 09:00:00,Saturn,1852.0
2020-05-02 10:00:00,Saturn,1859.0
2020-05-02 11:00:00,Saturn,1986.0
2020-05-02 12:00:00,Saturn,1895.0
2020-05-02 13:00:00,Saturn,2001.0
2020-05-02 14:00:00,Saturn,1864.0
2020-05-02 15:00:00,Saturn,1898.0
2020-05-02 16:00:00,Saturn,2522.0
2020-05-02 17:00:00,Saturn,1956.0
2020-05-02 18:00:00,Saturn,2021.0
2020-05-02 19:00:00,Saturn,2142.0
2020-05-02 20:00:00,Saturn,2150.0
2020-05-02 21:00:00,Saturn,2331.0
2020-05-02 22:00:00,Saturn,2229.0
2020-05-02 23:00:00,Saturn,2321.0
2020-05-03 00:00:00,Saturn,2264.0
2020-05-03 01:00:00,Saturn,2149.0
2020-05-03 02:00:00,Saturn,2026.0
2020-05-03 03:00:00,Saturn,1961.0
2020-05-03 04:00:00,Saturn,2111.0
2020-05-03 05:00:00,Saturn,1958.0
2020-05-03 06:00:00,Saturn,1937.0
2020-05-03 07:00:00,Saturn,2005.0
2020-05-03 08:00:00,Saturn,1866.0
2020-05-03 09:00:00,Saturn,2470.0
2020-05-03 10:00:00,Saturn,2233.0
2020-05-03 11:00:00,Saturn,1905.0
2020-05-03 12:00:00,Saturn,1921.0
2020-05-03 13:00:00,Saturn,2004.0
2020-05-03 14:00:00,Saturn,2059.0
2020-05-03 15:00:00,Saturn,2174.0
2020-05-03 16:00:00,Saturn,2240.0
2020-05-03 17:00:00,Saturn,2149.0
2020-05-03 18:00:00,Saturn,2168.0
2020-05-03 19:00:00,Saturn,2013.0
2020-05-03 20:00:00,Saturn,2547.0
2020-05-03 21:00:00,Saturn,2181.0
2020-05-03 22:00:00,Saturn,2171.0
2020-05-03 23:00:00,Saturn,2349.0
2020-05-04 00:00:00,Saturn,2201.0
2020-05-04 01:00:00,Saturn,2129.0
2020-05-04 02:00:00,Saturn,2232.0
2020-05-04 03:00:00,Saturn,1834.0
2020-05-04 04:00:00,Saturn,1764.0
2020-05-04 05:00:00,Saturn,1834.0
2020-05-04 06:00:00,Saturn,1818.0
2020-05-04 07:00:00,Saturn,1778.0
2020-05-04 08:00:00,Saturn,1868.0
2020-05-04 09:00:00,Saturn,1761.0
2020-05-04 10:00:00,Saturn,2008.0
2020-05-04 11:00:00,Saturn,2392.0
2020-05-04 12:00:00,Saturn,2252.0
2020-05-04 13:00:00,Saturn,2513.0
2020-05-04 14:00:00,Saturn,2463.0
2020-05-04 15:00:00,Saturn,2040.0
2020-05-04 16:00:00,Saturn,2108.0
2020-05-04 17:00:00,Saturn,1894.0
2020-05-04 18:00:00,Saturn,1722.0
2020-05-04 19:00:00,Saturn,1834.0
2020-05-04 20:00:00,Saturn,1944.0
2020-05-04 21:00:00,Saturn,1932.0
2020-05-04 22:00:00,Saturn,2080.0
2020-05-04 23:00:00,Saturn,2147.0
2020-05-05 00:00:00,Saturn,2089.0
2020-05-05 01:00:00,Saturn,2030.0
2020-05-05 02:00:00,Saturn,2005.0
2020-05-05 03:00:00,Saturn,1847.0
2020-05-05 04:00:00,Saturn,1846.0
2020-05-05 05:00:00,Saturn,1887.0
2020-05-05 06:00:00,Saturn,1760.0
2020-05-05 07:00:00,Saturn,1704.0
2020-05-05 08:00:00,Saturn,1719.0
2020-05-05 09:00:00,Saturn,1668.0
2020-05-05 10:00:00,Saturn,1776.0
2020-05-05 11:00:00,Saturn,1799.0
2020-05-05 12:00:00,Saturn,1798.0
2020-05-05 13:00:00,Saturn,2083.0
2020-05-05 14:00:00,Saturn,1801.0
2020-05-05 15:00:00,Saturn,1709.0
2020-05-05 16:00:00,Saturn,1624.0
2020-05-05 17:00:00,Saturn,1796.0
2020-05-05 18:00:00,Saturn,2386.0
2020-05-05 19:00:00,Saturn,1707.0
2020-05-05 20:00:00,Saturn,1939.0
2020-05-05 21:00:00,Saturn,2129.0
2020-05-05 22:00:00,Saturn,2353.0
2020-05-05 23:00:00,Saturn,2337.0
2020-05-06 00:00:00,Saturn,2021.0
2020-05-06 01:00:00,Saturn,2218.0
2020-05-06 02:00:00,Saturn,1938.0
2020-05-06 03:00:00,Saturn,1909.0
2020-05-06 04:00:00,Saturn,1729.0
2020-05-06 05:00:00,Saturn,1723.0
2020-05-06 06:00:00,Saturn,1623.0
2020-05-06 07:00:00,Saturn,1540.0
2020-05-06 08:00:00,Saturn,1654.0
2020-05-06 09:00:00,Saturn,1777.0
2020-05-06 10:00:00,Saturn,2092.0
2020-05-06 11:00:00,Saturn,2357.0
2020-05-06 12:00:00,Saturn,2918.0
2020-05-06 13:00:00,Saturn,2283.0
2020-05-06 14:00:00,Saturn,2196.0
2020-05-06 15:00:00,Saturn,2865.0
2020-05-06 16:00:00,Saturn,2484.0
2020-05-06 17:00:00,Saturn,2281.0
2020-05-06 18:00:00,Saturn,1957.0
2020-05-06 19:00:00,Saturn,2431.0
2020-05-06 20:00:00,Saturn,2497.0
2020-05-06 21:00:00,Saturn,2561.0
2020-05-06 22:00:00,Saturn,2352.0
2020-05-06 23:00:00,Saturn,2319.0
2020-05-07 00:00:00,Saturn,2397.0
2020-05-07 01:00:00,Saturn,2418.0
2020-05-07 02:00:00,Saturn,1896.0
2020-05-07 03:00:00,Saturn,1725.0
2020-05-07 04:00:00,Saturn,1747.0
2020-05-07 05:00:00,Saturn,1825.0
2020-05-07 06:00:00,Saturn,1734.0
2020-05-07 07:00:00,Saturn,3108.0
2020-05-07 08:00:00,Saturn,2993.0
2020-05-07 09:00:00,Saturn,2703.0
2020-05-07 10:00:00,Saturn,1911.0
2020-05-07 11:00:00,Saturn,2043.0
2020-05-07 12:00:00,Saturn,2297.0
2020-05-07 13:00:00,Saturn,2268.0
2020-05-07 14:00:00,Saturn,2207.0
2020-05-07 15:00:00,Saturn,2169.0
2020-05-07 16:00:00,Saturn,2316.0
2020-05-07 17:00:00,Saturn,2653.0
2020-05-07 18:00:00,Saturn,2409.0
2020-05-07 19:00:00,Saturn,2253.0
2020-05-07 20:00:00,Saturn,2231.0
2020-05-07 21:00:00,Saturn,2041.0
2020-05-07 22:00:00,Saturn,2229.0
2020-05-07 23:00:00,Saturn,2122.0
2020-05-08 00:00:00,Saturn,2169.0
2020-05-08 01:00:00,Saturn,2029.0
2020-05-08 02:00:00,Saturn,1996.0
2020-05-08 03:00:00,Saturn,1858.0
2020-05-08 04:00:00,Saturn,1799.0
2020-05-08 05:00:00,Saturn,1819.0
2020-05-08 06:00:00,Saturn,1826.0
2020-05-08 07:00:00,Saturn,1817.0
2020-05-08 08:00:00,Saturn,1916.0
2020-05-08 09:00:00,Saturn,3292.0
2020-05-08 10:00:00,Saturn,2047.0
2020-05-08 11:00:00,Saturn,2191.0
2020-05-08 12:00:00,Saturn,2140.0
2020-05-08 13:00:00,Saturn,2193.0
2020-05-08 14:00:00,Saturn,2123.0
2020-05-08 15:00:00,Saturn,2569.0
2020-05-08 16:00:00,Saturn,3125.0
2020-05-08 17:00:00,Saturn,2721.0
2020-05-08 18:00:00,Saturn,2200.0
2020-05-08 19:00:00,Saturn,2292.0
2020-05-08 20:00:00,Saturn,2557.0
2020-05-08 21:00:00,Saturn,2682.0
2020-05-08 22:00:00,Saturn,2236.0
2020-05-08 23:00:00,Saturn,2367.0
2020-05-09 00:00:00,Saturn,2088.0
2020-05-09 01:00:00,Saturn,3892.0
2020-05-09 02:00:00,Saturn,3471.0
2020-05-09 03:00:00,Saturn,3335.0
2020-05-09 04:00:00,Saturn,3371.0
2020-05-09 05:00:00,Saturn,3213.0
2020-05-09 06:00:00,Saturn,3362.0
2020-05-09 07:00:00,Saturn,3156.0
2020-05-09 08:00:00,Saturn,3072.0
2020-05-09 09:00:00,Saturn,2675.0
2020-05-09 10:00:00,Saturn,1794.0
2020-05-09 11:00:00,Saturn,2087.0
2020-05-09 12:00:00,Saturn,2031.0
2020-05-09 13:00:00,Saturn,2158.0
2020-05-09 14:00:00,Saturn,2641.0
2020-05-09 15:00:00,Saturn,2562.0
2020-05-09 16:00:00,Saturn,2399.0
2020-05-09 17:00:00,Saturn,2416.0
2020-05-09 18:00:00,Saturn,2593.0
2020-05-09 19:00:00,Saturn,2374.0
2020-05-09 20:00:00,Saturn,2127.0
2020-05-09 21:00:00,Saturn,2273.0
2020-05-09 22:00:00,Saturn,2130.0
2020-05-09 23:00:00,Saturn,2770.0
2020-05-10 00:00:00,Saturn,2947.0
2020-05-10 01:00:00,Saturn,1672.0
2020-05-10 02:00:00,Saturn,3754.0
2020-05-10 03:00:00,Saturn,1906.0
2020-05-10 04:00:00,Saturn,999.0
2020-05-10 05:00:00,Saturn,999.0
2020-05-10 06:00:00,Saturn,983.0
2020-05-10 07:00:00,Saturn,975.0
2020-05-10 08:00:00,Saturn,1007.0
2020-05-10 09:00:00,Saturn,1039.0
2020-05-10 10:00:00,Saturn,1067.0
2020-05-10 11:00:00,Saturn,1074.0
2020-05-10 12:00:00,Saturn,2731.0
2020-05-10 13:00:00,Saturn,1123.0
2020-05-10 14:00:00,Saturn,1297.0
2020-05-10 15:00:00,Saturn,1185.0
2020-05-10 16:00:00,Saturn,1113.0
2020-05-10 17:00:00,Saturn,1108.0
2020-05-10 18:00:00,Saturn,1161.0
2020-05-10 19:00:00,Saturn,1130.0
2020-05-10 20:00:00,Saturn,1059.0
2020-05-10 21:00:00,Saturn,1077.0
2020-05-10 22:00:00,Saturn,1087.0
2020-05-10 23:00:00,Saturn,1203.0
2020-05-11 00:00:00,Saturn,2400.0
2020-05-11 01:00:00,Saturn,1964.0
2020-05-11 02:00:00,Saturn,1841.0
2020-05-11 03:00:00,Saturn,1778.0
2020-05-11 04:00:00,Saturn,1812.0
2020-05-11 05:00:00,Saturn,1818.0
2020-05-11 06:00:00,Saturn,1792.0
2020-05-11 07:00:00,Saturn,2056.0
2020-05-11 08:00:00,Saturn,2281.0
2020-05-11 09:00:00,Saturn,2231.0
2020-05-11 10:00:00,Saturn,2645.0
2020-05-11 11:00:00,Saturn,2195.0
2020-05-11 12:00:00,Saturn,2149.0
2020-05-11 13:00:00,Saturn,2756.0
2020-05-11 14:00:00,Saturn,2304.0
2020-05-11 15:00:00,Saturn,2678.0
2020-05-11 16:00:00,Saturn,2614.0
2020-05-11 17:00:00,Saturn,2488.0
2020-05-11 18:00:00,Saturn,2373.0
2020-05-11 19:00:00,Saturn,2313.0
2020-05-11 20:00:00,Saturn,2324.0
2020-05-11 21:00:00,Saturn,2869.0
2020-05-11 22:00:00,Saturn,2207.0
2020-05-11 23:00:00,Saturn,2275.0
2020-05-12 00:00:00,Saturn,2115.0
2020-05-12 01:00:00,Saturn,2110.0
2020-05-12 02:00:00,Saturn,1932.0
2020-05-12 03:00:00,Saturn,2008.0
2020-05-12 04:00:00,Saturn,1969.0
2020-05-12 05:00:00,Saturn,1928.0
2020-05-12 06:00:00,Saturn,2139.0
2020-05-12 07:00:00,Saturn,1903.0
2020-05-12 08:00:00,Saturn,1964.0
2020-05-12 09:00:00,Saturn,2110.0
2020-05-12 10:00:00,Saturn,3019.0
2020-05-12 11:00:00,Saturn,2872.0
2020-05-12 12:00:00,Saturn,2333.0
2020-05-12 13:00:00,Saturn,2548.0
2020-05-12 14:00:00,Saturn,3393.0
2020-05-12 15:00:00,Saturn,1315.0
2020-05-12 16:00:00,Saturn,3270.0
2020-05-12 17:00:00,Saturn,2330.0
2020-05-12 18:00:00,Saturn,2158.0
2020-05-12 19:00:00,Saturn,2322.0
2020-05-12 20:00:00,Saturn,2361.0
2020-05-12 21:00:00,Saturn,2726.0
2020-05-12 22:00:00,Saturn,2302.0
2020-05-12 23:00:00,Saturn,2398.0
2020-05-13 00:00:00,Saturn,2368.0
2020-05-13 01:00:00,Saturn,2102.0
2020-05-13 02:00:00,Saturn,2080.0
2020-05-13 03:00:00,Saturn,1887.0
2020-05-13 04:00:00,Saturn,1780.0
2020-05-13 05:00:00,Saturn,1805.0
2020-05-13 06:00:00,Saturn,1805.0
2020-05-13 07:00:00,Saturn,1872.0
2020-05-13 08:00:00,Saturn,1724.0
2020-05-13 09:00:00,Saturn,1860.0
2020-05-13 10:00:00,Saturn,2420.0
2020-05-13 11:00:00,Saturn,2437.0
2020-05-13 12:00:00,Saturn,2079.0
2020-05-13 13:00:00,Saturn,2236.0
2020-05-13 14:00:00,Saturn,2453.0
2020-05-13 15:00:00,Saturn,2458.0
2020-05-13 16:00:00,Saturn,2443.0
2020-05-13 17:00:00,Saturn,2420.0
2020-05-13 18:00:00,Saturn,2200.0
2020-05-13 19:00:00,Saturn,2183.0
2020-05-13 20:00:00,Saturn,2615.0
2020-05-13 21:00:00,Saturn,3110.0
2020-05-13 22:00:00,Saturn,2191.0
2020-05-13 23:00:00,Saturn,2334.0
2020-05-14 00:00:00,Saturn,2088.0
2020-05-14 01:00:00,Saturn,2021.0
2020-05-14 02:00:00,Saturn,2230.0
2020-05-14 03:00:00,Saturn,1973.0
2020-05-14 04:00:00,Saturn,1993.0
2020-05-14 05:00:00,Saturn,1918.0
2020-05-14 06:00:00,Saturn,1850.0
2020-05-14 07:00:00,Saturn,1909.0
2020-05-14 08:00:00,Saturn,1819.0
2020-05-14 09:00:00,Saturn,1992.0
2020-05-14 10:00:00,Saturn,2266.0
2020-05-14 11:00:00,Saturn,2756.0
2020-05-14 12:00:00,Saturn,2593.0
2020-05-14 13:00:00,Saturn,2562.0
2020-05-14 14:00:00,Saturn,2326.0
2020-05-14 15:00:00,Saturn,3496.0
2020-05-14 16:00:00,Saturn,2913.0
2020-05-14 17:00:00,Saturn,3017.0
2020-05-14 18:00:00,Saturn,2184.0
2020-05-14 19:00:00,Saturn,2312.0
2020-05-14 20:00:00,Saturn,2523.0
2020-05-14 21:00:00,Saturn,2397.0
2020-05-14 22:00:00,Saturn,2321.0
2020-05-14 23:00:00,Saturn,2595.0
2020-05-15 00:00:00,Saturn,2582.0
2020-05-15 01:00:00,Saturn,2237.0
2020-05-15 02:00:00,Saturn,2031.0
2020-05-15 03:00:00,Saturn,1946.0
2020-05-15 04:00:00,Saturn,2035.0
2020-05-15 05:00:00,Saturn,1877.0
2020-05-15 06:00:00,Saturn,1952.0
2020-05-15 07:00:00,Saturn,2106.0
2020-05-15 08:00:00,Saturn,2039.0
2020-05-15 09:00:00,Saturn,2080.0
2020-05-15 10:00:00,Saturn,2466.0
2020-05-15 11:00:00,Saturn,2153.0
2020-05-15 12:00:00,Saturn,2168.0
2020-05-15 13:00:00,Saturn,2358.0
2020-05-15 14:00:00,Saturn,2349.0
2020-05-15 15:00:00,Saturn,2583.0
2020-05-15 16:00:00,Saturn,2837.0
2020-05-15 17:00:00,Saturn,2523.0
2020-05-15 18:00:00,Saturn,2618.0
2020-05-15 19:00:00,Saturn,2306.0
2020-05-15 20:00:00,Saturn,2933.0
2020-05-15 21:00:00,Saturn,2770.0
2020-05-15 22:00:00,Saturn,2248.0
2020-05-15 23:00:00,Saturn,2417.0
2020-05-16 00:00:00,Saturn,2218.0
2020-05-16 01:00:00,Saturn,1965.0
2020-05-16 02:00:00,Saturn,1977.0
2020-05-16 03:00:00,Saturn,1956.0
2020-05-16 04:00:00,Saturn,1927.0
2020-05-16 05:00:00,Saturn,2101.0
2020-05-16 06:00:00,Saturn,1788.0
2020-05-16 07:00:00,Saturn,1704.0
2020-05-16 08:00:00,Saturn,1802.0
2020-05-16 09:00:00,Saturn,1747.0
2020-05-16 10:00:00,Saturn,1826.0
2020-05-16 11:00:00,Saturn,1850.0
2020-05-16 12:00:00,Saturn,1843.0
2020-05-16 13:00:00,Saturn,2302.0
2020-05-16 14:00:00,Saturn,2006.0
2020-05-16 15:00:00,Saturn,2164.0
2020-05-16 16:00:00,Saturn,2039.0
2020-05-16 17:00:00,Saturn,2075.0
2020-05-16 18:00:00,Saturn,1912.0
2020-05-16 19:00:00,Saturn,2456.0
2020-05-16 20:00:00,Saturn,2110.0
2020-05-16 21:00:00,Saturn,2158.0
2020-05-16 22:00:00,Saturn,1878.0
2020-05-16 23:00:00,Saturn,1947.0
2020-05-17 00:00:00,Saturn,1943.0
2020-05-17 01:00:00,Saturn,1860.0
2020-05-17 02:00:00,Saturn,1783.0
2020-05-17 03:00:00,Saturn,1808.0
2020-05-17 04:00:00,Saturn,1829.0
2020-05-17 05:00:00,Saturn,1780.0
2020-05-17 06:00:00,Saturn,1770.0
2020-05-17 07:00:00,Saturn,1726.0
2020-05-17 08:00:00,Saturn,1724.0
2020-05-17 09:00:00,Saturn,1755.0
2020-05-17 10:00:00,Saturn,1766.0
2020-05-17 11:00:00,Saturn,1750.0
2020-05-17 12:00:00,Saturn,1756.0
2020-05-17 13:00:00,Saturn,1791.0
2020-05-17 14:00:00,Saturn,1946.0
2020-05-17 15:00:00,Saturn,2051.0
2020-05-17 16:00:00,Saturn,1963.0
2020-05-17 17:00:00,Saturn,1880.0
2020-05-17 18:00:00,Saturn,1811.0
2020-05-17 19:00:00,Saturn,1791.0
2020-05-17 20:00:00,Saturn,2127.0
2020-05-17 21:00:00,Saturn,1944.0
2020-05-17 22:00:00,Saturn,1980.0
2020-05-17 23:00:00,Saturn,2254.0
2020-05-18 00:00:00,Saturn,2249.0
2020-05-18 01:00:00,Saturn,2139.0
2020-05-18 02:00:00,Saturn,1913.0
2020-05-18 03:00:00,Saturn,1902.0
2020-05-18 04:00:00,Saturn,1870.0
2020-05-18 05:00:00,Saturn,1851.0
2020-05-18 06:00:00,Saturn,1888.0
2020-05-18 07:00:00,Saturn,1819.0
2020-05-18 08:00:00,Saturn,1850.0
2020-05-18 09:00:00,Saturn,2567.0
2020-05-18 10:00:00,Saturn,2670.0
2020-05-18 11:00:00,Saturn,2822.0
2020-05-18 12:00:00,Saturn,2353.0
2020-05-18 13:00:00,Saturn,2259.0
2020-05-18 14:00:00,Saturn,2451.0
2020-05-18 15:00:00,Saturn,2304.0
2020-05-18 16:00:00,Saturn,2527.0
2020-05-18 17:00:00,Saturn,2288.0
2020-05-18 18:00:00,Saturn,2566.0
2020-05-18 19:00:00,Saturn,2526.0
2020-05-18 20:00:00,Saturn,2350.0
2020-05-18 21:00:00,Saturn,2397.0
2020-05-18 22:00:00,Saturn,2603.0
2020-05-18 23:00:00,Saturn,2789.0
2020-05-19 00:00:00,Saturn,2903.0
2020-05-19 01:00:00,Saturn,2204.0
2020-05-19 02:00:00,Saturn,2044.0
2020-05-19 03:00:00,Saturn,1986.0
2020-05-19 04:00:00,Saturn,1983.0
2020-05-19 05:00:00,Saturn,1971.0
2020-05-19 06:00:00,Saturn,1942.0
2020-05-19 07:00:00,Saturn,2137.0
2020-05-19 08:00:00,Saturn,2113.0
2020-05-19 09:00:00,Saturn,2127.0
2020-05-19 10:00:00,Saturn,2197.0
2020-05-19 11:00:00,Saturn,2454.0
2020-05-19 12:00:00,Saturn,2390.0
2020-05-19 13:00:00,Saturn,2538.0
2020-05-19 14:00:00,Saturn,2757.0
2020-05-19 15:00:00,Saturn,3130.0
2020-05-19 16:00:00,Saturn,2449.0
2020-05-19 17:00:00,Saturn,2378.0
2020-05-19 18:00:00,Saturn,2291.0
2020-05-19 19:00:00,Saturn,2146.0
2020-05-19 20:00:00,Saturn,2653.0
2020-05-19 21:00:00,Saturn,2740.0
2020-05-19 22:00:00,Saturn,2358.0
2020-05-19 23:00:00,Saturn,2260.0
2020-05-20 00:00:00,Saturn,2192.0
2020-05-20 01:00:00,Saturn,2151.0
2020-05-20 02:00:00,Saturn,2507.0
2020-05-20 03:00:00,Saturn,1917.0
2020-05-20 04:00:00,Saturn,1898.0
2020-05-20 05:00:00,Saturn,1948.0
2020-05-20 06:00:00,Saturn,1855.0
2020-05-20 07:00:00,Saturn,1871.0
2020-05-20 08:00:00,Saturn,1809.0
2020-05-20 09:00:00,Saturn,2002.0
2020-05-20 10:00:00,Saturn,2469.0
2020-05-20 11:00:00,Saturn,2353.0
2020-05-20 12:00:00,Saturn,2399.0
2020-05-20 13:00:00,Saturn,2400.0
2020-05-20 14:00:00,Saturn,2737.0
2020-05-20 15:00:00,Saturn,2900.0
2020-05-20 16:00:00,Saturn,2669.0
2020-05-20 17:00:00,Saturn,2612.0
2020-05-20 18:00:00,Saturn,2203.0
2020-05-20 19:00:00,Saturn,2440.0
2020-05-20 20:00:00,Saturn,2338.0
2020-05-20 21:00:00,Saturn,2343.0
2020-05-20 22:00:00,Saturn,2265.0
2020-05-20 23:00:00,Saturn,2700.0
2020-05-21 00:00:00,Saturn,2565.0
2020-05-21 01:00:00,Saturn,2579.0
2020-05-21 02:00:00,Saturn,2493.0
2020-05-21 03:00:00,Saturn,2509.0
2020-05-21 04:00:00,Saturn,2448.0
2020-05-21 05:00:00,Saturn,2473.0
2020-05-21 06:00:00,Saturn,1970.0
2020-05-21 07:00:00,Saturn,1894.0
2020-05-21 08:00:00,Saturn,1957.0
2020-05-21 09:00:00,Saturn,2062.0
2020-05-21 10:00:00,Saturn,2348.0
2020-05-21 11:00:00,Saturn,2295.0
2020-05-21 12:00:00,Saturn,2371.0
2020-05-21 13:00:00,Saturn,2330.0
2020-05-21 14:00:00,Saturn,3047.0
2020-05-21 15:00:00,Saturn,2895.0
2020-05-21 16:00:00,Saturn,2760.0
2020-05-21 17:00:00,Saturn,2741.0
2020-05-21 18:00:00,Saturn,2855.0
2020-05-21 19:00:00,Saturn,2593.0
2020-05-21 20:00:00,Saturn,2431.0
2020-05-21 21:00:00,Saturn,2807.0
2020-05-21 22:00:00,Saturn,2430.0
2020-05-21 23:00:00,Saturn,2683.0
2020-05-22 00:00:00,Saturn,2855.0
2020-05-22 01:00:00,Saturn,2696.0
2020-05-22 02:00:00,Saturn,2812.0
2020-05-22 03:00:00,Saturn,2978.0
2020-05-22 04:00:00,Saturn,3010.0
2020-05-22 05:00:00,Saturn,2989.0
2020-05-22 06:00:00,Saturn,3081.0
2020-05-22 07:00:00,Saturn,2913.0
2020-05-22 08:00:00,Saturn,2797.0
2020-05-22 09:00:00,Saturn,2351.0
2020-05-22 10:00:00,Saturn,2556.0
2020-05-22 11:00:00,Saturn,2591.0
2020-05-22 12:00:00,Saturn,2273.0
2020-05-22 13:00:00,Saturn,2238.0
2020-05-22 14:00:00,Saturn,2318.0
2020-05-22 15:00:00,Saturn,2112.0
2020-05-22 16:00:00,Saturn,2298.0
2020-05-22 17:00:00,Saturn,2507.0
2020-05-22 18:00:00,Saturn,2193.0
2020-05-22 19:00:00,Saturn,2345.0
2020-05-22 20:00:00,Saturn,2411.0
2020-05-22 21:00:00,Saturn,2241.0
2020-05-22 22:00:00,Saturn,2159.0
2020-05-22 23:00:00,Saturn,2074.0
2020-05-23 00:00:00,Saturn,2428.0
2020-05-23 01:00:00,Saturn,2075.0
2020-05-23 02:00:00,Saturn,1925.0
2020-05-23 03:00:00,Saturn,1929.0
2020-05-23 04:00:00,Saturn,1914.0
2020-05-23 05:00:00,Saturn,1905.0
2020-05-23 06:00:00,Saturn,1902.0
2020-05-23 07:00:00,Saturn,1914.0
2020-05-23 08:00:00,Saturn,1907.0
2020-05-23 09:00:00,Saturn,1968.0
2020-05-23 10:00:00,Saturn,2067.0
2020-05-23 11:00:00,Saturn,1895.0
2020-05-23 12:00:00,Saturn,2118.0
2020-05-23 13:00:00,Saturn,2207.0
2020-05-23 14:00:00,Saturn,2183.0
2020-05-23 15:00:00,Saturn,2011.0
2020-05-23 16:00:00,Saturn,2050.0
2020-05-23 17:00:00,Saturn,2126.0
2020-05-23 18:00:00,Saturn,2145.0
2020-05-23 19:00:00,Saturn,2366.0
2020-05-23 20:00:00,Saturn,2170.0
2020-05-23 21:00:00,Saturn,2470.0
2020-05-23 22:00:00,Saturn,2035.0
2020-05-23 23:00:00,Saturn,2173.0
2020-05-24 00:00:00,Saturn,2362.0
2020-05-24 01:00:00,Saturn,2158.0
2020-05-24 02:00:00,Saturn,2009.0
2020-05-24 03:00:00,Saturn,2007.0
2020-05-24 04:00:00,Saturn,2259.0
2020-05-24 05:00:00,Saturn,1993.0
2020-05-24 06:00:00,Saturn,1899.0
2020-05-24 07:00:00,Saturn,2017.0
2020-05-24 08:00:00,Saturn,1998.0
2020-05-24 09:00:00,Saturn,1889.0
2020-05-24 10:00:00,Saturn,2017.0
2020-05-24 11:00:00,Saturn,2335.0
2020-05-24 12:00:00,Saturn,2074.0
2020-05-24 13:00:00,Saturn,2601.0
2020-05-24 14:00:00,Saturn,2224.0
2020-05-24 15:00:00,Saturn,2204.0
2020-05-24 16:00:00,Saturn,2119.0
2020-05-24 17:00:00,Saturn,2114.0
2020-05-24 18:00:00,Saturn,1949.0
2020-05-24 19:00:00,Saturn,2023.0
2020-05-24 20:00:00,Saturn,1988.0
2020-05-24 21:00:00,Saturn,2001.0
2020-05-24 22:00:00,Saturn,2120.0
2020-05-24 23:00:00,Saturn,2076.0
2020-05-25 00:00:00,Saturn,2196.0
2020-05-25 01:00:00,Saturn,2188.0
2020-05-25 02:00:00,Saturn,2173.0
2020-05-25 03:00:00,Saturn,2096.0
2020-05-25 04:00:00,Saturn,1968.0
2020-05-25 05:00:00,Saturn,1931.0
2020-05-25 06:00:00,Saturn,2030.0
2020-05-25 07:00:00,Saturn,2078.0
2020-05-25 08:00:00,Saturn,1970.0
2020-05-25 09:00:00,Saturn,2786.0
2020-05-25 10:00:00,Saturn,2408.0
2020-05-25 11:00:00,Saturn,2998.0
2020-05-25 12:00:00,Saturn,2380.0
2020-05-25 13:00:00,Saturn,2344.0
2020-05-25 14:00:00,Saturn,2735.0
2020-05-25 15:00:00,Saturn,2843.0
2020-05-25 16:00:00,Saturn,2438.0
2020-05-25 17:00:00,Saturn,2444.0
2020-05-25 18:00:00,Saturn,2321.0
2020-05-25 19:00:00,Saturn,2845.0
2020-05-25 20:00:00,Saturn,2548.0
2020-05-25 21:00:00,Saturn,2248.0
2020-05-25 22:00:00,Saturn,2281.0
2020-05-25 23:00:00,Saturn,2135.0
2020-05-26 00:00:00,Saturn,2466.0
2020-05-26 01:00:00,Saturn,2983.0
2020-05-26 02:00:00,Saturn,2452.0
2020-05-26 03:00:00,Saturn,2200.0
2020-05-26 04:00:00,Saturn,2260.0
2020-05-26 05:00:00,Saturn,2035.0
2020-05-26 06:00:00,Saturn,2145.0
2020-05-26 07:00:00,Saturn,1969.0
2020-05-26 08:00:00,Saturn,2149.0
2020-05-26 09:00:00,Saturn,2255.0
2020-05-26 10:00:00,Saturn,2516.0
2020-05-26 11:00:00,Saturn,2658.0
2020-05-26 12:00:00,Saturn,2733.0
2020-05-26 13:00:00,Saturn,2506.0
2020-05-26 14:00:00,Saturn,2555.0
2020-05-26 15:00:00,Saturn,2807.0
2020-05-26 16:00:00,Saturn,2717.0
2020-05-26 17:00:00,Saturn,2478.0
2020-05-26 18:00:00,Saturn,2360.0
2020-05-26 19:00:00,Saturn,2644.0
2020-05-26 20:00:00,Saturn,2712.0
2020-05-26 21:00:00,Saturn,2391.0
2020-05-26 22:00:00,Saturn,2499.0
2020-05-26 23:00:00,Saturn,2563.0
2020-05-27 00:00:00,Saturn,2197.0
2020-05-27 01:00:00,Saturn,2200.0
2020-05-27 02:00:00,Saturn,1987.0
2020-05-27 03:00:00,Saturn,2015.0
2020-05-27 04:00:00,Saturn,2419.0
2020-05-27 05:00:00,Saturn,2437.0
2020-05-27 06:00:00,Saturn,2531.0
2020-05-27 07:00:00,Saturn,1891.0
2020-05-27 08:00:00,Saturn,1730.0
2020-05-27 09:00:00,Saturn,2301.0
2020-05-27 10:00:00,Saturn,2926.0
2020-05-27 11:00:00,Saturn,3031.0
2020-05-27 12:00:00,Saturn,2856.0
2020-05-27 13:00:00,Saturn,2214.0
2020-05-27 14:00:00,Saturn,2292.0
2020-05-27 15:00:00,Saturn,2692.0
2020-05-27 16:00:00,Saturn,2337.0
2020-05-27 17:00:00,Saturn,2504.0
2020-05-27 18:00:00,Saturn,2358.0
2020-05-27 19:00:00,Saturn,2496.0
2020-05-27 20:00:00,Saturn,2728.0
2020-05-27 21:00:00,Saturn,2387.0
2020-05-27 22:00:00,Saturn,2703.0
2020-05-27 23:00:00,Saturn,2478.0
2020-05-28 00:00:00,Saturn,2276.0
2020-05-28 01:00:00,Saturn,2502.0
2020-05-28 02:00:00,Saturn,2126.0
2020-05-28 03:00:00,Saturn,1947.0
2020-05-28 04:00:00,Saturn,1993.0
2020-05-28 05:00:00,Saturn,1938.0
2020-05-28 06:00:00,Saturn,1895.0
2020-05-28 07:00:00,Saturn,1869.0
2020-05-28 08:00:00,Saturn,1875.0
2020-05-28 09:00:00,Saturn,2072.0
2020-05-28 10:00:00,Saturn,2242.0
2020-05-28 11:00:00,Saturn,2698.0
2020-05-28 12:00:00,Saturn,2392.0
2020-05-28 13:00:00,Saturn,2743.0
2020-05-28 14:00:00,Saturn,2834.0
2020-05-28 15:00:00,Saturn,2650.0
2020-05-28 16:00:00,Saturn,2960.0
2020-05-28 17:00:00,Saturn,2437.0
2020-05-28 18:00:00,Saturn,2682.0
2020-05-28 19:00:00,Saturn,3092.0
2020-05-28 20:00:00,Saturn,2726.0
2020-05-28 21:00:00,Saturn,4056.0
2020-05-28 22:00:00,Saturn,2532.0
2020-05-28 23:00:00,Saturn,2104.0
2020-05-29 00:00:00,Saturn,2262.0
2020-05-29 01:00:00,Saturn,2133.0
2020-05-29 02:00:00,Saturn,2082.0
2020-05-29 03:00:00,Saturn,1990.0
2020-05-29 04:00:00,Saturn,2063.0
2020-05-29 05:00:00,Saturn,1955.0
2020-05-29 06:00:00,Saturn,1991.0
2020-05-29 07:00:00,Saturn,1856.0
2020-05-29 08:00:00,Saturn,1930.0
2020-05-29 09:00:00,Saturn,1919.0
2020-05-29 10:00:00,Saturn,3140.0
2020-05-29 11:00:00,Saturn,3063.0
2020-05-29 12:00:00,Saturn,3013.0
2020-05-29 13:00:00,Saturn,2677.0
2020-05-29 14:00:00,Saturn,2488.0
2020-05-29 15:00:00,Saturn,3129.0
2020-05-29 16:00:00,Saturn,3105.0
2020-05-29 17:00:00,Saturn,2804.0
2020-05-29 18:00:00,Saturn,2196.0
2020-05-29 19:00:00,Saturn,2728.0
2020-05-29 20:00:00,Saturn,2195.0
2020-05-29 21:00:00,Saturn,2075.0
2020-05-29 22:00:00,Saturn,2484.0
2020-05-29 23:00:00,Saturn,2166.0
2020-05-30 00:00:00,Saturn,2343.0
2020-05-30 01:00:00,Saturn,2525.0
2020-05-30 02:00:00,Saturn,2121.0
2020-05-30 03:00:00,Saturn,2234.0
2020-05-30 04:00:00,Saturn,2004.0
2020-05-30 05:00:00,Saturn,1906.0
2020-05-30 06:00:00,Saturn,1753.0
2020-05-30 07:00:00,Saturn,1805.0
2020-05-30 08:00:00,Saturn,1721.0
2020-05-30 09:00:00,Saturn,2089.0
2020-05-30 10:00:00,Saturn,2071.0
2020-05-30 11:00:00,Saturn,1979.0
2020-05-30 12:00:00,Saturn,1889.0
2020-05-30 13:00:00,Saturn,2120.0
2020-05-30 14:00:00,Saturn,2065.0
2020-05-30 15:00:00,Saturn,1987.0
2020-05-30 16:00:00,Saturn,2086.0
2020-05-30 17:00:00,Saturn,2082.0
2020-05-30 18:00:00,Saturn,2034.0
2020-05-30 19:00:00,Saturn,2168.0
2020-05-30 20:00:00,Saturn,1913.0
2020-05-30 21:00:00,Saturn,2089.0
2020-05-30 22:00:00,Saturn,2120.0
2020-05-30 23:00:00,Saturn,2292.0
2020-05-31 00:00:00,Saturn,2372.0
2020-05-31 01:00:00,Saturn,1972.0
2020-05-31 02:00:00,Saturn,2076.0
2020-05-31 03:00:00,Saturn,1953.0
2020-05-31 04:00:00,Saturn,1897.0
2020-05-31 05:00:00,Saturn,1827.0
2020-05-31 06:00:00,Saturn,1829.0
2020-05-31 07:00:00,Saturn,1861.0
2020-05-31 08:00:00,Saturn,1881.0
2020-05-31 09:00:00,Saturn,2049.0
2020-05-31 10:00:00,Saturn,1906.0
2020-05-31 11:00:00,Saturn,1925.0
2020-05-31 12:00:00,Saturn,1815.0
2020-05-31 13:00:00,Saturn,1814.0
2020-05-31 14:00:00,Saturn,2062.0
2020-05-31 15:00:00,Saturn,1956.0
2020-05-31 16:00:00,Saturn,1838.0
2020-05-31 17:00:00,Saturn,2000.0
2020-05-31 18:00:00,Saturn,1752.0
2020-05-31 19:00:00,Saturn,1833.0
2020-05-31 20:00:00,Saturn,2111.0
2020-05-31 21:00:00,Saturn,1967.0
2020-05-31 22:00:00,Saturn,2177.0
2020-05-31 23:00:00,Saturn,2231.0
2020-06-01 00:00:00,Saturn,1899.0
2020-06-01 01:00:00,Saturn,2046.0
2020-06-01 02:00:00,Saturn,1880.0
2020-06-01 03:00:00,Saturn,1931.0
2020-06-01 04:00:00,Saturn,1870.0
2020-06-01 05:00:00,Saturn,1821.0
2020-06-01 06:00:00,Saturn,1931.0
2020-06-01 07:00:00,Saturn,1862.0
2020-06-01 08:00:00,Saturn,1778.0
2020-06-01 09:00:00,Saturn,1905.0
2020-06-01 10:00:00,Saturn,2029.0
2020-06-01 11:00:00,Saturn,2338.0
2020-06-01 12:00:00,Saturn,2249.0
2020-06-01 13:00:00,Saturn,3051.0
2020-06-01 14:00:00,Saturn,3080.0
2020-06-01 15:00:00,Saturn,2948.0
2020-06-01 16:00:00,Saturn,2740.0
2020-06-01 17:00:00,Saturn,2563.0
2020-06-01 18:00:00,Saturn,2612.0
2020-06-01 19:00:00,Saturn,2864.0
2020-06-01 20:00:00,Saturn,2167.0
2020-06-01 21:00:00,Saturn,2315.0
2020-06-01 22:00:00,Saturn,2451.0
2020-06-01 23:00:00,Saturn,2670.0
2020-06-02 00:00:00,Saturn,3124.0
2020-06-02 01:00:00,Saturn,2055.0
2020-06-02 02:00:00,Saturn,1942.0
2020-06-02 03:00:00,Saturn,2022.0
2020-06-02 04:00:00,Saturn,1782.0
2020-06-02 05:00:00,Saturn,1732.0
2020-06-02 06:00:00,Saturn,1734.0
2020-06-02 07:00:00,Saturn,1722.0
2020-06-02 08:00:00,Saturn,1887.0
2020-06-02 09:00:00,Saturn,1989.0
2020-06-02 10:00:00,Saturn,2140.0
2020-06-02 11:00:00,Saturn,2366.0
2020-06-02 12:00:00,Saturn,2163.0
2020-06-02 13:00:00,Saturn,2345.0
2020-06-02 14:00:00,Saturn,3072.0
2020-06-02 15:00:00,Saturn,3184.0
2020-06-02 16:00:00,Saturn,2856.0
2020-06-02 17:00:00,Saturn,2484.0
2020-06-02 18:00:00,Saturn,2281.0
2020-06-02 19:00:00,Saturn,2667.0
2020-06-02 20:00:00,Saturn,2442.0
2020-06-02 21:00:00,Saturn,2235.0
2020-06-02 22:00:00,Saturn,2007.0
2020-06-02 23:00:00,Saturn,2164.0
2020-06-03 00:00:00,Saturn,2221.0
2020-06-03 01:00:00,Saturn,2093.0
2020-06-03 02:00:00,Saturn,1952.0
2020-06-03 03:00:00,Saturn,1934.0
2020-06-03 04:00:00,Saturn,1888.0
2020-06-03 05:00:00,Saturn,1857.0
2020-06-03 06:00:00,Saturn,1787.0
2020-06-03 07:00:00,Saturn,1823.0
2020-06-03 08:00:00,Saturn,1832.0
2020-06-03 09:00:00,Saturn,2133.0
2020-06-03 10:00:00,Saturn,2337.0
2020-06-03 11:00:00,Saturn,2377.0
2020-06-03 12:00:00,Saturn,2174.0
2020-06-03 13:00:00,Saturn,2433.0
2020-06-03 14:00:00,Saturn,2444.0
2020-06-03 15:00:00,Saturn,2558.0
2020-06-03 16:00:00,Saturn,2627.0
2020-06-03 17:00:00,Saturn,2754.0
2020-06-03 18:00:00,Saturn,2348.0
2020-06-03 19:00:00,Saturn,2321.0
2020-06-03 20:00:00,Saturn,2234.0
2020-06-03 21:00:00,Saturn,2537.0
2020-06-03 22:00:00,Saturn,2423.0
2020-06-03 23:00:00,Saturn,2376.0
2020-06-04 00:00:00,Saturn,2175.0
2020-06-04 01:00:00,Saturn,1955.0
2020-06-04 02:00:00,Saturn,1946.0
2020-06-04 03:00:00,Saturn,1897.0
2020-06-04 04:00:00,Saturn,1863.0
2020-06-04 05:00:00,Saturn,2332.0
2020-06-04 06:00:00,Saturn,2120.0
2020-06-04 07:00:00,Saturn,1803.0
2020-06-04 08:00:00,Saturn,1893.0
2020-06-04 09:00:00,Saturn,1948.0
2020-06-04 10:00:00,Saturn,2270.0
2020-06-04 11:00:00,Saturn,2230.0
2020-06-04 12:00:00,Saturn,2179.0
2020-06-04 13:00:00,Saturn,2447.0
2020-06-04 14:00:00,Saturn,2996.0
2020-06-04 15:00:00,Saturn,2659.0
2020-06-04 16:00:00,Saturn,2815.0
2020-06-04 17:00:00,Saturn,3029.0
2020-06-04 18:00:00,Saturn,2662.0
2020-06-04 19:00:00,Saturn,2571.0
2020-06-04 20:00:00,Saturn,2408.0
2020-06-04 21:00:00,Saturn,2571.0
2020-06-04 22:00:00,Saturn,2370.0
2020-06-04 23:00:00,Saturn,2318.0
2020-06-05 00:00:00,Saturn,2118.0
2020-06-05 01:00:00,Saturn,2070.0
2020-06-05 02:00:00,Saturn,2076.0
2020-06-05 03:00:00,Saturn,2041.0
2020-06-05 04:00:00,Saturn,1947.0
2020-06-05 05:00:00,Saturn,1936.0
2020-06-05 06:00:00,Saturn,1906.0
2020-06-05 07:00:00,Saturn,1913.0
2020-06-05 08:00:00,Saturn,1952.0
2020-06-05 09:00:00,Saturn,2220.0
2020-06-05 10:00:00,Saturn,2351.0
2020-06-05 11:00:00,Saturn,2604.0
2020-06-05 12:00:00,Saturn,2343.0
2020-06-05 13:00:00,Saturn,2620.0
2020-06-05 14:00:00,Saturn,2601.0
2020-06-05 15:00:00,Saturn,2404.0
2020-06-05 16:00:00,Saturn,2338.0
2020-06-05 17:00:00,Saturn,2271.0
2020-06-05 18:00:00,Saturn,2051.0
2020-06-05 19:00:00,Saturn,2064.0
2020-06-05 20:00:00,Saturn,2130.0
2020-06-05 21:00:00,Saturn,1877.0
2020-06-05 22:00:00,Saturn,2070.0
2020-06-05 23:00:00,Saturn,2273.0
2020-06-06 00:00:00,Saturn,1799.0
2020-06-06 01:00:00,Saturn,1887.0
2020-06-06 02:00:00,Saturn,1847.0
2020-06-06 03:00:00,Saturn,1857.0
2020-06-06 04:00:00,Saturn,1726.0
2020-06-06 05:00:00,Saturn,1744.0
2020-06-06 06:00:00,Saturn,1634.0
2020-06-06 07:00:00,Saturn,1618.0
2020-06-06 08:00:00,Saturn,1608.0
2020-06-06 09:00:00,Saturn,1668.0
2020-06-06 10:00:00,Saturn,2275.0
2020-06-06 11:00:00,Saturn,1851.0
2020-06-06 12:00:00,Saturn,1675.0
2020-06-06 13:00:00,Saturn,1755.0
2020-06-06 14:00:00,Saturn,1809.0
2020-06-06 15:00:00,Saturn,1931.0
2020-06-06 16:00:00,Saturn,1986.0
2020-06-06 17:00:00,Saturn,2333.0
2020-06-06 18:00:00,Saturn,1776.0
2020-06-06 19:00:00,Saturn,1819.0
2020-06-06 20:00:00,Saturn,2061.0
2020-06-06 21:00:00,Saturn,2231.0
2020-06-06 22:00:00,Saturn,2271.0
2020-06-06 23:00:00,Saturn,2016.0
2020-06-07 00:00:00,Saturn,2004.0
2020-06-07 01:00:00,Saturn,1914.0
2020-06-07 02:00:00,Saturn,1885.0
2020-06-07 03:00:00,Saturn,1988.0
2020-06-07 04:00:00,Saturn,1812.0
2020-06-07 05:00:00,Saturn,1812.0
2020-06-07 06:00:00,Saturn,1836.0
2020-06-07 07:00:00,Saturn,1780.0
2020-06-07 08:00:00,Saturn,1789.0
2020-06-07 09:00:00,Saturn,1784.0
2020-06-07 10:00:00,Saturn,2164.0
2020-06-07 11:00:00,Saturn,2059.0
2020-06-07 12:00:00,Saturn,1999.0
2020-06-07 13:00:00,Saturn,1991.0
2020-06-07 14:00:00,Saturn,1861.0
2020-06-07 15:00:00,Saturn,1903.0
2020-06-07 16:00:00,Saturn,1913.0
2020-06-07 17:00:00,Saturn,1980.0
2020-06-07 18:00:00,Saturn,1931.0
2020-06-07 19:00:00,Saturn,2513.0
2020-06-07 20:00:00,Saturn,2212.0
2020-06-07 21:00:00,Saturn,2104.0
2020-06-07 22:00:00,Saturn,2144.0
2020-06-07 23:00:00,Saturn,2268.0
2020-06-08 00:00:00,Saturn,1935.0
2020-06-08 01:00:00,Saturn,2147.0
2020-06-08 02:00:00,Saturn,2129.0
2020-06-08 03:00:00,Saturn,1939.0
2020-06-08 04:00:00,Saturn,1894.0
2020-06-08 05:00:00,Saturn,1876.0
2020-06-08 06:00:00,Saturn,1823.0
2020-06-08 07:00:00,Saturn,1803.0
2020-06-08 08:00:00,Saturn,2307.0
2020-06-08 09:00:00,Saturn,1985.0
2020-06-08 10:00:00,Saturn,2595.0
2020-06-08 11:00:00,Saturn,2753.0
2020-06-08 12:00:00,Saturn,2616.0
2020-06-08 13:00:00,Saturn,2500.0
2020-06-08 14:00:00,Saturn,2926.0
2020-06-08 15:00:00,Saturn,3179.0
2020-06-08 16:00:00,Saturn,2999.0
2020-06-08 17:00:00,Saturn,2847.0
2020-06-08 18:00:00,Saturn,2622.0
2020-06-08 19:00:00,Saturn,2564.0
2020-06-08 20:00:00,Saturn,2404.0
2020-06-08 21:00:00,Saturn,2690.0
2020-06-08 22:00:00,Saturn,2696.0
2020-06-08 23:00:00,Saturn,1940.0
2020-06-09 00:00:00,Saturn,1935.0
2020-06-09 01:00:00,Saturn,1872.0
2020-06-09 02:00:00,Saturn,1978.0
2020-06-09 03:00:00,Saturn,1821.0
2020-06-09 04:00:00,Saturn,1673.0
2020-06-09 05:00:00,Saturn,1665.0
2020-06-09 06:00:00,Saturn,1617.0
2020-06-09 07:00:00,Saturn,1632.0
2020-06-09 08:00:00,Saturn,1570.0
2020-06-09 09:00:00,Saturn,1716.0
2020-06-09 10:00:00,Saturn,2427.0
2020-06-09 11:00:00,Saturn,2475.0
2020-06-09 12:00:00,Saturn,2253.0
2020-06-09 13:00:00,Saturn,2245.0
2020-06-09 14:00:00,Saturn,2597.0
2020-06-09 15:00:00,Saturn,2577.0
2020-06-09 16:00:00,Saturn,2789.0
2020-06-09 17:00:00,Saturn,2727.0
2020-06-09 18:00:00,Saturn,2388.0
2020-06-09 19:00:00,Saturn,2263.0
2020-06-09 20:00:00,Saturn,2708.0
2020-06-09 21:00:00,Saturn,2445.0
2020-06-09 22:00:00,Saturn,2120.0
2020-06-09 23:00:00,Saturn,2287.0
2020-06-10 00:00:00,Saturn,1989.0
2020-06-10 01:00:00,Saturn,2112.0
2020-06-10 02:00:00,Saturn,1972.0
2020-06-10 03:00:00,Saturn,2010.0
2020-06-10 04:00:00,Saturn,2058.0
2020-06-10 05:00:00,Saturn,1770.0
2020-06-10 06:00:00,Saturn,1692.0
2020-06-10 07:00:00,Saturn,1671.0
2020-06-10 08:00:00,Saturn,1753.0
2020-06-10 09:00:00,Saturn,1833.0
2020-06-10 10:00:00,Saturn,2360.0
2020-06-10 11:00:00,Saturn,2792.0
2020-06-10 12:00:00,Saturn,2267.0
2020-06-10 13:00:00,Saturn,2410.0
2020-06-10 14:00:00,Saturn,2906.0
2020-06-10 15:00:00,Saturn,2840.0
2020-06-10 16:00:00,Saturn,2338.0
2020-06-10 17:00:00,Saturn,2159.0
2020-06-10 18:00:00,Saturn,2367.0
2020-06-10 19:00:00,Saturn,2603.0
2020-06-10 20:00:00,Saturn,2545.0
2020-06-10 21:00:00,Saturn,2445.0
2020-06-10 22:00:00,Saturn,2239.0
2020-06-10 23:00:00,Saturn,2142.0
2020-06-11 00:00:00,Saturn,2097.0
2020-06-11 01:00:00,Saturn,2087.0
2020-06-11 02:00:00,Saturn,1955.0
2020-06-11 03:00:00,Saturn,1939.0
2020-06-11 04:00:00,Saturn,1922.0
2020-06-11 05:00:00,Saturn,1924.0
2020-06-11 06:00:00,Saturn,1919.0
2020-06-11 07:00:00,Saturn,1869.0
2020-06-11 08:00:00,Saturn,1840.0
2020-06-11 09:00:00,Saturn,1882.0
2020-06-11 10:00:00,Saturn,2330.0
2020-06-11 11:00:00,Saturn,2344.0
2020-06-11 12:00:00,Saturn,2671.0
2020-06-11 13:00:00,Saturn,2400.0
2020-06-11 14:00:00,Saturn,2867.0
2020-06-11 15:00:00,Saturn,2957.0
2020-06-11 16:00:00,Saturn,2306.0
2020-06-11 17:00:00,Saturn,2421.0
2020-06-11 18:00:00,Saturn,2248.0
2020-06-11 19:00:00,Saturn,2550.0
2020-06-11 20:00:00,Saturn,2355.0
2020-06-11 21:00:00,Saturn,2877.0
2020-06-11 22:00:00,Saturn,2581.0
2020-06-11 23:00:00,Saturn,2616.0
2020-06-12 00:00:00,Saturn,2038.0
2020-06-12 01:00:00,Saturn,1900.0
2020-06-12 02:00:00,Saturn,1905.0
2020-06-12 03:00:00,Saturn,1851.0
2020-06-12 04:00:00,Saturn,2034.0
2020-06-12 05:00:00,Saturn,1801.0
2020-06-12 06:00:00,Saturn,1711.0
2020-06-12 07:00:00,Saturn,1725.0
2020-06-12 08:00:00,Saturn,1670.0
2020-06-12 09:00:00,Saturn,1714.0
2020-06-12 10:00:00,Saturn,2314.0
2020-06-12 11:00:00,Saturn,2517.0
2020-06-12 12:00:00,Saturn,2498.0
2020-06-12 13:00:00,Saturn,2195.0
2020-06-12 14:00:00,Saturn,2595.0
2020-06-12 15:00:00,Saturn,2225.0
2020-06-12 16:00:00,Saturn,2332.0
2020-06-12 17:00:00,Saturn,2169.0
2020-06-12 18:00:00,Saturn,2185.0
2020-06-12 19:00:00,Saturn,2302.0
2020-06-12 20:00:00,Saturn,2421.0
2020-06-12 21:00:00,Saturn,2513.0
2020-06-12 22:00:00,Saturn,2154.0
2020-06-12 23:00:00,Saturn,2117.0
2020-06-13 00:00:00,Saturn,2193.0
2020-06-13 01:00:00,Saturn,1876.0
2020-06-13 02:00:00,Saturn,1849.0
2020-06-13 03:00:00,Saturn,1949.0
2020-06-13 04:00:00,Saturn,1705.0
2020-06-13 05:00:00,Saturn,1631.0
2020-06-13 06:00:00,Saturn,1552.0
2020-06-13 07:00:00,Saturn,1519.0
2020-06-13 08:00:00,Saturn,1733.0
2020-06-13 09:00:00,Saturn,1824.0
2020-06-13 10:00:00,Saturn,1984.0
2020-06-13 11:00:00,Saturn,2045.0
2020-06-13 12:00:00,Saturn,2128.0
2020-06-13 13:00:00,Saturn,1788.0
2020-06-13 14:00:00,Saturn,1672.0
2020-06-13 15:00:00,Saturn,1880.0
2020-06-13 16:00:00,Saturn,2212.0
2020-06-13 17:00:00,Saturn,1737.0
2020-06-13 18:00:00,Saturn,2092.0
2020-06-13 19:00:00,Saturn,2429.0
2020-06-13 20:00:00,Saturn,1731.0
2020-06-13 21:00:00,Saturn,4747.0
2020-06-13 22:00:00,Saturn,2823.0
2020-06-13 23:00:00,Saturn,2511.0
2020-06-14 00:00:00,Saturn,2312.0
2020-06-14 01:00:00,Saturn,2091.0
2020-06-14 02:00:00,Saturn,2097.0
2020-06-14 03:00:00,Saturn,2050.0
2020-06-14 04:00:00,Saturn,2275.0
2020-06-14 05:00:00,Saturn,2068.0
2020-06-14 06:00:00,Saturn,1939.0
2020-06-14 07:00:00,Saturn,1926.0
2020-06-14 08:00:00,Saturn,1801.0
2020-06-14 09:00:00,Saturn,1898.0
2020-06-14 10:00:00,Saturn,4011.0
2020-06-14 11:00:00,Saturn,3819.0
2020-06-14 12:00:00,Saturn,2087.0
2020-06-14 13:00:00,Saturn,2430.0
2020-06-14 14:00:00,Saturn,2057.0
2020-06-14 15:00:00,Saturn,2586.0
2020-06-14 16:00:00,Saturn,2981.0
2020-06-14 17:00:00,Saturn,2492.0
2020-06-14 18:00:00,Saturn,2184.0
2020-06-14 19:00:00,Saturn,4074.0
2020-06-14 20:00:00,Saturn,2389.0
2020-06-14 21:00:00,Saturn,2896.0
2020-06-14 22:00:00,Saturn,2693.0
2020-06-14 23:00:00,Saturn,2055.0
2020-06-15 00:00:00,Saturn,1779.0
2020-06-15 01:00:00,Saturn,1801.0
2020-06-15 02:00:00,Saturn,1913.0
2020-06-15 03:00:00,Saturn,1754.0
2020-06-15 04:00:00,Saturn,1728.0
2020-06-15 05:00:00,Saturn,1674.0
2020-06-15 06:00:00,Saturn,1583.0
2020-06-15 07:00:00,Saturn,1381.0
2020-06-15 08:00:00,Saturn,1325.0
2020-06-15 09:00:00,Saturn,1603.0
2020-06-15 10:00:00,Saturn,2943.0
2020-06-15 11:00:00,Saturn,3998.0
2020-06-15 12:00:00,Saturn,2711.0
2020-06-15 13:00:00,Saturn,2245.0
2020-06-15 14:00:00,Saturn,2099.0
2020-06-15 15:00:00,Saturn,2754.0
2020-06-15 16:00:00,Saturn,2373.0
2020-06-15 17:00:00,Saturn,2314.0
2020-06-15 18:00:00,Saturn,2330.0
2020-06-15 19:00:00,Saturn,2246.0
2020-06-15 20:00:00,Saturn,2314.0
2020-06-15 21:00:00,Saturn,2293.0
2020-06-15 22:00:00,Saturn,2354.0
2020-06-15 23:00:00,Saturn,2085.0
2020-06-16 00:00:00,Saturn,2000.0
2020-06-16 01:00:00,Saturn,1980.0
2020-06-16 02:00:00,Saturn,1811.0
2020-06-16 03:00:00,Saturn,1800.0
2020-06-16 04:00:00,Saturn,1727.0
2020-06-16 05:00:00,Saturn,1678.0
2020-06-16 06:00:00,Saturn,1884.0
2020-06-16 07:00:00,Saturn,1932.0
2020-06-16 08:00:00,Saturn,1614.0
2020-06-16 09:00:00,Saturn,1682.0
2020-06-16 10:00:00,Saturn,1843.0
2020-06-16 11:00:00,Saturn,2142.0
2020-06-16 12:00:00,Saturn,2036.0
2020-06-16 13:00:00,Saturn,2092.0
2020-06-16 14:00:00,Saturn,2260.0
2020-06-16 15:00:00,Saturn,2418.0
2020-06-16 16:00:00,Saturn,2413.0
2020-06-16 17:00:00,Saturn,2411.0
2020-06-16 18:00:00,Saturn,2317.0
2020-06-16 19:00:00,Saturn,2813.0
2020-06-16 20:00:00,Saturn,2810.0
2020-06-16 21:00:00,Saturn,2950.0
2020-06-16 22:00:00,Saturn,2109.0
2020-06-16 23:00:00,Saturn,2033.0
2020-06-17 00:00:00,Saturn,1894.0
2020-06-17 01:00:00,Saturn,2370.0
2020-06-17 02:00:00,Saturn,2563.0
2020-06-17 03:00:00,Saturn,1693.0
2020-06-17 04:00:00,Saturn,1889.0
2020-06-17 05:00:00,Saturn,1740.0
2020-06-17 06:00:00,Saturn,1908.0
2020-06-17 07:00:00,Saturn,1727.0
2020-06-17 08:00:00,Saturn,1573.0
2020-06-17 09:00:00,Saturn,1765.0
2020-06-17 10:00:00,Saturn,2040.0
2020-06-17 11:00:00,Saturn,3046.0
2020-06-17 12:00:00,Saturn,2022.0
2020-06-17 13:00:00,Saturn,2293.0
2020-06-17 14:00:00,Saturn,2315.0
2020-06-17 15:00:00,Saturn,2494.0
2020-06-17 16:00:00,Saturn,2936.0
2020-06-17 17:00:00,Saturn,2383.0
2020-06-17 18:00:00,Saturn,2327.0
2020-06-17 19:00:00,Saturn,2491.0
2020-06-17 20:00:00,Saturn,2189.0
2020-06-17 21:00:00,Saturn,2502.0
2020-06-17 22:00:00,Saturn,2268.0
2020-06-17 23:00:00,Saturn,2351.0
2020-06-18 00:00:00,Saturn,2113.0
2020-06-18 01:00:00,Saturn,2514.0
2020-06-18 02:00:00,Saturn,1917.0
2020-06-18 03:00:00,Saturn,1711.0
2020-06-18 04:00:00,Saturn,1689.0
2020-06-18 05:00:00,Saturn,2059.0
2020-06-18 06:00:00,Saturn,1623.0
2020-06-18 07:00:00,Saturn,2042.0
2020-06-18 08:00:00,Saturn,2065.0
2020-06-18 09:00:00,Saturn,1960.0
2020-06-18 10:00:00,Saturn,2117.0
2020-06-18 11:00:00,Saturn,2431.0
2020-06-18 12:00:00,Saturn,2288.0
2020-06-18 13:00:00,Saturn,2280.0
2020-06-18 14:00:00,Saturn,2510.0
2020-06-18 15:00:00,Saturn,2793.0
2020-06-18 16:00:00,Saturn,2734.0
2020-06-18 17:00:00,Saturn,2663.0
2020-06-18 18:00:00,Saturn,2309.0
2020-06-18 19:00:00,Saturn,2685.0
2020-06-18 20:00:00,Saturn,2319.0
2020-06-18 21:00:00,Saturn,2419.0
2020-06-18 22:00:00,Saturn,2568.0
2020-06-18 23:00:00,Saturn,1913.0
2020-06-19 00:00:00,Saturn,1937.0
2020-06-19 01:00:00,Saturn,1754.0
2020-06-19 02:00:00,Saturn,1658.0
2020-06-19 03:00:00,Saturn,1655.0
2020-06-19 04:00:00,Saturn,1654.0
2020-06-19 05:00:00,Saturn,1658.0
2020-06-19 06:00:00,Saturn,1609.0
2020-06-19 07:00:00,Saturn,1665.0
2020-06-19 08:00:00,Saturn,1545.0
2020-06-19 09:00:00,Saturn,1668.0
2020-06-19 10:00:00,Saturn,2149.0
2020-06-19 11:00:00,Saturn,3156.0
2020-06-19 12:00:00,Saturn,2203.0
2020-06-19 13:00:00,Saturn,2449.0
2020-06-19 14:00:00,Saturn,2492.0
2020-06-19 15:00:00,Saturn,2946.0
2020-06-19 16:00:00,Saturn,2565.0
2020-06-19 17:00:00,Saturn,2820.0
2020-06-19 18:00:00,Saturn,2583.0
2020-06-19 19:00:00,Saturn,2296.0
2020-06-19 20:00:00,Saturn,2648.0
2020-06-19 21:00:00,Saturn,2202.0
2020-06-19 22:00:00,Saturn,2343.0
2020-06-19 23:00:00,Saturn,2218.0
2020-06-20 00:00:00,Saturn,1897.0
2020-06-20 01:00:00,Saturn,1885.0
2020-06-20 02:00:00,Saturn,1847.0
2020-06-20 03:00:00,Saturn,1864.0
2020-06-20 04:00:00,Saturn,1823.0
2020-06-20 05:00:00,Saturn,1894.0
2020-06-20 06:00:00,Saturn,1862.0
2020-06-20 07:00:00,Saturn,1796.0
2020-06-20 08:00:00,Saturn,1691.0
2020-06-20 09:00:00,Saturn,1791.0
2020-06-20 10:00:00,Saturn,1913.0
2020-06-20 11:00:00,Saturn,2061.0
2020-06-20 12:00:00,Saturn,2195.0
2020-06-20 13:00:00,Saturn,2058.0
2020-06-20 14:00:00,Saturn,2570.0
2020-06-20 15:00:00,Saturn,2465.0
2020-06-20 16:00:00,Saturn,2663.0
2020-06-20 17:00:00,Saturn,2241.0
2020-06-20 18:00:00,Saturn,4751.0
2020-06-20 19:00:00,Saturn,6013.0
2020-06-20 20:00:00,Saturn,5693.0
2020-06-20 21:00:00,Saturn,1954.0
2020-06-20 22:00:00,Saturn,2416.0
2020-06-20 23:00:00,Saturn,2619.0
2020-06-21 00:00:00,Saturn,2338.0
2020-06-21 01:00:00,Saturn,1917.0
2020-06-21 02:00:00,Saturn,2315.0
2020-06-21 03:00:00,Saturn,1735.0
2020-06-21 04:00:00,Saturn,1777.0
2020-06-21 05:00:00,Saturn,2041.0
2020-06-21 06:00:00,Saturn,1662.0
2020-06-21 07:00:00,Saturn,1557.0
2020-06-21 08:00:00,Saturn,1563.0
2020-06-21 09:00:00,Saturn,1751.0
2020-06-21 10:00:00,Saturn,1822.0
2020-06-21 11:00:00,Saturn,1731.0
2020-06-21 12:00:00,Saturn,1784.0
2020-06-21 13:00:00,Saturn,1756.0
2020-06-21 14:00:00,Saturn,1919.0
2020-06-21 15:00:00,Saturn,1886.0
2020-06-21 16:00:00,Saturn,1908.0
2020-06-21 17:00:00,Saturn,2051.0
2020-06-21 18:00:00,Saturn,1880.0
2020-06-21 19:00:00,Saturn,1776.0
2020-06-21 20:00:00,Saturn,2200.0
2020-06-21 21:00:00,Saturn,2338.0
2020-06-21 22:00:00,Saturn,1718.0
2020-06-21 23:00:00,Saturn,1771.0
2020-06-22 00:00:00,Saturn,1694.0
2020-06-22 01:00:00,Saturn,1785.0
2020-06-22 02:00:00,Saturn,1558.0
2020-06-22 03:00:00,Saturn,1500.0
2020-06-22 04:00:00,Saturn,1462.0
2020-06-22 05:00:00,Saturn,1442.0
2020-06-22 06:00:00,Saturn,1426.0
2020-06-22 07:00:00,Saturn,1474.0
2020-06-22 08:00:00,Saturn,1418.0
2020-06-22 09:00:00,Saturn,1561.0
2020-06-22 10:00:00,Saturn,1940.0
2020-06-22 11:00:00,Saturn,2297.0
2020-06-22 12:00:00,Saturn,1944.0
2020-06-22 13:00:00,Saturn,1995.0
2020-06-22 14:00:00,Saturn,2642.0
2020-06-22 15:00:00,Saturn,2587.0
2020-06-22 16:00:00,Saturn,2550.0
2020-06-22 17:00:00,Saturn,3056.0
2020-06-22 18:00:00,Saturn,2623.0
2020-06-22 19:00:00,Saturn,2424.0
2020-06-22 20:00:00,Saturn,2540.0
2020-06-22 21:00:00,Saturn,2118.0
2020-06-22 22:00:00,Saturn,2061.0
2020-06-22 23:00:00,Saturn,1873.0
2020-06-23 00:00:00,Saturn,1640.0
2020-06-23 01:00:00,Saturn,1684.0
2020-06-23 02:00:00,Saturn,1561.0
2020-06-23 03:00:00,Saturn,1478.0
2020-06-23 04:00:00,Saturn,1604.0
2020-06-23 05:00:00,Saturn,1468.0
2020-06-23 06:00:00,Saturn,1467.0
2020-06-23 07:00:00,Saturn,1378.0
2020-06-23 08:00:00,Saturn,1511.0
2020-06-23 09:00:00,Saturn,1794.0
2020-06-23 10:00:00,Saturn,2336.0
2020-06-23 11:00:00,Saturn,2301.0
2020-06-23 12:00:00,Saturn,2480.0
2020-06-23 13:00:00,Saturn,2265.0
2020-06-23 14:00:00,Saturn,2461.0
2020-06-23 15:00:00,Saturn,2729.0
2020-06-23 16:00:00,Saturn,3019.0
2020-06-23 17:00:00,Saturn,2580.0
2020-06-23 18:00:00,Saturn,2651.0
2020-06-23 19:00:00,Saturn,2138.0
2020-06-23 20:00:00,Saturn,2955.0
2020-06-23 21:00:00,Saturn,2094.0
2020-06-23 22:00:00,Saturn,2064.0
2020-06-23 23:00:00,Saturn,2064.0
2020-06-24 00:00:00,Saturn,2073.0
2020-06-24 01:00:00,Saturn,2044.0
2020-06-24 02:00:00,Saturn,1904.0
2020-06-24 03:00:00,Saturn,2052.0
2020-06-24 04:00:00,Saturn,1900.0
2020-06-24 05:00:00,Saturn,1808.0
2020-06-24 06:00:00,Saturn,1771.0
2020-06-24 07:00:00,Saturn,1926.0
2020-06-24 08:00:00,Saturn,1725.0
2020-06-24 09:00:00,Saturn,1734.0
2020-06-24 10:00:00,Saturn,1995.0
2020-06-24 11:00:00,Saturn,2387.0
2020-06-24 12:00:00,Saturn,2360.0
2020-06-24 13:00:00,Saturn,2429.0
2020-06-24 14:00:00,Saturn,2318.0
2020-06-24 15:00:00,Saturn,2351.0
2020-06-24 16:00:00,Saturn,2609.0
2020-06-24 17:00:00,Saturn,2334.0
2020-06-24 18:00:00,Saturn,2123.0
2020-06-24 19:00:00,Saturn,1963.0
2020-06-24 20:00:00,Saturn,2073.0
2020-06-24 21:00:00,Saturn,2031.0
2020-06-24 22:00:00,Saturn,2082.0
2020-06-24 23:00:00,Saturn,1934.0
2020-06-25 00:00:00,Saturn,2010.0
2020-06-25 01:00:00,Saturn,1834.0
2020-06-25 02:00:00,Saturn,1721.0
2020-06-25 03:00:00,Saturn,1721.0
2020-06-25 04:00:00,Saturn,1721.0
2020-06-25 05:00:00,Saturn,1721.0
2020-06-25 06:00:00,Saturn,1721.0
2020-06-25 07:00:00,Saturn,1721.0
2020-06-25 08:00:00,Saturn,1721.0
2020-06-25 09:00:00,Saturn,2010.0
2020-06-25 10:00:00,Saturn,2027.0
2020-06-25 11:00:00,Saturn,2091.0
2020-06-25 12:00:00,Saturn,2027.0
2020-06-25 13:00:00,Saturn,2255.0
2020-06-25 14:00:00,Saturn,2323.0
2020-06-25 15:00:00,Saturn,2210.0
2020-06-25 16:00:00,Saturn,2075.0
2020-06-25 17:00:00,Saturn,2272.0
2020-06-25 18:00:00,Saturn,2066.0
2020-06-25 19:00:00,Saturn,2275.0
2020-06-25 20:00:00,Saturn,2367.0
2020-06-25 21:00:00,Saturn,2088.0
2020-06-25 22:00:00,Saturn,2405.0
2020-06-25 23:00:00,Saturn,2453.0
2020-06-26 00:00:00,Saturn,1932.0
2020-06-26 01:00:00,Saturn,2017.0
2020-06-26 02:00:00,Saturn,1850.0
2020-06-26 03:00:00,Saturn,1747.0
2020-06-26 04:00:00,Saturn,1836.0
2020-06-26 05:00:00,Saturn,1700.0
2020-06-26 06:00:00,Saturn,1746.0
2020-06-26 07:00:00,Saturn,1952.0
2020-06-26 08:00:00,Saturn,1902.0
2020-06-26 09:00:00,Saturn,2009.0
2020-06-26 10:00:00,Saturn,2163.0
2020-06-26 11:00:00,Saturn,1951.0
2020-06-26 12:00:00,Saturn,2127.0
2020-06-26 13:00:00,Saturn,2033.0
2020-06-26 14:00:00,Saturn,2621.0
2020-06-26 15:00:00,Saturn,2577.0
2020-06-26 16:00:00,Saturn,2797.0
2020-06-26 17:00:00,Saturn,2849.0
2020-06-26 18:00:00,Saturn,2669.0
2020-06-26 19:00:00,Saturn,2080.0
2020-06-26 20:00:00,Saturn,2307.0
2020-06-26 21:00:00,Saturn,1886.0
2020-06-26 22:00:00,Saturn,1711.0
2020-06-26 23:00:00,Saturn,2077.0
2020-06-27 00:00:00,Saturn,2036.0
2020-06-27 01:00:00,Saturn,2260.0
2020-06-27 02:00:00,Saturn,2450.0
2020-06-27 03:00:00,Saturn,2026.0
2020-06-27 04:00:00,Saturn,1888.0
2020-06-27 05:00:00,Saturn,2091.0
2020-06-27 06:00:00,Saturn,1749.0
2020-06-27 07:00:00,Saturn,1730.0
2020-06-27 08:00:00,Saturn,1707.0
2020-06-27 09:00:00,Saturn,2774.0
2020-06-27 10:00:00,Saturn,3721.0
2020-06-27 11:00:00,Saturn,3743.0
2020-06-27 12:00:00,Saturn,2083.0
2020-06-27 13:00:00,Saturn,1859.0
2020-06-27 14:00:00,Saturn,2239.0
2020-06-27 15:00:00,Saturn,2063.0
2020-06-27 16:00:00,Saturn,2060.0
2020-06-27 17:00:00,Saturn,2089.0
2020-06-27 18:00:00,Saturn,1985.0
2020-06-27 19:00:00,Saturn,2469.0
2020-06-27 20:00:00,Saturn,2254.0
2020-06-27 21:00:00,Saturn,2417.0
2020-06-27 22:00:00,Saturn,2344.0
2020-06-27 23:00:00,Saturn,2406.0
2020-06-28 00:00:00,Saturn,2795.0
2020-06-28 01:00:00,Saturn,2679.0
2020-06-28 02:00:00,Saturn,2333.0
2020-06-28 03:00:00,Saturn,1952.0
2020-06-28 04:00:00,Saturn,1700.0
2020-06-28 05:00:00,Saturn,1648.0
2020-06-28 06:00:00,Saturn,1609.0
2020-06-28 07:00:00,Saturn,1601.0
2020-06-28 08:00:00,Saturn,1629.0
2020-06-28 09:00:00,Saturn,1742.0
2020-06-28 10:00:00,Saturn,2206.0
2020-06-28 11:00:00,Saturn,2396.0
2020-06-28 12:00:00,Saturn,2050.0
2020-06-28 13:00:00,Saturn,2107.0
2020-06-28 14:00:00,Saturn,2602.0
2020-06-28 15:00:00,Saturn,2514.0
2020-06-28 16:00:00,Saturn,2316.0
2020-06-28 17:00:00,Saturn,2500.0
2020-06-28 18:00:00,Saturn,2232.0
2020-06-28 19:00:00,Saturn,2646.0
2020-06-28 20:00:00,Saturn,2591.0
2020-06-28 21:00:00,Saturn,2462.0
2020-06-28 22:00:00,Saturn,1969.0
2020-06-28 23:00:00,Saturn,1867.0
2020-06-29 00:00:00,Saturn,2168.0
2020-06-29 01:00:00,Saturn,1833.0
2020-06-29 02:00:00,Saturn,2072.0
2020-06-29 03:00:00,Saturn,1733.0
2020-06-29 04:00:00,Saturn,1765.0
2020-06-29 05:00:00,Saturn,1733.0
2020-06-29 06:00:00,Saturn,1781.0
2020-06-29 07:00:00,Saturn,1761.0
2020-06-29 08:00:00,Saturn,1752.0
2020-06-29 09:00:00,Saturn,1963.0
2020-06-29 10:00:00,Saturn,2353.0
2020-06-29 11:00:00,Saturn,2254.0
2020-06-29 12:00:00,Saturn,2547.0
2020-06-29 13:00:00,Saturn,2237.0
2020-06-29 14:00:00,Saturn,2775.0
2020-06-29 15:00:00,Saturn,3230.0
2020-06-29 16:00:00,Saturn,2627.0
2020-06-29 17:00:00,Saturn,2195.0
2020-06-29 18:00:00,Saturn,4005.0
2020-06-29 19:00:00,Saturn,2828.0
2020-06-29 20:00:00,Saturn,2676.0
2020-06-29 21:00:00,Saturn,2493.0
2020-06-29 22:00:00,Saturn,2290.0
2020-06-29 23:00:00,Saturn,2304.0
2020-06-30 00:00:00,Saturn,2219.0
2020-06-30 01:00:00,Saturn,2337.0
2020-06-30 02:00:00,Saturn,2163.0
2020-06-30 03:00:00,Saturn,1905.0
2020-06-30 04:00:00,Saturn,1773.0
2020-06-30 05:00:00,Saturn,1779.0
2020-06-30 06:00:00,Saturn,1625.0
2020-06-30 07:00:00,Saturn,1570.0
2020-06-30 08:00:00,Saturn,1610.0
2020-06-30 09:00:00,Saturn,1904.0
2020-06-30 10:00:00,Saturn,2814.0
2020-06-30 11:00:00,Saturn,3368.0
2020-06-30 12:00:00,Saturn,2319.0
2020-06-30 13:00:00,Saturn,2180.0
2020-06-30 14:00:00,Saturn,2207.0
2020-06-30 15:00:00,Saturn,2623.0
2020-06-30 16:00:00,Saturn,3218.0
2020-06-30 17:00:00,Saturn,3281.0
2020-06-30 18:00:00,Saturn,2537.0
2020-06-30 19:00:00,Saturn,2796.0
2020-06-30 20:00:00,Saturn,2559.0
2020-06-30 21:00:00,Saturn,2681.0
2020-06-30 22:00:00,Saturn,2569.0
2020-06-30 23:00:00,Saturn,2399.0
2020-07-01 00:00:00,Saturn,2300.0
2020-07-01 01:00:00,Saturn,2157.0
2020-07-01 02:00:00,Saturn,2003.0
2020-07-01 03:00:00,Saturn,2015.0
2020-07-01 04:00:00,Saturn,1972.0
2020-07-01 05:00:00,Saturn,1867.0
2020-07-01 06:00:00,Saturn,1895.0
2020-07-01 07:00:00,Saturn,2159.0
2020-07-01 08:00:00,Saturn,1981.0
2020-07-01 09:00:00,Saturn,2269.0
2020-07-01 10:00:00,Saturn,3257.0
2020-07-01 11:00:00,Saturn,3205.0
2020-07-01 12:00:00,Saturn,2405.0
2020-07-01 13:00:00,Saturn,2684.0
2020-07-01 14:00:00,Saturn,3201.0
2020-07-01 15:00:00,Saturn,2742.0
2020-07-01 16:00:00,Saturn,3814.0
2020-07-01 17:00:00,Saturn,2409.0
2020-07-01 18:00:00,Saturn,2649.0
2020-07-01 19:00:00,Saturn,3567.0
2020-07-01 20:00:00,Saturn,4368.0
2020-07-01 21:00:00,Saturn,2681.0
2020-07-01 22:00:00,Saturn,2669.0
2020-07-01 23:00:00,Saturn,3391.0
2020-07-02 00:00:00,Saturn,2129.0
2020-07-02 01:00:00,Saturn,2073.0
2020-07-02 02:00:00,Saturn,1929.0
2020-07-02 03:00:00,Saturn,1844.0
2020-07-02 04:00:00,Saturn,2217.0
2020-07-02 05:00:00,Saturn,1821.0
2020-07-02 06:00:00,Saturn,1862.0
2020-07-02 07:00:00,Saturn,2410.0
2020-07-02 08:00:00,Saturn,2602.0
2020-07-02 09:00:00,Saturn,2964.0
2020-07-02 10:00:00,Saturn,4721.0
2020-07-02 11:00:00,Saturn,5296.0
2020-07-02 12:00:00,Saturn,4111.0
2020-07-02 13:00:00,Saturn,3973.0
2020-07-02 14:00:00,Saturn,2789.0
2020-07-02 15:00:00,Saturn,2852.0
2020-07-02 16:00:00,Saturn,2850.0
2020-07-02 17:00:00,Saturn,3119.0
2020-07-02 18:00:00,Saturn,2473.0
2020-07-02 19:00:00,Saturn,2320.0
2020-07-02 20:00:00,Saturn,3239.0
2020-07-02 21:00:00,Saturn,3137.0
2020-07-02 22:00:00,Saturn,2420.0
2020-07-02 23:00:00,Saturn,2345.0
2020-07-03 00:00:00,Saturn,1997.0
2020-07-03 01:00:00,Saturn,1880.0
2020-07-03 02:00:00,Saturn,2266.0
2020-07-03 03:00:00,Saturn,1811.0
2020-07-03 04:00:00,Saturn,1778.0
2020-07-03 05:00:00,Saturn,1960.0
2020-07-03 06:00:00,Saturn,2703.0
2020-07-03 07:00:00,Saturn,2065.0
2020-07-03 08:00:00,Saturn,1776.0
2020-07-03 09:00:00,Saturn,1802.0
2020-07-03 10:00:00,Saturn,2243.0
2020-07-03 11:00:00,Saturn,3300.0
2020-07-03 12:00:00,Saturn,2528.0
2020-07-03 13:00:00,Saturn,2602.0
2020-07-03 14:00:00,Saturn,3772.0
2020-07-03 15:00:00,Saturn,2881.0
2020-07-03 16:00:00,Saturn,2638.0
2020-07-03 17:00:00,Saturn,2443.0
2020-07-03 18:00:00,Saturn,2302.0
2020-07-03 19:00:00,Saturn,2428.0
2020-07-03 20:00:00,Saturn,2620.0
2020-07-03 21:00:00,Saturn,2206.0
2020-07-03 22:00:00,Saturn,2128.0
2020-07-03 23:00:00,Saturn,2005.0
2020-07-04 00:00:00,Saturn,2034.0
2020-07-04 01:00:00,Saturn,2034.0
2020-07-04 02:00:00,Saturn,1925.0
2020-07-04 03:00:00,Saturn,1827.0
2020-07-04 04:00:00,Saturn,2406.0
2020-07-04 05:00:00,Saturn,1926.0
2020-07-04 06:00:00,Saturn,2400.0
2020-07-04 07:00:00,Saturn,1798.0
2020-07-04 08:00:00,Saturn,1999.0
2020-07-04 09:00:00,Saturn,2464.0
2020-07-04 10:00:00,Saturn,2454.0
2020-07-04 11:00:00,Saturn,4954.0
2020-07-04 12:00:00,Saturn,4638.0
2020-07-04 13:00:00,Saturn,2174.0
2020-07-04 14:00:00,Saturn,2707.0
2020-07-04 15:00:00,Saturn,2955.0
2020-07-04 16:00:00,Saturn,2834.0
2020-07-04 17:00:00,Saturn,2808.0
2020-07-04 18:00:00,Saturn,2761.0
2020-07-04 19:00:00,Saturn,3933.0
2020-07-04 20:00:00,Saturn,4911.0
2020-07-04 21:00:00,Saturn,3870.0
2020-07-04 22:00:00,Saturn,2463.0
2020-07-04 23:00:00,Saturn,2487.0
2020-07-05 00:00:00,Saturn,2539.0
2020-07-05 01:00:00,Saturn,2587.0
2020-07-05 02:00:00,Saturn,2248.0
2020-07-05 03:00:00,Saturn,1823.0
2020-07-05 04:00:00,Saturn,2264.0
2020-07-05 05:00:00,Saturn,2170.0
2020-07-05 06:00:00,Saturn,1775.0
2020-07-05 07:00:00,Saturn,2046.0
2020-07-05 08:00:00,Saturn,2174.0
2020-07-05 09:00:00,Saturn,2656.0
2020-07-05 10:00:00,Saturn,3134.0
2020-07-05 11:00:00,Saturn,2277.0
2020-07-05 12:00:00,Saturn,2176.0
2020-07-05 13:00:00,Saturn,1960.0
2020-07-05 14:00:00,Saturn,1622.0
2020-07-05 15:00:00,Saturn,6114.0
2020-07-05 16:00:00,Saturn,2861.0
2020-07-05 17:00:00,Saturn,2337.0
2020-07-05 18:00:00,Saturn,1867.0
2020-07-05 19:00:00,Saturn,1471.0
2020-07-05 20:00:00,Saturn,2020.0
2020-07-05 21:00:00,Saturn,3428.0
2020-07-05 22:00:00,Saturn,2570.0
2020-07-05 23:00:00,Saturn,2588.0
2020-07-06 00:00:00,Saturn,2163.0
2020-07-06 01:00:00,Saturn,2095.0
2020-07-06 02:00:00,Saturn,1923.0
2020-07-06 03:00:00,Saturn,1974.0
2020-07-06 04:00:00,Saturn,1880.0
2020-07-06 05:00:00,Saturn,1819.0
2020-07-06 06:00:00,Saturn,1721.0
2020-07-06 07:00:00,Saturn,1775.0
2020-07-06 08:00:00,Saturn,1805.0
2020-07-06 09:00:00,Saturn,2204.0
2020-07-06 10:00:00,Saturn,2841.0
2020-07-06 11:00:00,Saturn,2592.0
2020-07-06 12:00:00,Saturn,2171.0
2020-07-06 13:00:00,Saturn,2344.0
2020-07-06 14:00:00,Saturn,2355.0
2020-07-06 15:00:00,Saturn,2280.0
2020-07-06 16:00:00,Saturn,2647.0
2020-07-06 17:00:00,Saturn,2979.0
2020-07-06 18:00:00,Saturn,2332.0
2020-07-06 19:00:00,Saturn,2653.0
2020-07-06 20:00:00,Saturn,2296.0
2020-07-06 21:00:00,Saturn,2160.0
2020-07-06 22:00:00,Saturn,2336.0
2020-07-06 23:00:00,Saturn,2348.0
2020-07-07 00:00:00,Saturn,1727.0
2020-07-07 01:00:00,Saturn,1602.0
2020-07-07 02:00:00,Saturn,1422.0
2020-07-07 03:00:00,Saturn,1414.0
2020-07-07 04:00:00,Saturn,1398.0
2020-07-07 05:00:00,Saturn,1389.0
2020-07-07 06:00:00,Saturn,1389.0
2020-07-07 07:00:00,Saturn,1393.0
2020-07-07 08:00:00,Saturn,1389.0
2020-07-07 09:00:00,Saturn,1388.0
2020-07-07 10:00:00,Saturn,1397.0
2020-07-07 11:00:00,Saturn,1265.0
2020-07-07 12:00:00,Saturn,1221.0
2020-07-07 13:00:00,Saturn,1182.0
2020-07-07 14:00:00,Saturn,1317.0
2020-07-07 15:00:00,Saturn,1183.0
2020-07-07 16:00:00,Saturn,1157.0
2020-07-07 17:00:00,Saturn,1361.0
2020-07-07 18:00:00,Saturn,1280.0
2020-07-07 19:00:00,Saturn,1350.0
2020-07-07 20:00:00,Saturn,1484.0
2020-07-07 21:00:00,Saturn,1651.0
2020-07-07 22:00:00,Saturn,1742.0
2020-07-07 23:00:00,Saturn,1871.0
2020-07-08 00:00:00,Saturn,2378.0
2020-07-08 01:00:00,Saturn,2504.0
2020-07-08 02:00:00,Saturn,2277.0
2020-07-08 03:00:00,Saturn,2268.0
2020-07-08 04:00:00,Saturn,2423.0
2020-07-08 05:00:00,Saturn,2396.0
2020-07-08 06:00:00,Saturn,2324.0
2020-07-08 07:00:00,Saturn,2164.0
2020-07-08 08:00:00,Saturn,1901.0
2020-07-08 09:00:00,Saturn,2546.0
2020-07-08 10:00:00,Saturn,2795.0
2020-07-08 11:00:00,Saturn,2516.0
2020-07-08 12:00:00,Saturn,2211.0
2020-07-08 13:00:00,Saturn,2437.0
2020-07-08 14:00:00,Saturn,2853.0
2020-07-08 15:00:00,Saturn,2866.0
2020-07-08 16:00:00,Saturn,3038.0
2020-07-08 17:00:00,Saturn,2934.0
2020-07-08 18:00:00,Saturn,3048.0
2020-07-08 19:00:00,Saturn,2936.0
2020-07-08 20:00:00,Saturn,2564.0
2020-07-08 21:00:00,Saturn,2584.0
2020-07-08 22:00:00,Saturn,2380.0
2020-07-08 23:00:00,Saturn,2286.0
2020-07-09 00:00:00,Saturn,2203.0
2020-07-09 01:00:00,Saturn,2125.0
2020-07-09 02:00:00,Saturn,1908.0
2020-07-09 03:00:00,Saturn,1974.0
2020-07-09 04:00:00,Saturn,1916.0
2020-07-09 05:00:00,Saturn,1943.0
2020-07-09 06:00:00,Saturn,1860.0
2020-07-09 07:00:00,Saturn,1863.0
2020-07-09 08:00:00,Saturn,1814.0
2020-07-09 09:00:00,Saturn,1880.0
2020-07-09 10:00:00,Saturn,2125.0
2020-07-09 11:00:00,Saturn,2227.0
2020-07-09 12:00:00,Saturn,2564.0
2020-07-09 13:00:00,Saturn,2884.0
2020-07-09 14:00:00,Saturn,3008.0
2020-07-09 15:00:00,Saturn,2912.0
2020-07-09 16:00:00,Saturn,3879.0
2020-07-09 17:00:00,Saturn,4487.0
2020-07-09 18:00:00,Saturn,2305.0
2020-07-09 19:00:00,Saturn,2510.0
2020-07-09 20:00:00,Saturn,2160.0
2020-07-09 21:00:00,Saturn,2205.0
2020-07-09 22:00:00,Saturn,2212.0
2020-07-09 23:00:00,Saturn,2197.0
2020-07-10 00:00:00,Saturn,2336.0
2020-07-10 01:00:00,Saturn,2130.0
2020-07-10 02:00:00,Saturn,2180.0
2020-07-10 03:00:00,Saturn,1910.0
2020-07-10 04:00:00,Saturn,1835.0
2020-07-10 05:00:00,Saturn,1829.0
2020-07-10 06:00:00,Saturn,1839.0
2020-07-10 07:00:00,Saturn,1831.0
2020-07-10 08:00:00,Saturn,1999.0
2020-07-10 09:00:00,Saturn,1980.0
2020-07-10 10:00:00,Saturn,2432.0
2020-07-10 11:00:00,Saturn,2665.0
2020-07-10 12:00:00,Saturn,2704.0
2020-07-10 13:00:00,Saturn,2940.0
2020-07-10 14:00:00,Saturn,2707.0
2020-07-10 15:00:00,Saturn,2703.0
2020-07-10 16:00:00,Saturn,2317.0
2020-07-10 17:00:00,Saturn,2142.0
2020-07-10 18:00:00,Saturn,2190.0
2020-07-10 19:00:00,Saturn,2756.0
2020-07-10 20:00:00,Saturn,2363.0
2020-07-10 21:00:00,Saturn,2053.0
2020-07-10 22:00:00,Saturn,2187.0
2020-07-10 23:00:00,Saturn,1969.0
2020-07-11 00:00:00,Saturn,1938.0
2020-07-11 01:00:00,Saturn,1907.0
2020-07-11 02:00:00,Saturn,1758.0
2020-07-11 03:00:00,Saturn,1715.0
2020-07-11 04:00:00,Saturn,1778.0
2020-07-11 05:00:00,Saturn,1704.0
2020-07-11 06:00:00,Saturn,1803.0
2020-07-11 07:00:00,Saturn,1716.0
2020-07-11 08:00:00,Saturn,2002.0
2020-07-11 09:00:00,Saturn,1827.0
2020-07-11 10:00:00,Saturn,1742.0
2020-07-11 11:00:00,Saturn,1894.0
2020-07-11 12:00:00,Saturn,2138.0
2020-07-11 13:00:00,Saturn,1925.0
2020-07-11 14:00:00,Saturn,1969.0
2020-07-11 15:00:00,Saturn,1903.0
2020-07-11 16:00:00,Saturn,2263.0
2020-07-11 17:00:00,Saturn,2499.0
2020-07-11 18:00:00,Saturn,2181.0
2020-07-11 19:00:00,Saturn,1851.0
2020-07-11 20:00:00,Saturn,1907.0
2020-07-11 21:00:00,Saturn,2265.0
2020-07-11 22:00:00,Saturn,2033.0
2020-07-11 23:00:00,Saturn,2210.0
2020-07-12 00:00:00,Saturn,2192.0
2020-07-12 01:00:00,Saturn,2209.0
2020-07-12 02:00:00,Saturn,1964.0
2020-07-12 03:00:00,Saturn,2119.0
2020-07-12 04:00:00,Saturn,1774.0
2020-07-12 05:00:00,Saturn,1787.0
2020-07-12 06:00:00,Saturn,2083.0
2020-07-12 07:00:00,Saturn,1863.0
2020-07-12 08:00:00,Saturn,1712.0
2020-07-12 09:00:00,Saturn,2079.0
2020-07-12 10:00:00,Saturn,2255.0
2020-07-12 11:00:00,Saturn,1850.0
2020-07-12 12:00:00,Saturn,2088.0
2020-07-12 13:00:00,Saturn,1953.0
2020-07-12 14:00:00,Saturn,2224.0
2020-07-12 15:00:00,Saturn,2086.0
2020-07-12 16:00:00,Saturn,2426.0
2020-07-12 17:00:00,Saturn,2327.0
2020-07-12 18:00:00,Saturn,2147.0
2020-07-12 19:00:00,Saturn,1991.0
2020-07-12 20:00:00,Saturn,2509.0
2020-07-12 21:00:00,Saturn,2660.0
2020-07-12 22:00:00,Saturn,2923.0
2020-07-12 23:00:00,Saturn,3168.0
2020-07-13 00:00:00,Saturn,3553.0
2020-07-13 01:00:00,Saturn,2396.0
2020-07-13 02:00:00,Saturn,2533.0
2020-07-13 03:00:00,Saturn,2083.0
2020-07-13 04:00:00,Saturn,1926.0
2020-07-13 05:00:00,Saturn,2258.0
2020-07-13 06:00:00,Saturn,3436.0
2020-07-13 07:00:00,Saturn,2588.0
2020-07-13 08:00:00,Saturn,4695.0
2020-07-13 09:00:00,Saturn,6598.0
2020-07-13 10:00:00,Saturn,5304.0
2020-07-13 11:00:00,Saturn,3782.0
2020-07-13 12:00:00,Saturn,3637.0
2020-07-13 13:00:00,Saturn,4199.0
2020-07-13 14:00:00,Saturn,4325.0
2020-07-13 15:00:00,Saturn,3103.0
2020-07-13 16:00:00,Saturn,3089.0
2020-07-13 17:00:00,Saturn,3688.0
2020-07-13 18:00:00,Saturn,2629.0
2020-07-13 19:00:00,Saturn,3341.0
2020-07-13 20:00:00,Saturn,4028.0
2020-07-13 21:00:00,Saturn,3340.0
2020-07-13 22:00:00,Saturn,2771.0
2020-07-13 23:00:00,Saturn,3741.0
2020-07-14 00:00:00,Saturn,3132.0
2020-07-14 01:00:00,Saturn,2957.0
2020-07-14 02:00:00,Saturn,2479.0
2020-07-14 03:00:00,Saturn,2715.0
2020-07-14 04:00:00,Saturn,2531.0
2020-07-14 05:00:00,Saturn,2219.0
2020-07-14 06:00:00,Saturn,2248.0
2020-07-14 07:00:00,Saturn,2426.0
2020-07-14 08:00:00,Saturn,1973.0
2020-07-14 09:00:00,Saturn,2642.0
2020-07-14 10:00:00,Saturn,3437.0
2020-07-14 11:00:00,Saturn,3779.0
2020-07-14 12:00:00,Saturn,3012.0
2020-07-14 13:00:00,Saturn,2895.0
2020-07-14 14:00:00,Saturn,5582.0
2020-07-14 15:00:00,Saturn,7407.0
2020-07-14 16:00:00,Saturn,4288.0
2020-07-14 17:00:00,Saturn,3187.0
2020-07-14 18:00:00,Saturn,3558.0
2020-07-14 19:00:00,Saturn,2973.0
2020-07-14 20:00:00,Saturn,3129.0
2020-07-14 21:00:00,Saturn,2760.0
2020-07-14 22:00:00,Saturn,4989.0
2020-07-14 23:00:00,Saturn,3140.0
2020-07-15 00:00:00,Saturn,2487.0
2020-07-15 01:00:00,Saturn,2716.0
2020-07-15 02:00:00,Saturn,2608.0
2020-07-15 03:00:00,Saturn,2176.0
2020-07-15 04:00:00,Saturn,1779.0
2020-07-15 05:00:00,Saturn,1920.0
2020-07-15 06:00:00,Saturn,1751.0
2020-07-15 07:00:00,Saturn,1784.0
2020-07-15 08:00:00,Saturn,2123.0
2020-07-15 09:00:00,Saturn,2399.0
2020-07-15 10:00:00,Saturn,2351.0
2020-07-15 11:00:00,Saturn,2790.0
2020-07-15 12:00:00,Saturn,2694.0
2020-07-15 13:00:00,Saturn,2793.0
2020-07-15 14:00:00,Saturn,2538.0
2020-07-15 15:00:00,Saturn,2658.0
2020-07-15 16:00:00,Saturn,2753.0
2020-07-15 17:00:00,Saturn,2611.0
2020-07-15 18:00:00,Saturn,2651.0
2020-07-15 19:00:00,Saturn,3159.0
2020-07-15 20:00:00,Saturn,3240.0
2020-07-15 21:00:00,Saturn,3287.0
2020-07-15 22:00:00,Saturn,2506.0
2020-07-15 23:00:00,Saturn,2187.0
2020-07-16 00:00:00,Saturn,2043.0
2020-07-16 01:00:00,Saturn,1927.0
2020-07-16 02:00:00,Saturn,1885.0
2020-07-16 03:00:00,Saturn,1908.0
2020-07-16 04:00:00,Saturn,1729.0
2020-07-16 05:00:00,Saturn,1750.0
2020-07-16 06:00:00,Saturn,1696.0
2020-07-16 07:00:00,Saturn,1679.0
2020-07-16 08:00:00,Saturn,2033.0
2020-07-16 09:00:00,Saturn,1945.0
2020-07-16 10:00:00,Saturn,2475.0
2020-07-16 11:00:00,Saturn,2812.0
2020-07-16 12:00:00,Saturn,2879.0
2020-07-16 13:00:00,Saturn,2079.0
2020-07-16 14:00:00,Saturn,2631.0
2020-07-16 15:00:00,Saturn,2674.0
2020-07-16 16:00:00,Saturn,2654.0
2020-07-16 17:00:00,Saturn,2977.0
2020-07-16 18:00:00,Saturn,2470.0
2020-07-16 19:00:00,Saturn,2462.0
2020-07-16 20:00:00,Saturn,2445.0
2020-07-16 21:00:00,Saturn,2748.0
2020-07-16 22:00:00,Saturn,2238.0
2020-07-16 23:00:00,Saturn,2110.0
2020-07-17 00:00:00,Saturn,2396.0
2020-07-17 01:00:00,Saturn,2402.0
2020-07-17 02:00:00,Saturn,2266.0
2020-07-17 03:00:00,Saturn,1870.0
2020-07-17 04:00:00,Saturn,1871.0
2020-07-17 05:00:00,Saturn,1849.0
2020-07-17 06:00:00,Saturn,2078.0
2020-07-17 07:00:00,Saturn,1823.0
2020-07-17 08:00:00,Saturn,1788.0
2020-07-17 09:00:00,Saturn,2331.0
2020-07-17 10:00:00,Saturn,3044.0
2020-07-17 11:00:00,Saturn,2784.0
2020-07-17 12:00:00,Saturn,2871.0
2020-07-17 13:00:00,Saturn,2888.0
2020-07-17 14:00:00,Saturn,2731.0
2020-07-17 15:00:00,Saturn,3657.0
2020-07-17 16:00:00,Saturn,3159.0
2020-07-17 17:00:00,Saturn,2759.0
2020-07-17 18:00:00,Saturn,2341.0
2020-07-17 19:00:00,Saturn,2020.0
2020-07-17 20:00:00,Saturn,2357.0
2020-07-17 21:00:00,Saturn,2358.0
2020-07-17 22:00:00,Saturn,2118.0
2020-07-17 23:00:00,Saturn,2074.0
2020-07-18 00:00:00,Saturn,2151.0
2020-07-18 01:00:00,Saturn,2052.0
2020-07-18 02:00:00,Saturn,2044.0
2020-07-18 03:00:00,Saturn,1963.0
2020-07-18 04:00:00,Saturn,1900.0
2020-07-18 05:00:00,Saturn,1800.0
2020-07-18 06:00:00,Saturn,1778.0
2020-07-18 07:00:00,Saturn,1839.0
2020-07-18 08:00:00,Saturn,1862.0
2020-07-18 09:00:00,Saturn,1974.0
2020-07-18 10:00:00,Saturn,1981.0
2020-07-18 11:00:00,Saturn,2121.0
2020-07-18 12:00:00,Saturn,1804.0
2020-07-18 13:00:00,Saturn,2418.0
2020-07-18 14:00:00,Saturn,2271.0
2020-07-18 15:00:00,Saturn,2515.0
2020-07-18 16:00:00,Saturn,2471.0
2020-07-18 17:00:00,Saturn,1825.0
2020-07-18 18:00:00,Saturn,1780.0
2020-07-18 19:00:00,Saturn,2052.0
2020-07-18 20:00:00,Saturn,1931.0
2020-07-18 21:00:00,Saturn,2160.0
2020-07-18 22:00:00,Saturn,1944.0
2020-07-18 23:00:00,Saturn,2365.0
2020-07-19 00:00:00,Saturn,2246.0
2020-07-19 01:00:00,Saturn,2103.0
2020-07-19 02:00:00,Saturn,1971.0
2020-07-19 03:00:00,Saturn,2381.0
2020-07-19 04:00:00,Saturn,2163.0
2020-07-19 05:00:00,Saturn,1900.0
2020-07-19 06:00:00,Saturn,2035.0
2020-07-19 07:00:00,Saturn,1808.0
2020-07-19 08:00:00,Saturn,1640.0
2020-07-19 09:00:00,Saturn,1748.0
2020-07-19 10:00:00,Saturn,1666.0
2020-07-19 11:00:00,Saturn,1967.0
2020-07-19 12:00:00,Saturn,1907.0
2020-07-19 13:00:00,Saturn,1871.0
2020-07-19 14:00:00,Saturn,2006.0
2020-07-19 15:00:00,Saturn,2240.0
2020-07-19 16:00:00,Saturn,2430.0
2020-07-19 17:00:00,Saturn,2112.0
2020-07-19 18:00:00,Saturn,1859.0
2020-07-19 19:00:00,Saturn,2296.0
2020-07-19 20:00:00,Saturn,2083.0
2020-07-19 21:00:00,Saturn,2156.0
2020-07-19 22:00:00,Saturn,2304.0
2020-07-19 23:00:00,Saturn,2023.0
2020-07-20 00:00:00,Saturn,2134.0
2020-07-20 01:00:00,Saturn,1922.0
2020-07-20 02:00:00,Saturn,2038.0
2020-07-20 03:00:00,Saturn,1892.0
2020-07-20 04:00:00,Saturn,1842.0
2020-07-20 05:00:00,Saturn,1788.0
2020-07-20 06:00:00,Saturn,1838.0
2020-07-20 07:00:00,Saturn,1737.0
2020-07-20 08:00:00,Saturn,1871.0
2020-07-20 09:00:00,Saturn,2284.0
2020-07-20 10:00:00,Saturn,2799.0
2020-07-20 11:00:00,Saturn,2671.0
2020-07-20 12:00:00,Saturn,2103.0
2020-07-20 13:00:00,Saturn,3313.0
2020-07-20 14:00:00,Saturn,2888.0
2020-07-20 15:00:00,Saturn,2593.0
2020-07-20 16:00:00,Saturn,4525.0
2020-07-20 17:00:00,Saturn,3067.0
2020-07-20 18:00:00,Saturn,2775.0
2020-07-20 19:00:00,Saturn,2792.0
2020-07-20 20:00:00,Saturn,2938.0
2020-07-20 21:00:00,Saturn,2304.0
2020-07-20 22:00:00,Saturn,2747.0
2020-07-20 23:00:00,Saturn,2967.0
2020-07-21 00:00:00,Saturn,2753.0
2020-07-21 01:00:00,Saturn,3058.0
2020-07-21 02:00:00,Saturn,2466.0
2020-07-21 03:00:00,Saturn,2394.0
2020-07-21 04:00:00,Saturn,2737.0
2020-07-21 05:00:00,Saturn,2450.0
2020-07-21 06:00:00,Saturn,2255.0
2020-07-21 07:00:00,Saturn,2301.0
2020-07-21 08:00:00,Saturn,2068.0
2020-07-21 09:00:00,Saturn,2119.0
2020-07-21 10:00:00,Saturn,2320.0
2020-07-21 11:00:00,Saturn,2526.0
2020-07-21 12:00:00,Saturn,2525.0
2020-07-21 13:00:00,Saturn,2420.0
2020-07-21 14:00:00,Saturn,2678.0
2020-07-21 15:00:00,Saturn,3021.0
2020-07-21 16:00:00,Saturn,5971.0
2020-07-21 17:00:00,Saturn,2922.0
2020-07-21 18:00:00,Saturn,3399.0
2020-07-21 19:00:00,Saturn,3058.0
2020-07-21 20:00:00,Saturn,3006.0
2020-07-21 21:00:00,Saturn,3008.0
2020-07-21 22:00:00,Saturn,2548.0
2020-07-21 23:00:00,Saturn,2393.0
2020-07-22 00:00:00,Saturn,2643.0
2020-07-22 01:00:00,Saturn,2620.0
2020-07-22 02:00:00,Saturn,2298.0
2020-07-22 03:00:00,Saturn,2134.0
2020-07-22 04:00:00,Saturn,2035.0
2020-07-22 05:00:00,Saturn,1999.0
2020-07-22 06:00:00,Saturn,1965.0
2020-07-22 07:00:00,Saturn,1933.0
2020-07-22 08:00:00,Saturn,2126.0
2020-07-22 09:00:00,Saturn,2084.0
2020-07-22 10:00:00,Saturn,2643.0
2020-07-22 11:00:00,Saturn,2467.0
2020-07-22 12:00:00,Saturn,2087.0
2020-07-22 13:00:00,Saturn,2165.0
2020-07-22 14:00:00,Saturn,2698.0
2020-07-22 15:00:00,Saturn,3036.0
2020-07-22 16:00:00,Saturn,2751.0
2020-07-22 17:00:00,Saturn,2791.0
2020-07-22 18:00:00,Saturn,2266.0
2020-07-22 19:00:00,Saturn,2569.0
2020-07-22 20:00:00,Saturn,2504.0
2020-07-22 21:00:00,Saturn,2379.0
2020-07-22 22:00:00,Saturn,2126.0
2020-07-22 23:00:00,Saturn,2335.0
2020-07-23 00:00:00,Saturn,1896.0
2020-07-23 01:00:00,Saturn,1967.0
2020-07-23 02:00:00,Saturn,1931.0
2020-07-23 03:00:00,Saturn,1929.0
2020-07-23 04:00:00,Saturn,1767.0
2020-07-23 05:00:00,Saturn,1701.0
2020-07-23 06:00:00,Saturn,1689.0
2020-07-23 07:00:00,Saturn,1654.0
2020-07-23 08:00:00,Saturn,2148.0
2020-07-23 09:00:00,Saturn,2082.0
2020-07-23 10:00:00,Saturn,2100.0
2020-07-23 11:00:00,Saturn,2220.0
2020-07-23 12:00:00,Saturn,2450.0
2020-07-23 13:00:00,Saturn,2608.0
2020-07-23 14:00:00,Saturn,2536.0
2020-07-23 15:00:00,Saturn,3117.0
2020-07-23 16:00:00,Saturn,2321.0
2020-07-23 17:00:00,Saturn,2729.0
2020-07-23 18:00:00,Saturn,2172.0
2020-07-23 19:00:00,Saturn,2083.0
2020-07-23 20:00:00,Saturn,2312.0
2020-07-23 21:00:00,Saturn,2348.0
2020-07-23 22:00:00,Saturn,2104.0
2020-07-23 23:00:00,Saturn,2204.0
2020-07-24 00:00:00,Saturn,2386.0
2020-07-24 01:00:00,Saturn,2104.0
2020-07-24 02:00:00,Saturn,1735.0
2020-07-24 03:00:00,Saturn,1671.0
2020-07-24 04:00:00,Saturn,1640.0
2020-07-24 05:00:00,Saturn,1625.0
2020-07-24 06:00:00,Saturn,1614.0
2020-07-24 07:00:00,Saturn,1583.0
2020-07-24 08:00:00,Saturn,1617.0
2020-07-24 09:00:00,Saturn,1804.0
2020-07-24 10:00:00,Saturn,1920.0
2020-07-24 11:00:00,Saturn,2375.0
2020-07-24 12:00:00,Saturn,2047.0
2020-07-24 13:00:00,Saturn,2152.0
2020-07-24 14:00:00,Saturn,2595.0
2020-07-24 15:00:00,Saturn,2803.0
2020-07-24 16:00:00,Saturn,2795.0
2020-07-24 17:00:00,Saturn,2344.0
2020-07-24 18:00:00,Saturn,1978.0
2020-07-24 19:00:00,Saturn,1740.0
2020-07-24 20:00:00,Saturn,2109.0
2020-07-24 21:00:00,Saturn,1902.0
2020-07-24 22:00:00,Saturn,1869.0
2020-07-24 23:00:00,Saturn,1827.0
2020-07-25 00:00:00,Saturn,1731.0
2020-07-25 01:00:00,Saturn,1856.0
2020-07-25 02:00:00,Saturn,1730.0
2020-07-25 03:00:00,Saturn,1822.0
2020-07-25 04:00:00,Saturn,1872.0
2020-07-25 05:00:00,Saturn,1623.0
2020-07-25 06:00:00,Saturn,1598.0
2020-07-25 07:00:00,Saturn,1588.0
2020-07-25 08:00:00,Saturn,1549.0
2020-07-25 09:00:00,Saturn,1630.0
2020-07-25 10:00:00,Saturn,1860.0
2020-07-25 11:00:00,Saturn,1792.0
2020-07-25 12:00:00,Saturn,1875.0
2020-07-25 13:00:00,Saturn,2260.0
2020-07-25 14:00:00,Saturn,1973.0
2020-07-25 15:00:00,Saturn,2067.0
2020-07-25 16:00:00,Saturn,3952.0
2020-07-25 17:00:00,Saturn,2554.0
2020-07-25 18:00:00,Saturn,2247.0
2020-07-25 19:00:00,Saturn,1933.0
2020-07-25 20:00:00,Saturn,1829.0
2020-07-25 21:00:00,Saturn,2325.0
2020-07-25 22:00:00,Saturn,1692.0
2020-07-25 23:00:00,Saturn,1708.0
2020-07-26 00:00:00,Saturn,1759.0
2020-07-26 01:00:00,Saturn,2110.0
2020-07-26 02:00:00,Saturn,1676.0
2020-07-26 03:00:00,Saturn,1616.0
2020-07-26 04:00:00,Saturn,1621.0
2020-07-26 05:00:00,Saturn,1719.0
2020-07-26 06:00:00,Saturn,1608.0
2020-07-26 07:00:00,Saturn,1548.0
2020-07-26 08:00:00,Saturn,1546.0
2020-07-26 09:00:00,Saturn,1614.0
2020-07-26 10:00:00,Saturn,1810.0
2020-07-26 11:00:00,Saturn,1738.0
2020-07-26 12:00:00,Saturn,1738.0
2020-07-26 13:00:00,Saturn,1840.0
2020-07-26 14:00:00,Saturn,2245.0
2020-07-26 15:00:00,Saturn,2127.0
2020-07-26 16:00:00,Saturn,1985.0
2020-07-26 17:00:00,Saturn,2188.0
2020-07-26 18:00:00,Saturn,1866.0
2020-07-26 19:00:00,Saturn,2015.0
2020-07-26 20:00:00,Saturn,2004.0
2020-07-26 21:00:00,Saturn,2317.0
2020-07-26 22:00:00,Saturn,1747.0
2020-07-26 23:00:00,Saturn,2300.0
2020-07-27 00:00:00,Saturn,1942.0
2020-07-27 01:00:00,Saturn,1858.0
2020-07-27 02:00:00,Saturn,1964.0
2020-07-27 03:00:00,Saturn,1864.0
2020-07-27 04:00:00,Saturn,1836.0
2020-07-27 05:00:00,Saturn,1664.0
2020-07-27 06:00:00,Saturn,1666.0
2020-07-27 07:00:00,Saturn,1627.0
2020-07-27 08:00:00,Saturn,1659.0
2020-07-27 09:00:00,Saturn,1933.0
2020-07-27 10:00:00,Saturn,2374.0
2020-07-27 11:00:00,Saturn,2833.0
2020-07-27 12:00:00,Saturn,2306.0
2020-07-27 13:00:00,Saturn,2273.0
2020-07-27 14:00:00,Saturn,2488.0
2020-07-27 15:00:00,Saturn,2982.0
2020-07-27 16:00:00,Saturn,2671.0
2020-07-27 17:00:00,Saturn,3412.0
2020-07-27 18:00:00,Saturn,2934.0
2020-07-27 19:00:00,Saturn,2466.0
2020-07-27 20:00:00,Saturn,2435.0
2020-07-27 21:00:00,Saturn,2357.0
2020-07-27 22:00:00,Saturn,2261.0
2020-07-27 23:00:00,Saturn,2179.0
2020-07-28 00:00:00,Saturn,2157.0
2020-07-28 01:00:00,Saturn,2432.0
2020-07-28 02:00:00,Saturn,1964.0
2020-07-28 03:00:00,Saturn,1908.0
2020-07-28 04:00:00,Saturn,1910.0
2020-07-28 05:00:00,Saturn,1815.0
2020-07-28 06:00:00,Saturn,1955.0
2020-07-28 07:00:00,Saturn,2207.0
2020-07-28 08:00:00,Saturn,2165.0
2020-07-28 09:00:00,Saturn,2198.0
2020-07-28 10:00:00,Saturn,2443.0
2020-07-28 11:00:00,Saturn,2504.0
2020-07-28 12:00:00,Saturn,2371.0
2020-07-28 13:00:00,Saturn,2543.0
2020-07-28 14:00:00,Saturn,2840.0
2020-07-28 15:00:00,Saturn,3000.0
2020-07-28 16:00:00,Saturn,2574.0
2020-07-28 17:00:00,Saturn,2692.0
2020-07-28 18:00:00,Saturn,2543.0
2020-07-28 19:00:00,Saturn,2488.0
2020-07-28 20:00:00,Saturn,3323.0
2020-07-28 21:00:00,Saturn,2827.0
2020-07-28 22:00:00,Saturn,2728.0
2020-07-28 23:00:00,Saturn,2223.0
2020-07-29 00:00:00,Saturn,1953.0
2020-07-29 01:00:00,Saturn,1945.0
2020-07-29 02:00:00,Saturn,2042.0
2020-07-29 03:00:00,Saturn,1874.0
2020-07-29 04:00:00,Saturn,1860.0
2020-07-29 05:00:00,Saturn,1879.0
2020-07-29 06:00:00,Saturn,1777.0
2020-07-29 07:00:00,Saturn,1782.0
2020-07-29 08:00:00,Saturn,1778.0
2020-07-29 09:00:00,Saturn,2109.0
2020-07-29 10:00:00,Saturn,2432.0
2020-07-29 11:00:00,Saturn,2515.0
2020-07-29 12:00:00,Saturn,2314.0
2020-07-29 13:00:00,Saturn,2243.0
2020-07-29 14:00:00,Saturn,2695.0
2020-07-29 15:00:00,Saturn,2478.0
2020-07-29 16:00:00,Saturn,2295.0
2020-07-29 17:00:00,Saturn,2360.0
2020-07-29 18:00:00,Saturn,2174.0
2020-07-29 19:00:00,Saturn,2465.0
2020-07-29 20:00:00,Saturn,2840.0
2020-07-29 21:00:00,Saturn,2342.0
2020-07-29 22:00:00,Saturn,2244.0
2020-07-29 23:00:00,Saturn,2535.0
2020-07-30 00:00:00,Saturn,2084.0
2020-07-30 01:00:00,Saturn,1846.0
2020-07-30 02:00:00,Saturn,2046.0
2020-07-30 03:00:00,Saturn,2030.0
2020-07-30 04:00:00,Saturn,1835.0
2020-07-30 05:00:00,Saturn,1823.0
2020-07-30 06:00:00,Saturn,1795.0
2020-07-30 07:00:00,Saturn,1835.0
2020-07-30 08:00:00,Saturn,1786.0
2020-07-30 09:00:00,Saturn,1932.0
2020-07-30 10:00:00,Saturn,2610.0
2020-07-30 11:00:00,Saturn,3153.0
2020-07-30 12:00:00,Saturn,2513.0
2020-07-30 13:00:00,Saturn,2333.0
2020-07-30 14:00:00,Saturn,2372.0
2020-07-30 15:00:00,Saturn,2745.0
2020-07-30 16:00:00,Saturn,2577.0
2020-07-30 17:00:00,Saturn,2570.0
2020-07-30 18:00:00,Saturn,2280.0
2020-07-30 19:00:00,Saturn,2755.0
2020-07-30 20:00:00,Saturn,3131.0
2020-07-30 21:00:00,Saturn,2739.0
2020-07-30 22:00:00,Saturn,2253.0
2020-07-30 23:00:00,Saturn,2220.0
2020-07-31 00:00:00,Saturn,2143.0
2020-07-31 01:00:00,Saturn,2145.0
2020-07-31 02:00:00,Saturn,1962.0
2020-07-31 03:00:00,Saturn,1825.0
2020-07-31 04:00:00,Saturn,1812.0
2020-07-31 05:00:00,Saturn,1846.0
2020-07-31 06:00:00,Saturn,1778.0
2020-07-31 07:00:00,Saturn,1823.0
2020-07-31 08:00:00,Saturn,1714.0
2020-07-31 09:00:00,Saturn,1952.0
2020-07-31 10:00:00,Saturn,2271.0
2020-07-31 11:00:00,Saturn,2548.0
2020-07-31 12:00:00,Saturn,2209.0
2020-07-31 13:00:00,Saturn,2556.0
2020-07-31 14:00:00,Saturn,2655.0
2020-07-31 15:00:00,Saturn,2514.0
2020-07-31 16:00:00,Saturn,2811.0
2020-07-31 17:00:00,Saturn,2573.0
2020-07-31 18:00:00,Saturn,2687.0
2020-07-31 19:00:00,Saturn,3071.0
2020-07-31 20:00:00,Saturn,2219.0
2020-07-31 21:00:00,Saturn,2008.0
2020-07-31 22:00:00,Saturn,2152.0
2020-07-31 23:00:00,Saturn,1842.0
2020-08-01 00:00:00,Saturn,2232.0
2020-08-01 01:00:00,Saturn,2219.0
2020-08-01 02:00:00,Saturn,1918.0
2020-08-01 03:00:00,Saturn,1973.0
2020-08-01 04:00:00,Saturn,1779.0
2020-08-01 05:00:00,Saturn,1750.0
2020-08-01 06:00:00,Saturn,1667.0
2020-08-01 07:00:00,Saturn,1562.0
2020-08-01 08:00:00,Saturn,1626.0
2020-08-01 09:00:00,Saturn,1643.0
2020-08-01 10:00:00,Saturn,1690.0
2020-08-01 11:00:00,Saturn,1754.0
2020-08-01 12:00:00,Saturn,1697.0
2020-08-01 13:00:00,Saturn,1743.0
2020-08-01 14:00:00,Saturn,1709.0
2020-08-01 15:00:00,Saturn,1722.0
2020-08-01 16:00:00,Saturn,1853.0
2020-08-01 17:00:00,Saturn,1787.0
2020-08-01 18:00:00,Saturn,1997.0
2020-08-01 19:00:00,Saturn,1975.0
2020-08-01 20:00:00,Saturn,1994.0
2020-08-01 21:00:00,Saturn,2042.0
2020-08-01 22:00:00,Saturn,2339.0
2020-08-01 23:00:00,Saturn,4237.0
2020-08-02 00:00:00,Saturn,2308.0
2020-08-02 01:00:00,Saturn,2175.0
2020-08-02 02:00:00,Saturn,2242.0
2020-08-02 03:00:00,Saturn,1940.0
2020-08-02 04:00:00,Saturn,2106.0
2020-08-02 05:00:00,Saturn,2260.0
2020-08-02 06:00:00,Saturn,2460.0
2020-08-02 07:00:00,Saturn,2453.0
2020-08-02 08:00:00,Saturn,2455.0
2020-08-02 09:00:00,Saturn,2315.0
2020-08-02 10:00:00,Saturn,2415.0
2020-08-02 11:00:00,Saturn,2169.0
2020-08-02 12:00:00,Saturn,2388.0
2020-08-02 13:00:00,Saturn,2056.0
2020-08-02 14:00:00,Saturn,2224.0
2020-08-02 15:00:00,Saturn,2090.0
2020-08-02 16:00:00,Saturn,1838.0
2020-08-02 17:00:00,Saturn,1927.0
2020-08-02 18:00:00,Saturn,2003.0
2020-08-02 19:00:00,Saturn,1880.0
2020-08-02 20:00:00,Saturn,1983.0
2020-08-02 21:00:00,Saturn,1831.0
2020-08-02 22:00:00,Saturn,2015.0
2020-08-02 23:00:00,Saturn,1811.0
2020-08-03 00:00:00,Saturn,1982.0
2020-08-03 01:00:00,Saturn,2063.0
2020-08-03 02:00:00,Saturn,2175.0
2020-08-03 03:00:00,Saturn,1807.0
2020-08-03 04:00:00,Saturn,1684.0
2020-08-03 05:00:00,Saturn,1600.0
2020-08-03 06:00:00,Saturn,1616.0
2020-08-03 07:00:00,Saturn,1448.0
2020-08-03 08:00:00,Saturn,1549.0
2020-08-03 09:00:00,Saturn,1738.0
2020-08-03 10:00:00,Saturn,2664.0
2020-08-03 11:00:00,Saturn,2269.0
2020-08-03 12:00:00,Saturn,2071.0
2020-08-03 13:00:00,Saturn,1910.0
2020-08-03 14:00:00,Saturn,1882.0
2020-08-03 15:00:00,Saturn,2428.0
2020-08-03 16:00:00,Saturn,2634.0
2020-08-03 17:00:00,Saturn,2692.0
2020-08-03 18:00:00,Saturn,4849.0
2020-08-03 19:00:00,Saturn,3438.0
2020-08-03 20:00:00,Saturn,2352.0
2020-08-03 21:00:00,Saturn,2397.0
2020-08-03 22:00:00,Saturn,2436.0
2020-08-03 23:00:00,Saturn,2082.0
2020-08-04 00:00:00,Saturn,1954.0
2020-08-04 01:00:00,Saturn,1968.0
2020-08-04 02:00:00,Saturn,1876.0
2020-08-04 03:00:00,Saturn,1776.0
2020-08-04 04:00:00,Saturn,1830.0
2020-08-04 05:00:00,Saturn,1898.0
2020-08-04 06:00:00,Saturn,1636.0
2020-08-04 07:00:00,Saturn,1667.0
2020-08-04 08:00:00,Saturn,1643.0
2020-08-04 09:00:00,Saturn,1989.0
2020-08-04 10:00:00,Saturn,2449.0
2020-08-04 11:00:00,Saturn,2787.0
2020-08-04 12:00:00,Saturn,2065.0
2020-08-04 13:00:00,Saturn,2345.0
2020-08-04 14:00:00,Saturn,2494.0
2020-08-04 15:00:00,Saturn,2453.0
2020-08-04 16:00:00,Saturn,2493.0
2020-08-04 17:00:00,Saturn,2278.0
2020-08-04 18:00:00,Saturn,2214.0
2020-08-04 19:00:00,Saturn,2358.0
2020-08-04 20:00:00,Saturn,2411.0
2020-08-04 21:00:00,Saturn,2699.0
2020-08-04 22:00:00,Saturn,2784.0
2020-08-04 23:00:00,Saturn,2686.0
2020-08-05 00:00:00,Saturn,3360.0
2020-08-05 01:00:00,Saturn,2641.0
2020-08-05 02:00:00,Saturn,2375.0
2020-08-05 03:00:00,Saturn,2606.0
2020-08-05 04:00:00,Saturn,2426.0
2020-08-05 05:00:00,Saturn,2807.0
2020-08-05 06:00:00,Saturn,2059.0
2020-08-05 07:00:00,Saturn,2153.0
2020-08-05 08:00:00,Saturn,2029.0
2020-08-05 09:00:00,Saturn,2096.0
2020-08-05 10:00:00,Saturn,2988.0
2020-08-05 11:00:00,Saturn,3148.0
2020-08-05 12:00:00,Saturn,2348.0
2020-08-05 13:00:00,Saturn,2667.0
2020-08-05 14:00:00,Saturn,3442.0
2020-08-05 15:00:00,Saturn,3284.0
2020-08-05 16:00:00,Saturn,3054.0
2020-08-05 17:00:00,Saturn,2077.0
2020-08-05 18:00:00,Saturn,2235.0
2020-08-05 19:00:00,Saturn,2543.0
2020-08-05 20:00:00,Saturn,2434.0
2020-08-05 21:00:00,Saturn,2655.0
2020-08-05 22:00:00,Saturn,2275.0
2020-08-05 23:00:00,Saturn,2270.0
2020-08-06 00:00:00,Saturn,1879.0
2020-08-06 01:00:00,Saturn,1813.0
2020-08-06 02:00:00,Saturn,1927.0
2020-08-06 03:00:00,Saturn,1805.0
2020-08-06 04:00:00,Saturn,1867.0
2020-08-06 05:00:00,Saturn,2202.0
2020-08-06 06:00:00,Saturn,2067.0
2020-08-06 07:00:00,Saturn,1873.0
2020-08-06 08:00:00,Saturn,1915.0
2020-08-06 09:00:00,Saturn,2436.0
2020-08-06 10:00:00,Saturn,3117.0
2020-08-06 11:00:00,Saturn,2943.0
2020-08-06 12:00:00,Saturn,2526.0
2020-08-06 13:00:00,Saturn,2782.0
2020-08-06 14:00:00,Saturn,2976.0
2020-08-06 15:00:00,Saturn,3018.0
2020-08-06 16:00:00,Saturn,2791.0
2020-08-06 17:00:00,Saturn,3445.0
2020-08-06 18:00:00,Saturn,3339.0
2020-08-06 19:00:00,Saturn,3044.0
2020-08-06 20:00:00,Saturn,2647.0
2020-08-06 21:00:00,Saturn,2400.0
2020-08-06 22:00:00,Saturn,2255.0
2020-08-06 23:00:00,Saturn,2259.0
2020-08-07 00:00:00,Saturn,2105.0
2020-08-07 01:00:00,Saturn,2166.0
2020-08-07 02:00:00,Saturn,2055.0
2020-08-07 03:00:00,Saturn,1956.0
2020-08-07 04:00:00,Saturn,1871.0
2020-08-07 05:00:00,Saturn,1882.0
2020-08-07 06:00:00,Saturn,1881.0
2020-08-07 07:00:00,Saturn,1845.0
2020-08-07 08:00:00,Saturn,2013.0
2020-08-07 09:00:00,Saturn,2017.0
2020-08-07 10:00:00,Saturn,2060.0
2020-08-07 11:00:00,Saturn,2212.0
2020-08-07 12:00:00,Saturn,1966.0
2020-08-07 13:00:00,Saturn,2207.0
2020-08-07 14:00:00,Saturn,2533.0
2020-08-07 15:00:00,Saturn,2206.0
2020-08-07 16:00:00,Saturn,2600.0
2020-08-07 17:00:00,Saturn,2312.0
2020-08-07 18:00:00,Saturn,2237.0
2020-08-07 19:00:00,Saturn,2209.0
2020-08-07 20:00:00,Saturn,2325.0
2020-08-07 21:00:00,Saturn,2173.0
2020-08-07 22:00:00,Saturn,2084.0
2020-08-07 23:00:00,Saturn,2174.0
2020-08-08 00:00:00,Saturn,1868.0
2020-08-08 01:00:00,Saturn,1876.0
2020-08-08 02:00:00,Saturn,1978.0
2020-08-08 03:00:00,Saturn,1938.0
2020-08-08 04:00:00,Saturn,1796.0
2020-08-08 05:00:00,Saturn,1870.0
2020-08-08 06:00:00,Saturn,1847.0
2020-08-08 07:00:00,Saturn,1834.0
2020-08-08 08:00:00,Saturn,1858.0
2020-08-08 09:00:00,Saturn,1941.0
2020-08-08 10:00:00,Saturn,1991.0
2020-08-08 11:00:00,Saturn,1919.0
2020-08-08 12:00:00,Saturn,1998.0
2020-08-08 13:00:00,Saturn,2011.0
2020-08-08 14:00:00,Saturn,2039.0
2020-08-08 15:00:00,Saturn,2234.0
2020-08-08 16:00:00,Saturn,2427.0
2020-08-08 17:00:00,Saturn,2239.0
2020-08-08 18:00:00,Saturn,2242.0
2020-08-08 19:00:00,Saturn,2131.0
2020-08-08 20:00:00,Saturn,1885.0
2020-08-08 21:00:00,Saturn,1948.0
2020-08-08 22:00:00,Saturn,2083.0
2020-08-08 23:00:00,Saturn,2056.0
2020-08-09 00:00:00,Saturn,2028.0
2020-08-09 01:00:00,Saturn,1858.0
2020-08-09 02:00:00,Saturn,2072.0
2020-08-09 03:00:00,Saturn,1944.0
2020-08-09 04:00:00,Saturn,1899.0
2020-08-09 05:00:00,Saturn,1830.0
2020-08-09 06:00:00,Saturn,1847.0
2020-08-09 07:00:00,Saturn,1830.0
2020-08-09 08:00:00,Saturn,1914.0
2020-08-09 09:00:00,Saturn,1893.0
2020-08-09 10:00:00,Saturn,2167.0
2020-08-09 11:00:00,Saturn,2238.0
2020-08-09 12:00:00,Saturn,1956.0
2020-08-09 13:00:00,Saturn,2158.0
2020-08-09 14:00:00,Saturn,2301.0
2020-08-09 15:00:00,Saturn,2347.0
2020-08-09 16:00:00,Saturn,2325.0
2020-08-09 17:00:00,Saturn,2227.0
2020-08-09 18:00:00,Saturn,2852.0
2020-08-09 19:00:00,Saturn,2655.0
2020-08-09 20:00:00,Saturn,2392.0
2020-08-09 21:00:00,Saturn,2222.0
2020-08-09 22:00:00,Saturn,2125.0
2020-08-09 23:00:00,Saturn,2087.0
2020-08-10 00:00:00,Saturn,2257.0
2020-08-10 01:00:00,Saturn,1905.0
2020-08-10 02:00:00,Saturn,1986.0
2020-08-10 03:00:00,Saturn,1866.0
2020-08-10 04:00:00,Saturn,1742.0
2020-08-10 05:00:00,Saturn,1762.0
2020-08-10 06:00:00,Saturn,1797.0
2020-08-10 07:00:00,Saturn,1694.0
2020-08-10 08:00:00,Saturn,1979.0
2020-08-10 09:00:00,Saturn,2040.0
2020-08-10 10:00:00,Saturn,2539.0
2020-08-10 11:00:00,Saturn,2473.0
2020-08-10 12:00:00,Saturn,2627.0
2020-08-10 13:00:00,Saturn,2192.0
2020-08-10 14:00:00,Saturn,2610.0
2020-08-10 15:00:00,Saturn,2611.0
2020-08-10 16:00:00,Saturn,2573.0
2020-08-10 17:00:00,Saturn,3767.0
2020-08-10 18:00:00,Saturn,2411.0
2020-08-10 19:00:00,Saturn,2453.0
2020-08-10 20:00:00,Saturn,2584.0
2020-08-10 21:00:00,Saturn,2597.0
2020-08-10 22:00:00,Saturn,2675.0
2020-08-10 23:00:00,Saturn,2653.0
2020-08-11 00:00:00,Saturn,2034.0
2020-08-11 01:00:00,Saturn,1997.0
2020-08-11 02:00:00,Saturn,2081.0
2020-08-11 03:00:00,Saturn,1990.0
2020-08-11 04:00:00,Saturn,1795.0
2020-08-11 05:00:00,Saturn,1833.0
2020-08-11 06:00:00,Saturn,1720.0
2020-08-11 07:00:00,Saturn,1776.0
2020-08-11 08:00:00,Saturn,1869.0
2020-08-11 09:00:00,Saturn,2608.0
2020-08-11 10:00:00,Saturn,2839.0
2020-08-11 11:00:00,Saturn,3081.0
2020-08-11 12:00:00,Saturn,2902.0
2020-08-11 13:00:00,Saturn,2614.0
2020-08-11 14:00:00,Saturn,2966.0
2020-08-11 15:00:00,Saturn,2784.0
2020-08-11 16:00:00,Saturn,3131.0
2020-08-11 17:00:00,Saturn,2729.0
2020-08-11 18:00:00,Saturn,2387.0
2020-08-11 19:00:00,Saturn,2884.0
2020-08-11 20:00:00,Saturn,2984.0
2020-08-11 21:00:00,Saturn,2365.0
2020-08-11 22:00:00,Saturn,2411.0
2020-08-11 23:00:00,Saturn,2441.0
2020-08-12 00:00:00,Saturn,2439.0
2020-08-12 01:00:00,Saturn,2073.0
2020-08-12 02:00:00,Saturn,2092.0
2020-08-12 03:00:00,Saturn,1935.0
2020-08-12 04:00:00,Saturn,1942.0
2020-08-12 05:00:00,Saturn,1880.0
2020-08-12 06:00:00,Saturn,1873.0
2020-08-12 07:00:00,Saturn,2009.0
2020-08-12 08:00:00,Saturn,1853.0
2020-08-12 09:00:00,Saturn,2294.0
2020-08-12 10:00:00,Saturn,2505.0
2020-08-12 11:00:00,Saturn,2674.0
2020-08-12 12:00:00,Saturn,2658.0
2020-08-12 13:00:00,Saturn,2550.0
2020-08-12 14:00:00,Saturn,2715.0
2020-08-12 15:00:00,Saturn,3375.0
2020-08-12 16:00:00,Saturn,3226.0
2020-08-12 17:00:00,Saturn,3087.0
2020-08-12 18:00:00,Saturn,2820.0
2020-08-12 19:00:00,Saturn,2699.0
2020-08-12 20:00:00,Saturn,3027.0
2020-08-12 21:00:00,Saturn,2923.0
2020-08-12 22:00:00,Saturn,2736.0
2020-08-12 23:00:00,Saturn,2887.0
2020-08-13 00:00:00,Saturn,2265.0
2020-08-13 01:00:00,Saturn,2324.0
2020-08-13 02:00:00,Saturn,2587.0
2020-08-13 03:00:00,Saturn,2199.0
2020-08-13 04:00:00,Saturn,2142.0
2020-08-13 05:00:00,Saturn,2195.0
2020-08-13 06:00:00,Saturn,2058.0
2020-08-13 07:00:00,Saturn,2211.0
2020-08-13 08:00:00,Saturn,2290.0
2020-08-13 09:00:00,Saturn,2453.0
2020-08-13 10:00:00,Saturn,3237.0
2020-08-13 11:00:00,Saturn,2837.0
2020-08-13 12:00:00,Saturn,2630.0
2020-08-13 13:00:00,Saturn,3545.0
2020-08-13 14:00:00,Saturn,2563.0
2020-08-13 15:00:00,Saturn,2747.0
2020-08-13 16:00:00,Saturn,2533.0
2020-08-13 17:00:00,Saturn,2414.0
2020-08-13 18:00:00,Saturn,2274.0
2020-08-13 19:00:00,Saturn,2525.0
2020-08-13 20:00:00,Saturn,2474.0
2020-08-13 21:00:00,Saturn,2667.0
2020-08-13 22:00:00,Saturn,2347.0
2020-08-13 23:00:00,Saturn,2944.0
2020-08-14 00:00:00,Saturn,2853.0
2020-08-14 01:00:00,Saturn,2490.0
2020-08-14 02:00:00,Saturn,2209.0
2020-08-14 03:00:00,Saturn,2193.0
2020-08-14 04:00:00,Saturn,2409.0
2020-08-14 05:00:00,Saturn,2154.0
2020-08-14 06:00:00,Saturn,2081.0
2020-08-14 07:00:00,Saturn,2085.0
2020-08-14 08:00:00,Saturn,2234.0
2020-08-14 09:00:00,Saturn,2762.0
2020-08-14 10:00:00,Saturn,2619.0
2020-08-14 11:00:00,Saturn,2606.0
2020-08-14 12:00:00,Saturn,2997.0
2020-08-14 13:00:00,Saturn,2272.0
2020-08-14 14:00:00,Saturn,2794.0
2020-08-14 15:00:00,Saturn,3126.0
2020-08-14 16:00:00,Saturn,4117.0
2020-08-14 17:00:00,Saturn,3046.0
2020-08-14 18:00:00,Saturn,2422.0
2020-08-14 19:00:00,Saturn,2423.0
2020-08-14 20:00:00,Saturn,2352.0
2020-08-14 21:00:00,Saturn,2308.0
2020-08-14 22:00:00,Saturn,2391.0
2020-08-14 23:00:00,Saturn,2361.0
2020-08-15 00:00:00,Saturn,2029.0
2020-08-15 01:00:00,Saturn,2051.0
2020-08-15 02:00:00,Saturn,1994.0
2020-08-15 03:00:00,Saturn,1820.0
2020-08-15 04:00:00,Saturn,1841.0
2020-08-15 05:00:00,Saturn,1815.0
2020-08-15 06:00:00,Saturn,1788.0
2020-08-15 07:00:00,Saturn,1849.0
2020-08-15 08:00:00,Saturn,1801.0
2020-08-15 09:00:00,Saturn,1808.0
2020-08-15 10:00:00,Saturn,15935.0
2020-08-15 11:00:00,Saturn,20936.0
2020-08-15 12:00:00,Saturn,6776.0
2020-08-15 13:00:00,Saturn,10064.0
2020-08-15 14:00:00,Saturn,17592.0
2020-08-15 15:00:00,Saturn,19472.0
2020-08-15 16:00:00,Saturn,14832.0
2020-08-15 17:00:00,Saturn,11648.0
2020-08-15 18:00:00,Saturn,9176.0
2020-08-15 19:00:00,Saturn,13648.0
2020-08-15 20:00:00,Saturn,12192.0
2020-08-15 21:00:00,Saturn,2484.0
2020-08-15 22:00:00,Saturn,1300.0
2020-08-15 23:00:00,Saturn,1369.0
2020-08-16 00:00:00,Saturn,1104.0
2020-08-16 01:00:00,Saturn,1030.0
2020-08-16 02:00:00,Saturn,1015.0
2020-08-16 03:00:00,Saturn,1165.0
2020-08-16 04:00:00,Saturn,1125.0
2020-08-16 05:00:00,Saturn,1109.0
2020-08-16 06:00:00,Saturn,1380.0
2020-08-16 07:00:00,Saturn,1188.0
2020-08-16 08:00:00,Saturn,1276.0
2020-08-16 09:00:00,Saturn,1397.0
2020-08-16 10:00:00,Saturn,1507.0
2020-08-16 11:00:00,Saturn,1646.0
2020-08-16 12:00:00,Saturn,1629.0
2020-08-16 13:00:00,Saturn,2034.0
2020-08-16 14:00:00,Saturn,2005.0
2020-08-16 15:00:00,Saturn,1699.0
2020-08-16 16:00:00,Saturn,1923.0
2020-08-16 17:00:00,Saturn,1602.0
2020-08-16 18:00:00,Saturn,1463.0
2020-08-16 19:00:00,Saturn,1583.0
2020-08-16 20:00:00,Saturn,1642.0
2020-08-16 21:00:00,Saturn,2152.0
2020-08-16 22:00:00,Saturn,1988.0
2020-08-16 23:00:00,Saturn,1972.0
2020-08-17 00:00:00,Saturn,1991.0
2020-08-17 01:00:00,Saturn,1896.0
2020-08-17 02:00:00,Saturn,1741.0
2020-08-17 03:00:00,Saturn,1880.0
2020-08-17 04:00:00,Saturn,1694.0
2020-08-17 05:00:00,Saturn,1650.0
2020-08-17 06:00:00,Saturn,1694.0
2020-08-17 07:00:00,Saturn,1646.0
2020-08-17 08:00:00,Saturn,1407.0
2020-08-17 09:00:00,Saturn,2008.0
2020-08-17 10:00:00,Saturn,2963.0
2020-08-17 11:00:00,Saturn,2552.0
2020-08-17 12:00:00,Saturn,2975.0
2020-08-17 13:00:00,Saturn,3326.0
2020-08-17 14:00:00,Saturn,3056.0
2020-08-17 15:00:00,Saturn,3128.0
2020-08-17 16:00:00,Saturn,2893.0
2020-08-17 17:00:00,Saturn,2715.0
2020-08-17 18:00:00,Saturn,2284.0
2020-08-17 19:00:00,Saturn,2888.0
2020-08-17 20:00:00,Saturn,2740.0
2020-08-17 21:00:00,Saturn,2635.0
2020-08-17 22:00:00,Saturn,2783.0
2020-08-17 23:00:00,Saturn,2441.0
2020-08-18 00:00:00,Saturn,2111.0
2020-08-18 01:00:00,Saturn,2029.0
2020-08-18 02:00:00,Saturn,1912.0
2020-08-18 03:00:00,Saturn,1807.0
2020-08-18 04:00:00,Saturn,1752.0
2020-08-18 05:00:00,Saturn,1733.0
2020-08-18 06:00:00,Saturn,1766.0
2020-08-18 07:00:00,Saturn,2076.0
2020-08-18 08:00:00,Saturn,1851.0
2020-08-18 09:00:00,Saturn,2068.0
2020-08-18 10:00:00,Saturn,2958.0
2020-08-18 11:00:00,Saturn,2426.0
2020-08-18 12:00:00,Saturn,2194.0
2020-08-18 13:00:00,Saturn,2332.0
2020-08-18 14:00:00,Saturn,2368.0
2020-08-18 15:00:00,Saturn,2348.0
2020-08-18 16:00:00,Saturn,2528.0
2020-08-18 17:00:00,Saturn,2320.0
2020-08-18 18:00:00,Saturn,2201.0
2020-08-18 19:00:00,Saturn,2498.0
2020-08-18 20:00:00,Saturn,2373.0
2020-08-18 21:00:00,Saturn,3259.0
2020-08-18 22:00:00,Saturn,2712.0
2020-08-18 23:00:00,Saturn,2684.0
2020-08-19 00:00:00,Saturn,3325.0
2020-08-19 01:00:00,Saturn,2952.0
2020-08-19 02:00:00,Saturn,3345.0
2020-08-19 03:00:00,Saturn,3442.0
2020-08-19 04:00:00,Saturn,3193.0
2020-08-19 05:00:00,Saturn,3373.0
2020-08-19 06:00:00,Saturn,2731.0
2020-08-19 07:00:00,Saturn,1779.0
2020-08-19 08:00:00,Saturn,1702.0
2020-08-19 09:00:00,Saturn,2307.0
2020-08-19 10:00:00,Saturn,4692.0
2020-08-19 11:00:00,Saturn,2779.0
2020-08-19 12:00:00,Saturn,2649.0
2020-08-19 13:00:00,Saturn,3047.0
2020-08-19 14:00:00,Saturn,2477.0
2020-08-19 15:00:00,Saturn,3479.0
2020-08-19 16:00:00,Saturn,2678.0
2020-08-19 17:00:00,Saturn,2581.0
2020-08-19 18:00:00,Saturn,2104.0
2020-08-19 19:00:00,Saturn,2913.0
2020-08-19 20:00:00,Saturn,2782.0
2020-08-19 21:00:00,Saturn,2830.0
2020-08-19 22:00:00,Saturn,2375.0
2020-08-19 23:00:00,Saturn,2121.0
2020-08-20 00:00:00,Saturn,2083.0
2020-08-20 01:00:00,Saturn,2110.0
2020-08-20 02:00:00,Saturn,1956.0
2020-08-20 03:00:00,Saturn,2169.0
2020-08-20 04:00:00,Saturn,1954.0
2020-08-20 05:00:00,Saturn,1768.0
2020-08-20 06:00:00,Saturn,1738.0
2020-08-20 07:00:00,Saturn,1872.0
2020-08-20 08:00:00,Saturn,1890.0
2020-08-20 09:00:00,Saturn,2132.0
2020-08-20 10:00:00,Saturn,3742.0
2020-08-20 11:00:00,Saturn,3061.0
2020-08-20 12:00:00,Saturn,4140.0
2020-08-20 13:00:00,Saturn,2799.0
2020-08-20 14:00:00,Saturn,2845.0
2020-08-20 15:00:00,Saturn,2911.0
2020-08-20 16:00:00,Saturn,2890.0
2020-08-20 17:00:00,Saturn,4346.0
2020-08-20 18:00:00,Saturn,2977.0
2020-08-20 19:00:00,Saturn,3351.0
2020-08-20 20:00:00,Saturn,3211.0
2020-08-20 21:00:00,Saturn,3177.0
2020-08-20 22:00:00,Saturn,4655.0
2020-08-20 23:00:00,Saturn,3586.0
2020-08-21 00:00:00,Saturn,2812.0
2020-08-21 01:00:00,Saturn,3019.0
2020-08-21 02:00:00,Saturn,2914.0
2020-08-21 03:00:00,Saturn,3020.0
2020-08-21 04:00:00,Saturn,2758.0
2020-08-21 05:00:00,Saturn,2785.0
2020-08-21 06:00:00,Saturn,2769.0
2020-08-21 07:00:00,Saturn,3372.0
2020-08-21 08:00:00,Saturn,3491.0
2020-08-21 09:00:00,Saturn,3368.0
2020-08-21 10:00:00,Saturn,3019.0
2020-08-21 11:00:00,Saturn,3687.0
2020-08-21 12:00:00,Saturn,2757.0
2020-08-21 13:00:00,Saturn,2334.0
2020-08-21 14:00:00,Saturn,2930.0
2020-08-21 15:00:00,Saturn,2819.0
2020-08-21 16:00:00,Saturn,2464.0
2020-08-21 17:00:00,Saturn,2341.0
2020-08-21 18:00:00,Saturn,2626.0
2020-08-21 19:00:00,Saturn,2305.0
2020-08-21 20:00:00,Saturn,2320.0
2020-08-21 21:00:00,Saturn,2620.0
2020-08-21 22:00:00,Saturn,2224.0
2020-08-21 23:00:00,Saturn,3209.0
2020-08-22 00:00:00,Saturn,2600.0
2020-08-22 01:00:00,Saturn,1992.0
2020-08-22 02:00:00,Saturn,1914.0
2020-08-22 03:00:00,Saturn,1965.0
2020-08-22 04:00:00,Saturn,2075.0
2020-08-22 05:00:00,Saturn,2445.0
2020-08-22 06:00:00,Saturn,1931.0
2020-08-22 07:00:00,Saturn,1827.0
2020-08-22 08:00:00,Saturn,1863.0
2020-08-22 09:00:00,Saturn,2214.0
2020-08-22 10:00:00,Saturn,2564.0
2020-08-22 11:00:00,Saturn,2044.0
2020-08-22 12:00:00,Saturn,2164.0
2020-08-22 13:00:00,Saturn,2189.0
2020-08-22 14:00:00,Saturn,2142.0
2020-08-22 15:00:00,Saturn,1969.0
2020-08-22 16:00:00,Saturn,2188.0
2020-08-22 17:00:00,Saturn,2261.0
2020-08-22 18:00:00,Saturn,1985.0
2020-08-22 19:00:00,Saturn,1948.0
2020-08-22 20:00:00,Saturn,1826.0
2020-08-22 21:00:00,Saturn,1855.0
2020-08-22 22:00:00,Saturn,1819.0
2020-08-22 23:00:00,Saturn,2038.0
2020-08-23 00:00:00,Saturn,2819.0
2020-08-23 01:00:00,Saturn,2550.0
2020-08-23 02:00:00,Saturn,2002.0
2020-08-23 03:00:00,Saturn,2032.0
2020-08-23 04:00:00,Saturn,2464.0
2020-08-23 05:00:00,Saturn,1909.0
2020-08-23 06:00:00,Saturn,1820.0
2020-08-23 07:00:00,Saturn,1869.0
2020-08-23 08:00:00,Saturn,1832.0
2020-08-23 09:00:00,Saturn,1952.0
2020-08-23 10:00:00,Saturn,2647.0
2020-08-23 11:00:00,Saturn,2285.0
2020-08-23 12:00:00,Saturn,2905.0
2020-08-23 13:00:00,Saturn,3093.0
2020-08-23 14:00:00,Saturn,2285.0
2020-08-23 15:00:00,Saturn,2093.0
2020-08-23 16:00:00,Saturn,2033.0
2020-08-23 17:00:00,Saturn,1927.0
2020-08-23 18:00:00,Saturn,2208.0
2020-08-23 19:00:00,Saturn,1988.0
2020-08-23 20:00:00,Saturn,2053.0
2020-08-23 21:00:00,Saturn,2080.0
2020-08-23 22:00:00,Saturn,1810.0
2020-08-23 23:00:00,Saturn,1899.0
2020-08-24 00:00:00,Saturn,2109.0
2020-08-24 01:00:00,Saturn,1881.0
2020-08-24 02:00:00,Saturn,1838.0
2020-08-24 03:00:00,Saturn,1780.0
2020-08-24 04:00:00,Saturn,1751.0
2020-08-24 05:00:00,Saturn,1752.0
2020-08-24 06:00:00,Saturn,1706.0
2020-08-24 07:00:00,Saturn,1708.0
2020-08-24 08:00:00,Saturn,1795.0
2020-08-24 09:00:00,Saturn,1905.0
2020-08-24 10:00:00,Saturn,2469.0
2020-08-24 11:00:00,Saturn,2420.0
2020-08-24 12:00:00,Saturn,2192.0
2020-08-24 13:00:00,Saturn,2170.0
2020-08-24 14:00:00,Saturn,2641.0
2020-08-24 15:00:00,Saturn,2548.0
2020-08-24 16:00:00,Saturn,3203.0
2020-08-24 17:00:00,Saturn,2650.0
2020-08-24 18:00:00,Saturn,2745.0
2020-08-24 19:00:00,Saturn,2517.0
2020-08-24 20:00:00,Saturn,2908.0
2020-08-24 21:00:00,Saturn,3116.0
2020-08-24 22:00:00,Saturn,2655.0
2020-08-24 23:00:00,Saturn,2751.0
2020-08-25 00:00:00,Saturn,2435.0
2020-08-25 01:00:00,Saturn,2358.0
2020-08-25 02:00:00,Saturn,2039.0
2020-08-25 03:00:00,Saturn,2244.0
2020-08-25 04:00:00,Saturn,2156.0
2020-08-25 05:00:00,Saturn,2187.0
2020-08-25 06:00:00,Saturn,2078.0
2020-08-25 07:00:00,Saturn,1880.0
2020-08-25 08:00:00,Saturn,1738.0
2020-08-25 09:00:00,Saturn,1836.0
2020-08-25 10:00:00,Saturn,2615.0
2020-08-25 11:00:00,Saturn,2655.0
2020-08-25 12:00:00,Saturn,2468.0
2020-08-25 13:00:00,Saturn,2783.0
2020-08-25 14:00:00,Saturn,2839.0
2020-08-25 15:00:00,Saturn,3488.0
2020-08-25 16:00:00,Saturn,4011.0
2020-08-25 17:00:00,Saturn,3553.0
2020-08-25 18:00:00,Saturn,2859.0
2020-08-25 19:00:00,Saturn,3909.0
2020-08-25 20:00:00,Saturn,4784.0
2020-08-25 21:00:00,Saturn,3464.0
2020-08-25 22:00:00,Saturn,3018.0
2020-08-25 23:00:00,Saturn,2584.0
2020-08-26 00:00:00,Saturn,2076.0
2020-08-26 01:00:00,Saturn,1910.0
2020-08-26 02:00:00,Saturn,1736.0
2020-08-26 03:00:00,Saturn,1696.0
2020-08-26 04:00:00,Saturn,1680.0
2020-08-26 05:00:00,Saturn,1896.0
2020-08-26 06:00:00,Saturn,2135.0
2020-08-26 07:00:00,Saturn,1785.0
2020-08-26 08:00:00,Saturn,1664.0
2020-08-26 09:00:00,Saturn,2048.0
2020-08-26 10:00:00,Saturn,2785.0
2020-08-26 11:00:00,Saturn,2672.0
2020-08-26 12:00:00,Saturn,2480.0
2020-08-26 13:00:00,Saturn,2453.0
2020-08-26 14:00:00,Saturn,2361.0
2020-08-26 15:00:00,Saturn,2310.0
2020-08-26 16:00:00,Saturn,2426.0
2020-08-26 17:00:00,Saturn,2431.0
2020-08-26 18:00:00,Saturn,2104.0
2020-08-26 19:00:00,Saturn,2291.0
2020-08-26 20:00:00,Saturn,2816.0
2020-08-26 21:00:00,Saturn,2305.0
2020-08-26 22:00:00,Saturn,2150.0
2020-08-26 23:00:00,Saturn,1837.0
2020-08-27 00:00:00,Saturn,2770.0
2020-08-27 01:00:00,Saturn,1870.0
2020-08-27 02:00:00,Saturn,1811.0
2020-08-27 03:00:00,Saturn,1764.0
2020-08-27 04:00:00,Saturn,1730.0
2020-08-27 05:00:00,Saturn,1748.0
2020-08-27 06:00:00,Saturn,1889.0
2020-08-27 07:00:00,Saturn,1716.0
2020-08-27 08:00:00,Saturn,1694.0
2020-08-27 09:00:00,Saturn,2000.0
2020-08-27 10:00:00,Saturn,2371.0
2020-08-27 11:00:00,Saturn,2252.0
2020-08-27 12:00:00,Saturn,2696.0
2020-08-27 13:00:00,Saturn,2142.0
2020-08-27 14:00:00,Saturn,2927.0
2020-08-27 15:00:00,Saturn,3047.0
2020-08-27 16:00:00,Saturn,2755.0
2020-08-27 17:00:00,Saturn,2463.0
2020-08-27 18:00:00,Saturn,2330.0
2020-08-27 19:00:00,Saturn,3197.0
2020-08-27 20:00:00,Saturn,2981.0
2020-08-27 21:00:00,Saturn,2182.0
2020-08-27 22:00:00,Saturn,2242.0
2020-08-27 23:00:00,Saturn,2027.0
2020-08-28 00:00:00,Saturn,1969.0
2020-08-28 01:00:00,Saturn,1974.0
2020-08-28 02:00:00,Saturn,1928.0
2020-08-28 03:00:00,Saturn,1918.0
2020-08-28 04:00:00,Saturn,1884.0
2020-08-28 05:00:00,Saturn,1858.0
2020-08-28 06:00:00,Saturn,1882.0
2020-08-28 07:00:00,Saturn,1941.0
2020-08-28 08:00:00,Saturn,1852.0
2020-08-28 09:00:00,Saturn,2327.0
2020-08-28 10:00:00,Saturn,2887.0
2020-08-28 11:00:00,Saturn,2445.0
2020-08-28 12:00:00,Saturn,2721.0
2020-08-28 13:00:00,Saturn,2705.0
2020-08-28 14:00:00,Saturn,3065.0
2020-08-28 15:00:00,Saturn,3149.0
2020-08-28 16:00:00,Saturn,3031.0
2020-08-28 17:00:00,Saturn,2666.0
2020-08-28 18:00:00,Saturn,2210.0
2020-08-28 19:00:00,Saturn,2696.0
2020-08-28 20:00:00,Saturn,2584.0
2020-08-28 21:00:00,Saturn,2541.0
2020-08-28 22:00:00,Saturn,2379.0
2020-08-28 23:00:00,Saturn,2403.0
2020-08-29 00:00:00,Saturn,2255.0
2020-08-29 01:00:00,Saturn,2399.0
2020-08-29 02:00:00,Saturn,2412.0
2020-08-29 03:00:00,Saturn,2324.0
2020-08-29 04:00:00,Saturn,2234.0
2020-08-29 05:00:00,Saturn,2299.0
2020-08-29 06:00:00,Saturn,2314.0
2020-08-29 07:00:00,Saturn,2354.0
2020-08-29 08:00:00,Saturn,2320.0
2020-08-29 09:00:00,Saturn,1963.0
2020-08-29 10:00:00,Saturn,3628.0
2020-08-29 11:00:00,Saturn,3416.0
2020-08-29 12:00:00,Saturn,3298.0
2020-08-29 13:00:00,Saturn,2514.0
2020-08-29 14:00:00,Saturn,2616.0
2020-08-29 15:00:00,Saturn,2159.0
2020-08-29 16:00:00,Saturn,2062.0
2020-08-29 17:00:00,Saturn,2052.0
2020-08-29 18:00:00,Saturn,1984.0
2020-08-29 19:00:00,Saturn,2153.0
2020-08-29 20:00:00,Saturn,2264.0
2020-08-29 21:00:00,Saturn,3255.0
2020-08-29 22:00:00,Saturn,2680.0
2020-08-29 23:00:00,Saturn,2116.0
2020-08-30 00:00:00,Saturn,2078.0
2020-08-30 01:00:00,Saturn,2307.0
2020-08-30 02:00:00,Saturn,2010.0
2020-08-30 03:00:00,Saturn,1912.0
2020-08-30 04:00:00,Saturn,1927.0
2020-08-30 05:00:00,Saturn,1892.0
2020-08-30 06:00:00,Saturn,1873.0
2020-08-30 07:00:00,Saturn,1812.0
2020-08-30 08:00:00,Saturn,2034.0
2020-08-30 09:00:00,Saturn,1974.0
2020-08-30 10:00:00,Saturn,2013.0
2020-08-30 11:00:00,Saturn,2480.0
2020-08-30 12:00:00,Saturn,1993.0
2020-08-30 13:00:00,Saturn,1913.0
2020-08-30 14:00:00,Saturn,2153.0
2020-08-30 15:00:00,Saturn,2400.0
2020-08-30 16:00:00,Saturn,2172.0
2020-08-30 17:00:00,Saturn,2148.0
2020-08-30 18:00:00,Saturn,2180.0
2020-08-30 19:00:00,Saturn,2128.0
2020-08-30 20:00:00,Saturn,2354.0
2020-08-30 21:00:00,Saturn,2195.0
2020-08-30 22:00:00,Saturn,2156.0
2020-08-30 23:00:00,Saturn,2187.0
2020-08-31 00:00:00,Saturn,2316.0
2020-08-31 01:00:00,Saturn,3466.0
2020-08-31 02:00:00,Saturn,2026.0
2020-08-31 03:00:00,Saturn,2017.0
2020-08-31 04:00:00,Saturn,1993.0
2020-08-31 05:00:00,Saturn,2064.0
2020-08-31 06:00:00,Saturn,2011.0
2020-08-31 07:00:00,Saturn,2135.0
2020-08-31 08:00:00,Saturn,2135.0
2020-08-31 09:00:00,Saturn,2621.0
2020-08-31 10:00:00,Saturn,2461.0
2020-08-31 11:00:00,Saturn,3265.0
2020-08-31 12:00:00,Saturn,2184.0
2020-08-31 13:00:00,Saturn,2077.0
2020-08-31 14:00:00,Saturn,2911.0
2020-08-31 15:00:00,Saturn,3134.0
2020-08-31 16:00:00,Saturn,2905.0
2020-08-31 17:00:00,Saturn,2409.0
2020-08-31 18:00:00,Saturn,2188.0
2020-08-31 19:00:00,Saturn,2618.0
2020-08-31 20:00:00,Saturn,2459.0
2020-08-31 21:00:00,Saturn,2232.0
2020-08-31 22:00:00,Saturn,2197.0
2020-08-31 23:00:00,Saturn,1979.0
2020-09-01 00:00:00,Saturn,2032.0
2020-09-01 01:00:00,Saturn,1983.0
2020-09-01 02:00:00,Saturn,1978.0
2020-09-01 03:00:00,Saturn,1938.0
2020-09-01 04:00:00,Saturn,1883.0
2020-09-01 05:00:00,Saturn,1881.0
2020-09-01 06:00:00,Saturn,1830.0
2020-09-01 07:00:00,Saturn,1798.0
2020-09-01 08:00:00,Saturn,1787.0
2020-09-01 09:00:00,Saturn,1978.0
2020-09-01 10:00:00,Saturn,2624.0
2020-09-01 11:00:00,Saturn,2598.0
2020-09-01 12:00:00,Saturn,2493.0
2020-09-01 13:00:00,Saturn,2454.0
2020-09-01 14:00:00,Saturn,2749.0
2020-09-01 15:00:00,Saturn,2459.0
2020-09-01 16:00:00,Saturn,2606.0
2020-09-01 17:00:00,Saturn,2493.0
2020-09-01 18:00:00,Saturn,2616.0
2020-09-01 19:00:00,Saturn,2616.0
2020-09-01 20:00:00,Saturn,2196.0
2020-09-01 21:00:00,Saturn,2242.0
2020-09-01 22:00:00,Saturn,2190.0
2020-09-01 23:00:00,Saturn,2080.0
2020-09-02 00:00:00,Saturn,1908.0
2020-09-02 01:00:00,Saturn,2122.0
2020-09-02 02:00:00,Saturn,1951.0
2020-09-02 03:00:00,Saturn,1915.0
2020-09-02 04:00:00,Saturn,1863.0
2020-09-02 05:00:00,Saturn,1858.0
2020-09-02 06:00:00,Saturn,1951.0
2020-09-02 07:00:00,Saturn,1756.0
2020-09-02 08:00:00,Saturn,1799.0
2020-09-02 09:00:00,Saturn,1930.0
2020-09-02 10:00:00,Saturn,2885.0
2020-09-02 11:00:00,Saturn,2475.0
2020-09-02 12:00:00,Saturn,2266.0
2020-09-02 13:00:00,Saturn,2672.0
2020-09-02 14:00:00,Saturn,2472.0
2020-09-02 15:00:00,Saturn,2591.0
2020-09-02 16:00:00,Saturn,2415.0
2020-09-02 17:00:00,Saturn,2499.0
2020-09-02 18:00:00,Saturn,2452.0
2020-09-02 19:00:00,Saturn,2550.0
2020-09-02 20:00:00,Saturn,3866.0
2020-09-02 21:00:00,Saturn,2738.0
2020-09-02 22:00:00,Saturn,2030.0
2020-09-02 23:00:00,Saturn,2006.0
2020-09-03 00:00:00,Saturn,1999.0
2020-09-03 01:00:00,Saturn,1835.0
2020-09-03 02:00:00,Saturn,1763.0
2020-09-03 03:00:00,Saturn,1831.0
2020-09-03 04:00:00,Saturn,1765.0
2020-09-03 05:00:00,Saturn,1784.0
2020-09-03 06:00:00,Saturn,1908.0
2020-09-03 07:00:00,Saturn,1826.0
2020-09-03 08:00:00,Saturn,1793.0
2020-09-03 09:00:00,Saturn,2118.0
2020-09-03 10:00:00,Saturn,2305.0
2020-09-03 11:00:00,Saturn,2345.0
2020-09-03 12:00:00,Saturn,2249.0
2020-09-03 13:00:00,Saturn,2486.0
2020-09-03 14:00:00,Saturn,2892.0
2020-09-03 15:00:00,Saturn,2797.0
2020-09-03 16:00:00,Saturn,2706.0
2020-09-03 17:00:00,Saturn,2540.0
2020-09-03 18:00:00,Saturn,2233.0
2020-09-03 19:00:00,Saturn,2156.0
2020-09-03 20:00:00,Saturn,2230.0
2020-09-03 21:00:00,Saturn,2156.0
2020-09-03 22:00:00,Saturn,2130.0
2020-09-03 23:00:00,Saturn,2233.0
2020-09-04 00:00:00,Saturn,2424.0
2020-09-04 01:00:00,Saturn,2156.0
2020-09-04 02:00:00,Saturn,2147.0
2020-09-04 03:00:00,Saturn,1934.0
2020-09-04 04:00:00,Saturn,1927.0
2020-09-04 05:00:00,Saturn,2014.0
2020-09-04 06:00:00,Saturn,1944.0
2020-09-04 07:00:00,Saturn,2001.0
2020-09-04 08:00:00,Saturn,1998.0
2020-09-04 09:00:00,Saturn,2098.0
2020-09-04 10:00:00,Saturn,2189.0
2020-09-04 11:00:00,Saturn,2723.0
2020-09-04 12:00:00,Saturn,2248.0
2020-09-04 13:00:00,Saturn,2261.0
2020-09-04 14:00:00,Saturn,2308.0
2020-09-04 15:00:00,Saturn,2473.0
2020-09-04 16:00:00,Saturn,2665.0
2020-09-04 17:00:00,Saturn,2228.0
2020-09-04 18:00:00,Saturn,2184.0
2020-09-04 19:00:00,Saturn,2622.0
2020-09-04 20:00:00,Saturn,2648.0
2020-09-04 21:00:00,Saturn,5218.0
2020-09-04 22:00:00,Saturn,3503.0
2020-09-04 23:00:00,Saturn,7406.0
2020-09-05 00:00:00,Saturn,7295.0
2020-09-05 01:00:00,Saturn,5128.0
2020-09-05 02:00:00,Saturn,4554.0
2020-09-05 03:00:00,Saturn,4589.0
2020-09-05 04:00:00,Saturn,4207.0
2020-09-05 05:00:00,Saturn,4536.0
2020-09-05 06:00:00,Saturn,4457.0
2020-09-05 07:00:00,Saturn,4939.0
2020-09-05 08:00:00,Saturn,5416.0
2020-09-05 09:00:00,Saturn,3222.0
2020-09-05 10:00:00,Saturn,2040.0
2020-09-05 11:00:00,Saturn,2146.0
2020-09-05 12:00:00,Saturn,2106.0
2020-09-05 13:00:00,Saturn,2467.0
2020-09-05 14:00:00,Saturn,5861.0
2020-09-05 15:00:00,Saturn,4329.0
2020-09-05 16:00:00,Saturn,2557.0
2020-09-05 17:00:00,Saturn,2137.0
2020-09-05 18:00:00,Saturn,2002.0
2020-09-05 19:00:00,Saturn,2087.0
2020-09-05 20:00:00,Saturn,1994.0
2020-09-05 21:00:00,Saturn,2013.0
2020-09-05 22:00:00,Saturn,2384.0
2020-09-05 23:00:00,Saturn,1990.0
2020-09-06 00:00:00,Saturn,4792.0
2020-09-06 01:00:00,Saturn,11517.0
2020-09-06 02:00:00,Saturn,1886.0
2020-09-06 03:00:00,Saturn,1769.0
2020-09-06 04:00:00,Saturn,1721.0
2020-09-06 05:00:00,Saturn,1774.0
2020-09-06 06:00:00,Saturn,1786.0
2020-09-06 07:00:00,Saturn,1833.0
2020-09-06 08:00:00,Saturn,1785.0
2020-09-06 09:00:00,Saturn,1918.0
2020-09-06 10:00:00,Saturn,2861.0
2020-09-06 11:00:00,Saturn,2521.0
2020-09-06 12:00:00,Saturn,2655.0
2020-09-06 13:00:00,Saturn,2192.0
2020-09-06 14:00:00,Saturn,2061.0
2020-09-06 15:00:00,Saturn,2029.0
2020-09-06 16:00:00,Saturn,2395.0
2020-09-06 17:00:00,Saturn,2262.0
2020-09-06 18:00:00,Saturn,2297.0
2020-09-06 19:00:00,Saturn,2110.0
2020-09-06 20:00:00,Saturn,3050.0
2020-09-06 21:00:00,Saturn,2532.0
2020-09-06 22:00:00,Saturn,2867.0
2020-09-06 23:00:00,Saturn,3942.0
2020-09-07 00:00:00,Saturn,3263.0
2020-09-07 01:00:00,Saturn,2170.0
2020-09-07 02:00:00,Saturn,2060.0
2020-09-07 03:00:00,Saturn,2516.0
2020-09-07 04:00:00,Saturn,2840.0
2020-09-07 05:00:00,Saturn,3052.0
2020-09-07 06:00:00,Saturn,2890.0
2020-09-07 07:00:00,Saturn,1962.0
2020-09-07 08:00:00,Saturn,1940.0
2020-09-07 09:00:00,Saturn,2076.0
2020-09-07 10:00:00,Saturn,2546.0
2020-09-07 11:00:00,Saturn,3230.0
2020-09-07 12:00:00,Saturn,2490.0
2020-09-07 13:00:00,Saturn,12846.0
2020-09-07 14:00:00,Saturn,8790.0
2020-09-07 15:00:00,Saturn,4979.0
2020-09-07 16:00:00,Saturn,2624.0
2020-09-07 17:00:00,Saturn,2624.0
2020-09-07 18:00:00,Saturn,2389.0
2020-09-07 19:00:00,Saturn,2527.0
2020-09-07 20:00:00,Saturn,2994.0
2020-09-07 21:00:00,Saturn,3263.0
2020-09-07 22:00:00,Saturn,2863.0
2020-09-07 23:00:00,Saturn,3242.0
2020-09-08 00:00:00,Saturn,2887.0
2020-09-08 01:00:00,Saturn,2781.0
2020-09-08 02:00:00,Saturn,2548.0
2020-09-08 03:00:00,Saturn,2506.0
2020-09-08 04:00:00,Saturn,2495.0
2020-09-08 05:00:00,Saturn,2552.0
2020-09-08 06:00:00,Saturn,4064.0
2020-09-08 07:00:00,Saturn,18343.0
2020-09-08 08:00:00,Saturn,10578.0
2020-09-08 09:00:00,Saturn,2859.0
2020-09-08 10:00:00,Saturn,2755.0
2020-09-08 11:00:00,Saturn,3298.0
2020-09-08 12:00:00,Saturn,3011.0
2020-09-08 13:00:00,Saturn,3021.0
2020-09-08 14:00:00,Saturn,2977.0
2020-09-08 15:00:00,Saturn,3308.0
2020-09-08 16:00:00,Saturn,3262.0
2020-09-08 17:00:00,Saturn,3079.0
2020-09-08 18:00:00,Saturn,2889.0
2020-09-08 19:00:00,Saturn,2958.0
2020-09-08 20:00:00,Saturn,2857.0
2020-09-08 21:00:00,Saturn,2755.0
2020-09-08 22:00:00,Saturn,2630.0
2020-09-08 23:00:00,Saturn,2746.0
2020-09-09 00:00:00,Saturn,2602.0
2020-09-09 01:00:00,Saturn,2490.0
2020-09-09 02:00:00,Saturn,2469.0
2020-09-09 03:00:00,Saturn,2366.0
2020-09-09 04:00:00,Saturn,2394.0
2020-09-09 05:00:00,Saturn,2349.0
2020-09-09 06:00:00,Saturn,2429.0
2020-09-09 07:00:00,Saturn,2418.0
2020-09-09 08:00:00,Saturn,2391.0
2020-09-09 09:00:00,Saturn,2526.0
2020-09-09 10:00:00,Saturn,2974.0
2020-09-09 11:00:00,Saturn,3060.0
2020-09-09 12:00:00,Saturn,2895.0
2020-09-09 13:00:00,Saturn,2955.0
2020-09-09 14:00:00,Saturn,3106.0
2020-09-09 15:00:00,Saturn,3002.0
2020-09-09 16:00:00,Saturn,3094.0
2020-09-09 17:00:00,Saturn,3902.0
2020-09-09 18:00:00,Saturn,3285.0
2020-09-09 19:00:00,Saturn,6439.0
2020-09-09 20:00:00,Saturn,3620.0
2020-09-09 21:00:00,Saturn,5747.0
2020-09-09 22:00:00,Saturn,2513.0
2020-09-09 23:00:00,Saturn,2094.0
2020-09-10 00:00:00,Saturn,2135.0
2020-09-10 01:00:00,Saturn,2191.0
2020-09-10 02:00:00,Saturn,2024.0
2020-09-10 03:00:00,Saturn,1943.0
2020-09-10 04:00:00,Saturn,1936.0
2020-09-10 05:00:00,Saturn,1986.0
2020-09-10 06:00:00,Saturn,1974.0
2020-09-10 07:00:00,Saturn,1878.0
2020-09-10 08:00:00,Saturn,1890.0
2020-09-10 09:00:00,Saturn,2149.0
2020-09-10 10:00:00,Saturn,3103.0
2020-09-10 11:00:00,Saturn,2332.0
2020-09-10 12:00:00,Saturn,2105.0
2020-09-10 13:00:00,Saturn,2206.0
2020-09-10 14:00:00,Saturn,2432.0
2020-09-10 15:00:00,Saturn,3196.0
2020-09-10 16:00:00,Saturn,2825.0
2020-09-10 17:00:00,Saturn,2953.0
2020-09-10 18:00:00,Saturn,2339.0
2020-09-10 19:00:00,Saturn,2687.0
2020-09-10 20:00:00,Saturn,2718.0
2020-09-10 21:00:00,Saturn,2490.0
2020-09-10 22:00:00,Saturn,2270.0
2020-09-10 23:00:00,Saturn,2256.0
2020-09-11 00:00:00,Saturn,2089.0
2020-09-11 01:00:00,Saturn,1974.0
2020-09-11 02:00:00,Saturn,1999.0
2020-09-11 03:00:00,Saturn,2005.0
2020-09-11 04:00:00,Saturn,1887.0
2020-09-11 05:00:00,Saturn,1824.0
2020-09-11 06:00:00,Saturn,1828.0
2020-09-11 07:00:00,Saturn,1844.0
2020-09-11 08:00:00,Saturn,2155.0
2020-09-11 09:00:00,Saturn,2246.0
2020-09-11 10:00:00,Saturn,2261.0
2020-09-11 11:00:00,Saturn,2486.0
2020-09-11 12:00:00,Saturn,2345.0
2020-09-11 13:00:00,Saturn,2410.0
2020-09-11 14:00:00,Saturn,3295.0
2020-09-11 15:00:00,Saturn,2482.0
2020-09-11 16:00:00,Saturn,2479.0
2020-09-11 17:00:00,Saturn,2301.0
2020-09-11 18:00:00,Saturn,2152.0
2020-09-11 19:00:00,Saturn,2345.0
2020-09-11 20:00:00,Saturn,2299.0
2020-09-11 21:00:00,Saturn,2004.0
2020-09-11 22:00:00,Saturn,2096.0
2020-09-11 23:00:00,Saturn,2111.0
2020-09-12 00:00:00,Saturn,2069.0
2020-09-12 01:00:00,Saturn,2074.0
2020-09-12 02:00:00,Saturn,2092.0
2020-09-12 03:00:00,Saturn,1846.0
2020-09-12 04:00:00,Saturn,1960.0
2020-09-12 05:00:00,Saturn,2111.0
2020-09-12 06:00:00,Saturn,1889.0
2020-09-12 07:00:00,Saturn,1812.0
2020-09-12 08:00:00,Saturn,1793.0
2020-09-12 09:00:00,Saturn,1964.0
2020-09-12 10:00:00,Saturn,2026.0
2020-09-12 11:00:00,Saturn,1887.0
2020-09-12 12:00:00,Saturn,1988.0
2020-09-12 13:00:00,Saturn,2262.0
2020-09-12 14:00:00,Saturn,2282.0
2020-09-12 15:00:00,Saturn,2472.0
2020-09-12 16:00:00,Saturn,2238.0
2020-09-12 17:00:00,Saturn,2115.0
2020-09-12 18:00:00,Saturn,2000.0
2020-09-12 19:00:00,Saturn,2296.0
2020-09-12 20:00:00,Saturn,2649.0
2020-09-12 21:00:00,Saturn,2140.0
2020-09-12 22:00:00,Saturn,2050.0
2020-09-12 23:00:00,Saturn,2332.0
2020-09-13 00:00:00,Saturn,2004.0
2020-09-13 01:00:00,Saturn,2180.0
2020-09-13 02:00:00,Saturn,2006.0
2020-09-13 03:00:00,Saturn,1990.0
2020-09-13 04:00:00,Saturn,1838.0
2020-09-13 05:00:00,Saturn,1818.0
2020-09-13 06:00:00,Saturn,1934.0
2020-09-13 07:00:00,Saturn,1862.0
2020-09-13 08:00:00,Saturn,1964.0
2020-09-13 09:00:00,Saturn,1838.0
2020-09-13 10:00:00,Saturn,2254.0
2020-09-13 11:00:00,Saturn,2209.0
2020-09-13 12:00:00,Saturn,2162.0
2020-09-13 13:00:00,Saturn,2509.0
2020-09-13 14:00:00,Saturn,2705.0
2020-09-13 15:00:00,Saturn,3114.0
2020-09-13 16:00:00,Saturn,2842.0
2020-09-13 17:00:00,Saturn,2580.0
2020-09-13 18:00:00,Saturn,2067.0
2020-09-13 19:00:00,Saturn,2289.0
2020-09-13 20:00:00,Saturn,2487.0
2020-09-13 21:00:00,Saturn,2029.0
2020-09-13 22:00:00,Saturn,2308.0
2020-09-13 23:00:00,Saturn,2132.0
2020-09-14 00:00:00,Saturn,1987.0
2020-09-14 01:00:00,Saturn,1984.0
2020-09-14 02:00:00,Saturn,1928.0
2020-09-14 03:00:00,Saturn,2394.0
2020-09-14 04:00:00,Saturn,2056.0
2020-09-14 05:00:00,Saturn,1838.0
2020-09-14 06:00:00,Saturn,1831.0
2020-09-14 07:00:00,Saturn,1761.0
2020-09-14 08:00:00,Saturn,1743.0
2020-09-14 09:00:00,Saturn,2044.0
2020-09-14 10:00:00,Saturn,3087.0
2020-09-14 11:00:00,Saturn,3246.0
2020-09-14 12:00:00,Saturn,2435.0
2020-09-14 13:00:00,Saturn,2410.0
2020-09-14 14:00:00,Saturn,2934.0
2020-09-14 15:00:00,Saturn,2998.0
2020-09-14 16:00:00,Saturn,3829.0
2020-09-14 17:00:00,Saturn,3833.0
2020-09-14 18:00:00,Saturn,2628.0
2020-09-14 19:00:00,Saturn,3261.0
2020-09-14 20:00:00,Saturn,2965.0
2020-09-14 21:00:00,Saturn,2711.0
2020-09-14 22:00:00,Saturn,2398.0
2020-09-14 23:00:00,Saturn,2275.0
2020-09-15 00:00:00,Saturn,2235.0
2020-09-15 01:00:00,Saturn,2835.0
2020-09-15 02:00:00,Saturn,2509.0
2020-09-15 03:00:00,Saturn,2290.0
2020-09-15 04:00:00,Saturn,1844.0
2020-09-15 05:00:00,Saturn,1844.0
2020-09-15 06:00:00,Saturn,1824.0
2020-09-15 07:00:00,Saturn,1880.0
2020-09-15 08:00:00,Saturn,1855.0
2020-09-15 09:00:00,Saturn,2242.0
2020-09-15 10:00:00,Saturn,2516.0
2020-09-15 11:00:00,Saturn,2655.0
2020-09-15 12:00:00,Saturn,2377.0
2020-09-15 13:00:00,Saturn,2571.0
2020-09-15 14:00:00,Saturn,2716.0
2020-09-15 15:00:00,Saturn,2961.0
2020-09-15 16:00:00,Saturn,3343.0
2020-09-15 17:00:00,Saturn,2985.0
2020-09-15 18:00:00,Saturn,2778.0
2020-09-15 19:00:00,Saturn,2576.0
2020-09-15 20:00:00,Saturn,2650.0
2020-09-15 21:00:00,Saturn,2630.0
2020-09-15 22:00:00,Saturn,2465.0
2020-09-15 23:00:00,Saturn,2189.0
2020-09-16 00:00:00,Saturn,2013.0
2020-09-16 01:00:00,Saturn,2030.0
2020-09-16 02:00:00,Saturn,1889.0
2020-09-16 03:00:00,Saturn,1862.0
2020-09-16 04:00:00,Saturn,1844.0
2020-09-16 05:00:00,Saturn,1808.0
2020-09-16 06:00:00,Saturn,1804.0
2020-09-16 07:00:00,Saturn,1798.0
2020-09-16 08:00:00,Saturn,1777.0
2020-09-16 09:00:00,Saturn,2117.0
2020-09-16 10:00:00,Saturn,2375.0
2020-09-16 11:00:00,Saturn,2485.0
2020-09-16 12:00:00,Saturn,2426.0
2020-09-16 13:00:00,Saturn,2595.0
2020-09-16 14:00:00,Saturn,3342.0
2020-09-16 15:00:00,Saturn,2860.0
2020-09-16 16:00:00,Saturn,2690.0
2020-09-16 17:00:00,Saturn,2589.0
2020-09-16 18:00:00,Saturn,2694.0
2020-09-16 19:00:00,Saturn,2678.0
2020-09-16 20:00:00,Saturn,2597.0
2020-09-16 21:00:00,Saturn,2536.0
2020-09-16 22:00:00,Saturn,2070.0
2020-09-16 23:00:00,Saturn,2095.0
2020-09-17 00:00:00,Saturn,2076.0
2020-09-17 01:00:00,Saturn,1967.0
2020-09-17 02:00:00,Saturn,2027.0
2020-09-17 03:00:00,Saturn,2021.0
2020-09-17 04:00:00,Saturn,1967.0
2020-09-17 05:00:00,Saturn,1974.0
2020-09-17 06:00:00,Saturn,2063.0
2020-09-17 07:00:00,Saturn,2033.0
2020-09-17 08:00:00,Saturn,2018.0
2020-09-17 09:00:00,Saturn,2033.0
2020-09-17 10:00:00,Saturn,2376.0
2020-09-17 11:00:00,Saturn,2706.0
2020-09-17 12:00:00,Saturn,2710.0
2020-09-17 13:00:00,Saturn,2201.0
2020-09-17 14:00:00,Saturn,2639.0
2020-09-17 15:00:00,Saturn,3382.0
2020-09-17 16:00:00,Saturn,3612.0
2020-09-17 17:00:00,Saturn,4128.0
2020-09-17 18:00:00,Saturn,2967.0
2020-09-17 19:00:00,Saturn,2515.0
2020-09-17 20:00:00,Saturn,2618.0
2020-09-17 21:00:00,Saturn,2473.0
2020-09-17 22:00:00,Saturn,2303.0
2020-09-17 23:00:00,Saturn,2141.0
2020-09-18 00:00:00,Saturn,2009.0
2020-09-18 01:00:00,Saturn,2066.0
2020-09-18 02:00:00,Saturn,2083.0
2020-09-18 03:00:00,Saturn,1920.0
2020-09-18 04:00:00,Saturn,1863.0
2020-09-18 05:00:00,Saturn,1789.0
2020-09-18 06:00:00,Saturn,1778.0
2020-09-18 07:00:00,Saturn,1947.0
2020-09-18 08:00:00,Saturn,1946.0
2020-09-18 09:00:00,Saturn,2091.0
2020-09-18 10:00:00,Saturn,2660.0
2020-09-18 11:00:00,Saturn,2283.0
2020-09-18 12:00:00,Saturn,2510.0
2020-09-18 13:00:00,Saturn,2607.0
2020-09-18 14:00:00,Saturn,2528.0
2020-09-18 15:00:00,Saturn,2817.0
2020-09-18 16:00:00,Saturn,2877.0
2020-09-18 17:00:00,Saturn,2760.0
2020-09-18 18:00:00,Saturn,2364.0
2020-09-18 19:00:00,Saturn,2656.0
2020-09-18 20:00:00,Saturn,2265.0
2020-09-18 21:00:00,Saturn,2186.0
2020-09-18 22:00:00,Saturn,2013.0
2020-09-18 23:00:00,Saturn,2038.0
2020-09-19 00:00:00,Saturn,2029.0
2020-09-19 01:00:00,Saturn,1993.0
2020-09-19 02:00:00,Saturn,2126.0
2020-09-19 03:00:00,Saturn,1944.0
2020-09-19 04:00:00,Saturn,1903.0
2020-09-19 05:00:00,Saturn,1922.0
2020-09-19 06:00:00,Saturn,1906.0
2020-09-19 07:00:00,Saturn,1842.0
2020-09-19 08:00:00,Saturn,1892.0
2020-09-19 09:00:00,Saturn,1981.0
2020-09-19 10:00:00,Saturn,2160.0
2020-09-19 11:00:00,Saturn,1986.0
2020-09-19 12:00:00,Saturn,2043.0
2020-09-19 13:00:00,Saturn,2082.0
2020-09-19 14:00:00,Saturn,2401.0
2020-09-19 15:00:00,Saturn,2271.0
2020-09-19 16:00:00,Saturn,2536.0
2020-09-19 17:00:00,Saturn,2157.0
2020-09-19 18:00:00,Saturn,2255.0
2020-09-19 19:00:00,Saturn,2304.0
2020-09-19 20:00:00,Saturn,2610.0
2020-09-19 21:00:00,Saturn,2560.0
2020-09-19 22:00:00,Saturn,2028.0
2020-09-19 23:00:00,Saturn,2348.0
2020-09-20 00:00:00,Saturn,3150.0
2020-09-20 01:00:00,Saturn,2329.0
2020-09-20 02:00:00,Saturn,1967.0
2020-09-20 03:00:00,Saturn,2030.0
2020-09-20 04:00:00,Saturn,2044.0
2020-09-20 05:00:00,Saturn,1977.0
2020-09-20 06:00:00,Saturn,1901.0
2020-09-20 07:00:00,Saturn,1933.0
2020-09-20 08:00:00,Saturn,2026.0
2020-09-20 09:00:00,Saturn,2026.0
2020-09-20 10:00:00,Saturn,2247.0
2020-09-20 11:00:00,Saturn,2313.0
2020-09-20 12:00:00,Saturn,2255.0
2020-09-20 13:00:00,Saturn,2331.0
2020-09-20 14:00:00,Saturn,2254.0
2020-09-20 15:00:00,Saturn,2325.0
2020-09-20 16:00:00,Saturn,2201.0
2020-09-20 17:00:00,Saturn,2904.0
2020-09-20 18:00:00,Saturn,2105.0
2020-09-20 19:00:00,Saturn,2273.0
2020-09-20 20:00:00,Saturn,2047.0
2020-09-20 21:00:00,Saturn,2537.0
2020-09-20 22:00:00,Saturn,2924.0
2020-09-20 23:00:00,Saturn,2475.0
2020-09-21 00:00:00,Saturn,1995.0
2020-09-21 01:00:00,Saturn,2008.0
2020-09-21 02:00:00,Saturn,1952.0
2020-09-21 03:00:00,Saturn,1856.0
2020-09-21 04:00:00,Saturn,2237.0
2020-09-21 05:00:00,Saturn,1921.0
2020-09-21 06:00:00,Saturn,1841.0
2020-09-21 07:00:00,Saturn,2090.0
2020-09-21 08:00:00,Saturn,2096.0
2020-09-21 09:00:00,Saturn,2066.0
2020-09-21 10:00:00,Saturn,2296.0
2020-09-21 11:00:00,Saturn,2252.0
2020-09-21 12:00:00,Saturn,2315.0
2020-09-21 13:00:00,Saturn,2491.0
2020-09-21 14:00:00,Saturn,2444.0
2020-09-21 15:00:00,Saturn,2653.0
2020-09-21 16:00:00,Saturn,2686.0
2020-09-21 17:00:00,Saturn,2536.0
2020-09-21 18:00:00,Saturn,2204.0
2020-09-21 19:00:00,Saturn,2391.0
2020-09-21 20:00:00,Saturn,2627.0
2020-09-21 21:00:00,Saturn,4865.0
2020-09-21 22:00:00,Saturn,6747.0
2020-09-21 23:00:00,Saturn,5820.0
2020-09-22 00:00:00,Saturn,2725.0
2020-09-22 01:00:00,Saturn,2267.0
2020-09-22 02:00:00,Saturn,2118.0
2020-09-22 03:00:00,Saturn,1939.0
2020-09-22 04:00:00,Saturn,2003.0
2020-09-22 05:00:00,Saturn,2160.0
2020-09-22 06:00:00,Saturn,2490.0
2020-09-22 07:00:00,Saturn,2309.0
2020-09-22 08:00:00,Saturn,2025.0
2020-09-22 09:00:00,Saturn,3901.0
2020-09-22 10:00:00,Saturn,2773.0
2020-09-22 11:00:00,Saturn,3559.0
2020-09-22 12:00:00,Saturn,2899.0
2020-09-22 13:00:00,Saturn,3028.0
2020-09-22 14:00:00,Saturn,3407.0
2020-09-22 15:00:00,Saturn,3370.0
2020-09-22 16:00:00,Saturn,3531.0
2020-09-22 17:00:00,Saturn,3647.0
2020-09-22 18:00:00,Saturn,5094.0
2020-09-22 19:00:00,Saturn,3208.0
2020-09-22 20:00:00,Saturn,2967.0
2020-09-22 21:00:00,Saturn,2625.0
2020-09-22 22:00:00,Saturn,2762.0
2020-09-22 23:00:00,Saturn,2449.0
2020-09-23 00:00:00,Saturn,2331.0
2020-09-23 01:00:00,Saturn,2097.0
2020-09-23 02:00:00,Saturn,2029.0
2020-09-23 03:00:00,Saturn,2128.0
2020-09-23 04:00:00,Saturn,2438.0
2020-09-23 05:00:00,Saturn,2604.0
2020-09-23 06:00:00,Saturn,2545.0
2020-09-23 07:00:00,Saturn,2621.0
2020-09-23 08:00:00,Saturn,2625.0
2020-09-23 09:00:00,Saturn,3242.0
2020-09-23 10:00:00,Saturn,3099.0
2020-09-23 11:00:00,Saturn,3005.0
2020-09-23 12:00:00,Saturn,2730.0
2020-09-23 13:00:00,Saturn,3444.0
2020-09-23 14:00:00,Saturn,3288.0
2020-09-23 15:00:00,Saturn,3570.0
2020-09-23 16:00:00,Saturn,3180.0
2020-09-23 17:00:00,Saturn,2478.0
2020-09-23 18:00:00,Saturn,2258.0
2020-09-23 19:00:00,Saturn,2388.0
2020-09-23 20:00:00,Saturn,2221.0
2020-09-23 21:00:00,Saturn,2303.0
2020-09-23 22:00:00,Saturn,2673.0
2020-09-23 23:00:00,Saturn,1968.0
2020-09-24 00:00:00,Saturn,2133.0
2020-09-24 01:00:00,Saturn,2360.0
2020-09-24 02:00:00,Saturn,2075.0
2020-09-24 03:00:00,Saturn,2043.0
2020-09-24 04:00:00,Saturn,1965.0
2020-09-24 05:00:00,Saturn,1973.0
2020-09-24 06:00:00,Saturn,2208.0
2020-09-24 07:00:00,Saturn,2052.0
2020-09-24 08:00:00,Saturn,1944.0
2020-09-24 09:00:00,Saturn,1963.0
2020-09-24 10:00:00,Saturn,2404.0
2020-09-24 11:00:00,Saturn,2200.0
2020-09-24 12:00:00,Saturn,2183.0
2020-09-24 13:00:00,Saturn,2287.0
2020-09-24 14:00:00,Saturn,2546.0
2020-09-24 15:00:00,Saturn,2944.0
2020-09-24 16:00:00,Saturn,2573.0
2020-09-24 17:00:00,Saturn,2696.0
2020-09-24 18:00:00,Saturn,2444.0
2020-09-24 19:00:00,Saturn,2858.0
2020-09-24 20:00:00,Saturn,2985.0
2020-09-24 21:00:00,Saturn,2741.0
2020-09-24 22:00:00,Saturn,3394.0
2020-09-24 23:00:00,Saturn,3791.0
2020-09-25 00:00:00,Saturn,3228.0
2020-09-25 01:00:00,Saturn,2030.0
2020-09-25 02:00:00,Saturn,2618.0
2020-09-25 03:00:00,Saturn,3677.0
2020-09-25 04:00:00,Saturn,3913.0
2020-09-25 05:00:00,Saturn,1837.0
2020-09-25 06:00:00,Saturn,1791.0
2020-09-25 07:00:00,Saturn,1744.0
2020-09-25 08:00:00,Saturn,3048.0
2020-09-25 09:00:00,Saturn,5091.0
2020-09-25 10:00:00,Saturn,2747.0
2020-09-25 11:00:00,Saturn,2875.0
2020-09-25 12:00:00,Saturn,2932.0
2020-09-25 13:00:00,Saturn,2981.0
2020-09-25 14:00:00,Saturn,2987.0
2020-09-25 15:00:00,Saturn,2787.0
2020-09-25 16:00:00,Saturn,2917.0
2020-09-25 17:00:00,Saturn,2727.0
2020-09-25 18:00:00,Saturn,2780.0
2020-09-25 19:00:00,Saturn,2809.0
2020-09-25 20:00:00,Saturn,2326.0
2020-09-25 21:00:00,Saturn,2153.0
2020-09-25 22:00:00,Saturn,1948.0
2020-09-25 23:00:00,Saturn,2111.0
2020-09-26 00:00:00,Saturn,2724.0
2020-09-26 01:00:00,Saturn,3279.0
2020-09-26 02:00:00,Saturn,2103.0
2020-09-26 03:00:00,Saturn,2479.0
2020-09-26 04:00:00,Saturn,3292.0
2020-09-26 05:00:00,Saturn,3962.0
2020-09-26 06:00:00,Saturn,4074.0
2020-09-26 07:00:00,Saturn,3841.0
2020-09-26 08:00:00,Saturn,1975.0
2020-09-26 09:00:00,Saturn,3180.0
2020-09-26 10:00:00,Saturn,3143.0
2020-09-26 11:00:00,Saturn,1926.0
2020-09-26 12:00:00,Saturn,2950.0
2020-09-26 13:00:00,Saturn,2511.0
2020-09-26 14:00:00,Saturn,2521.0
2020-09-26 15:00:00,Saturn,3819.0
2020-09-26 16:00:00,Saturn,2324.0
2020-09-26 17:00:00,Saturn,2069.0
2020-09-26 18:00:00,Saturn,2007.0
2020-09-26 19:00:00,Saturn,2254.0
2020-09-26 20:00:00,Saturn,2381.0
2020-09-26 21:00:00,Saturn,2304.0
2020-09-26 22:00:00,Saturn,2470.0
2020-09-26 23:00:00,Saturn,2187.0
2020-09-27 00:00:00,Saturn,2446.0
2020-09-27 01:00:00,Saturn,2341.0
2020-09-27 02:00:00,Saturn,2509.0
2020-09-27 03:00:00,Saturn,2410.0
2020-09-27 04:00:00,Saturn,1920.0
2020-09-27 05:00:00,Saturn,1857.0
2020-09-27 06:00:00,Saturn,2032.0
2020-09-27 07:00:00,Saturn,2297.0
2020-09-27 08:00:00,Saturn,2046.0
2020-09-27 09:00:00,Saturn,1973.0
2020-09-27 10:00:00,Saturn,2561.0
2020-09-27 11:00:00,Saturn,2993.0
2020-09-27 12:00:00,Saturn,2708.0
2020-09-27 13:00:00,Saturn,2443.0
2020-09-27 14:00:00,Saturn,2437.0
2020-09-27 15:00:00,Saturn,2795.0
2020-09-27 16:00:00,Saturn,2833.0
2020-09-27 17:00:00,Saturn,2663.0
2020-09-27 18:00:00,Saturn,2691.0
2020-09-27 19:00:00,Saturn,2549.0
2020-09-27 20:00:00,Saturn,2440.0
2020-09-27 21:00:00,Saturn,2231.0
2020-09-27 22:00:00,Saturn,2272.0
2020-09-27 23:00:00,Saturn,2190.0
2020-09-28 00:00:00,Saturn,1813.0
2020-09-28 01:00:00,Saturn,1766.0
2020-09-28 02:00:00,Saturn,1751.0
2020-09-28 03:00:00,Saturn,1695.0
2020-09-28 04:00:00,Saturn,1644.0
2020-09-28 05:00:00,Saturn,1617.0
2020-09-28 06:00:00,Saturn,1599.0
2020-09-28 07:00:00,Saturn,1605.0
2020-09-28 08:00:00,Saturn,1528.0
2020-09-28 09:00:00,Saturn,1506.0
2020-09-28 10:00:00,Saturn,1494.0
2020-09-28 11:00:00,Saturn,1366.0
2020-09-28 12:00:00,Saturn,1338.0
2020-09-28 13:00:00,Saturn,1313.0
2020-09-28 14:00:00,Saturn,1280.0
2020-09-28 15:00:00,Saturn,1321.0
2020-09-28 16:00:00,Saturn,1214.0
2020-09-28 17:00:00,Saturn,1194.0
2020-09-28 18:00:00,Saturn,1180.0
2020-09-28 19:00:00,Saturn,1150.0
2020-09-28 20:00:00,Saturn,1145.0
2020-09-28 21:00:00,Saturn,1072.0
2020-09-28 22:00:00,Saturn,976.0
2020-09-28 23:00:00,Saturn,965.0
2020-09-29 00:00:00,Saturn,947.0
2020-09-29 01:00:00,Saturn,877.0
2020-09-29 02:00:00,Saturn,853.0
2020-09-29 03:00:00,Saturn,830.0
2020-09-29 04:00:00,Saturn,831.0
2020-09-29 05:00:00,Saturn,830.0
2020-09-29 06:00:00,Saturn,822.0
2020-09-29 07:00:00,Saturn,821.0
2020-09-29 08:00:00,Saturn,822.0
2020-09-29 09:00:00,Saturn,820.0
2020-09-29 10:00:00,Saturn,817.0
2020-09-29 11:00:00,Saturn,811.0
2020-09-29 12:00:00,Saturn,764.0
2020-09-29 13:00:00,Saturn,750.0
2020-09-29 14:00:00,Saturn,686.0
2020-09-29 15:00:00,Saturn,664.0
2020-09-29 16:00:00,Saturn,615.0
2020-09-29 17:00:00,Saturn,605.0
2020-09-29 18:00:00,Saturn,580.0
2020-09-29 19:00:00,Saturn,553.0
2020-09-29 20:00:00,Saturn,553.0
2020-09-29 21:00:00,Saturn,553.0
2020-09-29 22:00:00,Saturn,553.0
2020-09-29 23:00:00,Saturn,533.0
2020-09-30 00:00:00,Saturn,500.0
2020-09-30 01:00:00,Saturn,500.0
2020-09-30 02:00:00,Saturn,500.0
2020-09-30 03:00:00,Saturn,456.0
2020-09-30 04:00:00,Saturn,456.0
2020-09-30 05:00:00,Saturn,455.0
2020-09-30 06:00:00,Saturn,454.0
2020-09-30 07:00:00,Saturn,454.0
2020-09-30 08:00:00,Saturn,453.0
2020-09-30 09:00:00,Saturn,453.0
2020-09-30 10:00:00,Saturn,453.0
2020-09-30 11:00:00,Saturn,445.0
2020-09-30 12:00:00,Saturn,363.0
2020-09-30 13:00:00,Saturn,331.0
2020-09-30 14:00:00,Saturn,294.0
2020-09-30 15:00:00,Saturn,290.0
2020-09-30 16:00:00,Saturn,278.0
2020-09-30 17:00:00,Saturn,246.0
2020-09-30 18:00:00,Saturn,242.0
2020-09-30 19:00:00,Saturn,242.0
2020-09-30 20:00:00,Saturn,226.0
2020-09-30 21:00:00,Saturn,226.0
2020-09-30 22:00:00,Saturn,226.0
2020-09-30 23:00:00,Saturn,226.0
2020-10-01 00:00:00,Saturn,226.0
2020-10-01 01:00:00,Saturn,226.0
2020-10-01 02:00:00,Saturn,222.0
2020-10-01 03:00:00,Saturn,222.0
2020-10-01 04:00:00,Saturn,222.0
2020-10-01 05:00:00,Saturn,222.0
2020-10-01 06:00:00,Saturn,214.0
2020-10-01 07:00:00,Saturn,214.0
2020-10-01 08:00:00,Saturn,214.0
2020-10-01 09:00:00,Saturn,213.0
2020-10-01 10:00:00,Saturn,213.0
2020-10-01 11:00:00,Saturn,211.0
2020-10-01 12:00:00,Saturn,211.0
2020-10-01 13:00:00,Saturn,211.0
2020-10-01 14:00:00,Saturn,211.0
2020-10-01 15:00:00,Saturn,211.0
2020-10-01 16:00:00,Saturn,211.0
2020-10-01 17:00:00,Saturn,195.0
2020-10-01 18:00:00,Saturn,187.0
2020-10-01 19:00:00,Saturn,187.0
2020-10-01 20:00:00,Saturn,187.0
2020-10-01 21:00:00,Saturn,179.0
2020-10-01 22:00:00,Saturn,171.0
2020-10-01 23:00:00,Saturn,171.0
2020-10-02 00:00:00,Saturn,171.0
2020-10-02 01:00:00,Saturn,171.0
2020-10-02 02:00:00,Saturn,171.0
2020-10-02 03:00:00,Saturn,171.0
2020-10-02 04:00:00,Saturn,171.0
2020-10-02 05:00:00,Saturn,171.0
2020-10-02 06:00:00,Saturn,171.0
2020-10-02 07:00:00,Saturn,171.0
2020-10-02 08:00:00,Saturn,171.0
2020-10-02 09:00:00,Saturn,171.0
2020-10-02 10:00:00,Saturn,171.0
2020-10-02 11:00:00,Saturn,167.0
2020-10-02 12:00:00,Saturn,151.0
2020-10-02 13:00:00,Saturn,151.0
2020-10-02 14:00:00,Saturn,150.0
2020-10-02 15:00:00,Saturn,150.0
2020-10-02 16:00:00,Saturn,150.0
2020-10-02 17:00:00,Saturn,122.0
2020-10-02 18:00:00,Saturn,122.0
2020-10-02 19:00:00,Saturn,122.0
2020-10-02 20:00:00,Saturn,122.0
2020-10-02 21:00:00,Saturn,122.0
2020-10-02 22:00:00,Saturn,122.0
2020-10-02 23:00:00,Saturn,122.0
2020-10-03 00:00:00,Saturn,122.0
2020-10-03 01:00:00,Saturn,122.0
2020-10-03 02:00:00,Saturn,122.0
2020-10-03 03:00:00,Saturn,122.0
2020-10-03 04:00:00,Saturn,122.0
2020-10-03 05:00:00,Saturn,122.0
2020-10-03 06:00:00,Saturn,122.0
2020-10-03 07:00:00,Saturn,122.0
2020-10-03 08:00:00,Saturn,122.0
2020-10-03 09:00:00,Saturn,122.0
2020-10-03 10:00:00,Saturn,122.0
2020-10-03 11:00:00,Saturn,122.0
2020-10-03 12:00:00,Saturn,122.0
2020-10-03 13:00:00,Saturn,122.0
2020-10-03 14:00:00,Saturn,122.0
2020-10-03 15:00:00,Saturn,122.0
2020-10-03 16:00:00,Saturn,90.0
2020-10-03 17:00:00,Saturn,90.0
2020-10-03 18:00:00,Saturn,90.0
2020-10-03 19:00:00,Saturn,74.0
2020-10-03 20:00:00,Saturn,74.0
2020-10-03 21:00:00,Saturn,74.0
2020-10-03 22:00:00,Saturn,74.0
2020-10-03 23:00:00,Saturn,74.0
2020-10-04 00:00:00,Saturn,74.0
2020-10-04 01:00:00,Saturn,74.0
2020-10-04 02:00:00,Saturn,74.0
2020-10-04 03:00:00,Saturn,74.0
2020-10-04 04:00:00,Saturn,74.0
2020-10-04 05:00:00,Saturn,74.0
2020-10-04 06:00:00,Saturn,74.0
2020-10-04 07:00:00,Saturn,74.0
2020-10-04 08:00:00,Saturn,74.0
2020-10-04 09:00:00,Saturn,74.0
2020-10-04 10:00:00,Saturn,74.0
2020-10-04 11:00:00,Saturn,74.0
2020-10-04 12:00:00,Saturn,74.0
2020-10-04 13:00:00,Saturn,74.0
2020-10-04 14:00:00,Saturn,74.0
2020-10-04 15:00:00,Saturn,74.0
2020-10-04 16:00:00,Saturn,74.0
2020-10-04 17:00:00,Saturn,74.0
2020-10-04 18:00:00,Saturn,70.0
2020-10-04 19:00:00,Saturn,70.0
2020-10-04 20:00:00,Saturn,70.0
2020-10-04 21:00:00,Saturn,70.0
2020-10-04 22:00:00,Saturn,70.0
2020-10-04 23:00:00,Saturn,70.0
2020-10-05 00:00:00,Saturn,70.0
2020-10-05 01:00:00,Saturn,70.0
2020-10-05 02:00:00,Saturn,70.0
2020-10-05 03:00:00,Saturn,70.0
2020-10-05 04:00:00,Saturn,70.0
2020-10-05 05:00:00,Saturn,70.0
2020-10-05 06:00:00,Saturn,70.0
2020-10-05 07:00:00,Saturn,70.0
2020-10-05 08:00:00,Saturn,70.0
2020-10-05 09:00:00,Saturn,70.0
2020-10-05 10:00:00,Saturn,70.0
2020-10-05 11:00:00,Saturn,70.0
2020-10-05 12:00:00,Saturn,70.0
2020-10-05 13:00:00,Saturn,70.0
2020-10-05 14:00:00,Saturn,70.0
2020-10-05 15:00:00,Saturn,70.0
2020-10-05 16:00:00,Saturn,54.0
2020-10-05 17:00:00,Saturn,54.0
2020-10-05 18:00:00,Saturn,54.0
2020-10-05 19:00:00,Saturn,54.0
2020-10-05 20:00:00,Saturn,54.0
2020-10-05 21:00:00,Saturn,54.0
2020-10-05 22:00:00,Saturn,54.0
2020-10-05 23:00:00,Saturn,54.0
2020-10-06 00:00:00,Saturn,54.0
2020-10-06 01:00:00,Saturn,54.0
2020-10-06 02:00:00,Saturn,54.0
2020-10-06 03:00:00,Saturn,54.0
2020-10-06 04:00:00,Saturn,54.0
2020-10-06 05:00:00,Saturn,54.0
2020-10-06 06:00:00,Saturn,54.0
2020-10-06 07:00:00,Saturn,54.0
2020-10-06 08:00:00,Saturn,54.0
2020-10-06 09:00:00,Saturn,54.0
2020-10-06 10:00:00,Saturn,54.0
2020-10-06 11:00:00,Saturn,46.0
2020-10-06 12:00:00,Saturn,46.0
2020-10-06 13:00:00,Saturn,46.0
2020-10-06 14:00:00,Saturn,46.0
2020-10-06 15:00:00,Saturn,30.0
2020-10-06 16:00:00,Saturn,29.0
2020-10-06 17:00:00,Saturn,29.0
2020-10-06 18:00:00,Saturn,29.0
2020-10-06 19:00:00,Saturn,29.0
2020-10-06 20:00:00,Saturn,29.0
2020-10-06 21:00:00,Saturn,29.0
2020-10-06 22:00:00,Saturn,29.0
2020-10-06 23:00:00,Saturn,29.0
2020-10-07 00:00:00,Saturn,29.0
2020-10-07 01:00:00,Saturn,29.0
2020-10-07 02:00:00,Saturn,29.0
2020-10-07 03:00:00,Saturn,29.0
2020-10-07 04:00:00,Saturn,29.0
2020-10-07 05:00:00,Saturn,29.0
2020-10-07 06:00:00,Saturn,29.0
2020-10-07 07:00:00,Saturn,29.0
2020-10-07 08:00:00,Saturn,29.0
2020-10-07 09:00:00,Saturn,29.0
2020-10-07 10:00:00,Saturn,29.0
2020-10-07 11:00:00,Saturn,29.0
2020-10-07 12:00:00,Saturn,29.0
2020-10-07 13:00:00,Saturn,29.0
2020-10-07 14:00:00,Saturn,29.0
2020-10-07 15:00:00,Saturn,29.0
2020-10-07 16:00:00,Saturn,29.0
2020-10-07 17:00:00,Saturn,29.0
2020-10-07 18:00:00,Saturn,29.0
2020-10-07 19:00:00,Saturn,29.0
2020-10-07 20:00:00,Saturn,29.0
2020-10-07 21:00:00,Saturn,29.0
2020-10-07 22:00:00,Saturn,21.0
2020-10-07 23:00:00,Saturn,21.0
2020-10-08 00:00:00,Saturn,21.0
2020-10-08 01:00:00,Saturn,21.0
2020-10-08 02:00:00,Saturn,21.0
2020-10-08 03:00:00,Saturn,21.0
2020-10-08 04:00:00,Saturn,21.0
2020-10-08 05:00:00,Saturn,21.0
2020-10-08 06:00:00,Saturn,21.0
2020-10-08 07:00:00,Saturn,21.0
2020-10-08 08:00:00,Saturn,20.0
2020-10-08 09:00:00,Saturn,17.0
2020-10-08 10:00:00,Saturn,17.0
2020-10-08 11:00:00,Saturn,17.0
2020-10-08 12:00:00,Saturn,17.0
2020-10-08 13:00:00,Saturn,17.0
2020-10-08 14:00:00,Saturn,17.0
2020-10-08 15:00:00,Saturn,17.0
2020-10-08 16:00:00,Saturn,17.0
2020-10-08 17:00:00,Saturn,17.0
2020-10-08 18:00:00,Saturn,17.0
2020-10-08 19:00:00,Saturn,17.0
2020-10-08 20:00:00,Saturn,16.0
2020-10-08 21:00:00,Saturn,16.0
2020-10-08 22:00:00,Saturn,16.0
2020-10-08 23:00:00,Saturn,16.0
2020-10-09 00:00:00,Saturn,16.0
2020-10-09 01:00:00,Saturn,16.0
2020-10-09 02:00:00,Saturn,16.0
2020-10-09 03:00:00,Saturn,16.0
2020-10-09 04:00:00,Saturn,16.0
2020-10-09 05:00:00,Saturn,16.0
2020-10-09 06:00:00,Saturn,16.0
2020-10-09 07:00:00,Saturn,16.0
2020-10-09 08:00:00,Saturn,16.0
2020-10-09 09:00:00,Saturn,16.0
2020-10-09 10:00:00,Saturn,16.0
2020-10-09 11:00:00,Saturn,16.0
2020-10-09 12:00:00,Saturn,16.0
2020-10-09 13:00:00,Saturn,16.0
2020-10-09 14:00:00,Saturn,16.0
2020-10-09 15:00:00,Saturn,16.0
2020-10-09 16:00:00,Saturn,16.0
2020-10-09 17:00:00,Saturn,16.0
2020-10-09 18:00:00,Saturn,16.0
2020-10-09 19:00:00,Saturn,16.0
2020-10-09 20:00:00,Saturn,16.0
2020-10-09 21:00:00,Saturn,0.0
2020-03-22 10:00:00,Uranus,1.0
2020-03-22 11:00:00,Uranus,1.0
2020-03-22 12:00:00,Uranus,1.0
2020-03-22 13:00:00,Uranus,1.0
2020-03-22 14:00:00,Uranus,1.0
2020-03-22 15:00:00,Uranus,1.0
2020-03-22 16:00:00,Uranus,1.0
2020-03-22 17:00:00,Uranus,1.0
2020-03-22 18:00:00,Uranus,1.0
2020-03-22 19:00:00,Uranus,1.0
2020-03-22 20:00:00,Uranus,1.0
2020-03-22 21:00:00,Uranus,1.0
2020-03-22 22:00:00,Uranus,1.0
2020-03-22 23:00:00,Uranus,1.0
2020-03-23 00:00:00,Uranus,1.0
2020-03-23 01:00:00,Uranus,41.0
2020-03-23 02:00:00,Uranus,41.0
2020-03-23 03:00:00,Uranus,41.0
2020-03-23 04:00:00,Uranus,41.0
2020-03-23 05:00:00,Uranus,41.0
2020-03-23 06:00:00,Uranus,41.0
2020-03-23 07:00:00,Uranus,49.0
2020-03-23 08:00:00,Uranus,49.0
2020-03-23 09:00:00,Uranus,49.0
2020-03-23 10:00:00,Uranus,57.0
2020-03-23 11:00:00,Uranus,57.0
2020-03-23 12:00:00,Uranus,57.0
2020-03-23 13:00:00,Uranus,57.0
2020-03-23 14:00:00,Uranus,57.0
2020-03-23 15:00:00,Uranus,73.0
2020-03-23 16:00:00,Uranus,73.0
2020-03-23 17:00:00,Uranus,97.0
2020-03-23 18:00:00,Uranus,97.0
2020-03-23 19:00:00,Uranus,97.0
2020-03-23 20:00:00,Uranus,97.0
2020-03-23 21:00:00,Uranus,97.0
2020-03-23 22:00:00,Uranus,97.0
2020-03-23 23:00:00,Uranus,97.0
2020-03-24 00:00:00,Uranus,97.0
2020-03-24 01:00:00,Uranus,129.0
2020-03-24 02:00:00,Uranus,129.0
2020-03-24 03:00:00,Uranus,129.0
2020-03-24 04:00:00,Uranus,129.0
2020-03-24 05:00:00,Uranus,129.0
2020-03-24 06:00:00,Uranus,129.0
2020-03-24 07:00:00,Uranus,129.0
2020-03-24 08:00:00,Uranus,129.0
2020-03-24 09:00:00,Uranus,129.0
2020-03-24 10:00:00,Uranus,129.0
2020-03-24 11:00:00,Uranus,129.0
2020-03-24 12:00:00,Uranus,129.0
2020-03-24 13:00:00,Uranus,130.0
2020-03-24 14:00:00,Uranus,130.0
2020-03-24 15:00:00,Uranus,130.0
2020-03-24 16:00:00,Uranus,130.0
2020-03-24 17:00:00,Uranus,130.0
2020-03-24 18:00:00,Uranus,130.0
2020-03-24 19:00:00,Uranus,130.0
2020-03-24 20:00:00,Uranus,130.0
2020-03-24 21:00:00,Uranus,130.0
2020-03-24 22:00:00,Uranus,130.0
2020-03-24 23:00:00,Uranus,130.0
2020-03-25 00:00:00,Uranus,130.0
2020-03-25 01:00:00,Uranus,130.0
2020-03-25 02:00:00,Uranus,130.0
2020-03-25 03:00:00,Uranus,162.0
2020-03-25 04:00:00,Uranus,194.0
2020-03-25 05:00:00,Uranus,194.0
2020-03-25 06:00:00,Uranus,194.0
2020-03-25 07:00:00,Uranus,194.0
2020-03-25 08:00:00,Uranus,194.0
2020-03-25 09:00:00,Uranus,194.0
2020-03-25 10:00:00,Uranus,194.0
2020-03-25 11:00:00,Uranus,194.0
2020-03-25 12:00:00,Uranus,194.0
2020-03-25 13:00:00,Uranus,194.0
2020-03-25 14:00:00,Uranus,194.0
2020-03-25 15:00:00,Uranus,194.0
2020-03-25 16:00:00,Uranus,202.0
2020-03-25 17:00:00,Uranus,202.0
2020-03-25 18:00:00,Uranus,202.0
2020-03-25 19:00:00,Uranus,202.0
2020-03-25 20:00:00,Uranus,202.0
2020-03-25 21:00:00,Uranus,202.0
2020-03-25 22:00:00,Uranus,210.0
2020-03-25 23:00:00,Uranus,234.0
2020-03-26 00:00:00,Uranus,234.0
2020-03-26 01:00:00,Uranus,266.0
2020-03-26 02:00:00,Uranus,306.0
2020-03-26 03:00:00,Uranus,314.0
2020-03-26 04:00:00,Uranus,346.0
2020-03-26 05:00:00,Uranus,346.0
2020-03-26 06:00:00,Uranus,346.0
2020-03-26 07:00:00,Uranus,346.0
2020-03-26 08:00:00,Uranus,346.0
2020-03-26 09:00:00,Uranus,346.0
2020-03-26 10:00:00,Uranus,346.0
2020-03-26 11:00:00,Uranus,346.0
2020-03-26 12:00:00,Uranus,346.0
2020-03-26 13:00:00,Uranus,346.0
2020-03-26 14:00:00,Uranus,370.0
2020-03-26 15:00:00,Uranus,386.0
2020-03-26 16:00:00,Uranus,390.0
2020-03-26 17:00:00,Uranus,390.0
2020-03-26 18:00:00,Uranus,390.0
2020-03-26 19:00:00,Uranus,390.0
2020-03-26 20:00:00,Uranus,398.0
2020-03-26 21:00:00,Uranus,434.0
2020-03-26 22:00:00,Uranus,450.0
2020-03-26 23:00:00,Uranus,462.0
2020-03-27 00:00:00,Uranus,462.0
2020-03-27 01:00:00,Uranus,470.0
2020-03-27 02:00:00,Uranus,470.0
2020-03-27 03:00:00,Uranus,470.0
2020-03-27 04:00:00,Uranus,470.0
2020-03-27 05:00:00,Uranus,470.0
2020-03-27 06:00:00,Uranus,470.0
2020-03-27 07:00:00,Uranus,470.0
2020-03-27 08:00:00,Uranus,470.0
2020-03-27 09:00:00,Uranus,478.0
2020-03-27 10:00:00,Uranus,502.0
2020-03-27 11:00:00,Uranus,510.0
2020-03-27 12:00:00,Uranus,518.0
2020-03-27 13:00:00,Uranus,526.0
2020-03-27 14:00:00,Uranus,526.0
2020-03-27 15:00:00,Uranus,526.0
2020-03-27 16:00:00,Uranus,542.0
2020-03-27 17:00:00,Uranus,554.0
2020-03-27 18:00:00,Uranus,554.0
2020-03-27 19:00:00,Uranus,554.0
2020-03-27 20:00:00,Uranus,554.0
2020-03-27 21:00:00,Uranus,554.0
2020-03-27 22:00:00,Uranus,554.0
2020-03-27 23:00:00,Uranus,554.0
2020-03-28 00:00:00,Uranus,562.0
2020-03-28 01:00:00,Uranus,562.0
2020-03-28 02:00:00,Uranus,562.0
2020-03-28 03:00:00,Uranus,562.0
2020-03-28 04:00:00,Uranus,578.0
2020-03-28 05:00:00,Uranus,578.0
2020-03-28 06:00:00,Uranus,578.0
2020-03-28 07:00:00,Uranus,578.0
2020-03-28 08:00:00,Uranus,578.0
2020-03-28 09:00:00,Uranus,578.0
2020-03-28 10:00:00,Uranus,578.0
2020-03-28 11:00:00,Uranus,578.0
2020-03-28 12:00:00,Uranus,578.0
2020-03-28 13:00:00,Uranus,578.0
2020-03-28 14:00:00,Uranus,578.0
2020-03-28 15:00:00,Uranus,578.0
2020-03-28 16:00:00,Uranus,578.0
2020-03-28 17:00:00,Uranus,578.0
2020-03-28 18:00:00,Uranus,578.0
2020-03-28 19:00:00,Uranus,578.0
2020-03-28 20:00:00,Uranus,578.0
2020-03-28 21:00:00,Uranus,578.0
2020-03-28 22:00:00,Uranus,578.0
2020-03-28 23:00:00,Uranus,578.0
2020-03-29 00:00:00,Uranus,578.0
2020-03-29 01:00:00,Uranus,578.0
2020-03-29 02:00:00,Uranus,578.0
2020-03-29 03:00:00,Uranus,578.0
2020-03-29 04:00:00,Uranus,578.0
2020-03-29 05:00:00,Uranus,578.0
2020-03-29 06:00:00,Uranus,578.0
2020-03-29 07:00:00,Uranus,578.0
2020-03-29 08:00:00,Uranus,578.0
2020-03-29 09:00:00,Uranus,578.0
2020-03-29 10:00:00,Uranus,579.0
2020-03-29 11:00:00,Uranus,579.0
2020-03-29 12:00:00,Uranus,579.0
2020-03-29 13:00:00,Uranus,619.0
2020-03-29 14:00:00,Uranus,619.0
2020-03-29 15:00:00,Uranus,619.0
2020-03-29 16:00:00,Uranus,627.0
2020-03-29 17:00:00,Uranus,627.0
2020-03-29 18:00:00,Uranus,627.0
2020-03-29 19:00:00,Uranus,627.0
2020-03-29 20:00:00,Uranus,627.0
2020-03-29 21:00:00,Uranus,635.0
2020-03-29 22:00:00,Uranus,635.0
2020-03-29 23:00:00,Uranus,635.0
2020-03-30 00:00:00,Uranus,635.0
2020-03-30 01:00:00,Uranus,635.0
2020-03-30 02:00:00,Uranus,635.0
2020-03-30 03:00:00,Uranus,635.0
2020-03-30 04:00:00,Uranus,635.0
2020-03-30 05:00:00,Uranus,651.0
2020-03-30 06:00:00,Uranus,651.0
2020-03-30 07:00:00,Uranus,651.0
2020-03-30 08:00:00,Uranus,651.0
2020-03-30 09:00:00,Uranus,659.0
2020-03-30 10:00:00,Uranus,667.0
2020-03-30 11:00:00,Uranus,667.0
2020-03-30 12:00:00,Uranus,676.0
2020-03-30 13:00:00,Uranus,678.0
2020-03-30 14:00:00,Uranus,702.0
2020-03-30 15:00:00,Uranus,722.0
2020-03-30 16:00:00,Uranus,722.0
2020-03-30 17:00:00,Uranus,730.0
2020-03-30 18:00:00,Uranus,740.0
2020-03-30 19:00:00,Uranus,742.0
2020-03-30 20:00:00,Uranus,775.0
2020-03-30 21:00:00,Uranus,776.0
2020-03-30 22:00:00,Uranus,800.0
2020-03-30 23:00:00,Uranus,808.0
2020-03-31 00:00:00,Uranus,876.0
2020-03-31 01:00:00,Uranus,900.0
2020-03-31 02:00:00,Uranus,902.0
2020-03-31 03:00:00,Uranus,918.0
2020-03-31 04:00:00,Uranus,926.0
2020-03-31 05:00:00,Uranus,926.0
2020-03-31 06:00:00,Uranus,934.0
2020-03-31 07:00:00,Uranus,934.0
2020-03-31 08:00:00,Uranus,970.0
2020-03-31 09:00:00,Uranus,986.0
2020-03-31 10:00:00,Uranus,1073.0
2020-03-31 11:00:00,Uranus,1093.0
2020-03-31 12:00:00,Uranus,1117.0
2020-03-31 13:00:00,Uranus,1157.0
2020-03-31 14:00:00,Uranus,1181.0
2020-03-31 15:00:00,Uranus,1186.0
2020-03-31 16:00:00,Uranus,1216.0
2020-03-31 17:00:00,Uranus,1260.0
2020-03-31 18:00:00,Uranus,1331.0
2020-03-31 19:00:00,Uranus,1371.0
2020-03-31 20:00:00,Uranus,1482.0
2020-03-31 21:00:00,Uranus,1582.0
2020-03-31 22:00:00,Uranus,1654.0
2020-03-31 23:00:00,Uranus,1706.0
2020-04-01 00:00:00,Uranus,1962.0
2020-04-01 01:00:00,Uranus,1783.0
2020-04-01 02:00:00,Uranus,1901.0
2020-04-01 03:00:00,Uranus,1879.0
2020-04-01 04:00:00,Uranus,1974.0
2020-04-01 05:00:00,Uranus,1830.0
2020-04-01 06:00:00,Uranus,1693.0
2020-04-01 07:00:00,Uranus,1708.0
2020-04-01 08:00:00,Uranus,1753.0
2020-04-01 09:00:00,Uranus,1802.0
2020-04-01 10:00:00,Uranus,1835.0
2020-04-01 11:00:00,Uranus,2085.0
2020-04-01 12:00:00,Uranus,2223.0
2020-04-01 13:00:00,Uranus,2193.0
2020-04-01 14:00:00,Uranus,2237.0
2020-04-01 15:00:00,Uranus,2401.0
2020-04-01 16:00:00,Uranus,2571.0
2020-04-01 17:00:00,Uranus,2286.0
2020-04-01 18:00:00,Uranus,2504.0
2020-04-01 19:00:00,Uranus,2276.0
2020-04-01 20:00:00,Uranus,2163.0
2020-04-01 21:00:00,Uranus,2104.0
2020-04-01 22:00:00,Uranus,2157.0
2020-04-01 23:00:00,Uranus,2145.0
2020-04-02 00:00:00,Uranus,2153.0
2020-04-02 01:00:00,Uranus,2115.0
2020-04-02 02:00:00,Uranus,1997.0
2020-04-02 03:00:00,Uranus,2079.0
2020-04-02 04:00:00,Uranus,1882.0
2020-04-02 05:00:00,Uranus,1815.0
2020-04-02 06:00:00,Uranus,1916.0
2020-04-02 07:00:00,Uranus,1886.0
2020-04-02 08:00:00,Uranus,1880.0
2020-04-02 09:00:00,Uranus,2035.0
2020-04-02 10:00:00,Uranus,2338.0
2020-04-02 11:00:00,Uranus,2232.0
2020-04-02 12:00:00,Uranus,2162.0
2020-04-02 13:00:00,Uranus,2338.0
2020-04-02 14:00:00,Uranus,2413.0
2020-04-02 15:00:00,Uranus,2349.0
2020-04-02 16:00:00,Uranus,2438.0
2020-04-02 17:00:00,Uranus,2572.0
2020-04-02 18:00:00,Uranus,2445.0
2020-04-02 19:00:00,Uranus,2544.0
2020-04-02 20:00:00,Uranus,2203.0
2020-04-02 21:00:00,Uranus,2173.0
2020-04-02 22:00:00,Uranus,2194.0
2020-04-02 23:00:00,Uranus,2160.0
2020-04-03 00:00:00,Uranus,2197.0
2020-04-03 01:00:00,Uranus,2197.0
2020-04-03 02:00:00,Uranus,2101.0
2020-04-03 03:00:00,Uranus,1749.0
2020-04-03 04:00:00,Uranus,1864.0
2020-04-03 05:00:00,Uranus,1799.0
2020-04-03 06:00:00,Uranus,1831.0
2020-04-03 07:00:00,Uranus,1809.0
2020-04-03 08:00:00,Uranus,1860.0
2020-04-03 09:00:00,Uranus,2114.0
2020-04-03 10:00:00,Uranus,2228.0
2020-04-03 11:00:00,Uranus,2425.0
2020-04-03 12:00:00,Uranus,2179.0
2020-04-03 13:00:00,Uranus,2446.0
2020-04-03 14:00:00,Uranus,2546.0
2020-04-03 15:00:00,Uranus,2547.0
2020-04-03 16:00:00,Uranus,2291.0
2020-04-03 17:00:00,Uranus,2155.0
2020-04-03 18:00:00,Uranus,2220.0
2020-04-03 19:00:00,Uranus,2153.0
2020-04-03 20:00:00,Uranus,2193.0
2020-04-03 21:00:00,Uranus,2157.0
2020-04-03 22:00:00,Uranus,2221.0
2020-04-03 23:00:00,Uranus,2027.0
2020-04-04 00:00:00,Uranus,2508.0
2020-04-04 01:00:00,Uranus,2229.0
2020-04-04 02:00:00,Uranus,2137.0
2020-04-04 03:00:00,Uranus,2144.0
2020-04-04 04:00:00,Uranus,2069.0
2020-04-04 05:00:00,Uranus,2069.0
2020-04-04 06:00:00,Uranus,2085.0
2020-04-04 07:00:00,Uranus,2066.0
2020-04-04 08:00:00,Uranus,1989.0
2020-04-04 09:00:00,Uranus,2186.0
2020-04-04 10:00:00,Uranus,2107.0
2020-04-04 11:00:00,Uranus,2222.0
2020-04-04 12:00:00,Uranus,2045.0
2020-04-04 13:00:00,Uranus,2022.0
2020-04-04 14:00:00,Uranus,2002.0
2020-04-04 15:00:00,Uranus,2039.0
2020-04-04 16:00:00,Uranus,2057.0
2020-04-04 17:00:00,Uranus,2282.0
2020-04-04 18:00:00,Uranus,1922.0
2020-04-04 19:00:00,Uranus,1898.0
2020-04-04 20:00:00,Uranus,1940.0
2020-04-04 21:00:00,Uranus,1988.0
2020-04-04 22:00:00,Uranus,1853.0
2020-04-04 23:00:00,Uranus,1814.0
2020-04-05 00:00:00,Uranus,1855.0
2020-04-05 01:00:00,Uranus,1835.0
2020-04-05 02:00:00,Uranus,1944.0
2020-04-05 03:00:00,Uranus,1739.0
2020-04-05 04:00:00,Uranus,1757.0
2020-04-05 05:00:00,Uranus,1718.0
2020-04-05 06:00:00,Uranus,1691.0
2020-04-05 07:00:00,Uranus,1734.0
2020-04-05 08:00:00,Uranus,1783.0
2020-04-05 09:00:00,Uranus,1731.0
2020-04-05 10:00:00,Uranus,1740.0
2020-04-05 11:00:00,Uranus,1700.0
2020-04-05 12:00:00,Uranus,1880.0
2020-04-05 13:00:00,Uranus,2019.0
2020-04-05 14:00:00,Uranus,2072.0
2020-04-05 15:00:00,Uranus,2703.0
2020-04-05 16:00:00,Uranus,2023.0
2020-04-05 17:00:00,Uranus,2104.0
2020-04-05 18:00:00,Uranus,2065.0
2020-04-05 19:00:00,Uranus,1949.0
2020-04-05 20:00:00,Uranus,2066.0
2020-04-05 21:00:00,Uranus,2474.0
2020-04-05 22:00:00,Uranus,2193.0
2020-04-05 23:00:00,Uranus,2569.0
2020-04-06 00:00:00,Uranus,2552.0
2020-04-06 01:00:00,Uranus,2152.0
2020-04-06 02:00:00,Uranus,1965.0
2020-04-06 03:00:00,Uranus,1905.0
2020-04-06 04:00:00,Uranus,1873.0
2020-04-06 05:00:00,Uranus,1864.0
2020-04-06 06:00:00,Uranus,1920.0
2020-04-06 07:00:00,Uranus,1872.0
2020-04-06 08:00:00,Uranus,1913.0
2020-04-06 09:00:00,Uranus,2247.0
2020-04-06 10:00:00,Uranus,2002.0
2020-04-06 11:00:00,Uranus,2068.0
2020-04-06 12:00:00,Uranus,2070.0
2020-04-06 13:00:00,Uranus,2128.0
2020-04-06 14:00:00,Uranus,2161.0
2020-04-06 15:00:00,Uranus,2072.0
2020-04-06 16:00:00,Uranus,2368.0
2020-04-06 17:00:00,Uranus,2448.0
2020-04-06 18:00:00,Uranus,2549.0
2020-04-06 19:00:00,Uranus,2279.0
2020-04-06 20:00:00,Uranus,2453.0
2020-04-06 21:00:00,Uranus,2510.0
2020-04-06 22:00:00,Uranus,2382.0
2020-04-06 23:00:00,Uranus,2061.0
2020-04-07 00:00:00,Uranus,2119.0
2020-04-07 01:00:00,Uranus,2010.0
2020-04-07 02:00:00,Uranus,1929.0
2020-04-07 03:00:00,Uranus,1868.0
2020-04-07 04:00:00,Uranus,1909.0
2020-04-07 05:00:00,Uranus,1996.0
2020-04-07 06:00:00,Uranus,1908.0
2020-04-07 07:00:00,Uranus,1840.0
2020-04-07 08:00:00,Uranus,1830.0
2020-04-07 09:00:00,Uranus,1945.0
2020-04-07 10:00:00,Uranus,2014.0
2020-04-07 11:00:00,Uranus,2208.0
2020-04-07 12:00:00,Uranus,2555.0
2020-04-07 13:00:00,Uranus,2425.0
2020-04-07 14:00:00,Uranus,2244.0
2020-04-07 15:00:00,Uranus,2633.0
2020-04-07 16:00:00,Uranus,2661.0
2020-04-07 17:00:00,Uranus,2362.0
2020-04-07 18:00:00,Uranus,2218.0
2020-04-07 19:00:00,Uranus,2188.0
2020-04-07 20:00:00,Uranus,2048.0
2020-04-07 21:00:00,Uranus,2328.0
2020-04-07 22:00:00,Uranus,2442.0
2020-04-07 23:00:00,Uranus,1957.0
2020-04-08 00:00:00,Uranus,1870.0
2020-04-08 01:00:00,Uranus,1851.0
2020-04-08 02:00:00,Uranus,1835.0
2020-04-08 03:00:00,Uranus,1923.0
2020-04-08 04:00:00,Uranus,1861.0
2020-04-08 05:00:00,Uranus,1673.0
2020-04-08 06:00:00,Uranus,1774.0
2020-04-08 07:00:00,Uranus,1789.0
2020-04-08 08:00:00,Uranus,1785.0
2020-04-08 09:00:00,Uranus,1888.0
2020-04-08 10:00:00,Uranus,2239.0
2020-04-08 11:00:00,Uranus,2372.0
2020-04-08 12:00:00,Uranus,2106.0
2020-04-08 13:00:00,Uranus,2326.0
2020-04-08 14:00:00,Uranus,2232.0
2020-04-08 15:00:00,Uranus,2495.0
2020-04-08 16:00:00,Uranus,2236.0
2020-04-08 17:00:00,Uranus,2086.0
2020-04-08 18:00:00,Uranus,2098.0
2020-04-08 19:00:00,Uranus,2242.0
2020-04-08 20:00:00,Uranus,2294.0
2020-04-08 21:00:00,Uranus,2272.0
2020-04-08 22:00:00,Uranus,2227.0
2020-04-08 23:00:00,Uranus,2070.0
2020-04-09 00:00:00,Uranus,1997.0
2020-04-09 01:00:00,Uranus,1994.0
2020-04-09 02:00:00,Uranus,1839.0
2020-04-09 03:00:00,Uranus,1928.0
2020-04-09 04:00:00,Uranus,1907.0
2020-04-09 05:00:00,Uranus,1792.0
2020-04-09 06:00:00,Uranus,1802.0
2020-04-09 07:00:00,Uranus,1763.0
2020-04-09 08:00:00,Uranus,1740.0
2020-04-09 09:00:00,Uranus,1851.0
2020-04-09 10:00:00,Uranus,2193.0
2020-04-09 11:00:00,Uranus,2790.0
2020-04-09 12:00:00,Uranus,1969.0
2020-04-09 13:00:00,Uranus,2037.0
2020-04-09 14:00:00,Uranus,2693.0
2020-04-09 15:00:00,Uranus,2981.0
2020-04-09 16:00:00,Uranus,2545.0
2020-04-09 17:00:00,Uranus,2458.0
2020-04-09 18:00:00,Uranus,2265.0
2020-04-09 19:00:00,Uranus,2455.0
2020-04-09 20:00:00,Uranus,2390.0
2020-04-09 21:00:00,Uranus,2425.0
2020-04-09 22:00:00,Uranus,2151.0
2020-04-09 23:00:00,Uranus,2481.0
2020-04-10 00:00:00,Uranus,2125.0
2020-04-10 01:00:00,Uranus,2090.0
2020-04-10 02:00:00,Uranus,2019.0
2020-04-10 03:00:00,Uranus,2036.0
2020-04-10 04:00:00,Uranus,2033.0
2020-04-10 05:00:00,Uranus,1920.0
2020-04-10 06:00:00,Uranus,1840.0
2020-04-10 07:00:00,Uranus,1840.0
2020-04-10 08:00:00,Uranus,1719.0
2020-04-10 09:00:00,Uranus,1964.0
2020-04-10 10:00:00,Uranus,2187.0
2020-04-10 11:00:00,Uranus,2536.0
2020-04-10 12:00:00,Uranus,2310.0
2020-04-10 13:00:00,Uranus,2574.0
2020-04-10 14:00:00,Uranus,2381.0
2020-04-10 15:00:00,Uranus,2624.0
2020-04-10 16:00:00,Uranus,2644.0
2020-04-10 17:00:00,Uranus,2772.0
2020-04-10 18:00:00,Uranus,2200.0
2020-04-10 19:00:00,Uranus,2168.0
2020-04-10 20:00:00,Uranus,2475.0
2020-04-10 21:00:00,Uranus,3521.0
2020-04-10 22:00:00,Uranus,2342.0
2020-04-10 23:00:00,Uranus,1997.0
2020-04-11 00:00:00,Uranus,2038.0
2020-04-11 01:00:00,Uranus,2089.0
2020-04-11 02:00:00,Uranus,2103.0
2020-04-11 03:00:00,Uranus,2267.0
2020-04-11 04:00:00,Uranus,2246.0
2020-04-11 05:00:00,Uranus,2276.0
2020-04-11 06:00:00,Uranus,1798.0
2020-04-11 07:00:00,Uranus,1788.0
2020-04-11 08:00:00,Uranus,1789.0
2020-04-11 09:00:00,Uranus,1593.0
2020-04-11 10:00:00,Uranus,1722.0
2020-04-11 11:00:00,Uranus,1951.0
2020-04-11 12:00:00,Uranus,1917.0
2020-04-11 13:00:00,Uranus,2206.0
2020-04-11 14:00:00,Uranus,2173.0
2020-04-11 15:00:00,Uranus,2116.0
2020-04-11 16:00:00,Uranus,2346.0
2020-04-11 17:00:00,Uranus,2188.0
2020-04-11 18:00:00,Uranus,2224.0
2020-04-11 19:00:00,Uranus,2740.0
2020-04-11 20:00:00,Uranus,2697.0
2020-04-11 21:00:00,Uranus,2575.0
2020-04-11 22:00:00,Uranus,2770.0
2020-04-11 23:00:00,Uranus,2482.0
2020-04-12 00:00:00,Uranus,2053.0
2020-04-12 01:00:00,Uranus,1790.0
2020-04-12 02:00:00,Uranus,1720.0
2020-04-12 03:00:00,Uranus,1817.0
2020-04-12 04:00:00,Uranus,1840.0
2020-04-12 05:00:00,Uranus,1646.0
2020-04-12 06:00:00,Uranus,1659.0
2020-04-12 07:00:00,Uranus,1689.0
2020-04-12 08:00:00,Uranus,1711.0
2020-04-12 09:00:00,Uranus,1704.0
2020-04-12 10:00:00,Uranus,1984.0
2020-04-12 11:00:00,Uranus,2318.0
2020-04-12 12:00:00,Uranus,1983.0
2020-04-12 13:00:00,Uranus,2045.0
2020-04-12 14:00:00,Uranus,1992.0
2020-04-12 15:00:00,Uranus,2067.0
2020-04-12 16:00:00,Uranus,2088.0
2020-04-12 17:00:00,Uranus,2324.0
2020-04-12 18:00:00,Uranus,1977.0
2020-04-12 19:00:00,Uranus,1807.0
2020-04-12 20:00:00,Uranus,2054.0
2020-04-12 21:00:00,Uranus,1701.0
2020-04-12 22:00:00,Uranus,1966.0
2020-04-12 23:00:00,Uranus,1871.0
2020-04-13 00:00:00,Uranus,1795.0
2020-04-13 01:00:00,Uranus,1719.0
2020-04-13 02:00:00,Uranus,1847.0
2020-04-13 03:00:00,Uranus,2066.0
2020-04-13 04:00:00,Uranus,1690.0
2020-04-13 05:00:00,Uranus,1598.0
2020-04-13 06:00:00,Uranus,1559.0
2020-04-13 07:00:00,Uranus,1488.0
2020-04-13 08:00:00,Uranus,1686.0
2020-04-13 09:00:00,Uranus,1767.0
2020-04-13 10:00:00,Uranus,2265.0
2020-04-13 11:00:00,Uranus,2384.0
2020-04-13 12:00:00,Uranus,2464.0
2020-04-13 13:00:00,Uranus,2551.0
2020-04-13 14:00:00,Uranus,2588.0
2020-04-13 15:00:00,Uranus,2576.0
2020-04-13 16:00:00,Uranus,2582.0
2020-04-13 17:00:00,Uranus,2816.0
2020-04-13 18:00:00,Uranus,2372.0
2020-04-13 19:00:00,Uranus,2785.0
2020-04-13 20:00:00,Uranus,2646.0
2020-04-13 21:00:00,Uranus,2935.0
2020-04-13 22:00:00,Uranus,2708.0
2020-04-13 23:00:00,Uranus,2693.0
2020-04-14 00:00:00,Uranus,2436.0
2020-04-14 01:00:00,Uranus,2433.0
2020-04-14 02:00:00,Uranus,2179.0
2020-04-14 03:00:00,Uranus,2269.0
2020-04-14 04:00:00,Uranus,2290.0
2020-04-14 05:00:00,Uranus,2157.0
2020-04-14 06:00:00,Uranus,2079.0
2020-04-14 07:00:00,Uranus,1890.0
2020-04-14 08:00:00,Uranus,1896.0
2020-04-14 09:00:00,Uranus,2330.0
2020-04-14 10:00:00,Uranus,1946.0
2020-04-14 11:00:00,Uranus,2889.0
2020-04-14 12:00:00,Uranus,2289.0
2020-04-14 13:00:00,Uranus,2085.0
2020-04-14 14:00:00,Uranus,2174.0
2020-04-14 15:00:00,Uranus,2565.0
2020-04-14 16:00:00,Uranus,2659.0
2020-04-14 17:00:00,Uranus,2462.0
2020-04-14 18:00:00,Uranus,2519.0
2020-04-14 19:00:00,Uranus,2955.0
2020-04-14 20:00:00,Uranus,2407.0
2020-04-14 21:00:00,Uranus,2593.0
2020-04-14 22:00:00,Uranus,2395.0
2020-04-14 23:00:00,Uranus,2462.0
2020-04-15 00:00:00,Uranus,2051.0
2020-04-15 01:00:00,Uranus,1954.0
2020-04-15 02:00:00,Uranus,1952.0
2020-04-15 03:00:00,Uranus,1872.0
2020-04-15 04:00:00,Uranus,1978.0
2020-04-15 05:00:00,Uranus,1977.0
2020-04-15 06:00:00,Uranus,1922.0
2020-04-15 07:00:00,Uranus,1947.0
2020-04-15 08:00:00,Uranus,1998.0
2020-04-15 09:00:00,Uranus,2253.0
2020-04-15 10:00:00,Uranus,2045.0
2020-04-15 11:00:00,Uranus,2394.0
2020-04-15 12:00:00,Uranus,2373.0
2020-04-15 13:00:00,Uranus,2325.0
2020-04-15 14:00:00,Uranus,2741.0
2020-04-15 15:00:00,Uranus,2322.0
2020-04-15 16:00:00,Uranus,2626.0
2020-04-15 17:00:00,Uranus,2409.0
2020-04-15 18:00:00,Uranus,2307.0
2020-04-15 19:00:00,Uranus,2263.0
2020-04-15 20:00:00,Uranus,2391.0
2020-04-15 21:00:00,Uranus,2676.0
2020-04-15 22:00:00,Uranus,2417.0
2020-04-15 23:00:00,Uranus,2100.0
2020-04-16 00:00:00,Uranus,2186.0
2020-04-16 01:00:00,Uranus,1961.0
2020-04-16 02:00:00,Uranus,2079.0
2020-04-16 03:00:00,Uranus,1903.0
2020-04-16 04:00:00,Uranus,1881.0
2020-04-16 05:00:00,Uranus,1866.0
2020-04-16 06:00:00,Uranus,1819.0
2020-04-16 07:00:00,Uranus,1827.0
2020-04-16 08:00:00,Uranus,1960.0
2020-04-16 09:00:00,Uranus,2003.0
2020-04-16 10:00:00,Uranus,2004.0
2020-04-16 11:00:00,Uranus,2212.0
2020-04-16 12:00:00,Uranus,2455.0
2020-04-16 13:00:00,Uranus,2430.0
2020-04-16 14:00:00,Uranus,2151.0
2020-04-16 15:00:00,Uranus,2133.0
2020-04-16 16:00:00,Uranus,2222.0
2020-04-16 17:00:00,Uranus,2250.0
2020-04-16 18:00:00,Uranus,2131.0
2020-04-16 19:00:00,Uranus,2338.0
2020-04-16 20:00:00,Uranus,2458.0
2020-04-16 21:00:00,Uranus,2411.0
2020-04-16 22:00:00,Uranus,2391.0
2020-04-16 23:00:00,Uranus,2261.0
2020-04-17 00:00:00,Uranus,2132.0
2020-04-17 01:00:00,Uranus,2131.0
2020-04-17 02:00:00,Uranus,2057.0
2020-04-17 03:00:00,Uranus,1876.0
2020-04-17 04:00:00,Uranus,1845.0
2020-04-17 05:00:00,Uranus,1821.0
2020-04-17 06:00:00,Uranus,1807.0
2020-04-17 07:00:00,Uranus,1813.0
2020-04-17 08:00:00,Uranus,1817.0
2020-04-17 09:00:00,Uranus,2007.0
2020-04-17 10:00:00,Uranus,2211.0
2020-04-17 11:00:00,Uranus,2035.0
2020-04-17 12:00:00,Uranus,1857.0
2020-04-17 13:00:00,Uranus,2134.0
2020-04-17 14:00:00,Uranus,2138.0
2020-04-17 15:00:00,Uranus,2394.0
2020-04-17 16:00:00,Uranus,2669.0
2020-04-17 17:00:00,Uranus,2347.0
2020-04-17 18:00:00,Uranus,2144.0
2020-04-17 19:00:00,Uranus,2113.0
2020-04-17 20:00:00,Uranus,2181.0
2020-04-17 21:00:00,Uranus,2017.0
2020-04-17 22:00:00,Uranus,1972.0
2020-04-17 23:00:00,Uranus,1961.0
2020-04-18 00:00:00,Uranus,1924.0
2020-04-18 01:00:00,Uranus,2110.0
2020-04-18 02:00:00,Uranus,2002.0
2020-04-18 03:00:00,Uranus,1992.0
2020-04-18 04:00:00,Uranus,2057.0
2020-04-18 05:00:00,Uranus,1888.0
2020-04-18 06:00:00,Uranus,1906.0
2020-04-18 07:00:00,Uranus,1842.0
2020-04-18 08:00:00,Uranus,1970.0
2020-04-18 09:00:00,Uranus,1953.0
2020-04-18 10:00:00,Uranus,1950.0
2020-04-18 11:00:00,Uranus,2019.0
2020-04-18 12:00:00,Uranus,2099.0
2020-04-18 13:00:00,Uranus,2045.0
2020-04-18 14:00:00,Uranus,2044.0
2020-04-18 15:00:00,Uranus,2270.0
2020-04-18 16:00:00,Uranus,1942.0
2020-04-18 17:00:00,Uranus,2058.0
2020-04-18 18:00:00,Uranus,1980.0
2020-04-18 19:00:00,Uranus,2003.0
2020-04-18 20:00:00,Uranus,2019.0
2020-04-18 21:00:00,Uranus,1998.0
2020-04-18 22:00:00,Uranus,2037.0
2020-04-18 23:00:00,Uranus,2106.0
2020-04-19 00:00:00,Uranus,2051.0
2020-04-19 01:00:00,Uranus,1912.0
2020-04-19 02:00:00,Uranus,1951.0
2020-04-19 03:00:00,Uranus,1917.0
2020-04-19 04:00:00,Uranus,1857.0
2020-04-19 05:00:00,Uranus,1829.0
2020-04-19 06:00:00,Uranus,1861.0
2020-04-19 07:00:00,Uranus,1869.0
2020-04-19 08:00:00,Uranus,1869.0
2020-04-19 09:00:00,Uranus,1869.0
2020-04-19 10:00:00,Uranus,2107.0
2020-04-19 11:00:00,Uranus,1971.0
2020-04-19 12:00:00,Uranus,2020.0
2020-04-19 13:00:00,Uranus,2028.0
2020-04-19 14:00:00,Uranus,1869.0
2020-04-19 15:00:00,Uranus,2009.0
2020-04-19 16:00:00,Uranus,2071.0
2020-04-19 17:00:00,Uranus,2263.0
2020-04-19 18:00:00,Uranus,2025.0
2020-04-19 19:00:00,Uranus,1951.0
2020-04-19 20:00:00,Uranus,2009.0
2020-04-19 21:00:00,Uranus,1918.0
2020-04-19 22:00:00,Uranus,2147.0
2020-04-19 23:00:00,Uranus,1925.0
2020-04-20 00:00:00,Uranus,1936.0
2020-04-20 01:00:00,Uranus,1856.0
2020-04-20 02:00:00,Uranus,1807.0
2020-04-20 03:00:00,Uranus,1724.0
2020-04-20 04:00:00,Uranus,1710.0
2020-04-20 05:00:00,Uranus,1658.0
2020-04-20 06:00:00,Uranus,1676.0
2020-04-20 07:00:00,Uranus,1664.0
2020-04-20 08:00:00,Uranus,1614.0
2020-04-20 09:00:00,Uranus,1994.0
2020-04-20 10:00:00,Uranus,2120.0
2020-04-20 11:00:00,Uranus,1996.0
2020-04-20 12:00:00,Uranus,2227.0
2020-04-20 13:00:00,Uranus,2294.0
2020-04-20 14:00:00,Uranus,2224.0
2020-04-20 15:00:00,Uranus,2299.0
2020-04-20 16:00:00,Uranus,2239.0
2020-04-20 17:00:00,Uranus,2331.0
2020-04-20 18:00:00,Uranus,2426.0
2020-04-20 19:00:00,Uranus,2208.0
2020-04-20 20:00:00,Uranus,2232.0
2020-04-20 21:00:00,Uranus,2241.0
2020-04-20 22:00:00,Uranus,2145.0
2020-04-20 23:00:00,Uranus,2110.0
2020-04-21 00:00:00,Uranus,2007.0
2020-04-21 01:00:00,Uranus,1966.0
2020-04-21 02:00:00,Uranus,1887.0
2020-04-21 03:00:00,Uranus,1850.0
2020-04-21 04:00:00,Uranus,1956.0
2020-04-21 05:00:00,Uranus,1859.0
2020-04-21 06:00:00,Uranus,1850.0
2020-04-21 07:00:00,Uranus,1776.0
2020-04-21 08:00:00,Uranus,1881.0
2020-04-21 09:00:00,Uranus,1929.0
2020-04-21 10:00:00,Uranus,2385.0
2020-04-21 11:00:00,Uranus,2374.0
2020-04-21 12:00:00,Uranus,2183.0
2020-04-21 13:00:00,Uranus,2742.0
2020-04-21 14:00:00,Uranus,2487.0
2020-04-21 15:00:00,Uranus,2664.0
2020-04-21 16:00:00,Uranus,2840.0
2020-04-21 17:00:00,Uranus,2648.0
2020-04-21 18:00:00,Uranus,2325.0
2020-04-21 19:00:00,Uranus,2366.0
2020-04-21 20:00:00,Uranus,2264.0
2020-04-21 21:00:00,Uranus,2467.0
2020-04-21 22:00:00,Uranus,2334.0
2020-04-21 23:00:00,Uranus,2210.0
2020-04-22 00:00:00,Uranus,2244.0
2020-04-22 01:00:00,Uranus,2165.0
2020-04-22 02:00:00,Uranus,2099.0
2020-04-22 03:00:00,Uranus,1957.0
2020-04-22 04:00:00,Uranus,1936.0
2020-04-22 05:00:00,Uranus,2068.0
2020-04-22 06:00:00,Uranus,2048.0
2020-04-22 07:00:00,Uranus,1952.0
2020-04-22 08:00:00,Uranus,1962.0
2020-04-22 09:00:00,Uranus,2227.0
2020-04-22 10:00:00,Uranus,2455.0
2020-04-22 11:00:00,Uranus,2165.0
2020-04-22 12:00:00,Uranus,2136.0
2020-04-22 13:00:00,Uranus,2606.0
2020-04-22 14:00:00,Uranus,2463.0
2020-04-22 15:00:00,Uranus,2378.0
2020-04-22 16:00:00,Uranus,2705.0
2020-04-22 17:00:00,Uranus,2273.0
2020-04-22 18:00:00,Uranus,2081.0
2020-04-22 19:00:00,Uranus,2094.0
2020-04-22 20:00:00,Uranus,2276.0
2020-04-22 21:00:00,Uranus,2369.0
2020-04-22 22:00:00,Uranus,2323.0
2020-04-22 23:00:00,Uranus,2153.0
2020-04-23 00:00:00,Uranus,2137.0
2020-04-23 01:00:00,Uranus,2039.0
2020-04-23 02:00:00,Uranus,1999.0
2020-04-23 03:00:00,Uranus,1886.0
2020-04-23 04:00:00,Uranus,1917.0
2020-04-23 05:00:00,Uranus,1901.0
2020-04-23 06:00:00,Uranus,1865.0
2020-04-23 07:00:00,Uranus,1879.0
2020-04-23 08:00:00,Uranus,1846.0
2020-04-23 09:00:00,Uranus,2030.0
2020-04-23 10:00:00,Uranus,2185.0
2020-04-23 11:00:00,Uranus,2306.0
2020-04-23 12:00:00,Uranus,2369.0
2020-04-23 13:00:00,Uranus,2458.0
2020-04-23 14:00:00,Uranus,2449.0
2020-04-23 15:00:00,Uranus,2476.0
2020-04-23 16:00:00,Uranus,2222.0
2020-04-23 17:00:00,Uranus,2197.0
2020-04-23 18:00:00,Uranus,2364.0
2020-04-23 19:00:00,Uranus,2131.0
2020-04-23 20:00:00,Uranus,2162.0
2020-04-23 21:00:00,Uranus,2206.0
2020-04-23 22:00:00,Uranus,2340.0
2020-04-23 23:00:00,Uranus,2076.0
2020-04-24 00:00:00,Uranus,1981.0
2020-04-24 01:00:00,Uranus,2107.0
2020-04-24 02:00:00,Uranus,1960.0
2020-04-24 03:00:00,Uranus,1893.0
2020-04-24 04:00:00,Uranus,1899.0
2020-04-24 05:00:00,Uranus,1763.0
2020-04-24 06:00:00,Uranus,1778.0
2020-04-24 07:00:00,Uranus,1771.0
2020-04-24 08:00:00,Uranus,1689.0
2020-04-24 09:00:00,Uranus,2059.0
2020-04-24 10:00:00,Uranus,1941.0
2020-04-24 11:00:00,Uranus,2033.0
2020-04-24 12:00:00,Uranus,2230.0
2020-04-24 13:00:00,Uranus,2094.0
2020-04-24 14:00:00,Uranus,2268.0
2020-04-24 15:00:00,Uranus,2086.0
2020-04-24 16:00:00,Uranus,2313.0
2020-04-24 17:00:00,Uranus,2215.0
2020-04-24 18:00:00,Uranus,2290.0
2020-04-24 19:00:00,Uranus,2414.0
2020-04-24 20:00:00,Uranus,2200.0
2020-04-24 21:00:00,Uranus,1897.0
2020-04-24 22:00:00,Uranus,2182.0
2020-04-24 23:00:00,Uranus,1949.0
2020-04-25 00:00:00,Uranus,1758.0
2020-04-25 01:00:00,Uranus,1717.0
2020-04-25 02:00:00,Uranus,1639.0
2020-04-25 03:00:00,Uranus,1635.0
2020-04-25 04:00:00,Uranus,1589.0
2020-04-25 05:00:00,Uranus,1467.0
2020-04-25 06:00:00,Uranus,1453.0
2020-04-25 07:00:00,Uranus,1463.0
2020-04-25 08:00:00,Uranus,1436.0
2020-04-25 09:00:00,Uranus,1493.0
2020-04-25 10:00:00,Uranus,1807.0
2020-04-25 11:00:00,Uranus,1510.0
2020-04-25 12:00:00,Uranus,1562.0
2020-04-25 13:00:00,Uranus,2815.0
2020-04-25 14:00:00,Uranus,1647.0
2020-04-25 15:00:00,Uranus,1867.0
2020-04-25 16:00:00,Uranus,1926.0
2020-04-25 17:00:00,Uranus,1951.0
2020-04-25 18:00:00,Uranus,1802.0
2020-04-25 19:00:00,Uranus,1700.0
2020-04-25 20:00:00,Uranus,1762.0
2020-04-25 21:00:00,Uranus,1946.0
2020-04-25 22:00:00,Uranus,1751.0
2020-04-25 23:00:00,Uranus,1817.0
2020-04-26 00:00:00,Uranus,1884.0
2020-04-26 01:00:00,Uranus,1909.0
2020-04-26 02:00:00,Uranus,1796.0
2020-04-26 03:00:00,Uranus,1768.0
2020-04-26 04:00:00,Uranus,1841.0
2020-04-26 05:00:00,Uranus,1649.0
2020-04-26 06:00:00,Uranus,1563.0
2020-04-26 07:00:00,Uranus,1672.0
2020-04-26 08:00:00,Uranus,1549.0
2020-04-26 09:00:00,Uranus,1640.0
2020-04-26 10:00:00,Uranus,1741.0
2020-04-26 11:00:00,Uranus,1985.0
2020-04-26 12:00:00,Uranus,2094.0
2020-04-26 13:00:00,Uranus,2016.0
2020-04-26 14:00:00,Uranus,2326.0
2020-04-26 15:00:00,Uranus,2310.0
2020-04-26 16:00:00,Uranus,2353.0
2020-04-26 17:00:00,Uranus,2207.0
2020-04-26 18:00:00,Uranus,2118.0
2020-04-26 19:00:00,Uranus,2267.0
2020-04-26 20:00:00,Uranus,2894.0
2020-04-26 21:00:00,Uranus,2523.0
2020-04-26 22:00:00,Uranus,2386.0
2020-04-26 23:00:00,Uranus,1868.0
2020-04-27 00:00:00,Uranus,1965.0
2020-04-27 01:00:00,Uranus,1919.0
2020-04-27 02:00:00,Uranus,1820.0
2020-04-27 03:00:00,Uranus,1671.0
2020-04-27 04:00:00,Uranus,1608.0
2020-04-27 05:00:00,Uranus,1852.0
2020-04-27 06:00:00,Uranus,1819.0
2020-04-27 07:00:00,Uranus,1774.0
2020-04-27 08:00:00,Uranus,1768.0
2020-04-27 09:00:00,Uranus,1737.0
2020-04-27 10:00:00,Uranus,2122.0
2020-04-27 11:00:00,Uranus,2041.0
2020-04-27 12:00:00,Uranus,2226.0
2020-04-27 13:00:00,Uranus,2201.0
2020-04-27 14:00:00,Uranus,2268.0
2020-04-27 15:00:00,Uranus,2363.0
2020-04-27 16:00:00,Uranus,2575.0
2020-04-27 17:00:00,Uranus,2509.0
2020-04-27 18:00:00,Uranus,2359.0
2020-04-27 19:00:00,Uranus,2588.0
2020-04-27 20:00:00,Uranus,2778.0
2020-04-27 21:00:00,Uranus,2472.0
2020-04-27 22:00:00,Uranus,2174.0
2020-04-27 23:00:00,Uranus,2076.0
2020-04-28 00:00:00,Uranus,2334.0
2020-04-28 01:00:00,Uranus,2143.0
2020-04-28 02:00:00,Uranus,2140.0
2020-04-28 03:00:00,Uranus,1885.0
2020-04-28 04:00:00,Uranus,1861.0
2020-04-28 05:00:00,Uranus,1821.0
2020-04-28 06:00:00,Uranus,1858.0
2020-04-28 07:00:00,Uranus,1768.0
2020-04-28 08:00:00,Uranus,1803.0
2020-04-28 09:00:00,Uranus,1938.0
2020-04-28 10:00:00,Uranus,2053.0
2020-04-28 11:00:00,Uranus,1972.0
2020-04-28 12:00:00,Uranus,2306.0
2020-04-28 13:00:00,Uranus,2157.0
2020-04-28 14:00:00,Uranus,2208.0
2020-04-28 15:00:00,Uranus,2446.0
2020-04-28 16:00:00,Uranus,2485.0
2020-04-28 17:00:00,Uranus,2342.0
2020-04-28 18:00:00,Uranus,2235.0
2020-04-28 19:00:00,Uranus,2726.0
2020-04-28 20:00:00,Uranus,2571.0
2020-04-28 21:00:00,Uranus,2574.0
2020-04-28 22:00:00,Uranus,2260.0
2020-04-28 23:00:00,Uranus,2032.0
2020-04-29 00:00:00,Uranus,2095.0
2020-04-29 01:00:00,Uranus,1985.0
2020-04-29 02:00:00,Uranus,1909.0
2020-04-29 03:00:00,Uranus,1820.0
2020-04-29 04:00:00,Uranus,1800.0
2020-04-29 05:00:00,Uranus,1765.0
2020-04-29 06:00:00,Uranus,1744.0
2020-04-29 07:00:00,Uranus,1743.0
2020-04-29 08:00:00,Uranus,1910.0
2020-04-29 09:00:00,Uranus,1772.0
2020-04-29 10:00:00,Uranus,2003.0
2020-04-29 11:00:00,Uranus,2055.0
2020-04-29 12:00:00,Uranus,1988.0
2020-04-29 13:00:00,Uranus,2131.0
2020-04-29 14:00:00,Uranus,2525.0
2020-04-29 15:00:00,Uranus,2712.0
2020-04-29 16:00:00,Uranus,2470.0
2020-04-29 17:00:00,Uranus,2296.0
2020-04-29 18:00:00,Uranus,2260.0
2020-04-29 19:00:00,Uranus,2230.0
2020-04-29 20:00:00,Uranus,2162.0
2020-04-29 21:00:00,Uranus,2311.0
2020-04-29 22:00:00,Uranus,2321.0
2020-04-29 23:00:00,Uranus,2176.0
2020-04-30 00:00:00,Uranus,2070.0
2020-04-30 01:00:00,Uranus,1974.0
2020-04-30 02:00:00,Uranus,1842.0
2020-04-30 03:00:00,Uranus,1806.0
2020-04-30 04:00:00,Uranus,1943.0
2020-04-30 05:00:00,Uranus,1778.0
2020-04-30 06:00:00,Uranus,1828.0
2020-04-30 07:00:00,Uranus,1715.0
2020-04-30 08:00:00,Uranus,1696.0
2020-04-30 09:00:00,Uranus,1756.0
2020-04-30 10:00:00,Uranus,2106.0
2020-04-30 11:00:00,Uranus,2316.0
2020-04-30 12:00:00,Uranus,2367.0
2020-04-30 13:00:00,Uranus,2331.0
2020-04-30 14:00:00,Uranus,2310.0
2020-04-30 15:00:00,Uranus,2223.0
2020-04-30 16:00:00,Uranus,2380.0
2020-04-30 17:00:00,Uranus,2220.0
2020-04-30 18:00:00,Uranus,2089.0
2020-04-30 19:00:00,Uranus,2061.0
2020-04-30 20:00:00,Uranus,2047.0
2020-04-30 21:00:00,Uranus,2235.0
2020-04-30 22:00:00,Uranus,2119.0
2020-04-30 23:00:00,Uranus,2097.0
2020-05-01 00:00:00,Uranus,1975.0
2020-05-01 01:00:00,Uranus,2020.0
2020-05-01 02:00:00,Uranus,1940.0
2020-05-01 03:00:00,Uranus,1774.0
2020-05-01 04:00:00,Uranus,1736.0
2020-05-01 05:00:00,Uranus,1713.0
2020-05-01 06:00:00,Uranus,1752.0
2020-05-01 07:00:00,Uranus,1623.0
2020-05-01 08:00:00,Uranus,1783.0
2020-05-01 09:00:00,Uranus,1755.0
2020-05-01 10:00:00,Uranus,1707.0
2020-05-01 11:00:00,Uranus,1959.0
2020-05-01 12:00:00,Uranus,1772.0
2020-05-01 13:00:00,Uranus,1694.0
2020-05-01 14:00:00,Uranus,1690.0
2020-05-01 15:00:00,Uranus,1689.0
2020-05-01 16:00:00,Uranus,1634.0
2020-05-01 17:00:00,Uranus,1882.0
2020-05-01 18:00:00,Uranus,1802.0
2020-05-01 19:00:00,Uranus,1736.0
2020-05-01 20:00:00,Uranus,1732.0
2020-05-01 21:00:00,Uranus,1720.0
2020-05-01 22:00:00,Uranus,1824.0
2020-05-01 23:00:00,Uranus,1800.0
2020-05-02 00:00:00,Uranus,1920.0
2020-05-02 01:00:00,Uranus,1865.0
2020-05-02 02:00:00,Uranus,1743.0
2020-05-02 03:00:00,Uranus,1936.0
2020-05-02 04:00:00,Uranus,1666.0
2020-05-02 05:00:00,Uranus,1541.0
2020-05-02 06:00:00,Uranus,1596.0
2020-05-02 07:00:00,Uranus,1525.0
2020-05-02 08:00:00,Uranus,1506.0
2020-05-02 09:00:00,Uranus,1512.0
2020-05-02 10:00:00,Uranus,1736.0
2020-05-02 11:00:00,Uranus,1770.0
2020-05-02 12:00:00,Uranus,1676.0
2020-05-02 13:00:00,Uranus,1611.0
2020-05-02 14:00:00,Uranus,1726.0
2020-05-02 15:00:00,Uranus,1615.0
2020-05-02 16:00:00,Uranus,1772.0
2020-05-02 17:00:00,Uranus,1564.0
2020-05-02 18:00:00,Uranus,1721.0
2020-05-02 19:00:00,Uranus,1827.0
2020-05-02 20:00:00,Uranus,1698.0
2020-05-02 21:00:00,Uranus,1801.0
2020-05-02 22:00:00,Uranus,1595.0
2020-05-02 23:00:00,Uranus,1724.0
2020-05-03 00:00:00,Uranus,1618.0
2020-05-03 01:00:00,Uranus,1708.0
2020-05-03 02:00:00,Uranus,1793.0
2020-05-03 03:00:00,Uranus,1622.0
2020-05-03 04:00:00,Uranus,1754.0
2020-05-03 05:00:00,Uranus,1670.0
2020-05-03 06:00:00,Uranus,1907.0
2020-05-03 07:00:00,Uranus,1668.0
2020-05-03 08:00:00,Uranus,1660.0
2020-05-03 09:00:00,Uranus,1665.0
2020-05-03 10:00:00,Uranus,1624.0
2020-05-03 11:00:00,Uranus,1786.0
2020-05-03 12:00:00,Uranus,1796.0
2020-05-03 13:00:00,Uranus,1625.0
2020-05-03 14:00:00,Uranus,1756.0
2020-05-03 15:00:00,Uranus,1854.0
2020-05-03 16:00:00,Uranus,2102.0
2020-05-03 17:00:00,Uranus,2100.0
2020-05-03 18:00:00,Uranus,1860.0
2020-05-03 19:00:00,Uranus,1600.0
2020-05-03 20:00:00,Uranus,1616.0
2020-05-03 21:00:00,Uranus,1759.0
2020-05-03 22:00:00,Uranus,1618.0
2020-05-03 23:00:00,Uranus,1701.0
2020-05-04 00:00:00,Uranus,1838.0
2020-05-04 01:00:00,Uranus,1750.0
2020-05-04 02:00:00,Uranus,1621.0
2020-05-04 03:00:00,Uranus,1500.0
2020-05-04 04:00:00,Uranus,1412.0
2020-05-04 05:00:00,Uranus,1580.0
2020-05-04 06:00:00,Uranus,1444.0
2020-05-04 07:00:00,Uranus,1422.0
2020-05-04 08:00:00,Uranus,1423.0
2020-05-04 09:00:00,Uranus,1397.0
2020-05-04 10:00:00,Uranus,1427.0
2020-05-04 11:00:00,Uranus,1421.0
2020-05-04 12:00:00,Uranus,1364.0
2020-05-04 13:00:00,Uranus,1423.0
2020-05-04 14:00:00,Uranus,1692.0
2020-05-04 15:00:00,Uranus,1723.0
2020-05-04 16:00:00,Uranus,1940.0
2020-05-04 17:00:00,Uranus,1508.0
2020-05-04 18:00:00,Uranus,1658.0
2020-05-04 19:00:00,Uranus,1774.0
2020-05-04 20:00:00,Uranus,1752.0
2020-05-04 21:00:00,Uranus,1739.0
2020-05-04 22:00:00,Uranus,1617.0
2020-05-04 23:00:00,Uranus,1515.0
2020-05-05 00:00:00,Uranus,1565.0
2020-05-05 01:00:00,Uranus,1796.0
2020-05-05 02:00:00,Uranus,1831.0
2020-05-05 03:00:00,Uranus,1825.0
2020-05-05 04:00:00,Uranus,1640.0
2020-05-05 05:00:00,Uranus,1558.0
2020-05-05 06:00:00,Uranus,1584.0
2020-05-05 07:00:00,Uranus,1588.0
2020-05-05 08:00:00,Uranus,1694.0
2020-05-05 09:00:00,Uranus,1677.0
2020-05-05 10:00:00,Uranus,2134.0
2020-05-05 11:00:00,Uranus,2060.0
2020-05-05 12:00:00,Uranus,2180.0
2020-05-05 13:00:00,Uranus,1832.0
2020-05-05 14:00:00,Uranus,1845.0
2020-05-05 15:00:00,Uranus,1699.0
2020-05-05 16:00:00,Uranus,1713.0
2020-05-05 17:00:00,Uranus,1847.0
2020-05-05 18:00:00,Uranus,1911.0
2020-05-05 19:00:00,Uranus,2247.0
2020-05-05 20:00:00,Uranus,2017.0
2020-05-05 21:00:00,Uranus,2177.0
2020-05-05 22:00:00,Uranus,1949.0
2020-05-05 23:00:00,Uranus,1870.0
2020-05-06 00:00:00,Uranus,1816.0
2020-05-06 01:00:00,Uranus,2087.0
2020-05-06 02:00:00,Uranus,1903.0
2020-05-06 03:00:00,Uranus,1635.0
2020-05-06 04:00:00,Uranus,1639.0
2020-05-06 05:00:00,Uranus,1647.0
2020-05-06 06:00:00,Uranus,1635.0
2020-05-06 07:00:00,Uranus,1667.0
2020-05-06 08:00:00,Uranus,1680.0
2020-05-06 09:00:00,Uranus,1809.0
2020-05-06 10:00:00,Uranus,1977.0
2020-05-06 11:00:00,Uranus,2028.0
2020-05-06 12:00:00,Uranus,1974.0
2020-05-06 13:00:00,Uranus,2110.0
2020-05-06 14:00:00,Uranus,2094.0
2020-05-06 15:00:00,Uranus,2771.0
2020-05-06 16:00:00,Uranus,2417.0
2020-05-06 17:00:00,Uranus,2309.0
2020-05-06 18:00:00,Uranus,2188.0
2020-05-06 19:00:00,Uranus,2152.0
2020-05-06 20:00:00,Uranus,2334.0
2020-05-06 21:00:00,Uranus,2257.0
2020-05-06 22:00:00,Uranus,2167.0
2020-05-06 23:00:00,Uranus,1984.0
2020-05-07 00:00:00,Uranus,1996.0
2020-05-07 01:00:00,Uranus,1937.0
2020-05-07 02:00:00,Uranus,1915.0
2020-05-07 03:00:00,Uranus,1962.0
2020-05-07 04:00:00,Uranus,1963.0
2020-05-07 05:00:00,Uranus,1930.0
2020-05-07 06:00:00,Uranus,1907.0
2020-05-07 07:00:00,Uranus,1997.0
2020-05-07 08:00:00,Uranus,1873.0
2020-05-07 09:00:00,Uranus,2004.0
2020-05-07 10:00:00,Uranus,2393.0
2020-05-07 11:00:00,Uranus,2274.0
2020-05-07 12:00:00,Uranus,2122.0
2020-05-07 13:00:00,Uranus,2409.0
2020-05-07 14:00:00,Uranus,2340.0
2020-05-07 15:00:00,Uranus,2543.0
2020-05-07 16:00:00,Uranus,2724.0
2020-05-07 17:00:00,Uranus,2612.0
2020-05-07 18:00:00,Uranus,2228.0
2020-05-07 19:00:00,Uranus,2383.0
2020-05-07 20:00:00,Uranus,2304.0
2020-05-07 21:00:00,Uranus,2318.0
2020-05-07 22:00:00,Uranus,2439.0
2020-05-07 23:00:00,Uranus,2219.0
2020-05-08 00:00:00,Uranus,2358.0
2020-05-08 01:00:00,Uranus,2028.0
2020-05-08 02:00:00,Uranus,1841.0
2020-05-08 03:00:00,Uranus,1773.0
2020-05-08 04:00:00,Uranus,1761.0
2020-05-08 05:00:00,Uranus,1877.0
2020-05-08 06:00:00,Uranus,1699.0
2020-05-08 07:00:00,Uranus,1698.0
2020-05-08 08:00:00,Uranus,1818.0
2020-05-08 09:00:00,Uranus,1906.0
2020-05-08 10:00:00,Uranus,1914.0
2020-05-08 11:00:00,Uranus,2603.0
2020-05-08 12:00:00,Uranus,2152.0
2020-05-08 13:00:00,Uranus,2659.0
2020-05-08 14:00:00,Uranus,2640.0
2020-05-08 15:00:00,Uranus,2748.0
2020-05-08 16:00:00,Uranus,3329.0
2020-05-08 17:00:00,Uranus,2623.0
2020-05-08 18:00:00,Uranus,2990.0
2020-05-08 19:00:00,Uranus,2593.0
2020-05-08 20:00:00,Uranus,2663.0
2020-05-08 21:00:00,Uranus,2763.0
2020-05-08 22:00:00,Uranus,2409.0
2020-05-08 23:00:00,Uranus,2232.0
2020-05-09 00:00:00,Uranus,2016.0
2020-05-09 01:00:00,Uranus,2109.0
2020-05-09 02:00:00,Uranus,1961.0
2020-05-09 03:00:00,Uranus,2014.0
2020-05-09 04:00:00,Uranus,2202.0
2020-05-09 05:00:00,Uranus,1911.0
2020-05-09 06:00:00,Uranus,1840.0
2020-05-09 07:00:00,Uranus,1801.0
2020-05-09 08:00:00,Uranus,1866.0
2020-05-09 09:00:00,Uranus,1889.0
2020-05-09 10:00:00,Uranus,2458.0
2020-05-09 11:00:00,Uranus,2328.0
2020-05-09 12:00:00,Uranus,2224.0
2020-05-09 13:00:00,Uranus,2206.0
2020-05-09 14:00:00,Uranus,2160.0
2020-05-09 15:00:00,Uranus,2218.0
2020-05-09 16:00:00,Uranus,2388.0
2020-05-09 17:00:00,Uranus,2266.0
2020-05-09 18:00:00,Uranus,2210.0
2020-05-09 19:00:00,Uranus,2254.0
2020-05-09 20:00:00,Uranus,1945.0
2020-05-09 21:00:00,Uranus,1940.0
2020-05-09 22:00:00,Uranus,1812.0
2020-05-09 23:00:00,Uranus,1833.0
2020-05-10 00:00:00,Uranus,1793.0
2020-05-10 01:00:00,Uranus,1938.0
2020-05-10 02:00:00,Uranus,1731.0
2020-05-10 03:00:00,Uranus,1750.0
2020-05-10 04:00:00,Uranus,1655.0
2020-05-10 05:00:00,Uranus,1667.0
2020-05-10 06:00:00,Uranus,1716.0
2020-05-10 07:00:00,Uranus,1642.0
2020-05-10 08:00:00,Uranus,1628.0
2020-05-10 09:00:00,Uranus,1607.0
2020-05-10 10:00:00,Uranus,1557.0
2020-05-10 11:00:00,Uranus,1780.0
2020-05-10 12:00:00,Uranus,1726.0
2020-05-10 13:00:00,Uranus,1804.0
2020-05-10 14:00:00,Uranus,1728.0
2020-05-10 15:00:00,Uranus,1828.0
2020-05-10 16:00:00,Uranus,1786.0
2020-05-10 17:00:00,Uranus,2069.0
2020-05-10 18:00:00,Uranus,1887.0
2020-05-10 19:00:00,Uranus,1851.0
2020-05-10 20:00:00,Uranus,1825.0
2020-05-10 21:00:00,Uranus,1894.0
2020-05-10 22:00:00,Uranus,1880.0
2020-05-10 23:00:00,Uranus,1951.0
2020-05-11 00:00:00,Uranus,1877.0
2020-05-11 01:00:00,Uranus,1837.0
2020-05-11 02:00:00,Uranus,1756.0
2020-05-11 03:00:00,Uranus,1699.0
2020-05-11 04:00:00,Uranus,1635.0
2020-05-11 05:00:00,Uranus,1652.0
2020-05-11 06:00:00,Uranus,1608.0
2020-05-11 07:00:00,Uranus,1608.0
2020-05-11 08:00:00,Uranus,1641.0
2020-05-11 09:00:00,Uranus,1629.0
2020-05-11 10:00:00,Uranus,1687.0
2020-05-11 11:00:00,Uranus,1995.0
2020-05-11 12:00:00,Uranus,2280.0
2020-05-11 13:00:00,Uranus,1735.0
2020-05-11 14:00:00,Uranus,2161.0
2020-05-11 15:00:00,Uranus,2007.0
2020-05-11 16:00:00,Uranus,2499.0
2020-05-11 17:00:00,Uranus,2382.0
2020-05-11 18:00:00,Uranus,2279.0
2020-05-11 19:00:00,Uranus,2251.0
2020-05-11 20:00:00,Uranus,2544.0
2020-05-11 21:00:00,Uranus,2550.0
2020-05-11 22:00:00,Uranus,2362.0
2020-05-11 23:00:00,Uranus,1941.0
2020-05-12 00:00:00,Uranus,1934.0
2020-05-12 01:00:00,Uranus,1848.0
2020-05-12 02:00:00,Uranus,1695.0
2020-05-12 03:00:00,Uranus,1658.0
2020-05-12 04:00:00,Uranus,1736.0
2020-05-12 05:00:00,Uranus,1813.0
2020-05-12 06:00:00,Uranus,1823.0
2020-05-12 07:00:00,Uranus,1722.0
2020-05-12 08:00:00,Uranus,1695.0
2020-05-12 09:00:00,Uranus,1793.0
2020-05-12 10:00:00,Uranus,3183.0
2020-05-12 11:00:00,Uranus,2475.0
2020-05-12 12:00:00,Uranus,2481.0
2020-05-12 13:00:00,Uranus,2429.0
2020-05-12 14:00:00,Uranus,2364.0
2020-05-12 15:00:00,Uranus,2521.0
2020-05-12 16:00:00,Uranus,2506.0
2020-05-12 17:00:00,Uranus,2528.0
2020-05-12 18:00:00,Uranus,2308.0
2020-05-12 19:00:00,Uranus,2473.0
2020-05-12 20:00:00,Uranus,2382.0
2020-05-12 21:00:00,Uranus,2192.0
2020-05-12 22:00:00,Uranus,2247.0
2020-05-12 23:00:00,Uranus,2522.0
2020-05-13 00:00:00,Uranus,2393.0
2020-05-13 01:00:00,Uranus,2059.0
2020-05-13 02:00:00,Uranus,1917.0
2020-05-13 03:00:00,Uranus,1846.0
2020-05-13 04:00:00,Uranus,1860.0
2020-05-13 05:00:00,Uranus,2063.0
2020-05-13 06:00:00,Uranus,1918.0
2020-05-13 07:00:00,Uranus,1852.0
2020-05-13 08:00:00,Uranus,2046.0
2020-05-13 09:00:00,Uranus,2057.0
2020-05-13 10:00:00,Uranus,2051.0
2020-05-13 11:00:00,Uranus,2304.0
2020-05-13 12:00:00,Uranus,2596.0
2020-05-13 13:00:00,Uranus,2590.0
2020-05-13 14:00:00,Uranus,2375.0
2020-05-13 15:00:00,Uranus,2240.0
2020-05-13 16:00:00,Uranus,2312.0
2020-05-13 17:00:00,Uranus,2200.0
2020-05-13 18:00:00,Uranus,2287.0
2020-05-13 19:00:00,Uranus,2412.0
2020-05-13 20:00:00,Uranus,2465.0
2020-05-13 21:00:00,Uranus,2140.0
2020-05-13 22:00:00,Uranus,2031.0
2020-05-13 23:00:00,Uranus,1914.0
2020-05-14 00:00:00,Uranus,2019.0
2020-05-14 01:00:00,Uranus,2139.0
2020-05-14 02:00:00,Uranus,1805.0
2020-05-14 03:00:00,Uranus,2022.0
2020-05-14 04:00:00,Uranus,1849.0
2020-05-14 05:00:00,Uranus,1830.0
2020-05-14 06:00:00,Uranus,1863.0
2020-05-14 07:00:00,Uranus,1904.0
2020-05-14 08:00:00,Uranus,1830.0
2020-05-14 09:00:00,Uranus,1828.0
2020-05-14 10:00:00,Uranus,2456.0
2020-05-14 11:00:00,Uranus,2380.0
2020-05-14 12:00:00,Uranus,2383.0
2020-05-14 13:00:00,Uranus,2319.0
2020-05-14 14:00:00,Uranus,2384.0
2020-05-14 15:00:00,Uranus,2519.0
2020-05-14 16:00:00,Uranus,2390.0
2020-05-14 17:00:00,Uranus,2337.0
2020-05-14 18:00:00,Uranus,2167.0
2020-05-14 19:00:00,Uranus,2430.0
2020-05-14 20:00:00,Uranus,2261.0
2020-05-14 21:00:00,Uranus,2096.0
2020-05-14 22:00:00,Uranus,2083.0
2020-05-14 23:00:00,Uranus,2239.0
2020-05-15 00:00:00,Uranus,2013.0
2020-05-15 01:00:00,Uranus,2026.0
2020-05-15 02:00:00,Uranus,1935.0
2020-05-15 03:00:00,Uranus,2175.0
2020-05-15 04:00:00,Uranus,1959.0
2020-05-15 05:00:00,Uranus,2039.0
2020-05-15 06:00:00,Uranus,1970.0
2020-05-15 07:00:00,Uranus,1954.0
2020-05-15 08:00:00,Uranus,2021.0
2020-05-15 09:00:00,Uranus,2121.0
2020-05-15 10:00:00,Uranus,2370.0
2020-05-15 11:00:00,Uranus,2295.0
2020-05-15 12:00:00,Uranus,2106.0
2020-05-15 13:00:00,Uranus,2155.0
2020-05-15 14:00:00,Uranus,2098.0
2020-05-15 15:00:00,Uranus,2321.0
2020-05-15 16:00:00,Uranus,2196.0
2020-05-15 17:00:00,Uranus,2256.0
2020-05-15 18:00:00,Uranus,2304.0
2020-05-15 19:00:00,Uranus,2100.0
2020-05-15 20:00:00,Uranus,2094.0
2020-05-15 21:00:00,Uranus,2116.0
2020-05-15 22:00:00,Uranus,2040.0
2020-05-15 23:00:00,Uranus,2150.0
2020-05-16 00:00:00,Uranus,2244.0
2020-05-16 01:00:00,Uranus,2008.0
2020-05-16 02:00:00,Uranus,2206.0
2020-05-16 03:00:00,Uranus,1855.0
2020-05-16 04:00:00,Uranus,1818.0
2020-05-16 05:00:00,Uranus,1852.0
2020-05-16 06:00:00,Uranus,1830.0
2020-05-16 07:00:00,Uranus,1916.0
2020-05-16 08:00:00,Uranus,1831.0
2020-05-16 09:00:00,Uranus,1865.0
2020-05-16 10:00:00,Uranus,2111.0
2020-05-16 11:00:00,Uranus,2072.0
2020-05-16 12:00:00,Uranus,2041.0
2020-05-16 13:00:00,Uranus,1931.0
2020-05-16 14:00:00,Uranus,1761.0
2020-05-16 15:00:00,Uranus,2020.0
2020-05-16 16:00:00,Uranus,2005.0
2020-05-16 17:00:00,Uranus,1965.0
2020-05-16 18:00:00,Uranus,1899.0
2020-05-16 19:00:00,Uranus,2016.0
2020-05-16 20:00:00,Uranus,1879.0
2020-05-16 21:00:00,Uranus,1811.0
2020-05-16 22:00:00,Uranus,2039.0
2020-05-16 23:00:00,Uranus,1925.0
2020-05-17 00:00:00,Uranus,2040.0
2020-05-17 01:00:00,Uranus,1810.0
2020-05-17 02:00:00,Uranus,1922.0
2020-05-17 03:00:00,Uranus,1947.0
2020-05-17 04:00:00,Uranus,1856.0
2020-05-17 05:00:00,Uranus,1739.0
2020-05-17 06:00:00,Uranus,1802.0
2020-05-17 07:00:00,Uranus,1770.0
2020-05-17 08:00:00,Uranus,1745.0
2020-05-17 09:00:00,Uranus,1753.0
2020-05-17 10:00:00,Uranus,1716.0
2020-05-17 11:00:00,Uranus,1848.0
2020-05-17 12:00:00,Uranus,1807.0
2020-05-17 13:00:00,Uranus,1814.0
2020-05-17 14:00:00,Uranus,1799.0
2020-05-17 15:00:00,Uranus,1974.0
2020-05-17 16:00:00,Uranus,1859.0
2020-05-17 17:00:00,Uranus,1874.0
2020-05-17 18:00:00,Uranus,1825.0
2020-05-17 19:00:00,Uranus,2018.0
2020-05-17 20:00:00,Uranus,1842.0
2020-05-17 21:00:00,Uranus,1998.0
2020-05-17 22:00:00,Uranus,2350.0
2020-05-17 23:00:00,Uranus,1904.0
2020-05-18 00:00:00,Uranus,1779.0
2020-05-18 01:00:00,Uranus,1801.0
2020-05-18 02:00:00,Uranus,1809.0
2020-05-18 03:00:00,Uranus,1846.0
2020-05-18 04:00:00,Uranus,1764.0
2020-05-18 05:00:00,Uranus,1812.0
2020-05-18 06:00:00,Uranus,1747.0
2020-05-18 07:00:00,Uranus,1699.0
2020-05-18 08:00:00,Uranus,1673.0
2020-05-18 09:00:00,Uranus,1740.0
2020-05-18 10:00:00,Uranus,2106.0
2020-05-18 11:00:00,Uranus,2202.0
2020-05-18 12:00:00,Uranus,2234.0
2020-05-18 13:00:00,Uranus,2180.0
2020-05-18 14:00:00,Uranus,2333.0
2020-05-18 15:00:00,Uranus,2322.0
2020-05-18 16:00:00,Uranus,2637.0
2020-05-18 17:00:00,Uranus,2458.0
2020-05-18 18:00:00,Uranus,2379.0
2020-05-18 19:00:00,Uranus,2398.0
2020-05-18 20:00:00,Uranus,2458.0
2020-05-18 21:00:00,Uranus,2492.0
2020-05-18 22:00:00,Uranus,2105.0
2020-05-18 23:00:00,Uranus,1968.0
2020-05-19 00:00:00,Uranus,2074.0
2020-05-19 01:00:00,Uranus,1829.0
2020-05-19 02:00:00,Uranus,1922.0
2020-05-19 03:00:00,Uranus,2145.0
2020-05-19 04:00:00,Uranus,1896.0
2020-05-19 05:00:00,Uranus,1880.0
2020-05-19 06:00:00,Uranus,1790.0
2020-05-19 07:00:00,Uranus,1711.0
2020-05-19 08:00:00,Uranus,1575.0
2020-05-19 09:00:00,Uranus,1772.0
2020-05-19 10:00:00,Uranus,2175.0
2020-05-19 11:00:00,Uranus,2240.0
2020-05-19 12:00:00,Uranus,2413.0
2020-05-19 13:00:00,Uranus,2268.0
2020-05-19 14:00:00,Uranus,2412.0
2020-05-19 15:00:00,Uranus,2487.0
2020-05-19 16:00:00,Uranus,2502.0
2020-05-19 17:00:00,Uranus,2221.0
2020-05-19 18:00:00,Uranus,2244.0
2020-05-19 19:00:00,Uranus,2381.0
2020-05-19 20:00:00,Uranus,2615.0
2020-05-19 21:00:00,Uranus,2247.0
2020-05-19 22:00:00,Uranus,2113.0
2020-05-19 23:00:00,Uranus,1988.0
2020-05-20 00:00:00,Uranus,2133.0
2020-05-20 01:00:00,Uranus,1935.0
2020-05-20 02:00:00,Uranus,1895.0
2020-05-20 03:00:00,Uranus,1796.0
2020-05-20 04:00:00,Uranus,1734.0
2020-05-20 05:00:00,Uranus,1745.0
2020-05-20 06:00:00,Uranus,1881.0
2020-05-20 07:00:00,Uranus,1748.0
2020-05-20 08:00:00,Uranus,1756.0
2020-05-20 09:00:00,Uranus,2325.0
2020-05-20 10:00:00,Uranus,2165.0
2020-05-20 11:00:00,Uranus,2164.0
2020-05-20 12:00:00,Uranus,2432.0
2020-05-20 13:00:00,Uranus,2314.0
2020-05-20 14:00:00,Uranus,2495.0
2020-05-20 15:00:00,Uranus,2470.0
2020-05-20 16:00:00,Uranus,2645.0
2020-05-20 17:00:00,Uranus,2091.0
2020-05-20 18:00:00,Uranus,1965.0
2020-05-20 19:00:00,Uranus,2259.0
2020-05-20 20:00:00,Uranus,2444.0
2020-05-20 21:00:00,Uranus,2467.0
2020-05-20 22:00:00,Uranus,2035.0
2020-05-20 23:00:00,Uranus,2059.0
2020-05-21 00:00:00,Uranus,1998.0
2020-05-21 01:00:00,Uranus,1909.0
2020-05-21 02:00:00,Uranus,2041.0
2020-05-21 03:00:00,Uranus,1943.0
2020-05-21 04:00:00,Uranus,1937.0
2020-05-21 05:00:00,Uranus,1865.0
2020-05-21 06:00:00,Uranus,1850.0
2020-05-21 07:00:00,Uranus,1762.0
2020-05-21 08:00:00,Uranus,1835.0
2020-05-21 09:00:00,Uranus,2277.0
2020-05-21 10:00:00,Uranus,2317.0
2020-05-21 11:00:00,Uranus,2431.0
2020-05-21 12:00:00,Uranus,1979.0
2020-05-21 13:00:00,Uranus,2389.0
2020-05-21 14:00:00,Uranus,2439.0
2020-05-21 15:00:00,Uranus,2709.0
2020-05-21 16:00:00,Uranus,2719.0
2020-05-21 17:00:00,Uranus,2384.0
2020-05-21 18:00:00,Uranus,2247.0
2020-05-21 19:00:00,Uranus,2453.0
2020-05-21 20:00:00,Uranus,2205.0
2020-05-21 21:00:00,Uranus,2180.0
2020-05-21 22:00:00,Uranus,2103.0
2020-05-21 23:00:00,Uranus,2192.0
2020-05-22 00:00:00,Uranus,1931.0
2020-05-22 01:00:00,Uranus,2000.0
2020-05-22 02:00:00,Uranus,1984.0
2020-05-22 03:00:00,Uranus,1877.0
2020-05-22 04:00:00,Uranus,1825.0
2020-05-22 05:00:00,Uranus,1846.0
2020-05-22 06:00:00,Uranus,1811.0
2020-05-22 07:00:00,Uranus,1811.0
2020-05-22 08:00:00,Uranus,1825.0
2020-05-22 09:00:00,Uranus,2255.0
2020-05-22 10:00:00,Uranus,2109.0
2020-05-22 11:00:00,Uranus,2224.0
2020-05-22 12:00:00,Uranus,2231.0
2020-05-22 13:00:00,Uranus,2080.0
2020-05-22 14:00:00,Uranus,2305.0
2020-05-22 15:00:00,Uranus,2849.0
2020-05-22 16:00:00,Uranus,2172.0
2020-05-22 17:00:00,Uranus,2174.0
2020-05-22 18:00:00,Uranus,2071.0
2020-05-22 19:00:00,Uranus,2120.0
2020-05-22 20:00:00,Uranus,2131.0
2020-05-22 21:00:00,Uranus,2352.0
2020-05-22 22:00:00,Uranus,2076.0
2020-05-22 23:00:00,Uranus,2047.0
2020-05-23 00:00:00,Uranus,1923.0
2020-05-23 01:00:00,Uranus,1822.0
2020-05-23 02:00:00,Uranus,1919.0
2020-05-23 03:00:00,Uranus,2159.0
2020-05-23 04:00:00,Uranus,1711.0
2020-05-23 05:00:00,Uranus,1917.0
2020-05-23 06:00:00,Uranus,1809.0
2020-05-23 07:00:00,Uranus,1739.0
2020-05-23 08:00:00,Uranus,1771.0
2020-05-23 09:00:00,Uranus,1776.0
2020-05-23 10:00:00,Uranus,1832.0
2020-05-23 11:00:00,Uranus,1803.0
2020-05-23 12:00:00,Uranus,1833.0
2020-05-23 13:00:00,Uranus,1941.0
2020-05-23 14:00:00,Uranus,1798.0
2020-05-23 15:00:00,Uranus,1814.0
2020-05-23 16:00:00,Uranus,1787.0
2020-05-23 17:00:00,Uranus,2027.0
2020-05-23 18:00:00,Uranus,1811.0
2020-05-23 19:00:00,Uranus,1929.0
2020-05-23 20:00:00,Uranus,2163.0
2020-05-23 21:00:00,Uranus,2019.0
2020-05-23 22:00:00,Uranus,1931.0
2020-05-23 23:00:00,Uranus,1898.0
2020-05-24 00:00:00,Uranus,1870.0
2020-05-24 01:00:00,Uranus,1800.0
2020-05-24 02:00:00,Uranus,1910.0
2020-05-24 03:00:00,Uranus,1607.0
2020-05-24 04:00:00,Uranus,1622.0
2020-05-24 05:00:00,Uranus,1699.0
2020-05-24 06:00:00,Uranus,1648.0
2020-05-24 07:00:00,Uranus,1714.0
2020-05-24 08:00:00,Uranus,1728.0
2020-05-24 09:00:00,Uranus,1734.0
2020-05-24 10:00:00,Uranus,1732.0
2020-05-24 11:00:00,Uranus,1815.0
2020-05-24 12:00:00,Uranus,1848.0
2020-05-24 13:00:00,Uranus,1901.0
2020-05-24 14:00:00,Uranus,1898.0
2020-05-24 15:00:00,Uranus,1970.0
2020-05-24 16:00:00,Uranus,2017.0
2020-05-24 17:00:00,Uranus,2358.0
2020-05-24 18:00:00,Uranus,2014.0
2020-05-24 19:00:00,Uranus,2059.0
2020-05-24 20:00:00,Uranus,1989.0
2020-05-24 21:00:00,Uranus,1994.0
2020-05-24 22:00:00,Uranus,2220.0
2020-05-24 23:00:00,Uranus,1875.0
2020-05-25 00:00:00,Uranus,2314.0
2020-05-25 01:00:00,Uranus,1826.0
2020-05-25 02:00:00,Uranus,1781.0
2020-05-25 03:00:00,Uranus,1786.0
2020-05-25 04:00:00,Uranus,1762.0
2020-05-25 05:00:00,Uranus,1775.0
2020-05-25 06:00:00,Uranus,1806.0
2020-05-25 07:00:00,Uranus,1740.0
2020-05-25 08:00:00,Uranus,1997.0
2020-05-25 09:00:00,Uranus,2368.0
2020-05-25 10:00:00,Uranus,2094.0
2020-05-25 11:00:00,Uranus,2213.0
2020-05-25 12:00:00,Uranus,2196.0
2020-05-25 13:00:00,Uranus,2304.0
2020-05-25 14:00:00,Uranus,2315.0
2020-05-25 15:00:00,Uranus,2268.0
2020-05-25 16:00:00,Uranus,2497.0
2020-05-25 17:00:00,Uranus,2675.0
2020-05-25 18:00:00,Uranus,2193.0
2020-05-25 19:00:00,Uranus,2432.0
2020-05-25 20:00:00,Uranus,2609.0
2020-05-25 21:00:00,Uranus,2455.0
2020-05-25 22:00:00,Uranus,2592.0
2020-05-25 23:00:00,Uranus,2457.0
2020-05-26 00:00:00,Uranus,2297.0
2020-05-26 01:00:00,Uranus,2302.0
2020-05-26 02:00:00,Uranus,2091.0
2020-05-26 03:00:00,Uranus,1945.0
2020-05-26 04:00:00,Uranus,1858.0
2020-05-26 05:00:00,Uranus,1932.0
2020-05-26 06:00:00,Uranus,1890.0
2020-05-26 07:00:00,Uranus,2045.0
2020-05-26 08:00:00,Uranus,2034.0
2020-05-26 09:00:00,Uranus,2270.0
2020-05-26 10:00:00,Uranus,2900.0
2020-05-26 11:00:00,Uranus,3150.0
2020-05-26 12:00:00,Uranus,2968.0
2020-05-26 13:00:00,Uranus,2594.0
2020-05-26 14:00:00,Uranus,2731.0
2020-05-26 15:00:00,Uranus,2564.0
2020-05-26 16:00:00,Uranus,2782.0
2020-05-26 17:00:00,Uranus,2557.0
2020-05-26 18:00:00,Uranus,2311.0
2020-05-26 19:00:00,Uranus,2394.0
2020-05-26 20:00:00,Uranus,2236.0
2020-05-26 21:00:00,Uranus,2368.0
2020-05-26 22:00:00,Uranus,2364.0
2020-05-26 23:00:00,Uranus,2037.0
2020-05-27 00:00:00,Uranus,2052.0
2020-05-27 01:00:00,Uranus,2005.0
2020-05-27 02:00:00,Uranus,1884.0
2020-05-27 03:00:00,Uranus,1799.0
2020-05-27 04:00:00,Uranus,1740.0
2020-05-27 05:00:00,Uranus,1847.0
2020-05-27 06:00:00,Uranus,1869.0
2020-05-27 07:00:00,Uranus,1872.0
2020-05-27 08:00:00,Uranus,1929.0
2020-05-27 09:00:00,Uranus,2293.0
2020-05-27 10:00:00,Uranus,2195.0
2020-05-27 11:00:00,Uranus,2477.0
2020-05-27 12:00:00,Uranus,2388.0
2020-05-27 13:00:00,Uranus,2426.0
2020-05-27 14:00:00,Uranus,2235.0
2020-05-27 15:00:00,Uranus,2449.0
2020-05-27 16:00:00,Uranus,2350.0
2020-05-27 17:00:00,Uranus,2395.0
2020-05-27 18:00:00,Uranus,2229.0
2020-05-27 19:00:00,Uranus,2135.0
2020-05-27 20:00:00,Uranus,2181.0
2020-05-27 21:00:00,Uranus,2442.0
2020-05-27 22:00:00,Uranus,2178.0
2020-05-27 23:00:00,Uranus,2165.0
2020-05-28 00:00:00,Uranus,2150.0
2020-05-28 01:00:00,Uranus,1981.0
2020-05-28 02:00:00,Uranus,1979.0
2020-05-28 03:00:00,Uranus,1888.0
2020-05-28 04:00:00,Uranus,1865.0
2020-05-28 05:00:00,Uranus,1947.0
2020-05-28 06:00:00,Uranus,1858.0
2020-05-28 07:00:00,Uranus,1933.0
2020-05-28 08:00:00,Uranus,1917.0
2020-05-28 09:00:00,Uranus,2029.0
2020-05-28 10:00:00,Uranus,2232.0
2020-05-28 11:00:00,Uranus,2188.0
2020-05-28 12:00:00,Uranus,2408.0
2020-05-28 13:00:00,Uranus,2255.0
2020-05-28 14:00:00,Uranus,2352.0
2020-05-28 15:00:00,Uranus,2409.0
2020-05-28 16:00:00,Uranus,2463.0
2020-05-28 17:00:00,Uranus,2384.0
2020-05-28 18:00:00,Uranus,2344.0
2020-05-28 19:00:00,Uranus,2311.0
2020-05-28 20:00:00,Uranus,2308.0
2020-05-28 21:00:00,Uranus,2174.0
2020-05-28 22:00:00,Uranus,2054.0
2020-05-28 23:00:00,Uranus,2111.0
2020-05-29 00:00:00,Uranus,2213.0
2020-05-29 01:00:00,Uranus,1820.0
2020-05-29 02:00:00,Uranus,1865.0
2020-05-29 03:00:00,Uranus,1874.0
2020-05-29 04:00:00,Uranus,1815.0
2020-05-29 05:00:00,Uranus,1801.0
2020-05-29 06:00:00,Uranus,1782.0
2020-05-29 07:00:00,Uranus,1748.0
2020-05-29 08:00:00,Uranus,1778.0
2020-05-29 09:00:00,Uranus,2084.0
2020-05-29 10:00:00,Uranus,2416.0
2020-05-29 11:00:00,Uranus,2403.0
2020-05-29 12:00:00,Uranus,2266.0
2020-05-29 13:00:00,Uranus,2574.0
2020-05-29 14:00:00,Uranus,2576.0
2020-05-29 15:00:00,Uranus,2477.0
2020-05-29 16:00:00,Uranus,2595.0
2020-05-29 17:00:00,Uranus,2528.0
2020-05-29 18:00:00,Uranus,2452.0
2020-05-29 19:00:00,Uranus,2299.0
2020-05-29 20:00:00,Uranus,2113.0
2020-05-29 21:00:00,Uranus,2153.0
2020-05-29 22:00:00,Uranus,2184.0
2020-05-29 23:00:00,Uranus,2024.0
2020-05-30 00:00:00,Uranus,1983.0
2020-05-30 01:00:00,Uranus,2245.0
2020-05-30 02:00:00,Uranus,1941.0
2020-05-30 03:00:00,Uranus,1911.0
2020-05-30 04:00:00,Uranus,1790.0
2020-05-30 05:00:00,Uranus,1785.0
2020-05-30 06:00:00,Uranus,1866.0
2020-05-30 07:00:00,Uranus,1810.0
2020-05-30 08:00:00,Uranus,2006.0
2020-05-30 09:00:00,Uranus,2207.0
2020-05-30 10:00:00,Uranus,1946.0
2020-05-30 11:00:00,Uranus,1727.0
2020-05-30 12:00:00,Uranus,1904.0
2020-05-30 13:00:00,Uranus,1732.0
2020-05-30 14:00:00,Uranus,2169.0
2020-05-30 15:00:00,Uranus,1961.0
2020-05-30 16:00:00,Uranus,1990.0
2020-05-30 17:00:00,Uranus,1889.0
2020-05-30 18:00:00,Uranus,2055.0
2020-05-30 19:00:00,Uranus,2196.0
2020-05-30 20:00:00,Uranus,2274.0
2020-05-30 21:00:00,Uranus,1857.0
2020-05-30 22:00:00,Uranus,1884.0
2020-05-30 23:00:00,Uranus,1845.0
2020-05-31 00:00:00,Uranus,2050.0
2020-05-31 01:00:00,Uranus,1761.0
2020-05-31 02:00:00,Uranus,1752.0
2020-05-31 03:00:00,Uranus,1535.0
2020-05-31 04:00:00,Uranus,1584.0
2020-05-31 05:00:00,Uranus,1493.0
2020-05-31 06:00:00,Uranus,1548.0
2020-05-31 07:00:00,Uranus,1429.0
2020-05-31 08:00:00,Uranus,1413.0
2020-05-31 09:00:00,Uranus,1306.0
2020-05-31 10:00:00,Uranus,1570.0
2020-05-31 11:00:00,Uranus,1549.0
2020-05-31 12:00:00,Uranus,1659.0
2020-05-31 13:00:00,Uranus,1667.0
2020-05-31 14:00:00,Uranus,1656.0
2020-05-31 15:00:00,Uranus,1764.0
2020-05-31 16:00:00,Uranus,1927.0
2020-05-31 17:00:00,Uranus,2056.0
2020-05-31 18:00:00,Uranus,1724.0
2020-05-31 19:00:00,Uranus,1741.0
2020-05-31 20:00:00,Uranus,1817.0
2020-05-31 21:00:00,Uranus,1733.0
2020-05-31 22:00:00,Uranus,1639.0
2020-05-31 23:00:00,Uranus,1718.0
2020-06-01 00:00:00,Uranus,1987.0
2020-06-01 01:00:00,Uranus,1696.0
2020-06-01 02:00:00,Uranus,1568.0
2020-06-01 03:00:00,Uranus,1455.0
2020-06-01 04:00:00,Uranus,1461.0
2020-06-01 05:00:00,Uranus,1512.0
2020-06-01 06:00:00,Uranus,1457.0
2020-06-01 07:00:00,Uranus,1361.0
2020-06-01 08:00:00,Uranus,1474.0
2020-06-01 09:00:00,Uranus,1600.0
2020-06-01 10:00:00,Uranus,1844.0
2020-06-01 11:00:00,Uranus,1937.0
2020-06-01 12:00:00,Uranus,1972.0
2020-06-01 13:00:00,Uranus,1969.0
2020-06-01 14:00:00,Uranus,1965.0
2020-06-01 15:00:00,Uranus,2058.0
2020-06-01 16:00:00,Uranus,2023.0
2020-06-01 17:00:00,Uranus,2222.0
2020-06-01 18:00:00,Uranus,2145.0
2020-06-01 19:00:00,Uranus,1999.0
2020-06-01 20:00:00,Uranus,2228.0
2020-06-01 21:00:00,Uranus,2347.0
2020-06-01 22:00:00,Uranus,2067.0
2020-06-01 23:00:00,Uranus,1984.0
2020-06-02 00:00:00,Uranus,1859.0
2020-06-02 01:00:00,Uranus,1833.0
2020-06-02 02:00:00,Uranus,1899.0
2020-06-02 03:00:00,Uranus,1875.0
2020-06-02 04:00:00,Uranus,1810.0
2020-06-02 05:00:00,Uranus,1791.0
2020-06-02 06:00:00,Uranus,1678.0
2020-06-02 07:00:00,Uranus,1789.0
2020-06-02 08:00:00,Uranus,1727.0
2020-06-02 09:00:00,Uranus,1813.0
2020-06-02 10:00:00,Uranus,1891.0
2020-06-02 11:00:00,Uranus,1900.0
2020-06-02 12:00:00,Uranus,1842.0
2020-06-02 13:00:00,Uranus,2171.0
2020-06-02 14:00:00,Uranus,2132.0
2020-06-02 15:00:00,Uranus,2190.0
2020-06-02 16:00:00,Uranus,2592.0
2020-06-02 17:00:00,Uranus,2429.0
2020-06-02 18:00:00,Uranus,2336.0
2020-06-02 19:00:00,Uranus,2438.0
2020-06-02 20:00:00,Uranus,2336.0
2020-06-02 21:00:00,Uranus,2144.0
2020-06-02 22:00:00,Uranus,2265.0
2020-06-02 23:00:00,Uranus,2230.0
2020-06-03 00:00:00,Uranus,1929.0
2020-06-03 01:00:00,Uranus,1954.0
2020-06-03 02:00:00,Uranus,1920.0
2020-06-03 03:00:00,Uranus,2006.0
2020-06-03 04:00:00,Uranus,2012.0
2020-06-03 05:00:00,Uranus,2045.0
2020-06-03 06:00:00,Uranus,1832.0
2020-06-03 07:00:00,Uranus,1794.0
2020-06-03 08:00:00,Uranus,1712.0
2020-06-03 09:00:00,Uranus,1868.0
2020-06-03 10:00:00,Uranus,2128.0
2020-06-03 11:00:00,Uranus,2010.0
2020-06-03 12:00:00,Uranus,2043.0
2020-06-03 13:00:00,Uranus,1924.0
2020-06-03 14:00:00,Uranus,2249.0
2020-06-03 15:00:00,Uranus,2263.0
2020-06-03 16:00:00,Uranus,2670.0
2020-06-03 17:00:00,Uranus,2542.0
2020-06-03 18:00:00,Uranus,2370.0
2020-06-03 19:00:00,Uranus,2389.0
2020-06-03 20:00:00,Uranus,2360.0
2020-06-03 21:00:00,Uranus,2165.0
2020-06-03 22:00:00,Uranus,2331.0
2020-06-03 23:00:00,Uranus,2225.0
2020-06-04 00:00:00,Uranus,2390.0
2020-06-04 01:00:00,Uranus,2219.0
2020-06-04 02:00:00,Uranus,2028.0
2020-06-04 03:00:00,Uranus,2134.0
2020-06-04 04:00:00,Uranus,1955.0
2020-06-04 05:00:00,Uranus,1975.0
2020-06-04 06:00:00,Uranus,1908.0
2020-06-04 07:00:00,Uranus,1898.0
2020-06-04 08:00:00,Uranus,1972.0
2020-06-04 09:00:00,Uranus,2113.0
2020-06-04 10:00:00,Uranus,2128.0
2020-06-04 11:00:00,Uranus,2141.0
2020-06-04 12:00:00,Uranus,2072.0
2020-06-04 13:00:00,Uranus,2194.0
2020-06-04 14:00:00,Uranus,2044.0
2020-06-04 15:00:00,Uranus,2211.0
2020-06-04 16:00:00,Uranus,2313.0
2020-06-04 17:00:00,Uranus,2354.0
2020-06-04 18:00:00,Uranus,2019.0
2020-06-04 19:00:00,Uranus,2119.0
2020-06-04 20:00:00,Uranus,2516.0
2020-06-04 21:00:00,Uranus,2563.0
2020-06-04 22:00:00,Uranus,2237.0
2020-06-04 23:00:00,Uranus,2068.0
2020-06-05 00:00:00,Uranus,2158.0
2020-06-05 01:00:00,Uranus,1762.0
2020-06-05 02:00:00,Uranus,1771.0
2020-06-05 03:00:00,Uranus,1843.0
2020-06-05 04:00:00,Uranus,1893.0
2020-06-05 05:00:00,Uranus,1829.0
2020-06-05 06:00:00,Uranus,1698.0
2020-06-05 07:00:00,Uranus,2177.0
2020-06-05 08:00:00,Uranus,2021.0
2020-06-05 09:00:00,Uranus,2102.0
2020-06-05 10:00:00,Uranus,2184.0
2020-06-05 11:00:00,Uranus,2217.0
2020-06-05 12:00:00,Uranus,2278.0
2020-06-05 13:00:00,Uranus,2818.0
2020-06-05 14:00:00,Uranus,2450.0
2020-06-05 15:00:00,Uranus,2648.0
2020-06-05 16:00:00,Uranus,2414.0
2020-06-05 17:00:00,Uranus,2443.0
2020-06-05 18:00:00,Uranus,2291.0
2020-06-05 19:00:00,Uranus,2212.0
2020-06-05 20:00:00,Uranus,2096.0
2020-06-05 21:00:00,Uranus,1835.0
2020-06-05 22:00:00,Uranus,1650.0
2020-06-05 23:00:00,Uranus,1590.0
2020-06-06 00:00:00,Uranus,1665.0
2020-06-06 01:00:00,Uranus,1586.0
2020-06-06 02:00:00,Uranus,1552.0
2020-06-06 03:00:00,Uranus,1550.0
2020-06-06 04:00:00,Uranus,1474.0
2020-06-06 05:00:00,Uranus,1379.0
2020-06-06 06:00:00,Uranus,1293.0
2020-06-06 07:00:00,Uranus,1196.0
2020-06-06 08:00:00,Uranus,1233.0
2020-06-06 09:00:00,Uranus,1288.0
2020-06-06 10:00:00,Uranus,1235.0
2020-06-06 11:00:00,Uranus,1396.0
2020-06-06 12:00:00,Uranus,1183.0
2020-06-06 13:00:00,Uranus,1225.0
2020-06-06 14:00:00,Uranus,1411.0
2020-06-06 15:00:00,Uranus,1208.0
2020-06-06 16:00:00,Uranus,1492.0
2020-06-06 17:00:00,Uranus,1381.0
2020-06-06 18:00:00,Uranus,1410.0
2020-06-06 19:00:00,Uranus,1297.0
2020-06-06 20:00:00,Uranus,1229.0
2020-06-06 21:00:00,Uranus,1175.0
2020-06-06 22:00:00,Uranus,1253.0
2020-06-06 23:00:00,Uranus,1200.0
2020-06-07 00:00:00,Uranus,1340.0
2020-06-07 01:00:00,Uranus,1208.0
2020-06-07 02:00:00,Uranus,1190.0
2020-06-07 03:00:00,Uranus,1318.0
2020-06-07 04:00:00,Uranus,1206.0
2020-06-07 05:00:00,Uranus,1198.0
2020-06-07 06:00:00,Uranus,1248.0
2020-06-07 07:00:00,Uranus,1272.0
2020-06-07 08:00:00,Uranus,1228.0
2020-06-07 09:00:00,Uranus,1229.0
2020-06-07 10:00:00,Uranus,1359.0
2020-06-07 11:00:00,Uranus,1186.0
2020-06-07 12:00:00,Uranus,1166.0
2020-06-07 13:00:00,Uranus,1217.0
2020-06-07 14:00:00,Uranus,1347.0
2020-06-07 15:00:00,Uranus,1466.0
2020-06-07 16:00:00,Uranus,1691.0
2020-06-07 17:00:00,Uranus,1444.0
2020-06-07 18:00:00,Uranus,1426.0
2020-06-07 19:00:00,Uranus,1419.0
2020-06-07 20:00:00,Uranus,1438.0
2020-06-07 21:00:00,Uranus,1815.0
2020-06-07 22:00:00,Uranus,2132.0
2020-06-07 23:00:00,Uranus,1478.0
2020-06-08 00:00:00,Uranus,1561.0
2020-06-08 01:00:00,Uranus,1497.0
2020-06-08 02:00:00,Uranus,1426.0
2020-06-08 03:00:00,Uranus,1361.0
2020-06-08 04:00:00,Uranus,1325.0
2020-06-08 05:00:00,Uranus,1333.0
2020-06-08 06:00:00,Uranus,1293.0
2020-06-08 07:00:00,Uranus,1223.0
2020-06-08 08:00:00,Uranus,1180.0
2020-06-08 09:00:00,Uranus,1286.0
2020-06-08 10:00:00,Uranus,1262.0
2020-06-08 11:00:00,Uranus,1489.0
2020-06-08 12:00:00,Uranus,1451.0
2020-06-08 13:00:00,Uranus,1792.0
2020-06-08 14:00:00,Uranus,1942.0
2020-06-08 15:00:00,Uranus,2112.0
2020-06-08 16:00:00,Uranus,2453.0
2020-06-08 17:00:00,Uranus,1983.0
2020-06-08 18:00:00,Uranus,2313.0
2020-06-08 19:00:00,Uranus,2321.0
2020-06-08 20:00:00,Uranus,2248.0
2020-06-08 21:00:00,Uranus,2120.0
2020-06-08 22:00:00,Uranus,2174.0
2020-06-08 23:00:00,Uranus,2043.0
2020-06-09 00:00:00,Uranus,1923.0
2020-06-09 01:00:00,Uranus,1886.0
2020-06-09 02:00:00,Uranus,1818.0
2020-06-09 03:00:00,Uranus,1703.0
2020-06-09 04:00:00,Uranus,1743.0
2020-06-09 05:00:00,Uranus,1678.0
2020-06-09 06:00:00,Uranus,1734.0
2020-06-09 07:00:00,Uranus,1678.0
2020-06-09 08:00:00,Uranus,1558.0
2020-06-09 09:00:00,Uranus,1885.0
2020-06-09 10:00:00,Uranus,1928.0
2020-06-09 11:00:00,Uranus,2134.0
2020-06-09 12:00:00,Uranus,2244.0
2020-06-09 13:00:00,Uranus,2257.0
2020-06-09 14:00:00,Uranus,2466.0
2020-06-09 15:00:00,Uranus,2506.0
2020-06-09 16:00:00,Uranus,2419.0
2020-06-09 17:00:00,Uranus,2364.0
2020-06-09 18:00:00,Uranus,2132.0
2020-06-09 19:00:00,Uranus,2207.0
2020-06-09 20:00:00,Uranus,2353.0
2020-06-09 21:00:00,Uranus,2595.0
2020-06-09 22:00:00,Uranus,2288.0
2020-06-09 23:00:00,Uranus,2180.0
2020-06-10 00:00:00,Uranus,1942.0
2020-06-10 01:00:00,Uranus,1997.0
2020-06-10 02:00:00,Uranus,1945.0
2020-06-10 03:00:00,Uranus,2338.0
2020-06-10 04:00:00,Uranus,1894.0
2020-06-10 05:00:00,Uranus,2098.0
2020-06-10 06:00:00,Uranus,1918.0
2020-06-10 07:00:00,Uranus,1863.0
2020-06-10 08:00:00,Uranus,1870.0
2020-06-10 09:00:00,Uranus,2119.0
2020-06-10 10:00:00,Uranus,2129.0
2020-06-10 11:00:00,Uranus,2271.0
2020-06-10 12:00:00,Uranus,2277.0
2020-06-10 13:00:00,Uranus,2469.0
2020-06-10 14:00:00,Uranus,2506.0
2020-06-10 15:00:00,Uranus,2055.0
2020-06-10 16:00:00,Uranus,1998.0
2020-06-10 17:00:00,Uranus,2055.0
2020-06-10 18:00:00,Uranus,1907.0
2020-06-10 19:00:00,Uranus,2117.0
2020-06-10 20:00:00,Uranus,2154.0
2020-06-10 21:00:00,Uranus,2214.0
2020-06-10 22:00:00,Uranus,1960.0
2020-06-10 23:00:00,Uranus,1957.0
2020-06-11 00:00:00,Uranus,1900.0
2020-06-11 01:00:00,Uranus,1820.0
2020-06-11 02:00:00,Uranus,1819.0
2020-06-11 03:00:00,Uranus,1802.0
2020-06-11 04:00:00,Uranus,1762.0
2020-06-11 05:00:00,Uranus,1710.0
2020-06-11 06:00:00,Uranus,1830.0
2020-06-11 07:00:00,Uranus,1726.0
2020-06-11 08:00:00,Uranus,1746.0
2020-06-11 09:00:00,Uranus,2257.0
2020-06-11 10:00:00,Uranus,2352.0
2020-06-11 11:00:00,Uranus,2237.0
2020-06-11 12:00:00,Uranus,1922.0
2020-06-11 13:00:00,Uranus,2163.0
2020-06-11 14:00:00,Uranus,2164.0
2020-06-11 15:00:00,Uranus,2492.0
2020-06-11 16:00:00,Uranus,2575.0
2020-06-11 17:00:00,Uranus,2699.0
2020-06-11 18:00:00,Uranus,2177.0
2020-06-11 19:00:00,Uranus,2268.0
2020-06-11 20:00:00,Uranus,2335.0
2020-06-11 21:00:00,Uranus,2306.0
2020-06-11 22:00:00,Uranus,2104.0
2020-06-11 23:00:00,Uranus,2085.0
2020-06-12 00:00:00,Uranus,2005.0
2020-06-12 01:00:00,Uranus,1787.0
2020-06-12 02:00:00,Uranus,1791.0
2020-06-12 03:00:00,Uranus,1747.0
2020-06-12 04:00:00,Uranus,1723.0
2020-06-12 05:00:00,Uranus,1806.0
2020-06-12 06:00:00,Uranus,1778.0
2020-06-12 07:00:00,Uranus,1697.0
2020-06-12 08:00:00,Uranus,1675.0
2020-06-12 09:00:00,Uranus,1817.0
2020-06-12 10:00:00,Uranus,1967.0
2020-06-12 11:00:00,Uranus,2165.0
2020-06-12 12:00:00,Uranus,2218.0
2020-06-12 13:00:00,Uranus,2290.0
2020-06-12 14:00:00,Uranus,2070.0
2020-06-12 15:00:00,Uranus,2402.0
2020-06-12 16:00:00,Uranus,2349.0
2020-06-12 17:00:00,Uranus,2166.0
2020-06-12 18:00:00,Uranus,2090.0
2020-06-12 19:00:00,Uranus,2085.0
2020-06-12 20:00:00,Uranus,2032.0
2020-06-12 21:00:00,Uranus,2243.0
2020-06-12 22:00:00,Uranus,1967.0
2020-06-12 23:00:00,Uranus,1915.0
2020-06-13 00:00:00,Uranus,1862.0
2020-06-13 01:00:00,Uranus,2029.0
2020-06-13 02:00:00,Uranus,1865.0
2020-06-13 03:00:00,Uranus,1690.0
2020-06-13 04:00:00,Uranus,1629.0
2020-06-13 05:00:00,Uranus,1613.0
2020-06-13 06:00:00,Uranus,1600.0
2020-06-13 07:00:00,Uranus,1536.0
2020-06-13 08:00:00,Uranus,1546.0
2020-06-13 09:00:00,Uranus,1779.0
2020-06-13 10:00:00,Uranus,1792.0
2020-06-13 11:00:00,Uranus,1767.0
2020-06-13 12:00:00,Uranus,1789.0
2020-06-13 13:00:00,Uranus,1890.0
2020-06-13 14:00:00,Uranus,1815.0
2020-06-13 15:00:00,Uranus,1798.0
2020-06-13 16:00:00,Uranus,1963.0
2020-06-13 17:00:00,Uranus,2085.0
2020-06-13 18:00:00,Uranus,2023.0
2020-06-13 19:00:00,Uranus,1857.0
2020-06-13 20:00:00,Uranus,1868.0
2020-06-13 21:00:00,Uranus,1921.0
2020-06-13 22:00:00,Uranus,1766.0
2020-06-13 23:00:00,Uranus,1876.0
2020-06-14 00:00:00,Uranus,1968.0
2020-06-14 01:00:00,Uranus,2014.0
2020-06-14 02:00:00,Uranus,1924.0
2020-06-14 03:00:00,Uranus,1730.0
2020-06-14 04:00:00,Uranus,1745.0
2020-06-14 05:00:00,Uranus,1697.0
2020-06-14 06:00:00,Uranus,1730.0
2020-06-14 07:00:00,Uranus,1695.0
2020-06-14 08:00:00,Uranus,1676.0
2020-06-14 09:00:00,Uranus,1730.0
2020-06-14 10:00:00,Uranus,1679.0
2020-06-14 11:00:00,Uranus,1822.0
2020-06-14 12:00:00,Uranus,1786.0
2020-06-14 13:00:00,Uranus,1911.0
2020-06-14 14:00:00,Uranus,1888.0
2020-06-14 15:00:00,Uranus,1922.0
2020-06-14 16:00:00,Uranus,2049.0
2020-06-14 17:00:00,Uranus,1934.0
2020-06-14 18:00:00,Uranus,1850.0
2020-06-14 19:00:00,Uranus,1947.0
2020-06-14 20:00:00,Uranus,1972.0
2020-06-14 21:00:00,Uranus,1989.0
2020-06-14 22:00:00,Uranus,1970.0
2020-06-14 23:00:00,Uranus,1825.0
2020-06-15 00:00:00,Uranus,1883.0
2020-06-15 01:00:00,Uranus,1817.0
2020-06-15 02:00:00,Uranus,1713.0
2020-06-15 03:00:00,Uranus,1697.0
2020-06-15 04:00:00,Uranus,1673.0
2020-06-15 05:00:00,Uranus,1737.0
2020-06-15 06:00:00,Uranus,1680.0
2020-06-15 07:00:00,Uranus,1682.0
2020-06-15 08:00:00,Uranus,1646.0
2020-06-15 09:00:00,Uranus,1774.0
2020-06-15 10:00:00,Uranus,1947.0
2020-06-15 11:00:00,Uranus,2053.0
2020-06-15 12:00:00,Uranus,1979.0
2020-06-15 13:00:00,Uranus,2047.0
2020-06-15 14:00:00,Uranus,2191.0
2020-06-15 15:00:00,Uranus,2119.0
2020-06-15 16:00:00,Uranus,2344.0
2020-06-15 17:00:00,Uranus,2389.0
2020-06-15 18:00:00,Uranus,2257.0
2020-06-15 19:00:00,Uranus,2152.0
2020-06-15 20:00:00,Uranus,2346.0
2020-06-15 21:00:00,Uranus,2276.0
2020-06-15 22:00:00,Uranus,2180.0
2020-06-15 23:00:00,Uranus,1994.0
2020-06-16 00:00:00,Uranus,2050.0
2020-06-16 01:00:00,Uranus,1899.0
2020-06-16 02:00:00,Uranus,1827.0
2020-06-16 03:00:00,Uranus,1795.0
2020-06-16 04:00:00,Uranus,1747.0
2020-06-16 05:00:00,Uranus,1667.0
2020-06-16 06:00:00,Uranus,1635.0
2020-06-16 07:00:00,Uranus,1625.0
2020-06-16 08:00:00,Uranus,1768.0
2020-06-16 09:00:00,Uranus,1711.0
2020-06-16 10:00:00,Uranus,1809.0
2020-06-16 11:00:00,Uranus,1921.0
2020-06-16 12:00:00,Uranus,1820.0
2020-06-16 13:00:00,Uranus,1950.0
2020-06-16 14:00:00,Uranus,2108.0
2020-06-16 15:00:00,Uranus,2070.0
2020-06-16 16:00:00,Uranus,2282.0
2020-06-16 17:00:00,Uranus,2074.0
2020-06-16 18:00:00,Uranus,1852.0
2020-06-16 19:00:00,Uranus,1919.0
2020-06-16 20:00:00,Uranus,2208.0
2020-06-16 21:00:00,Uranus,2126.0
2020-06-16 22:00:00,Uranus,2181.0
2020-06-16 23:00:00,Uranus,2085.0
2020-06-17 00:00:00,Uranus,1979.0
2020-06-17 01:00:00,Uranus,1906.0
2020-06-17 02:00:00,Uranus,1825.0
2020-06-17 03:00:00,Uranus,1773.0
2020-06-17 04:00:00,Uranus,1682.0
2020-06-17 05:00:00,Uranus,1724.0
2020-06-17 06:00:00,Uranus,1605.0
2020-06-17 07:00:00,Uranus,1789.0
2020-06-17 08:00:00,Uranus,1588.0
2020-06-17 09:00:00,Uranus,1764.0
2020-06-17 10:00:00,Uranus,2031.0
2020-06-17 11:00:00,Uranus,2020.0
2020-06-17 12:00:00,Uranus,2104.0
2020-06-17 13:00:00,Uranus,2362.0
2020-06-17 14:00:00,Uranus,2290.0
2020-06-17 15:00:00,Uranus,2864.0
2020-06-17 16:00:00,Uranus,2547.0
2020-06-17 17:00:00,Uranus,2365.0
2020-06-17 18:00:00,Uranus,2067.0
2020-06-17 19:00:00,Uranus,2305.0
2020-06-17 20:00:00,Uranus,2311.0
2020-06-17 21:00:00,Uranus,2135.0
2020-06-17 22:00:00,Uranus,1928.0
2020-06-17 23:00:00,Uranus,1901.0
2020-06-18 00:00:00,Uranus,2033.0
2020-06-18 01:00:00,Uranus,1920.0
2020-06-18 02:00:00,Uranus,1894.0
2020-06-18 03:00:00,Uranus,1764.0
2020-06-18 04:00:00,Uranus,1764.0
2020-06-18 05:00:00,Uranus,1786.0
2020-06-18 06:00:00,Uranus,1678.0
2020-06-18 07:00:00,Uranus,1637.0
2020-06-18 08:00:00,Uranus,1621.0
2020-06-18 09:00:00,Uranus,1853.0
2020-06-18 10:00:00,Uranus,2164.0
2020-06-18 11:00:00,Uranus,2113.0
2020-06-18 12:00:00,Uranus,2032.0
2020-06-18 13:00:00,Uranus,2317.0
2020-06-18 14:00:00,Uranus,2645.0
2020-06-18 15:00:00,Uranus,2333.0
2020-06-18 16:00:00,Uranus,2519.0
2020-06-18 17:00:00,Uranus,2638.0
2020-06-18 18:00:00,Uranus,2328.0
2020-06-18 19:00:00,Uranus,2068.0
2020-06-18 20:00:00,Uranus,2185.0
2020-06-18 21:00:00,Uranus,2357.0
2020-06-18 22:00:00,Uranus,2129.0
2020-06-18 23:00:00,Uranus,2120.0
2020-06-19 00:00:00,Uranus,2027.0
2020-06-19 01:00:00,Uranus,1897.0
2020-06-19 02:00:00,Uranus,1875.0
2020-06-19 03:00:00,Uranus,1989.0
2020-06-19 04:00:00,Uranus,1937.0
2020-06-19 05:00:00,Uranus,1874.0
2020-06-19 06:00:00,Uranus,1889.0
2020-06-19 07:00:00,Uranus,1799.0
2020-06-19 08:00:00,Uranus,1895.0
2020-06-19 09:00:00,Uranus,1842.0
2020-06-19 10:00:00,Uranus,2156.0
2020-06-19 11:00:00,Uranus,2143.0
2020-06-19 12:00:00,Uranus,1960.0
2020-06-19 13:00:00,Uranus,2068.0
2020-06-19 14:00:00,Uranus,2135.0
2020-06-19 15:00:00,Uranus,2110.0
2020-06-19 16:00:00,Uranus,2125.0
2020-06-19 17:00:00,Uranus,2174.0
2020-06-19 18:00:00,Uranus,2193.0
2020-06-19 19:00:00,Uranus,2087.0
2020-06-19 20:00:00,Uranus,2112.0
2020-06-19 21:00:00,Uranus,2585.0
2020-06-19 22:00:00,Uranus,2132.0
2020-06-19 23:00:00,Uranus,1994.0
2020-06-20 00:00:00,Uranus,2046.0
2020-06-20 01:00:00,Uranus,2052.0
2020-06-20 02:00:00,Uranus,1835.0
2020-06-20 03:00:00,Uranus,1745.0
2020-06-20 04:00:00,Uranus,1772.0
2020-06-20 05:00:00,Uranus,1728.0
2020-06-20 06:00:00,Uranus,1586.0
2020-06-20 07:00:00,Uranus,1579.0
2020-06-20 08:00:00,Uranus,1610.0
2020-06-20 09:00:00,Uranus,1812.0
2020-06-20 10:00:00,Uranus,1826.0
2020-06-20 11:00:00,Uranus,1809.0
2020-06-20 12:00:00,Uranus,1640.0
2020-06-20 13:00:00,Uranus,1645.0
2020-06-20 14:00:00,Uranus,1599.0
2020-06-20 15:00:00,Uranus,1608.0
2020-06-20 16:00:00,Uranus,1639.0
2020-06-20 17:00:00,Uranus,1634.0
2020-06-20 18:00:00,Uranus,1689.0
2020-06-20 19:00:00,Uranus,1832.0
2020-06-20 20:00:00,Uranus,1967.0
2020-06-20 21:00:00,Uranus,2064.0
2020-06-20 22:00:00,Uranus,1838.0
2020-06-20 23:00:00,Uranus,1921.0
2020-06-21 00:00:00,Uranus,1867.0
2020-06-21 01:00:00,Uranus,1810.0
2020-06-21 02:00:00,Uranus,1719.0
2020-06-21 03:00:00,Uranus,1755.0
2020-06-21 04:00:00,Uranus,1723.0
2020-06-21 05:00:00,Uranus,1637.0
2020-06-21 06:00:00,Uranus,1573.0
2020-06-21 07:00:00,Uranus,1472.0
2020-06-21 08:00:00,Uranus,1443.0
2020-06-21 09:00:00,Uranus,1431.0
2020-06-21 10:00:00,Uranus,1592.0
2020-06-21 11:00:00,Uranus,1649.0
2020-06-21 12:00:00,Uranus,1666.0
2020-06-21 13:00:00,Uranus,1693.0
2020-06-21 14:00:00,Uranus,1697.0
2020-06-21 15:00:00,Uranus,1770.0
2020-06-21 16:00:00,Uranus,1930.0
2020-06-21 17:00:00,Uranus,1823.0
2020-06-21 18:00:00,Uranus,1683.0
2020-06-21 19:00:00,Uranus,1672.0
2020-06-21 20:00:00,Uranus,1677.0
2020-06-21 21:00:00,Uranus,1911.0
2020-06-21 22:00:00,Uranus,2143.0
2020-06-21 23:00:00,Uranus,1863.0
2020-06-22 00:00:00,Uranus,1948.0
2020-06-22 01:00:00,Uranus,1581.0
2020-06-22 02:00:00,Uranus,1463.0
2020-06-22 03:00:00,Uranus,1495.0
2020-06-22 04:00:00,Uranus,1332.0
2020-06-22 05:00:00,Uranus,1305.0
2020-06-22 06:00:00,Uranus,1314.0
2020-06-22 07:00:00,Uranus,1295.0
2020-06-22 08:00:00,Uranus,1525.0
2020-06-22 09:00:00,Uranus,1613.0
2020-06-22 10:00:00,Uranus,2028.0
2020-06-22 11:00:00,Uranus,1990.0
2020-06-22 12:00:00,Uranus,1758.0
2020-06-22 13:00:00,Uranus,2018.0
2020-06-22 14:00:00,Uranus,2319.0
2020-06-22 15:00:00,Uranus,2158.0
2020-06-22 16:00:00,Uranus,2491.0
2020-06-22 17:00:00,Uranus,2212.0
2020-06-22 18:00:00,Uranus,2142.0
2020-06-22 19:00:00,Uranus,1996.0
2020-06-22 20:00:00,Uranus,2177.0
2020-06-22 21:00:00,Uranus,2420.0
2020-06-22 22:00:00,Uranus,2245.0
2020-06-22 23:00:00,Uranus,2027.0
2020-06-23 00:00:00,Uranus,2057.0
2020-06-23 01:00:00,Uranus,2202.0
2020-06-23 02:00:00,Uranus,1969.0
2020-06-23 03:00:00,Uranus,1847.0
2020-06-23 04:00:00,Uranus,1769.0
2020-06-23 05:00:00,Uranus,1890.0
2020-06-23 06:00:00,Uranus,2221.0
2020-06-23 07:00:00,Uranus,1724.0
2020-06-23 08:00:00,Uranus,1667.0
2020-06-23 09:00:00,Uranus,1905.0
2020-06-23 10:00:00,Uranus,2226.0
2020-06-23 11:00:00,Uranus,1860.0
2020-06-23 12:00:00,Uranus,2174.0
2020-06-23 13:00:00,Uranus,2216.0
2020-06-23 14:00:00,Uranus,2110.0
2020-06-23 15:00:00,Uranus,2191.0
2020-06-23 16:00:00,Uranus,2501.0
2020-06-23 17:00:00,Uranus,2435.0
2020-06-23 18:00:00,Uranus,2126.0
2020-06-23 19:00:00,Uranus,2138.0
2020-06-23 20:00:00,Uranus,2487.0
2020-06-23 21:00:00,Uranus,2287.0
2020-06-23 22:00:00,Uranus,1998.0
2020-06-23 23:00:00,Uranus,1986.0
2020-06-24 00:00:00,Uranus,1870.0
2020-06-24 01:00:00,Uranus,1882.0
2020-06-24 02:00:00,Uranus,2004.0
2020-06-24 03:00:00,Uranus,1837.0
2020-06-24 04:00:00,Uranus,1789.0
2020-06-24 05:00:00,Uranus,1673.0
2020-06-24 06:00:00,Uranus,1669.0
2020-06-24 07:00:00,Uranus,1627.0
2020-06-24 08:00:00,Uranus,1699.0
2020-06-24 09:00:00,Uranus,1938.0
2020-06-24 10:00:00,Uranus,1946.0
2020-06-24 11:00:00,Uranus,2187.0
2020-06-24 12:00:00,Uranus,2223.0
2020-06-24 13:00:00,Uranus,2112.0
2020-06-24 14:00:00,Uranus,2496.0
2020-06-24 15:00:00,Uranus,2640.0
2020-06-24 16:00:00,Uranus,2487.0
2020-06-24 17:00:00,Uranus,2493.0
2020-06-24 18:00:00,Uranus,2405.0
2020-06-24 19:00:00,Uranus,2088.0
2020-06-24 20:00:00,Uranus,2143.0
2020-06-24 21:00:00,Uranus,2344.0
2020-06-24 22:00:00,Uranus,2253.0
2020-06-24 23:00:00,Uranus,2000.0
2020-06-25 00:00:00,Uranus,2058.0
2020-06-25 01:00:00,Uranus,1994.0
2020-06-25 02:00:00,Uranus,1941.0
2020-06-25 03:00:00,Uranus,1926.0
2020-06-25 04:00:00,Uranus,1885.0
2020-06-25 05:00:00,Uranus,1948.0
2020-06-25 06:00:00,Uranus,1959.0
2020-06-25 07:00:00,Uranus,1939.0
2020-06-25 08:00:00,Uranus,1848.0
2020-06-25 09:00:00,Uranus,2090.0
2020-06-25 10:00:00,Uranus,2055.0
2020-06-25 11:00:00,Uranus,1973.0
2020-06-25 12:00:00,Uranus,1847.0
2020-06-25 13:00:00,Uranus,1967.0
2020-06-25 14:00:00,Uranus,2322.0
2020-06-25 15:00:00,Uranus,2022.0
2020-06-25 16:00:00,Uranus,1787.0
2020-06-25 17:00:00,Uranus,1732.0
2020-06-25 18:00:00,Uranus,1761.0
2020-06-25 19:00:00,Uranus,1900.0
2020-06-25 20:00:00,Uranus,1983.0
2020-06-25 21:00:00,Uranus,2291.0
2020-06-25 22:00:00,Uranus,1878.0
2020-06-25 23:00:00,Uranus,1905.0
2020-06-26 00:00:00,Uranus,2190.0
2020-06-26 01:00:00,Uranus,1944.0
2020-06-26 02:00:00,Uranus,1678.0
2020-06-26 03:00:00,Uranus,1632.0
2020-06-26 04:00:00,Uranus,1623.0
2020-06-26 05:00:00,Uranus,1631.0
2020-06-26 06:00:00,Uranus,1782.0
2020-06-26 07:00:00,Uranus,1669.0
2020-06-26 08:00:00,Uranus,1804.0
2020-06-26 09:00:00,Uranus,1871.0
2020-06-26 10:00:00,Uranus,1726.0
2020-06-26 11:00:00,Uranus,1665.0
2020-06-26 12:00:00,Uranus,1644.0
2020-06-26 13:00:00,Uranus,1715.0
2020-06-26 14:00:00,Uranus,1748.0
2020-06-26 15:00:00,Uranus,1925.0
2020-06-26 16:00:00,Uranus,1864.0
2020-06-26 17:00:00,Uranus,1997.0
2020-06-26 18:00:00,Uranus,1767.0
2020-06-26 19:00:00,Uranus,1939.0
2020-06-26 20:00:00,Uranus,1856.0
2020-06-26 21:00:00,Uranus,1865.0
2020-06-26 22:00:00,Uranus,1825.0
2020-06-26 23:00:00,Uranus,1949.0
2020-06-27 00:00:00,Uranus,1975.0
2020-06-27 01:00:00,Uranus,1935.0
2020-06-27 02:00:00,Uranus,1873.0
2020-06-27 03:00:00,Uranus,1879.0
2020-06-27 04:00:00,Uranus,1859.0
2020-06-27 05:00:00,Uranus,1809.0
2020-06-27 06:00:00,Uranus,1825.0
2020-06-27 07:00:00,Uranus,1923.0
2020-06-27 08:00:00,Uranus,1855.0
2020-06-27 09:00:00,Uranus,1800.0
2020-06-27 10:00:00,Uranus,1832.0
2020-06-27 11:00:00,Uranus,1883.0
2020-06-27 12:00:00,Uranus,1807.0
2020-06-27 13:00:00,Uranus,1735.0
2020-06-27 14:00:00,Uranus,1970.0
2020-06-27 15:00:00,Uranus,1909.0
2020-06-27 16:00:00,Uranus,1890.0
2020-06-27 17:00:00,Uranus,1946.0
2020-06-27 18:00:00,Uranus,1932.0
2020-06-27 19:00:00,Uranus,1928.0
2020-06-27 20:00:00,Uranus,1914.0
2020-06-27 21:00:00,Uranus,2032.0
2020-06-27 22:00:00,Uranus,2029.0
2020-06-27 23:00:00,Uranus,2104.0
2020-06-28 00:00:00,Uranus,2173.0
2020-06-28 01:00:00,Uranus,1872.0
2020-06-28 02:00:00,Uranus,1831.0
2020-06-28 03:00:00,Uranus,1819.0
2020-06-28 04:00:00,Uranus,1803.0
2020-06-28 05:00:00,Uranus,1776.0
2020-06-28 06:00:00,Uranus,2049.0
2020-06-28 07:00:00,Uranus,1837.0
2020-06-28 08:00:00,Uranus,1771.0
2020-06-28 09:00:00,Uranus,1895.0
2020-06-28 10:00:00,Uranus,1993.0
2020-06-28 11:00:00,Uranus,2287.0
2020-06-28 12:00:00,Uranus,2119.0
2020-06-28 13:00:00,Uranus,2212.0
2020-06-28 14:00:00,Uranus,2394.0
2020-06-28 15:00:00,Uranus,2587.0
2020-06-28 16:00:00,Uranus,2502.0
2020-06-28 17:00:00,Uranus,2511.0
2020-06-28 18:00:00,Uranus,2199.0
2020-06-28 19:00:00,Uranus,2072.0
2020-06-28 20:00:00,Uranus,2229.0
2020-06-28 21:00:00,Uranus,2100.0
2020-06-28 22:00:00,Uranus,2345.0
2020-06-28 23:00:00,Uranus,2152.0
2020-06-29 00:00:00,Uranus,2245.0
2020-06-29 01:00:00,Uranus,1979.0
2020-06-29 02:00:00,Uranus,1893.0
2020-06-29 03:00:00,Uranus,1964.0
2020-06-29 04:00:00,Uranus,1909.0
2020-06-29 05:00:00,Uranus,1941.0
2020-06-29 06:00:00,Uranus,1807.0
2020-06-29 07:00:00,Uranus,1784.0
2020-06-29 08:00:00,Uranus,1768.0
2020-06-29 09:00:00,Uranus,1917.0
2020-06-29 10:00:00,Uranus,2003.0
2020-06-29 11:00:00,Uranus,2245.0
2020-06-29 12:00:00,Uranus,2183.0
2020-06-29 13:00:00,Uranus,2253.0
2020-06-29 14:00:00,Uranus,2457.0
2020-06-29 15:00:00,Uranus,2475.0
2020-06-29 16:00:00,Uranus,2558.0
2020-06-29 17:00:00,Uranus,2646.0
2020-06-29 18:00:00,Uranus,2113.0
2020-06-29 19:00:00,Uranus,2245.0
2020-06-29 20:00:00,Uranus,2360.0
2020-06-29 21:00:00,Uranus,2125.0
2020-06-29 22:00:00,Uranus,2140.0
2020-06-29 23:00:00,Uranus,2067.0
2020-06-30 00:00:00,Uranus,2011.0
2020-06-30 01:00:00,Uranus,1964.0
2020-06-30 02:00:00,Uranus,1856.0
2020-06-30 03:00:00,Uranus,1809.0
2020-06-30 04:00:00,Uranus,1821.0
2020-06-30 05:00:00,Uranus,2153.0
2020-06-30 06:00:00,Uranus,1771.0
2020-06-30 07:00:00,Uranus,1764.0
2020-06-30 08:00:00,Uranus,1900.0
2020-06-30 09:00:00,Uranus,2062.0
2020-06-30 10:00:00,Uranus,1986.0
2020-06-30 11:00:00,Uranus,2072.0
2020-06-30 12:00:00,Uranus,1930.0
2020-06-30 13:00:00,Uranus,2135.0
2020-06-30 14:00:00,Uranus,2075.0
2020-06-30 15:00:00,Uranus,2213.0
2020-06-30 16:00:00,Uranus,2247.0
2020-06-30 17:00:00,Uranus,1966.0
2020-06-30 18:00:00,Uranus,1867.0
2020-06-30 19:00:00,Uranus,2130.0
2020-06-30 20:00:00,Uranus,2082.0
2020-06-30 21:00:00,Uranus,2043.0
2020-06-30 22:00:00,Uranus,2140.0
2020-06-30 23:00:00,Uranus,2025.0
2020-07-01 00:00:00,Uranus,1974.0
2020-07-01 01:00:00,Uranus,1901.0
2020-07-01 02:00:00,Uranus,1861.0
2020-07-01 03:00:00,Uranus,1747.0
2020-07-01 04:00:00,Uranus,1679.0
2020-07-01 05:00:00,Uranus,1985.0
2020-07-01 06:00:00,Uranus,1689.0
2020-07-01 07:00:00,Uranus,1595.0
2020-07-01 08:00:00,Uranus,1558.0
2020-07-01 09:00:00,Uranus,1652.0
2020-07-01 10:00:00,Uranus,2100.0
2020-07-01 11:00:00,Uranus,2200.0
2020-07-01 12:00:00,Uranus,2177.0
2020-07-01 13:00:00,Uranus,2122.0
2020-07-01 14:00:00,Uranus,2200.0
2020-07-01 15:00:00,Uranus,2269.0
2020-07-01 16:00:00,Uranus,2219.0
2020-07-01 17:00:00,Uranus,2056.0
2020-07-01 18:00:00,Uranus,1956.0
2020-07-01 19:00:00,Uranus,1987.0
2020-07-01 20:00:00,Uranus,1964.0
2020-07-01 21:00:00,Uranus,1848.0
2020-07-01 22:00:00,Uranus,2106.0
2020-07-01 23:00:00,Uranus,1927.0
2020-07-02 00:00:00,Uranus,1940.0
2020-07-02 01:00:00,Uranus,2078.0
2020-07-02 02:00:00,Uranus,1879.0
2020-07-02 03:00:00,Uranus,1675.0
2020-07-02 04:00:00,Uranus,1555.0
2020-07-02 05:00:00,Uranus,1634.0
2020-07-02 06:00:00,Uranus,1694.0
2020-07-02 07:00:00,Uranus,1620.0
2020-07-02 08:00:00,Uranus,1732.0
2020-07-02 09:00:00,Uranus,1797.0
2020-07-02 10:00:00,Uranus,1860.0
2020-07-02 11:00:00,Uranus,2236.0
2020-07-02 12:00:00,Uranus,1931.0
2020-07-02 13:00:00,Uranus,1956.0
2020-07-02 14:00:00,Uranus,2182.0
2020-07-02 15:00:00,Uranus,2265.0
2020-07-02 16:00:00,Uranus,2107.0
2020-07-02 17:00:00,Uranus,2225.0
2020-07-02 18:00:00,Uranus,2104.0
2020-07-02 19:00:00,Uranus,1943.0
2020-07-02 20:00:00,Uranus,2013.0
2020-07-02 21:00:00,Uranus,1948.0
2020-07-02 22:00:00,Uranus,1925.0
2020-07-02 23:00:00,Uranus,1837.0
2020-07-03 00:00:00,Uranus,1952.0
2020-07-03 01:00:00,Uranus,2283.0
2020-07-03 02:00:00,Uranus,1837.0
2020-07-03 03:00:00,Uranus,1704.0
2020-07-03 04:00:00,Uranus,1700.0
2020-07-03 05:00:00,Uranus,1734.0
2020-07-03 06:00:00,Uranus,1675.0
2020-07-03 07:00:00,Uranus,1598.0
2020-07-03 08:00:00,Uranus,1803.0
2020-07-03 09:00:00,Uranus,1853.0
2020-07-03 10:00:00,Uranus,1967.0
2020-07-03 11:00:00,Uranus,1979.0
2020-07-03 12:00:00,Uranus,2076.0
2020-07-03 13:00:00,Uranus,2299.0
2020-07-03 14:00:00,Uranus,2379.0
2020-07-03 15:00:00,Uranus,2137.0
2020-07-03 16:00:00,Uranus,2103.0
2020-07-03 17:00:00,Uranus,2027.0
2020-07-03 18:00:00,Uranus,1990.0
2020-07-03 19:00:00,Uranus,2113.0
2020-07-03 20:00:00,Uranus,2025.0
2020-07-03 21:00:00,Uranus,1979.0
2020-07-03 22:00:00,Uranus,1983.0
2020-07-03 23:00:00,Uranus,1805.0
2020-07-04 00:00:00,Uranus,2303.0
2020-07-04 01:00:00,Uranus,2213.0
2020-07-04 02:00:00,Uranus,2071.0
2020-07-04 03:00:00,Uranus,1773.0
2020-07-04 04:00:00,Uranus,1633.0
2020-07-04 05:00:00,Uranus,1712.0
2020-07-04 06:00:00,Uranus,1748.0
2020-07-04 07:00:00,Uranus,1879.0
2020-07-04 08:00:00,Uranus,1796.0
2020-07-04 09:00:00,Uranus,1899.0
2020-07-04 10:00:00,Uranus,1966.0
2020-07-04 11:00:00,Uranus,2090.0
2020-07-04 12:00:00,Uranus,2233.0
2020-07-04 13:00:00,Uranus,2101.0
2020-07-04 14:00:00,Uranus,2151.0
2020-07-04 15:00:00,Uranus,2189.0
2020-07-04 16:00:00,Uranus,1969.0
2020-07-04 17:00:00,Uranus,1895.0
2020-07-04 18:00:00,Uranus,1817.0
2020-07-04 19:00:00,Uranus,2034.0
2020-07-04 20:00:00,Uranus,1932.0
2020-07-04 21:00:00,Uranus,1898.0
2020-07-04 22:00:00,Uranus,2028.0
2020-07-04 23:00:00,Uranus,1864.0
2020-07-05 00:00:00,Uranus,2005.0
2020-07-05 01:00:00,Uranus,2113.0
2020-07-05 02:00:00,Uranus,1929.0
2020-07-05 03:00:00,Uranus,1836.0
2020-07-05 04:00:00,Uranus,1839.0
2020-07-05 05:00:00,Uranus,1800.0
2020-07-05 06:00:00,Uranus,1757.0
2020-07-05 07:00:00,Uranus,1730.0
2020-07-05 08:00:00,Uranus,1860.0
2020-07-05 09:00:00,Uranus,1830.0
2020-07-05 10:00:00,Uranus,1704.0
2020-07-05 11:00:00,Uranus,1867.0
2020-07-05 12:00:00,Uranus,1798.0
2020-07-05 13:00:00,Uranus,1956.0
2020-07-05 14:00:00,Uranus,2014.0
2020-07-05 15:00:00,Uranus,1868.0
2020-07-05 16:00:00,Uranus,1939.0
2020-07-05 17:00:00,Uranus,2074.0
2020-07-05 18:00:00,Uranus,2036.0
2020-07-05 19:00:00,Uranus,1845.0
2020-07-05 20:00:00,Uranus,1842.0
2020-07-05 21:00:00,Uranus,2107.0
2020-07-05 22:00:00,Uranus,2142.0
2020-07-05 23:00:00,Uranus,1975.0
2020-07-06 00:00:00,Uranus,1969.0
2020-07-06 01:00:00,Uranus,1817.0
2020-07-06 02:00:00,Uranus,1765.0
2020-07-06 03:00:00,Uranus,1779.0
2020-07-06 04:00:00,Uranus,1655.0
2020-07-06 05:00:00,Uranus,1700.0
2020-07-06 06:00:00,Uranus,1759.0
2020-07-06 07:00:00,Uranus,1759.0
2020-07-06 08:00:00,Uranus,1731.0
2020-07-06 09:00:00,Uranus,2126.0
2020-07-06 10:00:00,Uranus,2252.0
2020-07-06 11:00:00,Uranus,2299.0
2020-07-06 12:00:00,Uranus,2172.0
2020-07-06 13:00:00,Uranus,2212.0
2020-07-06 14:00:00,Uranus,2191.0
2020-07-06 15:00:00,Uranus,2319.0
2020-07-06 16:00:00,Uranus,2726.0
2020-07-06 17:00:00,Uranus,2451.0
2020-07-06 18:00:00,Uranus,2026.0
2020-07-06 19:00:00,Uranus,2520.0
2020-07-06 20:00:00,Uranus,2234.0
2020-07-06 21:00:00,Uranus,2669.0
2020-07-06 22:00:00,Uranus,2024.0
2020-07-06 23:00:00,Uranus,2042.0
2020-07-07 00:00:00,Uranus,1967.0
2020-07-07 01:00:00,Uranus,2268.0
2020-07-07 02:00:00,Uranus,2035.0
2020-07-07 03:00:00,Uranus,1786.0
2020-07-07 04:00:00,Uranus,1969.0
2020-07-07 05:00:00,Uranus,1860.0
2020-07-07 06:00:00,Uranus,1646.0
2020-07-07 07:00:00,Uranus,1609.0
2020-07-07 08:00:00,Uranus,1609.0
2020-07-07 09:00:00,Uranus,1942.0
2020-07-07 10:00:00,Uranus,2255.0
2020-07-07 11:00:00,Uranus,2509.0
2020-07-07 12:00:00,Uranus,2361.0
2020-07-07 13:00:00,Uranus,2548.0
2020-07-07 14:00:00,Uranus,2213.0
2020-07-07 15:00:00,Uranus,2432.0
2020-07-07 16:00:00,Uranus,2777.0
2020-07-07 17:00:00,Uranus,2755.0
2020-07-07 18:00:00,Uranus,2162.0
2020-07-07 19:00:00,Uranus,2151.0
2020-07-07 20:00:00,Uranus,2590.0
2020-07-07 21:00:00,Uranus,2247.0
2020-07-07 22:00:00,Uranus,2270.0
2020-07-07 23:00:00,Uranus,2141.0
2020-07-08 00:00:00,Uranus,2248.0
2020-07-08 01:00:00,Uranus,1920.0
2020-07-08 02:00:00,Uranus,1739.0
2020-07-08 03:00:00,Uranus,1628.0
2020-07-08 04:00:00,Uranus,1640.0
2020-07-08 05:00:00,Uranus,1622.0
2020-07-08 06:00:00,Uranus,1631.0
2020-07-08 07:00:00,Uranus,1511.0
2020-07-08 08:00:00,Uranus,1417.0
2020-07-08 09:00:00,Uranus,1465.0
2020-07-08 10:00:00,Uranus,1815.0
2020-07-08 11:00:00,Uranus,2469.0
2020-07-08 12:00:00,Uranus,1966.0
2020-07-08 13:00:00,Uranus,2291.0
2020-07-08 14:00:00,Uranus,2326.0
2020-07-08 15:00:00,Uranus,2482.0
2020-07-08 16:00:00,Uranus,2333.0
2020-07-08 17:00:00,Uranus,3239.0
2020-07-08 18:00:00,Uranus,1861.0
2020-07-08 19:00:00,Uranus,2009.0
2020-07-08 20:00:00,Uranus,2253.0
2020-07-08 21:00:00,Uranus,2177.0
2020-07-08 22:00:00,Uranus,1985.0
2020-07-08 23:00:00,Uranus,2063.0
2020-07-09 00:00:00,Uranus,2729.0
2020-07-09 01:00:00,Uranus,2127.0
2020-07-09 02:00:00,Uranus,2004.0
2020-07-09 03:00:00,Uranus,1711.0
2020-07-09 04:00:00,Uranus,1722.0
2020-07-09 05:00:00,Uranus,1691.0
2020-07-09 06:00:00,Uranus,1775.0
2020-07-09 07:00:00,Uranus,1699.0
2020-07-09 08:00:00,Uranus,1749.0
2020-07-09 09:00:00,Uranus,1849.0
2020-07-09 10:00:00,Uranus,2023.0
2020-07-09 11:00:00,Uranus,2034.0
2020-07-09 12:00:00,Uranus,1937.0
2020-07-09 13:00:00,Uranus,1995.0
2020-07-09 14:00:00,Uranus,2126.0
2020-07-09 15:00:00,Uranus,2146.0
2020-07-09 16:00:00,Uranus,2315.0
2020-07-09 17:00:00,Uranus,2238.0
2020-07-09 18:00:00,Uranus,2058.0
2020-07-09 19:00:00,Uranus,2069.0
2020-07-09 20:00:00,Uranus,2111.0
2020-07-09 21:00:00,Uranus,2067.0
2020-07-09 22:00:00,Uranus,1759.0
2020-07-09 23:00:00,Uranus,1878.0
2020-07-10 00:00:00,Uranus,1834.0
2020-07-10 01:00:00,Uranus,1823.0
2020-07-10 02:00:00,Uranus,1841.0
2020-07-10 03:00:00,Uranus,1775.0
2020-07-10 04:00:00,Uranus,1818.0
2020-07-10 05:00:00,Uranus,1806.0
2020-07-10 06:00:00,Uranus,1835.0
2020-07-10 07:00:00,Uranus,1739.0
2020-07-10 08:00:00,Uranus,1827.0
2020-07-10 09:00:00,Uranus,1927.0
2020-07-10 10:00:00,Uranus,1991.0
2020-07-10 11:00:00,Uranus,2147.0
2020-07-10 12:00:00,Uranus,2074.0
2020-07-10 13:00:00,Uranus,2043.0
2020-07-10 14:00:00,Uranus,2106.0
2020-07-10 15:00:00,Uranus,1893.0
2020-07-10 16:00:00,Uranus,2080.0
2020-07-10 17:00:00,Uranus,2327.0
2020-07-10 18:00:00,Uranus,2228.0
2020-07-10 19:00:00,Uranus,1983.0
2020-07-10 20:00:00,Uranus,2161.0
2020-07-10 21:00:00,Uranus,1940.0
2020-07-10 22:00:00,Uranus,2017.0
2020-07-10 23:00:00,Uranus,1969.0
2020-07-11 00:00:00,Uranus,1949.0
2020-07-11 01:00:00,Uranus,1942.0
2020-07-11 02:00:00,Uranus,1772.0
2020-07-11 03:00:00,Uranus,1770.0
2020-07-11 04:00:00,Uranus,1763.0
2020-07-11 05:00:00,Uranus,1585.0
2020-07-11 06:00:00,Uranus,1594.0
2020-07-11 07:00:00,Uranus,1549.0
2020-07-11 08:00:00,Uranus,1923.0
2020-07-11 09:00:00,Uranus,1939.0
2020-07-11 10:00:00,Uranus,1607.0
2020-07-11 11:00:00,Uranus,1585.0
2020-07-11 12:00:00,Uranus,1602.0
2020-07-11 13:00:00,Uranus,1711.0
2020-07-11 14:00:00,Uranus,1739.0
2020-07-11 15:00:00,Uranus,1799.0
2020-07-11 16:00:00,Uranus,1853.0
2020-07-11 17:00:00,Uranus,1866.0
2020-07-11 18:00:00,Uranus,1879.0
2020-07-11 19:00:00,Uranus,1739.0
2020-07-11 20:00:00,Uranus,1698.0
2020-07-11 21:00:00,Uranus,1918.0
2020-07-11 22:00:00,Uranus,1826.0
2020-07-11 23:00:00,Uranus,1806.0
2020-07-12 00:00:00,Uranus,1829.0
2020-07-12 01:00:00,Uranus,1766.0
2020-07-12 02:00:00,Uranus,1800.0
2020-07-12 03:00:00,Uranus,1700.0
2020-07-12 04:00:00,Uranus,1596.0
2020-07-12 05:00:00,Uranus,1607.0
2020-07-12 06:00:00,Uranus,1586.0
2020-07-12 07:00:00,Uranus,1633.0
2020-07-12 08:00:00,Uranus,1636.0
2020-07-12 09:00:00,Uranus,1599.0
2020-07-12 10:00:00,Uranus,1692.0
2020-07-12 11:00:00,Uranus,1601.0
2020-07-12 12:00:00,Uranus,1509.0
2020-07-12 13:00:00,Uranus,1559.0
2020-07-12 14:00:00,Uranus,1574.0
2020-07-12 15:00:00,Uranus,1647.0
2020-07-12 16:00:00,Uranus,2249.0
2020-07-12 17:00:00,Uranus,3095.0
2020-07-12 18:00:00,Uranus,2027.0
2020-07-12 19:00:00,Uranus,1807.0
2020-07-12 20:00:00,Uranus,1805.0
2020-07-12 21:00:00,Uranus,1934.0
2020-07-12 22:00:00,Uranus,2160.0
2020-07-12 23:00:00,Uranus,2028.0
2020-07-13 00:00:00,Uranus,1925.0
2020-07-13 01:00:00,Uranus,1914.0
2020-07-13 02:00:00,Uranus,2027.0
2020-07-13 03:00:00,Uranus,1813.0
2020-07-13 04:00:00,Uranus,1798.0
2020-07-13 05:00:00,Uranus,1806.0
2020-07-13 06:00:00,Uranus,1832.0
2020-07-13 07:00:00,Uranus,1809.0
2020-07-13 08:00:00,Uranus,2088.0
2020-07-13 09:00:00,Uranus,2146.0
2020-07-13 10:00:00,Uranus,2318.0
2020-07-13 11:00:00,Uranus,2621.0
2020-07-13 12:00:00,Uranus,2379.0
2020-07-13 13:00:00,Uranus,2292.0
2020-07-13 14:00:00,Uranus,2326.0
2020-07-13 15:00:00,Uranus,2569.0
2020-07-13 16:00:00,Uranus,2224.0
2020-07-13 17:00:00,Uranus,2052.0
2020-07-13 18:00:00,Uranus,1764.0
2020-07-13 19:00:00,Uranus,1960.0
2020-07-13 20:00:00,Uranus,2070.0
2020-07-13 21:00:00,Uranus,2209.0
2020-07-13 22:00:00,Uranus,1845.0
2020-07-13 23:00:00,Uranus,1879.0
2020-07-14 00:00:00,Uranus,1989.0
2020-07-14 01:00:00,Uranus,1684.0
2020-07-14 02:00:00,Uranus,1707.0
2020-07-14 03:00:00,Uranus,1635.0
2020-07-14 04:00:00,Uranus,1516.0
2020-07-14 05:00:00,Uranus,1548.0
2020-07-14 06:00:00,Uranus,1435.0
2020-07-14 07:00:00,Uranus,1373.0
2020-07-14 08:00:00,Uranus,1401.0
2020-07-14 09:00:00,Uranus,1537.0
2020-07-14 10:00:00,Uranus,1433.0
2020-07-14 11:00:00,Uranus,2140.0
2020-07-14 12:00:00,Uranus,1752.0
2020-07-14 13:00:00,Uranus,1848.0
2020-07-14 14:00:00,Uranus,1877.0
2020-07-14 15:00:00,Uranus,2018.0
2020-07-14 16:00:00,Uranus,2110.0
2020-07-14 17:00:00,Uranus,1954.0
2020-07-14 18:00:00,Uranus,2112.0
2020-07-14 19:00:00,Uranus,1976.0
2020-07-14 20:00:00,Uranus,2113.0
2020-07-14 21:00:00,Uranus,2060.0
2020-07-14 22:00:00,Uranus,2113.0
2020-07-14 23:00:00,Uranus,2115.0
2020-07-15 00:00:00,Uranus,2004.0
2020-07-15 01:00:00,Uranus,1846.0
2020-07-15 02:00:00,Uranus,1739.0
2020-07-15 03:00:00,Uranus,1667.0
2020-07-15 04:00:00,Uranus,1627.0
2020-07-15 05:00:00,Uranus,1604.0
2020-07-15 06:00:00,Uranus,1467.0
2020-07-15 07:00:00,Uranus,1599.0
2020-07-15 08:00:00,Uranus,1751.0
2020-07-15 09:00:00,Uranus,1609.0
2020-07-15 10:00:00,Uranus,1790.0
2020-07-15 11:00:00,Uranus,1939.0
2020-07-15 12:00:00,Uranus,1946.0
2020-07-15 13:00:00,Uranus,1983.0
2020-07-15 14:00:00,Uranus,2007.0
2020-07-15 15:00:00,Uranus,2190.0
2020-07-15 16:00:00,Uranus,2270.0
2020-07-15 17:00:00,Uranus,2022.0
2020-07-15 18:00:00,Uranus,2009.0
2020-07-15 19:00:00,Uranus,2501.0
2020-07-15 20:00:00,Uranus,2144.0
2020-07-15 21:00:00,Uranus,2280.0
2020-07-15 22:00:00,Uranus,2108.0
2020-07-15 23:00:00,Uranus,2008.0
2020-07-16 00:00:00,Uranus,1854.0
2020-07-16 01:00:00,Uranus,1824.0
2020-07-16 02:00:00,Uranus,1804.0
2020-07-16 03:00:00,Uranus,1739.0
2020-07-16 04:00:00,Uranus,1699.0
2020-07-16 05:00:00,Uranus,1724.0
2020-07-16 06:00:00,Uranus,1715.0
2020-07-16 07:00:00,Uranus,1716.0
2020-07-16 08:00:00,Uranus,1570.0
2020-07-16 09:00:00,Uranus,1576.0
2020-07-16 10:00:00,Uranus,1791.0
2020-07-16 11:00:00,Uranus,2038.0
2020-07-16 12:00:00,Uranus,2012.0
2020-07-16 13:00:00,Uranus,2256.0
2020-07-16 14:00:00,Uranus,2424.0
2020-07-16 15:00:00,Uranus,2517.0
2020-07-16 16:00:00,Uranus,2450.0
2020-07-16 17:00:00,Uranus,2213.0
2020-07-16 18:00:00,Uranus,2220.0
2020-07-16 19:00:00,Uranus,2243.0
2020-07-16 20:00:00,Uranus,2425.0
2020-07-16 21:00:00,Uranus,2255.0
2020-07-16 22:00:00,Uranus,2107.0
2020-07-16 23:00:00,Uranus,1802.0
2020-07-17 00:00:00,Uranus,1773.0
2020-07-17 01:00:00,Uranus,1750.0
2020-07-17 02:00:00,Uranus,1582.0
2020-07-17 03:00:00,Uranus,1723.0
2020-07-17 04:00:00,Uranus,1570.0
2020-07-17 05:00:00,Uranus,1655.0
2020-07-17 06:00:00,Uranus,1518.0
2020-07-17 07:00:00,Uranus,1583.0
2020-07-17 08:00:00,Uranus,1556.0
2020-07-17 09:00:00,Uranus,1606.0
2020-07-17 10:00:00,Uranus,1765.0
2020-07-17 11:00:00,Uranus,1960.0
2020-07-17 12:00:00,Uranus,1789.0
2020-07-17 13:00:00,Uranus,1719.0
2020-07-17 14:00:00,Uranus,2521.0
2020-07-17 15:00:00,Uranus,2180.0
2020-07-17 16:00:00,Uranus,2272.0
2020-07-17 17:00:00,Uranus,2357.0
2020-07-17 18:00:00,Uranus,2132.0
2020-07-17 19:00:00,Uranus,2183.0
2020-07-17 20:00:00,Uranus,2040.0
2020-07-17 21:00:00,Uranus,2038.0
2020-07-17 22:00:00,Uranus,1937.0
2020-07-17 23:00:00,Uranus,1927.0
2020-07-18 00:00:00,Uranus,2031.0
2020-07-18 01:00:00,Uranus,1937.0
2020-07-18 02:00:00,Uranus,1797.0
2020-07-18 03:00:00,Uranus,1729.0
2020-07-18 04:00:00,Uranus,1725.0
2020-07-18 05:00:00,Uranus,1739.0
2020-07-18 06:00:00,Uranus,1657.0
2020-07-18 07:00:00,Uranus,1753.0
2020-07-18 08:00:00,Uranus,1701.0
2020-07-18 09:00:00,Uranus,1749.0
2020-07-18 10:00:00,Uranus,1742.0
2020-07-18 11:00:00,Uranus,1670.0
2020-07-18 12:00:00,Uranus,1728.0
2020-07-18 13:00:00,Uranus,1720.0
2020-07-18 14:00:00,Uranus,1706.0
2020-07-18 15:00:00,Uranus,1787.0
2020-07-18 16:00:00,Uranus,2088.0
2020-07-18 17:00:00,Uranus,1937.0
2020-07-18 18:00:00,Uranus,1897.0
2020-07-18 19:00:00,Uranus,1946.0
2020-07-18 20:00:00,Uranus,1810.0
2020-07-18 21:00:00,Uranus,1927.0
2020-07-18 22:00:00,Uranus,1879.0
2020-07-18 23:00:00,Uranus,1914.0
2020-07-19 00:00:00,Uranus,1841.0
2020-07-19 01:00:00,Uranus,1801.0
2020-07-19 02:00:00,Uranus,1811.0
2020-07-19 03:00:00,Uranus,1724.0
2020-07-19 04:00:00,Uranus,1709.0
2020-07-19 05:00:00,Uranus,1616.0
2020-07-19 06:00:00,Uranus,1611.0
2020-07-19 07:00:00,Uranus,1621.0
2020-07-19 08:00:00,Uranus,1866.0
2020-07-19 09:00:00,Uranus,1624.0
2020-07-19 10:00:00,Uranus,1605.0
2020-07-19 11:00:00,Uranus,1662.0
2020-07-19 12:00:00,Uranus,1657.0
2020-07-19 13:00:00,Uranus,1791.0
2020-07-19 14:00:00,Uranus,1937.0
2020-07-19 15:00:00,Uranus,1694.0
2020-07-19 16:00:00,Uranus,1934.0
2020-07-19 17:00:00,Uranus,1949.0
2020-07-19 18:00:00,Uranus,1799.0
2020-07-19 19:00:00,Uranus,1667.0
2020-07-19 20:00:00,Uranus,1800.0
2020-07-19 21:00:00,Uranus,1669.0
2020-07-19 22:00:00,Uranus,1812.0
2020-07-19 23:00:00,Uranus,1713.0
2020-07-20 00:00:00,Uranus,1681.0
2020-07-20 01:00:00,Uranus,1677.0
2020-07-20 02:00:00,Uranus,1703.0
2020-07-20 03:00:00,Uranus,1568.0
2020-07-20 04:00:00,Uranus,1581.0
2020-07-20 05:00:00,Uranus,1582.0
2020-07-20 06:00:00,Uranus,1494.0
2020-07-20 07:00:00,Uranus,1429.0
2020-07-20 08:00:00,Uranus,1469.0
2020-07-20 09:00:00,Uranus,1677.0
2020-07-20 10:00:00,Uranus,1877.0
2020-07-20 11:00:00,Uranus,1946.0
2020-07-20 12:00:00,Uranus,1663.0
2020-07-20 13:00:00,Uranus,1896.0
2020-07-20 14:00:00,Uranus,2087.0
2020-07-20 15:00:00,Uranus,2125.0
2020-07-20 16:00:00,Uranus,2289.0
2020-07-20 17:00:00,Uranus,2136.0
2020-07-20 18:00:00,Uranus,1957.0
2020-07-20 19:00:00,Uranus,1961.0
2020-07-20 20:00:00,Uranus,2149.0
2020-07-20 21:00:00,Uranus,2114.0
2020-07-20 22:00:00,Uranus,1977.0
2020-07-20 23:00:00,Uranus,1986.0
2020-07-21 00:00:00,Uranus,2682.0
2020-07-21 01:00:00,Uranus,1882.0
2020-07-21 02:00:00,Uranus,1831.0
2020-07-21 03:00:00,Uranus,1787.0
2020-07-21 04:00:00,Uranus,1721.0
2020-07-21 05:00:00,Uranus,1811.0
2020-07-21 06:00:00,Uranus,1662.0
2020-07-21 07:00:00,Uranus,1620.0
2020-07-21 08:00:00,Uranus,1623.0
2020-07-21 09:00:00,Uranus,1695.0
2020-07-21 10:00:00,Uranus,1877.0
2020-07-21 11:00:00,Uranus,2142.0
2020-07-21 12:00:00,Uranus,2033.0
2020-07-21 13:00:00,Uranus,2091.0
2020-07-21 14:00:00,Uranus,2317.0
2020-07-21 15:00:00,Uranus,2244.0
2020-07-21 16:00:00,Uranus,2522.0
2020-07-21 17:00:00,Uranus,2407.0
2020-07-21 18:00:00,Uranus,2021.0
2020-07-21 19:00:00,Uranus,1997.0
2020-07-21 20:00:00,Uranus,1994.0
2020-07-21 21:00:00,Uranus,2232.0
2020-07-21 22:00:00,Uranus,1983.0
2020-07-21 23:00:00,Uranus,1829.0
2020-07-22 00:00:00,Uranus,1901.0
2020-07-22 01:00:00,Uranus,2080.0
2020-07-22 02:00:00,Uranus,1951.0
2020-07-22 03:00:00,Uranus,1879.0
2020-07-22 04:00:00,Uranus,1711.0
2020-07-22 05:00:00,Uranus,1779.0
2020-07-22 06:00:00,Uranus,1740.0
2020-07-22 07:00:00,Uranus,1819.0
2020-07-22 08:00:00,Uranus,1918.0
2020-07-22 09:00:00,Uranus,1961.0
2020-07-22 10:00:00,Uranus,2272.0
2020-07-22 11:00:00,Uranus,2035.0
2020-07-22 12:00:00,Uranus,2067.0
2020-07-22 13:00:00,Uranus,1998.0
2020-07-22 14:00:00,Uranus,2127.0
2020-07-22 15:00:00,Uranus,2061.0
2020-07-22 16:00:00,Uranus,2342.0
2020-07-22 17:00:00,Uranus,2321.0
2020-07-22 18:00:00,Uranus,2118.0
2020-07-22 19:00:00,Uranus,2148.0
2020-07-22 20:00:00,Uranus,2339.0
2020-07-22 21:00:00,Uranus,2157.0
2020-07-22 22:00:00,Uranus,2106.0
2020-07-22 23:00:00,Uranus,2155.0
2020-07-23 00:00:00,Uranus,2007.0
2020-07-23 01:00:00,Uranus,1988.0
2020-07-23 02:00:00,Uranus,1870.0
2020-07-23 03:00:00,Uranus,1849.0
2020-07-23 04:00:00,Uranus,1824.0
2020-07-23 05:00:00,Uranus,1796.0
2020-07-23 06:00:00,Uranus,1853.0
2020-07-23 07:00:00,Uranus,1865.0
2020-07-23 08:00:00,Uranus,1860.0
2020-07-23 09:00:00,Uranus,1908.0
2020-07-23 10:00:00,Uranus,2135.0
2020-07-23 11:00:00,Uranus,2133.0
2020-07-23 12:00:00,Uranus,2002.0
2020-07-23 13:00:00,Uranus,1833.0
2020-07-23 14:00:00,Uranus,4116.0
2020-07-23 15:00:00,Uranus,2431.0
2020-07-23 16:00:00,Uranus,2229.0
2020-07-23 17:00:00,Uranus,1983.0
2020-07-23 18:00:00,Uranus,1913.0
2020-07-23 19:00:00,Uranus,1975.0
2020-07-23 20:00:00,Uranus,1987.0
2020-07-23 21:00:00,Uranus,2116.0
2020-07-23 22:00:00,Uranus,1964.0
2020-07-23 23:00:00,Uranus,1965.0
2020-07-24 00:00:00,Uranus,2051.0
2020-07-24 01:00:00,Uranus,1911.0
2020-07-24 02:00:00,Uranus,1797.0
2020-07-24 03:00:00,Uranus,1762.0
2020-07-24 04:00:00,Uranus,1669.0
2020-07-24 05:00:00,Uranus,1560.0
2020-07-24 06:00:00,Uranus,1590.0
2020-07-24 07:00:00,Uranus,1635.0
2020-07-24 08:00:00,Uranus,1608.0
2020-07-24 09:00:00,Uranus,1723.0
2020-07-24 10:00:00,Uranus,2080.0
2020-07-24 11:00:00,Uranus,1801.0
2020-07-24 12:00:00,Uranus,1828.0
2020-07-24 13:00:00,Uranus,2050.0
2020-07-24 14:00:00,Uranus,2148.0
2020-07-24 15:00:00,Uranus,2217.0
2020-07-24 16:00:00,Uranus,2465.0
2020-07-24 17:00:00,Uranus,2252.0
2020-07-24 18:00:00,Uranus,2034.0
2020-07-24 19:00:00,Uranus,1906.0
2020-07-24 20:00:00,Uranus,2054.0
2020-07-24 21:00:00,Uranus,2073.0
2020-07-24 22:00:00,Uranus,1999.0
2020-07-24 23:00:00,Uranus,2038.0
2020-07-25 00:00:00,Uranus,1876.0
2020-07-25 01:00:00,Uranus,1746.0
2020-07-25 02:00:00,Uranus,1757.0
2020-07-25 03:00:00,Uranus,1556.0
2020-07-25 04:00:00,Uranus,1514.0
2020-07-25 05:00:00,Uranus,1476.0
2020-07-25 06:00:00,Uranus,1527.0
2020-07-25 07:00:00,Uranus,1488.0
2020-07-25 08:00:00,Uranus,1474.0
2020-07-25 09:00:00,Uranus,1609.0
2020-07-25 10:00:00,Uranus,1528.0
2020-07-25 11:00:00,Uranus,1555.0
2020-07-25 12:00:00,Uranus,1699.0
2020-07-25 13:00:00,Uranus,1822.0
2020-07-25 14:00:00,Uranus,1617.0
2020-07-25 15:00:00,Uranus,1714.0
2020-07-25 16:00:00,Uranus,1657.0
2020-07-25 17:00:00,Uranus,1807.0
2020-07-25 18:00:00,Uranus,1753.0
2020-07-25 19:00:00,Uranus,1698.0
2020-07-25 20:00:00,Uranus,1798.0
2020-07-25 21:00:00,Uranus,2037.0
2020-07-25 22:00:00,Uranus,1813.0
2020-07-25 23:00:00,Uranus,1807.0
2020-07-26 00:00:00,Uranus,1845.0
2020-07-26 01:00:00,Uranus,1835.0
2020-07-26 02:00:00,Uranus,1817.0
2020-07-26 03:00:00,Uranus,1770.0
2020-07-26 04:00:00,Uranus,1773.0
2020-07-26 05:00:00,Uranus,1762.0
2020-07-26 06:00:00,Uranus,1904.0
2020-07-26 07:00:00,Uranus,1827.0
2020-07-26 08:00:00,Uranus,1737.0
2020-07-26 09:00:00,Uranus,1799.0
2020-07-26 10:00:00,Uranus,1796.0
2020-07-26 11:00:00,Uranus,1906.0
2020-07-26 12:00:00,Uranus,1985.0
2020-07-26 13:00:00,Uranus,2200.0
2020-07-26 14:00:00,Uranus,1809.0
2020-07-26 15:00:00,Uranus,1831.0
2020-07-26 16:00:00,Uranus,1834.0
2020-07-26 17:00:00,Uranus,2056.0
2020-07-26 18:00:00,Uranus,1661.0
2020-07-26 19:00:00,Uranus,1703.0
2020-07-26 20:00:00,Uranus,1699.0
2020-07-26 21:00:00,Uranus,1611.0
2020-07-26 22:00:00,Uranus,1707.0
2020-07-26 23:00:00,Uranus,1759.0
2020-07-27 00:00:00,Uranus,1728.0
2020-07-27 01:00:00,Uranus,1652.0
2020-07-27 02:00:00,Uranus,1626.0
2020-07-27 03:00:00,Uranus,1678.0
2020-07-27 04:00:00,Uranus,1630.0
2020-07-27 05:00:00,Uranus,1616.0
2020-07-27 06:00:00,Uranus,1699.0
2020-07-27 07:00:00,Uranus,1629.0
2020-07-27 08:00:00,Uranus,1751.0
2020-07-27 09:00:00,Uranus,1618.0
2020-07-27 10:00:00,Uranus,1845.0
2020-07-27 11:00:00,Uranus,1798.0
2020-07-27 12:00:00,Uranus,1887.0
2020-07-27 13:00:00,Uranus,2041.0
2020-07-27 14:00:00,Uranus,1860.0
2020-07-27 15:00:00,Uranus,1967.0
2020-07-27 16:00:00,Uranus,2184.0
2020-07-27 17:00:00,Uranus,2232.0
2020-07-27 18:00:00,Uranus,1895.0
2020-07-27 19:00:00,Uranus,2111.0
2020-07-27 20:00:00,Uranus,2289.0
2020-07-27 21:00:00,Uranus,1888.0
2020-07-27 22:00:00,Uranus,1901.0
2020-07-27 23:00:00,Uranus,1756.0
2020-07-28 00:00:00,Uranus,1804.0
2020-07-28 01:00:00,Uranus,1780.0
2020-07-28 02:00:00,Uranus,1789.0
2020-07-28 03:00:00,Uranus,1689.0
2020-07-28 04:00:00,Uranus,1631.0
2020-07-28 05:00:00,Uranus,1587.0
2020-07-28 06:00:00,Uranus,1652.0
2020-07-28 07:00:00,Uranus,1636.0
2020-07-28 08:00:00,Uranus,1602.0
2020-07-28 09:00:00,Uranus,1628.0
2020-07-28 10:00:00,Uranus,1818.0
2020-07-28 11:00:00,Uranus,2356.0
2020-07-28 12:00:00,Uranus,1878.0
2020-07-28 13:00:00,Uranus,2001.0
2020-07-28 14:00:00,Uranus,2250.0
2020-07-28 15:00:00,Uranus,2435.0
2020-07-28 16:00:00,Uranus,2341.0
2020-07-28 17:00:00,Uranus,2376.0
2020-07-28 18:00:00,Uranus,2231.0
2020-07-28 19:00:00,Uranus,3434.0
2020-07-28 20:00:00,Uranus,2811.0
2020-07-28 21:00:00,Uranus,2129.0
2020-07-28 22:00:00,Uranus,1882.0
2020-07-28 23:00:00,Uranus,1954.0
2020-07-29 00:00:00,Uranus,1743.0
2020-07-29 01:00:00,Uranus,1856.0
2020-07-29 02:00:00,Uranus,1629.0
2020-07-29 03:00:00,Uranus,1644.0
2020-07-29 04:00:00,Uranus,1576.0
2020-07-29 05:00:00,Uranus,1575.0
2020-07-29 06:00:00,Uranus,1632.0
2020-07-29 07:00:00,Uranus,2007.0
2020-07-29 08:00:00,Uranus,1722.0
2020-07-29 09:00:00,Uranus,1778.0
2020-07-29 10:00:00,Uranus,1735.0
2020-07-29 11:00:00,Uranus,2186.0
2020-07-29 12:00:00,Uranus,1847.0
2020-07-29 13:00:00,Uranus,2250.0
2020-07-29 14:00:00,Uranus,2714.0
2020-07-29 15:00:00,Uranus,2143.0
2020-07-29 16:00:00,Uranus,2034.0
2020-07-29 17:00:00,Uranus,2016.0
2020-07-29 18:00:00,Uranus,1850.0
2020-07-29 19:00:00,Uranus,2741.0
2020-07-29 20:00:00,Uranus,2594.0
2020-07-29 21:00:00,Uranus,2376.0
2020-07-29 22:00:00,Uranus,2295.0
2020-07-29 23:00:00,Uranus,2280.0
2020-07-30 00:00:00,Uranus,2007.0
2020-07-30 01:00:00,Uranus,2048.0
2020-07-30 02:00:00,Uranus,2287.0
2020-07-30 03:00:00,Uranus,1912.0
2020-07-30 04:00:00,Uranus,1834.0
2020-07-30 05:00:00,Uranus,1827.0
2020-07-30 06:00:00,Uranus,1809.0
2020-07-30 07:00:00,Uranus,1771.0
2020-07-30 08:00:00,Uranus,2083.0
2020-07-30 09:00:00,Uranus,1929.0
2020-07-30 10:00:00,Uranus,2163.0
2020-07-30 11:00:00,Uranus,2314.0
2020-07-30 12:00:00,Uranus,2275.0
2020-07-30 13:00:00,Uranus,2680.0
2020-07-30 14:00:00,Uranus,2301.0
2020-07-30 15:00:00,Uranus,2315.0
2020-07-30 16:00:00,Uranus,3639.0
2020-07-30 17:00:00,Uranus,2249.0
2020-07-30 18:00:00,Uranus,1843.0
2020-07-30 19:00:00,Uranus,331.0
2020-07-30 20:00:00,Uranus,288.0
2020-07-30 21:00:00,Uranus,631.0
2020-07-30 22:00:00,Uranus,395.0
2020-07-30 23:00:00,Uranus,389.0
2020-07-31 00:00:00,Uranus,350.0
2020-07-31 01:00:00,Uranus,318.0
2020-07-31 02:00:00,Uranus,270.0
2020-07-31 03:00:00,Uranus,246.0
2020-07-31 04:00:00,Uranus,239.0
2020-07-31 05:00:00,Uranus,254.0
2020-07-31 06:00:00,Uranus,226.0
2020-07-31 07:00:00,Uranus,232.0
2020-07-31 08:00:00,Uranus,322.0
2020-07-31 09:00:00,Uranus,193.0
2020-07-31 10:00:00,Uranus,414.0
2020-07-31 11:00:00,Uranus,598.0
2020-07-31 12:00:00,Uranus,16.0
2020-07-31 13:00:00,Uranus,160.0
2020-07-31 14:00:00,Uranus,184.0
2020-07-31 15:00:00,Uranus,184.0
2020-07-31 16:00:00,Uranus,184.0
2020-07-31 17:00:00,Uranus,184.0
2020-07-31 18:00:00,Uranus,184.0
2020-07-31 19:00:00,Uranus,184.0
2020-07-31 20:00:00,Uranus,184.0
2020-07-31 21:00:00,Uranus,192.0
2020-07-31 22:00:00,Uranus,200.0
2020-07-31 23:00:00,Uranus,200.0
2020-08-01 00:00:00,Uranus,200.0
2020-08-01 01:00:00,Uranus,200.0
2020-08-01 02:00:00,Uranus,200.0
2020-08-01 03:00:00,Uranus,200.0
2020-08-01 04:00:00,Uranus,200.0
2020-08-01 05:00:00,Uranus,200.0
2020-08-01 06:00:00,Uranus,200.0
2020-08-01 07:00:00,Uranus,200.0
2020-08-01 08:00:00,Uranus,200.0
2020-08-01 09:00:00,Uranus,200.0
2020-08-01 10:00:00,Uranus,200.0
2020-08-01 11:00:00,Uranus,200.0
2020-08-01 12:00:00,Uranus,200.0
2020-08-01 13:00:00,Uranus,248.0
2020-08-01 14:00:00,Uranus,248.0
2020-08-01 15:00:00,Uranus,248.0
2020-08-01 16:00:00,Uranus,248.0
2020-08-01 17:00:00,Uranus,256.0
2020-08-01 18:00:00,Uranus,256.0
2020-08-01 19:00:00,Uranus,256.0
2020-08-01 20:00:00,Uranus,264.0
2020-08-01 21:00:00,Uranus,272.0
2020-08-01 22:00:00,Uranus,272.0
2020-08-01 23:00:00,Uranus,272.0
2020-08-02 00:00:00,Uranus,272.0
2020-08-02 01:00:00,Uranus,272.0
2020-08-02 02:00:00,Uranus,272.0
2020-08-02 03:00:00,Uranus,272.0
2020-08-02 04:00:00,Uranus,272.0
2020-08-02 05:00:00,Uranus,272.0
2020-08-02 06:00:00,Uranus,272.0
2020-08-02 07:00:00,Uranus,272.0
2020-08-02 08:00:00,Uranus,272.0
2020-08-02 09:00:00,Uranus,272.0
2020-08-02 10:00:00,Uranus,272.0
2020-08-02 11:00:00,Uranus,272.0
2020-08-02 12:00:00,Uranus,272.0
2020-08-02 13:00:00,Uranus,296.0
2020-08-02 14:00:00,Uranus,304.0
2020-08-02 15:00:00,Uranus,304.0
2020-08-02 16:00:00,Uranus,400.0
2020-08-02 17:00:00,Uranus,400.0
2020-08-02 18:00:00,Uranus,400.0
2020-08-02 19:00:00,Uranus,400.0
2020-08-02 20:00:00,Uranus,400.0
2020-08-02 21:00:00,Uranus,400.0
2020-08-02 22:00:00,Uranus,480.0
2020-08-02 23:00:00,Uranus,512.0
2020-08-03 00:00:00,Uranus,512.0
2020-08-03 01:00:00,Uranus,512.0
2020-08-03 02:00:00,Uranus,512.0
2020-08-03 03:00:00,Uranus,512.0
2020-08-03 04:00:00,Uranus,512.0
2020-08-03 05:00:00,Uranus,512.0
2020-08-03 06:00:00,Uranus,512.0
2020-08-03 07:00:00,Uranus,512.0
2020-08-03 08:00:00,Uranus,512.0
2020-08-03 09:00:00,Uranus,528.0
2020-08-03 10:00:00,Uranus,528.0
2020-08-03 11:00:00,Uranus,568.0
2020-08-03 12:00:00,Uranus,648.0
2020-08-03 13:00:00,Uranus,656.0
2020-08-03 14:00:00,Uranus,704.0
2020-08-03 15:00:00,Uranus,712.0
2020-08-03 16:00:00,Uranus,716.0
2020-08-03 17:00:00,Uranus,724.0
2020-08-03 18:00:00,Uranus,772.0
2020-08-03 19:00:00,Uranus,780.0
2020-08-03 20:00:00,Uranus,788.0
2020-08-03 21:00:00,Uranus,879.0
2020-08-03 22:00:00,Uranus,887.0
2020-08-03 23:00:00,Uranus,1047.0
2020-08-04 00:00:00,Uranus,1071.0
2020-08-04 01:00:00,Uranus,1071.0
2020-08-04 02:00:00,Uranus,1071.0
2020-08-04 03:00:00,Uranus,1079.0
2020-08-04 04:00:00,Uranus,1079.0
2020-08-04 05:00:00,Uranus,1079.0
2020-08-04 06:00:00,Uranus,1127.0
2020-08-04 07:00:00,Uranus,1127.0
2020-08-04 08:00:00,Uranus,1127.0
2020-08-04 09:00:00,Uranus,1167.0
2020-08-04 10:00:00,Uranus,1239.0
2020-08-04 11:00:00,Uranus,1367.0
2020-08-04 12:00:00,Uranus,1423.0
2020-08-04 13:00:00,Uranus,1511.0
2020-08-04 14:00:00,Uranus,1655.0
2020-08-04 15:00:00,Uranus,2511.0
2020-08-04 16:00:00,Uranus,2534.0
2020-08-04 17:00:00,Uranus,2109.0
2020-08-04 18:00:00,Uranus,2331.0
2020-08-04 19:00:00,Uranus,2359.0
2020-08-04 20:00:00,Uranus,2431.0
2020-08-04 21:00:00,Uranus,2169.0
2020-08-04 22:00:00,Uranus,2114.0
2020-08-04 23:00:00,Uranus,1826.0
2020-08-05 00:00:00,Uranus,1853.0
2020-08-05 01:00:00,Uranus,1797.0
2020-08-05 02:00:00,Uranus,1853.0
2020-08-05 03:00:00,Uranus,1758.0
2020-08-05 04:00:00,Uranus,1830.0
2020-08-05 05:00:00,Uranus,1766.0
2020-08-05 06:00:00,Uranus,1742.0
2020-08-05 07:00:00,Uranus,1694.0
2020-08-05 08:00:00,Uranus,1836.0
2020-08-05 09:00:00,Uranus,1986.0
2020-08-05 10:00:00,Uranus,2332.0
2020-08-05 11:00:00,Uranus,2682.0
2020-08-05 12:00:00,Uranus,2193.0
2020-08-05 13:00:00,Uranus,2572.0
2020-08-05 14:00:00,Uranus,2297.0
2020-08-05 15:00:00,Uranus,2566.0
2020-08-05 16:00:00,Uranus,2389.0
2020-08-05 17:00:00,Uranus,2173.0
2020-08-05 18:00:00,Uranus,2260.0
2020-08-05 19:00:00,Uranus,2317.0
2020-08-05 20:00:00,Uranus,2723.0
2020-08-05 21:00:00,Uranus,2317.0
2020-08-05 22:00:00,Uranus,2029.0
2020-08-05 23:00:00,Uranus,1971.0
2020-08-06 00:00:00,Uranus,2012.0
2020-08-06 01:00:00,Uranus,1974.0
2020-08-06 02:00:00,Uranus,2102.0
2020-08-06 03:00:00,Uranus,2028.0
2020-08-06 04:00:00,Uranus,1964.0
2020-08-06 05:00:00,Uranus,1971.0
2020-08-06 06:00:00,Uranus,1939.0
2020-08-06 07:00:00,Uranus,2009.0
2020-08-06 08:00:00,Uranus,2022.0
2020-08-06 09:00:00,Uranus,2047.0
2020-08-06 10:00:00,Uranus,1989.0
2020-08-06 11:00:00,Uranus,2355.0
2020-08-06 12:00:00,Uranus,2913.0
2020-08-06 13:00:00,Uranus,3172.0
2020-08-06 14:00:00,Uranus,3091.0
2020-08-06 15:00:00,Uranus,2888.0
2020-08-06 16:00:00,Uranus,2658.0
2020-08-06 17:00:00,Uranus,2881.0
2020-08-06 18:00:00,Uranus,2800.0
2020-08-06 19:00:00,Uranus,2913.0
2020-08-06 20:00:00,Uranus,2792.0
2020-08-06 21:00:00,Uranus,2532.0
2020-08-06 22:00:00,Uranus,2170.0
2020-08-06 23:00:00,Uranus,2016.0
2020-08-07 00:00:00,Uranus,2039.0
2020-08-07 01:00:00,Uranus,1984.0
2020-08-07 02:00:00,Uranus,1968.0
2020-08-07 03:00:00,Uranus,1910.0
2020-08-07 04:00:00,Uranus,1840.0
2020-08-07 05:00:00,Uranus,1696.0
2020-08-07 06:00:00,Uranus,1689.0
2020-08-07 07:00:00,Uranus,1620.0
2020-08-07 08:00:00,Uranus,1612.0
2020-08-07 09:00:00,Uranus,1856.0
2020-08-07 10:00:00,Uranus,1766.0
2020-08-07 11:00:00,Uranus,2327.0
2020-08-07 12:00:00,Uranus,2094.0
2020-08-07 13:00:00,Uranus,2438.0
2020-08-07 14:00:00,Uranus,2439.0
2020-08-07 15:00:00,Uranus,2353.0
2020-08-07 16:00:00,Uranus,2229.0
2020-08-07 17:00:00,Uranus,2176.0
2020-08-07 18:00:00,Uranus,2175.0
2020-08-07 19:00:00,Uranus,2243.0
2020-08-07 20:00:00,Uranus,2302.0
2020-08-07 21:00:00,Uranus,2368.0
2020-08-07 22:00:00,Uranus,2063.0
2020-08-07 23:00:00,Uranus,2395.0
2020-08-08 00:00:00,Uranus,2424.0
2020-08-08 01:00:00,Uranus,2535.0
2020-08-08 02:00:00,Uranus,2413.0
2020-08-08 03:00:00,Uranus,2336.0
2020-08-08 04:00:00,Uranus,2469.0
2020-08-08 05:00:00,Uranus,1817.0
2020-08-08 06:00:00,Uranus,1804.0
2020-08-08 07:00:00,Uranus,1746.0
2020-08-08 08:00:00,Uranus,1844.0
2020-08-08 09:00:00,Uranus,2179.0
2020-08-08 10:00:00,Uranus,2026.0
2020-08-08 11:00:00,Uranus,1903.0
2020-08-08 12:00:00,Uranus,1986.0
2020-08-08 13:00:00,Uranus,2114.0
2020-08-08 14:00:00,Uranus,2150.0
2020-08-08 15:00:00,Uranus,1978.0
2020-08-08 16:00:00,Uranus,1872.0
2020-08-08 17:00:00,Uranus,1935.0
2020-08-08 18:00:00,Uranus,2038.0
2020-08-08 19:00:00,Uranus,1879.0
2020-08-08 20:00:00,Uranus,1964.0
2020-08-08 21:00:00,Uranus,2062.0
2020-08-08 22:00:00,Uranus,2005.0
2020-08-08 23:00:00,Uranus,2011.0
2020-08-09 00:00:00,Uranus,1960.0
2020-08-09 01:00:00,Uranus,2209.0
2020-08-09 02:00:00,Uranus,1788.0
2020-08-09 03:00:00,Uranus,2333.0
2020-08-09 04:00:00,Uranus,1786.0
2020-08-09 05:00:00,Uranus,1771.0
2020-08-09 06:00:00,Uranus,1748.0
2020-08-09 07:00:00,Uranus,1958.0
2020-08-09 08:00:00,Uranus,1947.0
2020-08-09 09:00:00,Uranus,1900.0
2020-08-09 10:00:00,Uranus,1943.0
2020-08-09 11:00:00,Uranus,1993.0
2020-08-09 12:00:00,Uranus,6675.0
2020-08-09 13:00:00,Uranus,4185.0
2020-08-09 14:00:00,Uranus,2029.0
2020-08-09 15:00:00,Uranus,2179.0
2020-08-09 16:00:00,Uranus,2776.0
2020-08-09 17:00:00,Uranus,4235.0
2020-08-09 18:00:00,Uranus,2254.0
2020-08-09 19:00:00,Uranus,1880.0
2020-08-09 20:00:00,Uranus,1980.0
2020-08-09 21:00:00,Uranus,2168.0
2020-08-09 22:00:00,Uranus,1918.0
2020-08-09 23:00:00,Uranus,2673.0
2020-08-10 00:00:00,Uranus,2825.0
2020-08-10 01:00:00,Uranus,2544.0
2020-08-10 02:00:00,Uranus,2523.0
2020-08-10 03:00:00,Uranus,2451.0
2020-08-10 04:00:00,Uranus,1747.0
2020-08-10 05:00:00,Uranus,1691.0
2020-08-10 06:00:00,Uranus,1715.0
2020-08-10 07:00:00,Uranus,1742.0
2020-08-10 08:00:00,Uranus,1691.0
2020-08-10 09:00:00,Uranus,1747.0
2020-08-10 10:00:00,Uranus,2121.0
2020-08-10 11:00:00,Uranus,2478.0
2020-08-10 12:00:00,Uranus,1955.0
2020-08-10 13:00:00,Uranus,2219.0
2020-08-10 14:00:00,Uranus,2614.0
2020-08-10 15:00:00,Uranus,2392.0
2020-08-10 16:00:00,Uranus,2139.0
2020-08-10 17:00:00,Uranus,2499.0
2020-08-10 18:00:00,Uranus,2408.0
2020-08-10 19:00:00,Uranus,1971.0
2020-08-10 20:00:00,Uranus,2349.0
2020-08-10 21:00:00,Uranus,2478.0
2020-08-10 22:00:00,Uranus,2092.0
2020-08-10 23:00:00,Uranus,1989.0
2020-08-11 00:00:00,Uranus,1923.0
2020-08-11 01:00:00,Uranus,1915.0
2020-08-11 02:00:00,Uranus,2009.0
2020-08-11 03:00:00,Uranus,1944.0
2020-08-11 04:00:00,Uranus,1844.0
2020-08-11 05:00:00,Uranus,1771.0
2020-08-11 06:00:00,Uranus,1837.0
2020-08-11 07:00:00,Uranus,1795.0
2020-08-11 08:00:00,Uranus,1773.0
2020-08-11 09:00:00,Uranus,1797.0
2020-08-11 10:00:00,Uranus,2190.0
2020-08-11 11:00:00,Uranus,2353.0
2020-08-11 12:00:00,Uranus,2121.0
2020-08-11 13:00:00,Uranus,2799.0
2020-08-11 14:00:00,Uranus,3316.0
2020-08-11 15:00:00,Uranus,2547.0
2020-08-11 16:00:00,Uranus,2341.0
2020-08-11 17:00:00,Uranus,2578.0
2020-08-11 18:00:00,Uranus,2294.0
2020-08-11 19:00:00,Uranus,2272.0
2020-08-11 20:00:00,Uranus,2384.0
2020-08-11 21:00:00,Uranus,2466.0
2020-08-11 22:00:00,Uranus,2477.0
2020-08-11 23:00:00,Uranus,2228.0
2020-08-12 00:00:00,Uranus,2167.0
2020-08-12 01:00:00,Uranus,1929.0
2020-08-12 02:00:00,Uranus,1855.0
2020-08-12 03:00:00,Uranus,1765.0
2020-08-12 04:00:00,Uranus,1664.0
2020-08-12 05:00:00,Uranus,1662.0
2020-08-12 06:00:00,Uranus,1616.0
2020-08-12 07:00:00,Uranus,1638.0
2020-08-12 08:00:00,Uranus,1713.0
2020-08-12 09:00:00,Uranus,1705.0
2020-08-12 10:00:00,Uranus,1967.0
2020-08-12 11:00:00,Uranus,2496.0
2020-08-12 12:00:00,Uranus,2096.0
2020-08-12 13:00:00,Uranus,2145.0
2020-08-12 14:00:00,Uranus,2178.0
2020-08-12 15:00:00,Uranus,2056.0
2020-08-12 16:00:00,Uranus,2307.0
2020-08-12 17:00:00,Uranus,2222.0
2020-08-12 18:00:00,Uranus,1933.0
2020-08-12 19:00:00,Uranus,2073.0
2020-08-12 20:00:00,Uranus,2472.0
2020-08-12 21:00:00,Uranus,2728.0
2020-08-12 22:00:00,Uranus,2536.0
2020-08-12 23:00:00,Uranus,2099.0
2020-08-13 00:00:00,Uranus,1951.0
2020-08-13 01:00:00,Uranus,2143.0
2020-08-13 02:00:00,Uranus,1858.0
2020-08-13 03:00:00,Uranus,1782.0
2020-08-13 04:00:00,Uranus,1778.0
2020-08-13 05:00:00,Uranus,1775.0
2020-08-13 06:00:00,Uranus,1804.0
2020-08-13 07:00:00,Uranus,1904.0
2020-08-13 08:00:00,Uranus,1895.0
2020-08-13 09:00:00,Uranus,1902.0
2020-08-13 10:00:00,Uranus,1978.0
2020-08-13 11:00:00,Uranus,2558.0
2020-08-13 12:00:00,Uranus,1815.0
2020-08-13 13:00:00,Uranus,2025.0
2020-08-13 14:00:00,Uranus,2186.0
2020-08-13 15:00:00,Uranus,2377.0
2020-08-13 16:00:00,Uranus,2939.0
2020-08-13 17:00:00,Uranus,2669.0
2020-08-13 18:00:00,Uranus,2089.0
2020-08-13 19:00:00,Uranus,2213.0
2020-08-13 20:00:00,Uranus,2199.0
2020-08-13 21:00:00,Uranus,2202.0
2020-08-13 22:00:00,Uranus,2217.0
2020-08-13 23:00:00,Uranus,2203.0
2020-08-14 00:00:00,Uranus,2157.0
2020-08-14 01:00:00,Uranus,1972.0
2020-08-14 02:00:00,Uranus,2000.0
2020-08-14 03:00:00,Uranus,1803.0
2020-08-14 04:00:00,Uranus,1771.0
2020-08-14 05:00:00,Uranus,1933.0
2020-08-14 06:00:00,Uranus,1661.0
2020-08-14 07:00:00,Uranus,1902.0
2020-08-14 08:00:00,Uranus,1911.0
2020-08-14 09:00:00,Uranus,1664.0
2020-08-14 10:00:00,Uranus,2016.0
2020-08-14 11:00:00,Uranus,2199.0
2020-08-14 12:00:00,Uranus,2071.0
2020-08-14 13:00:00,Uranus,2324.0
2020-08-14 14:00:00,Uranus,2546.0
2020-08-14 15:00:00,Uranus,2523.0
2020-08-14 16:00:00,Uranus,2400.0
2020-08-14 17:00:00,Uranus,2306.0
2020-08-14 18:00:00,Uranus,2416.0
2020-08-14 19:00:00,Uranus,2325.0
2020-08-14 20:00:00,Uranus,2322.0
2020-08-14 21:00:00,Uranus,2473.0
2020-08-14 22:00:00,Uranus,2494.0
2020-08-14 23:00:00,Uranus,2012.0
2020-08-15 00:00:00,Uranus,2159.0
2020-08-15 01:00:00,Uranus,2127.0
2020-08-15 02:00:00,Uranus,2076.0
2020-08-15 03:00:00,Uranus,1974.0
2020-08-15 04:00:00,Uranus,1910.0
2020-08-15 05:00:00,Uranus,1909.0
2020-08-15 06:00:00,Uranus,1954.0
2020-08-15 07:00:00,Uranus,1909.0
2020-08-15 08:00:00,Uranus,1948.0
2020-08-15 09:00:00,Uranus,2434.0
2020-08-15 10:00:00,Uranus,2211.0
2020-08-15 11:00:00,Uranus,2364.0
2020-08-15 12:00:00,Uranus,1904.0
2020-08-15 13:00:00,Uranus,2051.0
2020-08-15 14:00:00,Uranus,2100.0
2020-08-15 15:00:00,Uranus,2233.0
2020-08-15 16:00:00,Uranus,2007.0
2020-08-15 17:00:00,Uranus,1986.0
2020-08-15 18:00:00,Uranus,1954.0
2020-08-15 19:00:00,Uranus,2112.0
2020-08-15 20:00:00,Uranus,2025.0
2020-08-15 21:00:00,Uranus,2003.0
2020-08-15 22:00:00,Uranus,1894.0
2020-08-15 23:00:00,Uranus,1862.0
2020-08-16 00:00:00,Uranus,1888.0
2020-08-16 01:00:00,Uranus,2008.0
2020-08-16 02:00:00,Uranus,1916.0
2020-08-16 03:00:00,Uranus,1881.0
2020-08-16 04:00:00,Uranus,1848.0
2020-08-16 05:00:00,Uranus,1792.0
2020-08-16 06:00:00,Uranus,1802.0
2020-08-16 07:00:00,Uranus,1721.0
2020-08-16 08:00:00,Uranus,1687.0
2020-08-16 09:00:00,Uranus,1712.0
2020-08-16 10:00:00,Uranus,1960.0
2020-08-16 11:00:00,Uranus,1723.0
2020-08-16 12:00:00,Uranus,1691.0
2020-08-16 13:00:00,Uranus,1820.0
2020-08-16 14:00:00,Uranus,2037.0
2020-08-16 15:00:00,Uranus,2388.0
2020-08-16 16:00:00,Uranus,1777.0
2020-08-16 17:00:00,Uranus,2030.0
2020-08-16 18:00:00,Uranus,1560.0
2020-08-16 19:00:00,Uranus,1653.0
2020-08-16 20:00:00,Uranus,2071.0
2020-08-16 21:00:00,Uranus,1945.0
2020-08-16 22:00:00,Uranus,2085.0
2020-08-16 23:00:00,Uranus,1725.0
2020-08-17 00:00:00,Uranus,1687.0
2020-08-17 01:00:00,Uranus,1586.0
2020-08-17 02:00:00,Uranus,1586.0
2020-08-17 03:00:00,Uranus,1586.0
2020-08-17 04:00:00,Uranus,1562.0
2020-08-17 05:00:00,Uranus,1722.0
2020-08-17 06:00:00,Uranus,1673.0
2020-08-17 07:00:00,Uranus,1710.0
2020-08-17 08:00:00,Uranus,1598.0
2020-08-17 09:00:00,Uranus,1738.0
2020-08-17 10:00:00,Uranus,2016.0
2020-08-17 11:00:00,Uranus,2529.0
2020-08-17 12:00:00,Uranus,2146.0
2020-08-17 13:00:00,Uranus,2004.0
2020-08-17 14:00:00,Uranus,2262.0
2020-08-17 15:00:00,Uranus,2688.0
2020-08-17 16:00:00,Uranus,2618.0
2020-08-17 17:00:00,Uranus,2251.0
2020-08-17 18:00:00,Uranus,2310.0
2020-08-17 19:00:00,Uranus,2477.0
2020-08-17 20:00:00,Uranus,2454.0
2020-08-17 21:00:00,Uranus,2296.0
2020-08-17 22:00:00,Uranus,2039.0
2020-08-17 23:00:00,Uranus,1915.0
2020-08-18 00:00:00,Uranus,1964.0
2020-08-18 01:00:00,Uranus,1984.0
2020-08-18 02:00:00,Uranus,1870.0
2020-08-18 03:00:00,Uranus,1840.0
2020-08-18 04:00:00,Uranus,1862.0
2020-08-18 05:00:00,Uranus,1774.0
2020-08-18 06:00:00,Uranus,1822.0
2020-08-18 07:00:00,Uranus,1862.0
2020-08-18 08:00:00,Uranus,1854.0
2020-08-18 09:00:00,Uranus,2183.0
2020-08-18 10:00:00,Uranus,2073.0
2020-08-18 11:00:00,Uranus,2292.0
2020-08-18 12:00:00,Uranus,2122.0
2020-08-18 13:00:00,Uranus,2183.0
2020-08-18 14:00:00,Uranus,2464.0
2020-08-18 15:00:00,Uranus,2802.0
2020-08-18 16:00:00,Uranus,2363.0
2020-08-18 17:00:00,Uranus,2256.0
2020-08-18 18:00:00,Uranus,2211.0
2020-08-18 19:00:00,Uranus,2375.0
2020-08-18 20:00:00,Uranus,2400.0
2020-08-18 21:00:00,Uranus,2435.0
2020-08-18 22:00:00,Uranus,2064.0
2020-08-18 23:00:00,Uranus,2259.0
2020-08-19 00:00:00,Uranus,2151.0
2020-08-19 01:00:00,Uranus,2073.0
2020-08-19 02:00:00,Uranus,2039.0
2020-08-19 03:00:00,Uranus,2008.0
2020-08-19 04:00:00,Uranus,1984.0
2020-08-19 05:00:00,Uranus,1984.0
2020-08-19 06:00:00,Uranus,1993.0
2020-08-19 07:00:00,Uranus,1926.0
2020-08-19 08:00:00,Uranus,1914.0
2020-08-19 09:00:00,Uranus,2045.0
2020-08-19 10:00:00,Uranus,2347.0
2020-08-19 11:00:00,Uranus,2535.0
2020-08-19 12:00:00,Uranus,2251.0
2020-08-19 13:00:00,Uranus,2205.0
2020-08-19 14:00:00,Uranus,2509.0
2020-08-19 15:00:00,Uranus,2521.0
2020-08-19 16:00:00,Uranus,2403.0
2020-08-19 17:00:00,Uranus,2343.0
2020-08-19 18:00:00,Uranus,2213.0
2020-08-19 19:00:00,Uranus,2268.0
2020-08-19 20:00:00,Uranus,2269.0
2020-08-19 21:00:00,Uranus,2227.0
2020-08-19 22:00:00,Uranus,2170.0
2020-08-19 23:00:00,Uranus,2136.0
2020-08-20 00:00:00,Uranus,2048.0
2020-08-20 01:00:00,Uranus,1962.0
2020-08-20 02:00:00,Uranus,1961.0
2020-08-20 03:00:00,Uranus,1892.0
2020-08-20 04:00:00,Uranus,1885.0
2020-08-20 05:00:00,Uranus,1821.0
2020-08-20 06:00:00,Uranus,1771.0
2020-08-20 07:00:00,Uranus,1875.0
2020-08-20 08:00:00,Uranus,1749.0
2020-08-20 09:00:00,Uranus,1882.0
2020-08-20 10:00:00,Uranus,2059.0
2020-08-20 11:00:00,Uranus,2301.0
2020-08-20 12:00:00,Uranus,2169.0
2020-08-20 13:00:00,Uranus,2119.0
2020-08-20 14:00:00,Uranus,2130.0
2020-08-20 15:00:00,Uranus,2435.0
2020-08-20 16:00:00,Uranus,2560.0
2020-08-20 17:00:00,Uranus,2602.0
2020-08-20 18:00:00,Uranus,2136.0
2020-08-20 19:00:00,Uranus,2291.0
2020-08-20 20:00:00,Uranus,2414.0
2020-08-20 21:00:00,Uranus,2373.0
2020-08-20 22:00:00,Uranus,2072.0
2020-08-20 23:00:00,Uranus,1934.0
2020-08-21 00:00:00,Uranus,2128.0
2020-08-21 01:00:00,Uranus,1996.0
2020-08-21 02:00:00,Uranus,1961.0
2020-08-21 03:00:00,Uranus,1891.0
2020-08-21 04:00:00,Uranus,1869.0
2020-08-21 05:00:00,Uranus,1821.0
2020-08-21 06:00:00,Uranus,1822.0
2020-08-21 07:00:00,Uranus,1774.0
2020-08-21 08:00:00,Uranus,1848.0
2020-08-21 09:00:00,Uranus,1962.0
2020-08-21 10:00:00,Uranus,2041.0
2020-08-21 11:00:00,Uranus,2281.0
2020-08-21 12:00:00,Uranus,2287.0
2020-08-21 13:00:00,Uranus,2358.0
2020-08-21 14:00:00,Uranus,2625.0
2020-08-21 15:00:00,Uranus,2376.0
2020-08-21 16:00:00,Uranus,2233.0
2020-08-21 17:00:00,Uranus,2368.0
2020-08-21 18:00:00,Uranus,2298.0
2020-08-21 19:00:00,Uranus,2219.0
2020-08-21 20:00:00,Uranus,2253.0
2020-08-21 21:00:00,Uranus,2038.0
2020-08-21 22:00:00,Uranus,2108.0
2020-08-21 23:00:00,Uranus,2147.0
2020-08-22 00:00:00,Uranus,2367.0
2020-08-22 01:00:00,Uranus,1923.0
2020-08-22 02:00:00,Uranus,1956.0
2020-08-22 03:00:00,Uranus,1868.0
2020-08-22 04:00:00,Uranus,1859.0
2020-08-22 05:00:00,Uranus,1868.0
2020-08-22 06:00:00,Uranus,1867.0
2020-08-22 07:00:00,Uranus,1891.0
2020-08-22 08:00:00,Uranus,1966.0
2020-08-22 09:00:00,Uranus,2071.0
2020-08-22 10:00:00,Uranus,2310.0
2020-08-22 11:00:00,Uranus,2160.0
2020-08-22 12:00:00,Uranus,2089.0
2020-08-22 13:00:00,Uranus,2099.0
2020-08-22 14:00:00,Uranus,2280.0
2020-08-22 15:00:00,Uranus,2055.0
2020-08-22 16:00:00,Uranus,2004.0
2020-08-22 17:00:00,Uranus,2052.0
2020-08-22 18:00:00,Uranus,2258.0
2020-08-22 19:00:00,Uranus,2087.0
2020-08-22 20:00:00,Uranus,2248.0
2020-08-22 21:00:00,Uranus,1976.0
2020-08-22 22:00:00,Uranus,2140.0
2020-08-22 23:00:00,Uranus,1882.0
2020-08-23 00:00:00,Uranus,1926.0
2020-08-23 01:00:00,Uranus,1849.0
2020-08-23 02:00:00,Uranus,1836.0
2020-08-23 03:00:00,Uranus,1754.0
2020-08-23 04:00:00,Uranus,1752.0
2020-08-23 05:00:00,Uranus,1734.0
2020-08-23 06:00:00,Uranus,1787.0
2020-08-23 07:00:00,Uranus,1887.0
2020-08-23 08:00:00,Uranus,1677.0
2020-08-23 09:00:00,Uranus,1829.0
2020-08-23 10:00:00,Uranus,1930.0
2020-08-23 11:00:00,Uranus,1841.0
2020-08-23 12:00:00,Uranus,1757.0
2020-08-23 13:00:00,Uranus,1886.0
2020-08-23 14:00:00,Uranus,1991.0
2020-08-23 15:00:00,Uranus,2213.0
2020-08-23 16:00:00,Uranus,2360.0
2020-08-23 17:00:00,Uranus,2360.0
2020-08-23 18:00:00,Uranus,2031.0
2020-08-23 19:00:00,Uranus,2048.0
2020-08-23 20:00:00,Uranus,2172.0
2020-08-23 21:00:00,Uranus,2378.0
2020-08-23 22:00:00,Uranus,2181.0
2020-08-23 23:00:00,Uranus,2119.0
2020-08-24 00:00:00,Uranus,1931.0
2020-08-24 01:00:00,Uranus,1941.0
2020-08-24 02:00:00,Uranus,1844.0
2020-08-24 03:00:00,Uranus,1883.0
2020-08-24 04:00:00,Uranus,1856.0
2020-08-24 05:00:00,Uranus,1797.0
2020-08-24 06:00:00,Uranus,1789.0
2020-08-24 07:00:00,Uranus,1748.0
2020-08-24 08:00:00,Uranus,1801.0
2020-08-24 09:00:00,Uranus,1978.0
2020-08-24 10:00:00,Uranus,2077.0
2020-08-24 11:00:00,Uranus,2868.0
2020-08-24 12:00:00,Uranus,2402.0
2020-08-24 13:00:00,Uranus,2362.0
2020-08-24 14:00:00,Uranus,2615.0
2020-08-24 15:00:00,Uranus,2214.0
2020-08-24 16:00:00,Uranus,2324.0
2020-08-24 17:00:00,Uranus,2347.0
2020-08-24 18:00:00,Uranus,2399.0
2020-08-24 19:00:00,Uranus,2450.0
2020-08-24 20:00:00,Uranus,2316.0
2020-08-24 21:00:00,Uranus,2179.0
2020-08-24 22:00:00,Uranus,2249.0
2020-08-24 23:00:00,Uranus,2403.0
2020-08-25 00:00:00,Uranus,2269.0
2020-08-25 01:00:00,Uranus,2221.0
2020-08-25 02:00:00,Uranus,1954.0
2020-08-25 03:00:00,Uranus,1800.0
2020-08-25 04:00:00,Uranus,1761.0
2020-08-25 05:00:00,Uranus,1724.0
2020-08-25 06:00:00,Uranus,1724.0
2020-08-25 07:00:00,Uranus,1716.0
2020-08-25 08:00:00,Uranus,1804.0
2020-08-25 09:00:00,Uranus,1779.0
2020-08-25 10:00:00,Uranus,2027.0
2020-08-25 11:00:00,Uranus,2754.0
2020-08-25 12:00:00,Uranus,2313.0
2020-08-25 13:00:00,Uranus,2464.0
2020-08-25 14:00:00,Uranus,2233.0
2020-08-25 15:00:00,Uranus,2518.0
2020-08-25 16:00:00,Uranus,2414.0
2020-08-25 17:00:00,Uranus,2237.0
2020-08-25 18:00:00,Uranus,2060.0
2020-08-25 19:00:00,Uranus,2183.0
2020-08-25 20:00:00,Uranus,2443.0
2020-08-25 21:00:00,Uranus,2143.0
2020-08-25 22:00:00,Uranus,2096.0
2020-08-25 23:00:00,Uranus,2068.0
2020-08-26 00:00:00,Uranus,2179.0
2020-08-26 01:00:00,Uranus,2117.0
2020-08-26 02:00:00,Uranus,1982.0
2020-08-26 03:00:00,Uranus,2004.0
2020-08-26 04:00:00,Uranus,1967.0
2020-08-26 05:00:00,Uranus,1947.0
2020-08-26 06:00:00,Uranus,1940.0
2020-08-26 07:00:00,Uranus,1980.0
2020-08-26 08:00:00,Uranus,1930.0
2020-08-26 09:00:00,Uranus,1971.0
2020-08-26 10:00:00,Uranus,2068.0
2020-08-26 11:00:00,Uranus,2442.0
2020-08-26 12:00:00,Uranus,2205.0
2020-08-26 13:00:00,Uranus,2189.0
2020-08-26 14:00:00,Uranus,2303.0
2020-08-26 15:00:00,Uranus,2472.0
2020-08-26 16:00:00,Uranus,2202.0
2020-08-26 17:00:00,Uranus,2336.0
2020-08-26 18:00:00,Uranus,2131.0
2020-08-26 19:00:00,Uranus,2469.0
2020-08-26 20:00:00,Uranus,2203.0
2020-08-26 21:00:00,Uranus,2283.0
2020-08-26 22:00:00,Uranus,2239.0
2020-08-26 23:00:00,Uranus,2981.0
2020-08-27 00:00:00,Uranus,2721.0
2020-08-27 01:00:00,Uranus,2448.0
2020-08-27 02:00:00,Uranus,2544.0
2020-08-27 03:00:00,Uranus,2202.0
2020-08-27 04:00:00,Uranus,2033.0
2020-08-27 05:00:00,Uranus,1917.0
2020-08-27 06:00:00,Uranus,1897.0
2020-08-27 07:00:00,Uranus,1916.0
2020-08-27 08:00:00,Uranus,1882.0
2020-08-27 09:00:00,Uranus,1990.0
2020-08-27 10:00:00,Uranus,2295.0
2020-08-27 11:00:00,Uranus,2235.0
2020-08-27 12:00:00,Uranus,2068.0
2020-08-27 13:00:00,Uranus,2136.0
2020-08-27 14:00:00,Uranus,2262.0
2020-08-27 15:00:00,Uranus,2520.0
2020-08-27 16:00:00,Uranus,2756.0
2020-08-27 17:00:00,Uranus,2556.0
2020-08-27 18:00:00,Uranus,2347.0
2020-08-27 19:00:00,Uranus,2706.0
2020-08-27 20:00:00,Uranus,2523.0
2020-08-27 21:00:00,Uranus,2328.0
2020-08-27 22:00:00,Uranus,1916.0
2020-08-27 23:00:00,Uranus,1906.0
2020-08-28 00:00:00,Uranus,1904.0
2020-08-28 01:00:00,Uranus,2182.0
2020-08-28 02:00:00,Uranus,1959.0
2020-08-28 03:00:00,Uranus,1798.0
2020-08-28 04:00:00,Uranus,1786.0
2020-08-28 05:00:00,Uranus,1808.0
2020-08-28 06:00:00,Uranus,1829.0
2020-08-28 07:00:00,Uranus,1851.0
2020-08-28 08:00:00,Uranus,1913.0
2020-08-28 09:00:00,Uranus,1929.0
2020-08-28 10:00:00,Uranus,2121.0
2020-08-28 11:00:00,Uranus,2288.0
2020-08-28 12:00:00,Uranus,2067.0
2020-08-28 13:00:00,Uranus,2238.0
2020-08-28 14:00:00,Uranus,2414.0
2020-08-28 15:00:00,Uranus,2362.0
2020-08-28 16:00:00,Uranus,1995.0
2020-08-28 17:00:00,Uranus,2243.0
2020-08-28 18:00:00,Uranus,1995.0
2020-08-28 19:00:00,Uranus,2467.0
2020-08-28 20:00:00,Uranus,2253.0
2020-08-28 21:00:00,Uranus,2014.0
2020-08-28 22:00:00,Uranus,1910.0
2020-08-28 23:00:00,Uranus,2338.0
2020-08-29 00:00:00,Uranus,2487.0
2020-08-29 01:00:00,Uranus,2072.0
2020-08-29 02:00:00,Uranus,1880.0
2020-08-29 03:00:00,Uranus,1916.0
2020-08-29 04:00:00,Uranus,1756.0
2020-08-29 05:00:00,Uranus,1707.0
2020-08-29 06:00:00,Uranus,1659.0
2020-08-29 07:00:00,Uranus,1720.0
2020-08-29 08:00:00,Uranus,1662.0
2020-08-29 09:00:00,Uranus,1595.0
2020-08-29 10:00:00,Uranus,1703.0
2020-08-29 11:00:00,Uranus,1777.0
2020-08-29 12:00:00,Uranus,1805.0
2020-08-29 13:00:00,Uranus,1729.0
2020-08-29 14:00:00,Uranus,1689.0
2020-08-29 15:00:00,Uranus,1729.0
2020-08-29 16:00:00,Uranus,1699.0
2020-08-29 17:00:00,Uranus,1796.0
2020-08-29 18:00:00,Uranus,1669.0
2020-08-29 19:00:00,Uranus,1634.0
2020-08-29 20:00:00,Uranus,1666.0
2020-08-29 21:00:00,Uranus,1668.0
2020-08-29 22:00:00,Uranus,2063.0
2020-08-29 23:00:00,Uranus,2077.0
2020-08-30 00:00:00,Uranus,2061.0
2020-08-30 01:00:00,Uranus,1833.0
2020-08-30 02:00:00,Uranus,1957.0
2020-08-30 03:00:00,Uranus,1591.0
2020-08-30 04:00:00,Uranus,1591.0
2020-08-30 05:00:00,Uranus,1617.0
2020-08-30 06:00:00,Uranus,1585.0
2020-08-30 07:00:00,Uranus,1529.0
2020-08-30 08:00:00,Uranus,1509.0
2020-08-30 09:00:00,Uranus,1665.0
2020-08-30 10:00:00,Uranus,1747.0
2020-08-30 11:00:00,Uranus,1585.0
2020-08-30 12:00:00,Uranus,1511.0
2020-08-30 13:00:00,Uranus,1511.0
2020-08-30 14:00:00,Uranus,1665.0
2020-08-30 15:00:00,Uranus,1720.0
2020-08-30 16:00:00,Uranus,2089.0
2020-08-30 17:00:00,Uranus,1846.0
2020-08-30 18:00:00,Uranus,1770.0
2020-08-30 19:00:00,Uranus,1505.0
2020-08-30 20:00:00,Uranus,1606.0
2020-08-30 21:00:00,Uranus,1464.0
2020-08-30 22:00:00,Uranus,1437.0
2020-08-30 23:00:00,Uranus,1374.0
2020-08-31 00:00:00,Uranus,1488.0
2020-08-31 01:00:00,Uranus,1593.0
2020-08-31 02:00:00,Uranus,1519.0
2020-08-31 03:00:00,Uranus,1395.0
2020-08-31 04:00:00,Uranus,1370.0
2020-08-31 05:00:00,Uranus,1405.0
2020-08-31 06:00:00,Uranus,1337.0
2020-08-31 07:00:00,Uranus,1289.0
2020-08-31 08:00:00,Uranus,1243.0
2020-08-31 09:00:00,Uranus,1643.0
2020-08-31 10:00:00,Uranus,1976.0
2020-08-31 11:00:00,Uranus,2272.0
2020-08-31 12:00:00,Uranus,1914.0
2020-08-31 13:00:00,Uranus,1724.0
2020-08-31 14:00:00,Uranus,2170.0
2020-08-31 15:00:00,Uranus,2358.0
2020-08-31 16:00:00,Uranus,2099.0
2020-08-31 17:00:00,Uranus,2147.0
2020-08-31 18:00:00,Uranus,1939.0
2020-08-31 19:00:00,Uranus,1924.0
2020-08-31 20:00:00,Uranus,1806.0
2020-08-31 21:00:00,Uranus,1732.0
2020-08-31 22:00:00,Uranus,1851.0
2020-08-31 23:00:00,Uranus,1758.0
2020-09-01 00:00:00,Uranus,1576.0
2020-09-01 01:00:00,Uranus,1569.0
2020-09-01 02:00:00,Uranus,1436.0
2020-09-01 03:00:00,Uranus,1430.0
2020-09-01 04:00:00,Uranus,1416.0
2020-09-01 05:00:00,Uranus,1430.0
2020-09-01 06:00:00,Uranus,1461.0
2020-09-01 07:00:00,Uranus,1389.0
2020-09-01 08:00:00,Uranus,1362.0
2020-09-01 09:00:00,Uranus,1586.0
2020-09-01 10:00:00,Uranus,1918.0
2020-09-01 11:00:00,Uranus,2013.0
2020-09-01 12:00:00,Uranus,1777.0
2020-09-01 13:00:00,Uranus,1876.0
2020-09-01 14:00:00,Uranus,2157.0
2020-09-01 15:00:00,Uranus,1968.0
2020-09-01 16:00:00,Uranus,2137.0
2020-09-01 17:00:00,Uranus,1997.0
2020-09-01 18:00:00,Uranus,1918.0
2020-09-01 19:00:00,Uranus,1988.0
2020-09-01 20:00:00,Uranus,2034.0
2020-09-01 21:00:00,Uranus,2051.0
2020-09-01 22:00:00,Uranus,2208.0
2020-09-01 23:00:00,Uranus,1747.0
2020-09-02 00:00:00,Uranus,1825.0
2020-09-02 01:00:00,Uranus,1711.0
2020-09-02 02:00:00,Uranus,1663.0
2020-09-02 03:00:00,Uranus,1573.0
2020-09-02 04:00:00,Uranus,1541.0
2020-09-02 05:00:00,Uranus,1548.0
2020-09-02 06:00:00,Uranus,1517.0
2020-09-02 07:00:00,Uranus,1507.0
2020-09-02 08:00:00,Uranus,1390.0
2020-09-02 09:00:00,Uranus,1418.0
2020-09-02 10:00:00,Uranus,1648.0
2020-09-02 11:00:00,Uranus,2246.0
2020-09-02 12:00:00,Uranus,1834.0
2020-09-02 13:00:00,Uranus,2244.0
2020-09-02 14:00:00,Uranus,2475.0
2020-09-02 15:00:00,Uranus,2547.0
2020-09-02 16:00:00,Uranus,2220.0
2020-09-02 17:00:00,Uranus,2102.0
2020-09-02 18:00:00,Uranus,2198.0
2020-09-02 19:00:00,Uranus,2000.0
2020-09-02 20:00:00,Uranus,2082.0
2020-09-02 21:00:00,Uranus,1763.0
2020-09-02 22:00:00,Uranus,1759.0
2020-09-02 23:00:00,Uranus,1805.0
2020-09-03 00:00:00,Uranus,1798.0
2020-09-03 01:00:00,Uranus,1857.0
2020-09-03 02:00:00,Uranus,1914.0
2020-09-03 03:00:00,Uranus,1750.0
2020-09-03 04:00:00,Uranus,1726.0
2020-09-03 05:00:00,Uranus,1690.0
2020-09-03 06:00:00,Uranus,1746.0
2020-09-03 07:00:00,Uranus,1745.0
2020-09-03 08:00:00,Uranus,1867.0
2020-09-03 09:00:00,Uranus,1973.0
2020-09-03 10:00:00,Uranus,1950.0
2020-09-03 11:00:00,Uranus,1949.0
2020-09-03 12:00:00,Uranus,1772.0
2020-09-03 13:00:00,Uranus,1928.0
2020-09-03 14:00:00,Uranus,1858.0
2020-09-03 15:00:00,Uranus,2069.0
2020-09-03 16:00:00,Uranus,2074.0
2020-09-03 17:00:00,Uranus,2016.0
2020-09-03 18:00:00,Uranus,1956.0
2020-09-03 19:00:00,Uranus,1953.0
2020-09-03 20:00:00,Uranus,2148.0
2020-09-03 21:00:00,Uranus,1947.0
2020-09-03 22:00:00,Uranus,1943.0
2020-09-03 23:00:00,Uranus,1775.0
2020-09-04 00:00:00,Uranus,1658.0
2020-09-04 01:00:00,Uranus,1794.0
2020-09-04 02:00:00,Uranus,1674.0
2020-09-04 03:00:00,Uranus,1626.0
2020-09-04 04:00:00,Uranus,1578.0
2020-09-04 05:00:00,Uranus,1520.0
2020-09-04 06:00:00,Uranus,1567.0
2020-09-04 07:00:00,Uranus,1559.0
2020-09-04 08:00:00,Uranus,1679.0
2020-09-04 09:00:00,Uranus,1762.0
2020-09-04 10:00:00,Uranus,1873.0
2020-09-04 11:00:00,Uranus,1978.0
2020-09-04 12:00:00,Uranus,1749.0
2020-09-04 13:00:00,Uranus,1854.0
2020-09-04 14:00:00,Uranus,2051.0
2020-09-04 15:00:00,Uranus,1800.0
2020-09-04 16:00:00,Uranus,1834.0
2020-09-04 17:00:00,Uranus,1961.0
2020-09-04 18:00:00,Uranus,1998.0
2020-09-04 19:00:00,Uranus,2266.0
2020-09-04 20:00:00,Uranus,2252.0
2020-09-04 21:00:00,Uranus,2203.0
2020-09-04 22:00:00,Uranus,2074.0
2020-09-04 23:00:00,Uranus,1839.0
2020-09-05 00:00:00,Uranus,1781.0
2020-09-05 01:00:00,Uranus,1834.0
2020-09-05 02:00:00,Uranus,1884.0
2020-09-05 03:00:00,Uranus,1674.0
2020-09-05 04:00:00,Uranus,1697.0
2020-09-05 05:00:00,Uranus,1663.0
2020-09-05 06:00:00,Uranus,1638.0
2020-09-05 07:00:00,Uranus,1666.0
2020-09-05 08:00:00,Uranus,1614.0
2020-09-05 09:00:00,Uranus,1669.0
2020-09-05 10:00:00,Uranus,1617.0
2020-09-05 11:00:00,Uranus,1790.0
2020-09-05 12:00:00,Uranus,1708.0
2020-09-05 13:00:00,Uranus,1822.0
2020-09-05 14:00:00,Uranus,1802.0
2020-09-05 15:00:00,Uranus,1651.0
2020-09-05 16:00:00,Uranus,1670.0
2020-09-05 17:00:00,Uranus,1865.0
2020-09-05 18:00:00,Uranus,1688.0
2020-09-05 19:00:00,Uranus,1952.0
2020-09-05 20:00:00,Uranus,1914.0
2020-09-05 21:00:00,Uranus,1820.0
2020-09-05 22:00:00,Uranus,1994.0
2020-09-05 23:00:00,Uranus,1902.0
2020-09-06 00:00:00,Uranus,1846.0
2020-09-06 01:00:00,Uranus,1810.0
2020-09-06 02:00:00,Uranus,1879.0
2020-09-06 03:00:00,Uranus,1740.0
2020-09-06 04:00:00,Uranus,1628.0
2020-09-06 05:00:00,Uranus,1612.0
2020-09-06 06:00:00,Uranus,1644.0
2020-09-06 07:00:00,Uranus,1650.0
2020-09-06 08:00:00,Uranus,1586.0
2020-09-06 09:00:00,Uranus,1633.0
2020-09-06 10:00:00,Uranus,1883.0
2020-09-06 11:00:00,Uranus,1695.0
2020-09-06 12:00:00,Uranus,1760.0
2020-09-06 13:00:00,Uranus,1691.0
2020-09-06 14:00:00,Uranus,2322.0
2020-09-06 15:00:00,Uranus,2129.0
2020-09-06 16:00:00,Uranus,2229.0
2020-09-06 17:00:00,Uranus,1907.0
2020-09-06 18:00:00,Uranus,1819.0
2020-09-06 19:00:00,Uranus,1943.0
2020-09-06 20:00:00,Uranus,2230.0
2020-09-06 21:00:00,Uranus,2043.0
2020-09-06 22:00:00,Uranus,2126.0
2020-09-06 23:00:00,Uranus,1827.0
2020-09-07 00:00:00,Uranus,1814.0
2020-09-07 01:00:00,Uranus,1838.0
2020-09-07 02:00:00,Uranus,1940.0
2020-09-07 03:00:00,Uranus,1812.0
2020-09-07 04:00:00,Uranus,1812.0
2020-09-07 05:00:00,Uranus,1850.0
2020-09-07 06:00:00,Uranus,1783.0
2020-09-07 07:00:00,Uranus,1836.0
2020-09-07 08:00:00,Uranus,2004.0
2020-09-07 09:00:00,Uranus,2323.0
2020-09-07 10:00:00,Uranus,2700.0
2020-09-07 11:00:00,Uranus,2291.0
2020-09-07 12:00:00,Uranus,1828.0
2020-09-07 13:00:00,Uranus,2059.0
2020-09-07 14:00:00,Uranus,3350.0
2020-09-07 15:00:00,Uranus,2842.0
2020-09-07 16:00:00,Uranus,2719.0
2020-09-07 17:00:00,Uranus,2230.0
2020-09-07 18:00:00,Uranus,2188.0
2020-09-07 19:00:00,Uranus,2221.0
2020-09-07 20:00:00,Uranus,2191.0
2020-09-07 21:00:00,Uranus,2211.0
2020-09-07 22:00:00,Uranus,2246.0
2020-09-07 23:00:00,Uranus,1982.0
2020-09-08 00:00:00,Uranus,1991.0
2020-09-08 01:00:00,Uranus,1918.0
2020-09-08 02:00:00,Uranus,1879.0
2020-09-08 03:00:00,Uranus,1873.0
2020-09-08 04:00:00,Uranus,1809.0
2020-09-08 05:00:00,Uranus,1791.0
2020-09-08 06:00:00,Uranus,1818.0
2020-09-08 07:00:00,Uranus,1831.0
2020-09-08 08:00:00,Uranus,1842.0
2020-09-08 09:00:00,Uranus,1942.0
2020-09-08 10:00:00,Uranus,2062.0
2020-09-08 11:00:00,Uranus,2256.0
2020-09-08 12:00:00,Uranus,2234.0
2020-09-08 13:00:00,Uranus,2096.0
2020-09-08 14:00:00,Uranus,2207.0
2020-09-08 15:00:00,Uranus,2075.0
2020-09-08 16:00:00,Uranus,2136.0
2020-09-08 17:00:00,Uranus,2205.0
2020-09-08 18:00:00,Uranus,2011.0
2020-09-08 19:00:00,Uranus,2062.0
2020-09-08 20:00:00,Uranus,2258.0
2020-09-08 21:00:00,Uranus,2351.0
2020-09-08 22:00:00,Uranus,1994.0
2020-09-08 23:00:00,Uranus,2015.0
2020-09-09 00:00:00,Uranus,1859.0
2020-09-09 01:00:00,Uranus,1953.0
2020-09-09 02:00:00,Uranus,1733.0
2020-09-09 03:00:00,Uranus,1749.0
2020-09-09 04:00:00,Uranus,1738.0
2020-09-09 05:00:00,Uranus,1616.0
2020-09-09 06:00:00,Uranus,1618.0
2020-09-09 07:00:00,Uranus,1673.0
2020-09-09 08:00:00,Uranus,1628.0
2020-09-09 09:00:00,Uranus,2000.0
2020-09-09 10:00:00,Uranus,2478.0
2020-09-09 11:00:00,Uranus,2434.0
2020-09-09 12:00:00,Uranus,2034.0
2020-09-09 13:00:00,Uranus,2188.0
2020-09-09 14:00:00,Uranus,2611.0
2020-09-09 15:00:00,Uranus,2397.0
2020-09-09 16:00:00,Uranus,2303.0
2020-09-09 17:00:00,Uranus,2551.0
2020-09-09 18:00:00,Uranus,2683.0
2020-09-09 19:00:00,Uranus,2832.0
2020-09-09 20:00:00,Uranus,2604.0
2020-09-09 21:00:00,Uranus,2255.0
2020-09-09 22:00:00,Uranus,2436.0
2020-09-09 23:00:00,Uranus,2468.0
2020-09-10 00:00:00,Uranus,2844.0
2020-09-10 01:00:00,Uranus,3225.0
2020-09-10 02:00:00,Uranus,2537.0
2020-09-10 03:00:00,Uranus,1997.0
2020-09-10 04:00:00,Uranus,2283.0
2020-09-10 05:00:00,Uranus,1949.0
2020-09-10 06:00:00,Uranus,1934.0
2020-09-10 07:00:00,Uranus,1927.0
2020-09-10 08:00:00,Uranus,1987.0
2020-09-10 09:00:00,Uranus,2181.0
2020-09-10 10:00:00,Uranus,2220.0
2020-09-10 11:00:00,Uranus,2374.0
2020-09-10 12:00:00,Uranus,2096.0
2020-09-10 13:00:00,Uranus,2135.0
2020-09-10 14:00:00,Uranus,2687.0
2020-09-10 15:00:00,Uranus,2380.0
2020-09-10 16:00:00,Uranus,2616.0
2020-09-10 17:00:00,Uranus,2355.0
2020-09-10 18:00:00,Uranus,2105.0
2020-09-10 19:00:00,Uranus,2077.0
2020-09-10 20:00:00,Uranus,2278.0
2020-09-10 21:00:00,Uranus,2234.0
2020-09-10 22:00:00,Uranus,2143.0
2020-09-10 23:00:00,Uranus,2037.0
2020-09-11 00:00:00,Uranus,2100.0
2020-09-11 01:00:00,Uranus,2215.0
2020-09-11 02:00:00,Uranus,1953.0
2020-09-11 03:00:00,Uranus,1920.0
2020-09-11 04:00:00,Uranus,1918.0
2020-09-11 05:00:00,Uranus,1948.0
2020-09-11 06:00:00,Uranus,1843.0
2020-09-11 07:00:00,Uranus,1789.0
2020-09-11 08:00:00,Uranus,1856.0
2020-09-11 09:00:00,Uranus,2009.0
2020-09-11 10:00:00,Uranus,2036.0
2020-09-11 11:00:00,Uranus,2162.0
2020-09-11 12:00:00,Uranus,1903.0
2020-09-11 13:00:00,Uranus,2122.0
2020-09-11 14:00:00,Uranus,2238.0
2020-09-11 15:00:00,Uranus,2534.0
2020-09-11 16:00:00,Uranus,2139.0
2020-09-11 17:00:00,Uranus,2446.0
2020-09-11 18:00:00,Uranus,2341.0
2020-09-11 19:00:00,Uranus,2312.0
2020-09-11 20:00:00,Uranus,2055.0
2020-09-11 21:00:00,Uranus,2099.0
2020-09-11 22:00:00,Uranus,2097.0
2020-09-11 23:00:00,Uranus,1962.0
2020-09-12 00:00:00,Uranus,1875.0
2020-09-12 01:00:00,Uranus,1866.0
2020-09-12 02:00:00,Uranus,1870.0
2020-09-12 03:00:00,Uranus,1894.0
2020-09-12 04:00:00,Uranus,1812.0
2020-09-12 05:00:00,Uranus,1786.0
2020-09-12 06:00:00,Uranus,1790.0
2020-09-12 07:00:00,Uranus,1798.0
2020-09-12 08:00:00,Uranus,1820.0
2020-09-12 09:00:00,Uranus,1767.0
2020-09-12 10:00:00,Uranus,1967.0
2020-09-12 11:00:00,Uranus,1854.0
2020-09-12 12:00:00,Uranus,1759.0
2020-09-12 13:00:00,Uranus,1848.0
2020-09-12 14:00:00,Uranus,2181.0
2020-09-12 15:00:00,Uranus,2132.0
2020-09-12 16:00:00,Uranus,2124.0
2020-09-12 17:00:00,Uranus,2019.0
2020-09-12 18:00:00,Uranus,1913.0
2020-09-12 19:00:00,Uranus,1932.0
2020-09-12 20:00:00,Uranus,1871.0
2020-09-12 21:00:00,Uranus,2060.0
2020-09-12 22:00:00,Uranus,1896.0
2020-09-12 23:00:00,Uranus,1903.0
2020-09-13 00:00:00,Uranus,2058.0
2020-09-13 01:00:00,Uranus,2067.0
2020-09-13 02:00:00,Uranus,1763.0
2020-09-13 03:00:00,Uranus,1800.0
2020-09-13 04:00:00,Uranus,1776.0
2020-09-13 05:00:00,Uranus,1827.0
2020-09-13 06:00:00,Uranus,1691.0
2020-09-13 07:00:00,Uranus,1642.0
2020-09-13 08:00:00,Uranus,1714.0
2020-09-13 09:00:00,Uranus,2003.0
2020-09-13 10:00:00,Uranus,1763.0
2020-09-13 11:00:00,Uranus,1959.0
2020-09-13 12:00:00,Uranus,1836.0
2020-09-13 13:00:00,Uranus,1845.0
2020-09-13 14:00:00,Uranus,2100.0
2020-09-13 15:00:00,Uranus,2050.0
2020-09-13 16:00:00,Uranus,2080.0
2020-09-13 17:00:00,Uranus,2264.0
2020-09-13 18:00:00,Uranus,2034.0
2020-09-13 19:00:00,Uranus,2342.0
2020-09-13 20:00:00,Uranus,2646.0
2020-09-13 21:00:00,Uranus,2213.0
2020-09-13 22:00:00,Uranus,2201.0
2020-09-13 23:00:00,Uranus,2436.0
2020-09-14 00:00:00,Uranus,1976.0
2020-09-14 01:00:00,Uranus,1880.0
2020-09-14 02:00:00,Uranus,1799.0
2020-09-14 03:00:00,Uranus,1766.0
2020-09-14 04:00:00,Uranus,1725.0
2020-09-14 05:00:00,Uranus,1757.0
2020-09-14 06:00:00,Uranus,1680.0
2020-09-14 07:00:00,Uranus,1657.0
2020-09-14 08:00:00,Uranus,1731.0
2020-09-14 09:00:00,Uranus,1813.0
2020-09-14 10:00:00,Uranus,2476.0
2020-09-14 11:00:00,Uranus,2137.0
2020-09-14 12:00:00,Uranus,2351.0
2020-09-14 13:00:00,Uranus,2351.0
2020-09-14 14:00:00,Uranus,2309.0
2020-09-14 15:00:00,Uranus,2105.0
2020-09-14 16:00:00,Uranus,2288.0
2020-09-14 17:00:00,Uranus,2043.0
2020-09-14 18:00:00,Uranus,2054.0
2020-09-14 19:00:00,Uranus,2160.0
2020-09-14 20:00:00,Uranus,2123.0
2020-09-14 21:00:00,Uranus,2097.0
2020-09-14 22:00:00,Uranus,2113.0
2020-09-14 23:00:00,Uranus,2088.0
2020-09-15 00:00:00,Uranus,2013.0
2020-09-15 01:00:00,Uranus,1867.0
2020-09-15 02:00:00,Uranus,2008.0
2020-09-15 03:00:00,Uranus,1849.0
2020-09-15 04:00:00,Uranus,1719.0
2020-09-15 05:00:00,Uranus,1646.0
2020-09-15 06:00:00,Uranus,1727.0
2020-09-15 07:00:00,Uranus,1686.0
2020-09-15 08:00:00,Uranus,1653.0
2020-09-15 09:00:00,Uranus,1896.0
2020-09-15 10:00:00,Uranus,2083.0
2020-09-15 11:00:00,Uranus,2153.0
2020-09-15 12:00:00,Uranus,2419.0
2020-09-15 13:00:00,Uranus,2200.0
2020-09-15 14:00:00,Uranus,2233.0
2020-09-15 15:00:00,Uranus,2417.0
2020-09-15 16:00:00,Uranus,2447.0
2020-09-15 17:00:00,Uranus,2034.0
2020-09-15 18:00:00,Uranus,2020.0
2020-09-15 19:00:00,Uranus,2156.0
2020-09-15 20:00:00,Uranus,2583.0
2020-09-15 21:00:00,Uranus,2144.0
2020-09-15 22:00:00,Uranus,1820.0
2020-09-15 23:00:00,Uranus,1740.0
2020-09-16 00:00:00,Uranus,1732.0
2020-09-16 01:00:00,Uranus,2078.0
2020-09-16 02:00:00,Uranus,2521.0
2020-09-16 03:00:00,Uranus,1797.0
2020-09-16 04:00:00,Uranus,1723.0
2020-09-16 05:00:00,Uranus,1663.0
2020-09-16 06:00:00,Uranus,1622.0
2020-09-16 07:00:00,Uranus,1557.0
2020-09-16 08:00:00,Uranus,1641.0
2020-09-16 09:00:00,Uranus,1934.0
2020-09-16 10:00:00,Uranus,1834.0
2020-09-16 11:00:00,Uranus,2270.0
2020-09-16 12:00:00,Uranus,2011.0
2020-09-16 13:00:00,Uranus,1913.0
2020-09-16 14:00:00,Uranus,2351.0
2020-09-16 15:00:00,Uranus,2383.0
2020-09-16 16:00:00,Uranus,2362.0
2020-09-16 17:00:00,Uranus,2411.0
2020-09-16 18:00:00,Uranus,2450.0
2020-09-16 19:00:00,Uranus,2671.0
2020-09-16 20:00:00,Uranus,2404.0
2020-09-16 21:00:00,Uranus,2630.0
2020-09-16 22:00:00,Uranus,2146.0
2020-09-16 23:00:00,Uranus,1922.0
2020-09-17 00:00:00,Uranus,1877.0
2020-09-17 01:00:00,Uranus,2060.0
2020-09-17 02:00:00,Uranus,1953.0
2020-09-17 03:00:00,Uranus,1875.0
2020-09-17 04:00:00,Uranus,1763.0
2020-09-17 05:00:00,Uranus,1749.0
2020-09-17 06:00:00,Uranus,1773.0
2020-09-17 07:00:00,Uranus,1899.0
2020-09-17 08:00:00,Uranus,1816.0
2020-09-17 09:00:00,Uranus,2055.0
2020-09-17 10:00:00,Uranus,2349.0
2020-09-17 11:00:00,Uranus,2599.0
2020-09-17 12:00:00,Uranus,2240.0
2020-09-17 13:00:00,Uranus,2711.0
2020-09-17 14:00:00,Uranus,2501.0
2020-09-17 15:00:00,Uranus,3452.0
2020-09-17 16:00:00,Uranus,3351.0
2020-09-17 17:00:00,Uranus,2941.0
2020-09-17 18:00:00,Uranus,3336.0
2020-09-17 19:00:00,Uranus,2372.0
2020-09-17 20:00:00,Uranus,2751.0
2020-09-17 21:00:00,Uranus,2712.0
2020-09-17 22:00:00,Uranus,2423.0
2020-09-17 23:00:00,Uranus,2368.0
2020-09-18 00:00:00,Uranus,2150.0
2020-09-18 01:00:00,Uranus,2293.0
2020-09-18 02:00:00,Uranus,2355.0
2020-09-18 03:00:00,Uranus,2392.0
2020-09-18 04:00:00,Uranus,1739.0
2020-09-18 05:00:00,Uranus,1679.0
2020-09-18 06:00:00,Uranus,1746.0
2020-09-18 07:00:00,Uranus,1862.0
2020-09-18 08:00:00,Uranus,1822.0
2020-09-18 09:00:00,Uranus,2017.0
2020-09-18 10:00:00,Uranus,2744.0
2020-09-18 11:00:00,Uranus,2713.0
2020-09-18 12:00:00,Uranus,2267.0
2020-09-18 13:00:00,Uranus,2186.0
2020-09-18 14:00:00,Uranus,2270.0
2020-09-18 15:00:00,Uranus,3164.0
2020-09-18 16:00:00,Uranus,2698.0
2020-09-18 17:00:00,Uranus,3025.0
2020-09-18 18:00:00,Uranus,2486.0
2020-09-18 19:00:00,Uranus,2579.0
2020-09-18 20:00:00,Uranus,2722.0
2020-09-18 21:00:00,Uranus,2335.0
2020-09-18 22:00:00,Uranus,1983.0
2020-09-18 23:00:00,Uranus,1958.0
2020-09-19 00:00:00,Uranus,1988.0
2020-09-19 01:00:00,Uranus,2122.0
2020-09-19 02:00:00,Uranus,2124.0
2020-09-19 03:00:00,Uranus,1884.0
2020-09-19 04:00:00,Uranus,1870.0
2020-09-19 05:00:00,Uranus,1868.0
2020-09-19 06:00:00,Uranus,1901.0
2020-09-19 07:00:00,Uranus,1859.0
2020-09-19 08:00:00,Uranus,1858.0
2020-09-19 09:00:00,Uranus,2100.0
2020-09-19 10:00:00,Uranus,2587.0
2020-09-19 11:00:00,Uranus,2087.0
2020-09-19 12:00:00,Uranus,2036.0
2020-09-19 13:00:00,Uranus,1985.0
2020-09-19 14:00:00,Uranus,2044.0
2020-09-19 15:00:00,Uranus,2053.0
2020-09-19 16:00:00,Uranus,2113.0
2020-09-19 17:00:00,Uranus,2256.0
2020-09-19 18:00:00,Uranus,2016.0
2020-09-19 19:00:00,Uranus,1975.0
2020-09-19 20:00:00,Uranus,2137.0
2020-09-19 21:00:00,Uranus,2080.0
2020-09-19 22:00:00,Uranus,2103.0
2020-09-19 23:00:00,Uranus,2038.0
2020-09-20 00:00:00,Uranus,1960.0
2020-09-20 01:00:00,Uranus,1953.0
2020-09-20 02:00:00,Uranus,1904.0
2020-09-20 03:00:00,Uranus,1864.0
2020-09-20 04:00:00,Uranus,1792.0
2020-09-20 05:00:00,Uranus,1773.0
2020-09-20 06:00:00,Uranus,1805.0
2020-09-20 07:00:00,Uranus,1805.0
2020-09-20 08:00:00,Uranus,1826.0
2020-09-20 09:00:00,Uranus,2025.0
2020-09-20 10:00:00,Uranus,2085.0
2020-09-20 11:00:00,Uranus,1859.0
2020-09-20 12:00:00,Uranus,1969.0
2020-09-20 13:00:00,Uranus,1962.0
2020-09-20 14:00:00,Uranus,1973.0
2020-09-20 15:00:00,Uranus,1927.0
2020-09-20 16:00:00,Uranus,1935.0
2020-09-20 17:00:00,Uranus,1983.0
2020-09-20 18:00:00,Uranus,2217.0
2020-09-20 19:00:00,Uranus,1963.0
2020-09-20 20:00:00,Uranus,2147.0
2020-09-20 21:00:00,Uranus,2195.0
2020-09-20 22:00:00,Uranus,2274.0
2020-09-20 23:00:00,Uranus,2000.0
2020-09-21 00:00:00,Uranus,2069.0
2020-09-21 01:00:00,Uranus,2190.0
2020-09-21 02:00:00,Uranus,2159.0
2020-09-21 03:00:00,Uranus,1942.0
2020-09-21 04:00:00,Uranus,1822.0
2020-09-21 05:00:00,Uranus,1860.0
2020-09-21 06:00:00,Uranus,1787.0
2020-09-21 07:00:00,Uranus,1788.0
2020-09-21 08:00:00,Uranus,1836.0
2020-09-21 09:00:00,Uranus,1905.0
2020-09-21 10:00:00,Uranus,2636.0
2020-09-21 11:00:00,Uranus,2983.0
2020-09-21 12:00:00,Uranus,2246.0
2020-09-21 13:00:00,Uranus,2417.0
2020-09-21 14:00:00,Uranus,2387.0
2020-09-21 15:00:00,Uranus,2471.0
2020-09-21 16:00:00,Uranus,2278.0
2020-09-21 17:00:00,Uranus,2290.0
2020-09-21 18:00:00,Uranus,2116.0
2020-09-21 19:00:00,Uranus,2446.0
2020-09-21 20:00:00,Uranus,2169.0
2020-09-21 21:00:00,Uranus,2560.0
2020-09-21 22:00:00,Uranus,2228.0
2020-09-21 23:00:00,Uranus,2029.0
2020-09-22 00:00:00,Uranus,2203.0
2020-09-22 01:00:00,Uranus,2246.0
2020-09-22 02:00:00,Uranus,2000.0
2020-09-22 03:00:00,Uranus,1898.0
2020-09-22 04:00:00,Uranus,1905.0
2020-09-22 05:00:00,Uranus,1943.0
2020-09-22 06:00:00,Uranus,1905.0
2020-09-22 07:00:00,Uranus,1875.0
2020-09-22 08:00:00,Uranus,1879.0
2020-09-22 09:00:00,Uranus,2391.0
2020-09-22 10:00:00,Uranus,2445.0
2020-09-22 11:00:00,Uranus,3124.0
2020-09-22 12:00:00,Uranus,2428.0
2020-09-22 13:00:00,Uranus,2126.0
2020-09-22 14:00:00,Uranus,2720.0
2020-09-22 15:00:00,Uranus,2304.0
2020-09-22 16:00:00,Uranus,1961.0
2020-09-22 17:00:00,Uranus,2069.0
2020-09-22 18:00:00,Uranus,2241.0
2020-09-22 19:00:00,Uranus,2200.0
2020-09-22 20:00:00,Uranus,2133.0
2020-09-22 21:00:00,Uranus,2027.0
2020-09-22 22:00:00,Uranus,1913.0
2020-09-22 23:00:00,Uranus,1871.0
2020-09-23 00:00:00,Uranus,1849.0
2020-09-23 01:00:00,Uranus,1859.0
2020-09-23 02:00:00,Uranus,1856.0
2020-09-23 03:00:00,Uranus,1876.0
2020-09-23 04:00:00,Uranus,1760.0
2020-09-23 05:00:00,Uranus,1712.0
2020-09-23 06:00:00,Uranus,1766.0
2020-09-23 07:00:00,Uranus,1727.0
2020-09-23 08:00:00,Uranus,1861.0
2020-09-23 09:00:00,Uranus,1869.0
2020-09-23 10:00:00,Uranus,2495.0
2020-09-23 11:00:00,Uranus,2361.0
2020-09-23 12:00:00,Uranus,1949.0
2020-09-23 13:00:00,Uranus,2291.0
2020-09-23 14:00:00,Uranus,2280.0
2020-09-23 15:00:00,Uranus,2395.0
2020-09-23 16:00:00,Uranus,2273.0
2020-09-23 17:00:00,Uranus,2172.0
2020-09-23 18:00:00,Uranus,2387.0
2020-09-23 19:00:00,Uranus,2352.0
2020-09-23 20:00:00,Uranus,2096.0
2020-09-23 21:00:00,Uranus,1981.0
2020-09-23 22:00:00,Uranus,2035.0
2020-09-23 23:00:00,Uranus,2031.0
2020-09-24 00:00:00,Uranus,2097.0
2020-09-24 01:00:00,Uranus,2067.0
2020-09-24 02:00:00,Uranus,1963.0
2020-09-24 03:00:00,Uranus,1955.0
2020-09-24 04:00:00,Uranus,1883.0
2020-09-24 05:00:00,Uranus,1992.0
2020-09-24 06:00:00,Uranus,1922.0
2020-09-24 07:00:00,Uranus,1878.0
2020-09-24 08:00:00,Uranus,1897.0
2020-09-24 09:00:00,Uranus,2135.0
2020-09-24 10:00:00,Uranus,1934.0
2020-09-24 11:00:00,Uranus,2053.0
2020-09-24 12:00:00,Uranus,2036.0
2020-09-24 13:00:00,Uranus,2252.0
2020-09-24 14:00:00,Uranus,2342.0
2020-09-24 15:00:00,Uranus,2531.0
2020-09-24 16:00:00,Uranus,2659.0
2020-09-24 17:00:00,Uranus,2667.0
2020-09-24 18:00:00,Uranus,2254.0
2020-09-24 19:00:00,Uranus,2220.0
2020-09-24 20:00:00,Uranus,2320.0
2020-09-24 21:00:00,Uranus,2496.0
2020-09-24 22:00:00,Uranus,2256.0
2020-09-24 23:00:00,Uranus,1931.0
2020-09-25 00:00:00,Uranus,1984.0
2020-09-25 01:00:00,Uranus,2050.0
2020-09-25 02:00:00,Uranus,1908.0
2020-09-25 03:00:00,Uranus,1800.0
2020-09-25 04:00:00,Uranus,1712.0
2020-09-25 05:00:00,Uranus,1882.0
2020-09-25 06:00:00,Uranus,1747.0
2020-09-25 07:00:00,Uranus,1637.0
2020-09-25 08:00:00,Uranus,1574.0
2020-09-25 09:00:00,Uranus,2265.0
2020-09-25 10:00:00,Uranus,2737.0
2020-09-25 11:00:00,Uranus,2546.0
2020-09-25 12:00:00,Uranus,2214.0
2020-09-25 13:00:00,Uranus,2148.0
2020-09-25 14:00:00,Uranus,2622.0
2020-09-25 15:00:00,Uranus,2413.0
2020-09-25 16:00:00,Uranus,2263.0
2020-09-25 17:00:00,Uranus,2272.0
2020-09-25 18:00:00,Uranus,2266.0
2020-09-25 19:00:00,Uranus,2232.0
2020-09-25 20:00:00,Uranus,2301.0
2020-09-25 21:00:00,Uranus,2210.0
2020-09-25 22:00:00,Uranus,1881.0
2020-09-25 23:00:00,Uranus,1909.0
2020-09-26 00:00:00,Uranus,1836.0
2020-09-26 01:00:00,Uranus,1823.0
2020-09-26 02:00:00,Uranus,1838.0
2020-09-26 03:00:00,Uranus,1693.0
2020-09-26 04:00:00,Uranus,1635.0
2020-09-26 05:00:00,Uranus,1644.0
2020-09-26 06:00:00,Uranus,1667.0
2020-09-26 07:00:00,Uranus,1623.0
2020-09-26 08:00:00,Uranus,1707.0
2020-09-26 09:00:00,Uranus,1610.0
2020-09-26 10:00:00,Uranus,1783.0
2020-09-26 11:00:00,Uranus,2063.0
2020-09-26 12:00:00,Uranus,1868.0
2020-09-26 13:00:00,Uranus,1884.0
2020-09-26 14:00:00,Uranus,1944.0
2020-09-26 15:00:00,Uranus,1874.0
2020-09-26 16:00:00,Uranus,1971.0
2020-09-26 17:00:00,Uranus,2144.0
2020-09-26 18:00:00,Uranus,1915.0
2020-09-26 19:00:00,Uranus,1881.0
2020-09-26 20:00:00,Uranus,1881.0
2020-09-26 21:00:00,Uranus,1816.0
2020-09-26 22:00:00,Uranus,2190.0
2020-09-26 23:00:00,Uranus,2165.0
2020-09-27 00:00:00,Uranus,2367.0
2020-09-27 01:00:00,Uranus,1860.0
2020-09-27 02:00:00,Uranus,1889.0
2020-09-27 03:00:00,Uranus,1666.0
2020-09-27 04:00:00,Uranus,1630.0
2020-09-27 05:00:00,Uranus,1636.0
2020-09-27 06:00:00,Uranus,1674.0
2020-09-27 07:00:00,Uranus,1750.0
2020-09-27 08:00:00,Uranus,1769.0
2020-09-27 09:00:00,Uranus,2132.0
2020-09-27 10:00:00,Uranus,2647.0
2020-09-27 11:00:00,Uranus,2143.0
2020-09-27 12:00:00,Uranus,2103.0
2020-09-27 13:00:00,Uranus,1956.0
2020-09-27 14:00:00,Uranus,2255.0
2020-09-27 15:00:00,Uranus,2220.0
2020-09-27 16:00:00,Uranus,2266.0
2020-09-27 17:00:00,Uranus,2225.0
2020-09-27 18:00:00,Uranus,2048.0
2020-09-27 19:00:00,Uranus,2271.0
2020-09-27 20:00:00,Uranus,2247.0
2020-09-27 21:00:00,Uranus,2126.0
2020-09-27 22:00:00,Uranus,2163.0
2020-09-27 23:00:00,Uranus,2032.0
2020-09-28 00:00:00,Uranus,1766.0
2020-09-28 01:00:00,Uranus,1686.0
2020-09-28 02:00:00,Uranus,1696.0
2020-09-28 03:00:00,Uranus,1560.0
2020-09-28 04:00:00,Uranus,1540.0
2020-09-28 05:00:00,Uranus,1496.0
2020-09-28 06:00:00,Uranus,1494.0
2020-09-28 07:00:00,Uranus,1278.0
2020-09-28 08:00:00,Uranus,1278.0
2020-09-28 09:00:00,Uranus,1218.0
2020-09-28 10:00:00,Uranus,967.0
2020-09-28 11:00:00,Uranus,907.0
2020-09-28 12:00:00,Uranus,883.0
2020-09-28 13:00:00,Uranus,851.0
2020-09-28 14:00:00,Uranus,811.0
2020-09-28 15:00:00,Uranus,763.0
2020-09-28 16:00:00,Uranus,730.0
2020-09-28 17:00:00,Uranus,658.0
2020-09-28 18:00:00,Uranus,594.0
2020-09-28 19:00:00,Uranus,594.0
2020-09-28 20:00:00,Uranus,578.0
2020-09-28 21:00:00,Uranus,578.0
2020-09-28 22:00:00,Uranus,578.0
2020-09-28 23:00:00,Uranus,578.0
2020-09-29 00:00:00,Uranus,570.0
2020-09-29 01:00:00,Uranus,570.0
2020-09-29 02:00:00,Uranus,554.0
2020-09-29 03:00:00,Uranus,554.0
2020-09-29 04:00:00,Uranus,554.0
2020-09-29 05:00:00,Uranus,554.0
2020-09-29 06:00:00,Uranus,554.0
2020-09-29 07:00:00,Uranus,522.0
2020-09-29 08:00:00,Uranus,490.0
2020-09-29 09:00:00,Uranus,498.0
2020-09-29 10:00:00,Uranus,466.0
2020-09-29 11:00:00,Uranus,450.0
2020-09-29 12:00:00,Uranus,418.0
2020-09-29 13:00:00,Uranus,402.0
2020-09-29 14:00:00,Uranus,402.0
2020-09-29 15:00:00,Uranus,370.0
2020-09-29 16:00:00,Uranus,362.0
2020-09-29 17:00:00,Uranus,362.0
2020-09-29 18:00:00,Uranus,362.0
2020-09-29 19:00:00,Uranus,354.0
2020-09-29 20:00:00,Uranus,322.0
2020-09-29 21:00:00,Uranus,322.0
2020-09-29 22:00:00,Uranus,318.0
2020-09-29 23:00:00,Uranus,318.0
2020-09-30 00:00:00,Uranus,318.0
2020-09-30 01:00:00,Uranus,318.0
2020-09-30 02:00:00,Uranus,302.0
2020-09-30 03:00:00,Uranus,286.0
2020-09-30 04:00:00,Uranus,286.0
2020-09-30 05:00:00,Uranus,286.0
2020-09-30 06:00:00,Uranus,286.0
2020-09-30 07:00:00,Uranus,285.0
2020-09-30 08:00:00,Uranus,284.0
2020-09-30 09:00:00,Uranus,280.0
2020-09-30 10:00:00,Uranus,280.0
2020-09-30 11:00:00,Uranus,272.0
2020-09-30 12:00:00,Uranus,272.0
2020-09-30 13:00:00,Uranus,240.0
2020-09-30 14:00:00,Uranus,208.0
2020-09-30 15:00:00,Uranus,208.0
2020-09-30 16:00:00,Uranus,208.0
2020-09-30 17:00:00,Uranus,208.0
2020-09-30 18:00:00,Uranus,176.0
2020-09-30 19:00:00,Uranus,176.0
2020-09-30 20:00:00,Uranus,176.0
2020-09-30 21:00:00,Uranus,176.0
2020-09-30 22:00:00,Uranus,176.0
2020-09-30 23:00:00,Uranus,176.0
2020-10-01 00:00:00,Uranus,176.0
2020-10-01 01:00:00,Uranus,176.0
2020-10-01 02:00:00,Uranus,176.0
2020-10-01 03:00:00,Uranus,176.0
2020-10-01 04:00:00,Uranus,176.0
2020-10-01 05:00:00,Uranus,176.0
2020-10-01 06:00:00,Uranus,176.0
2020-10-01 07:00:00,Uranus,176.0
2020-10-01 08:00:00,Uranus,176.0
2020-10-01 09:00:00,Uranus,176.0
2020-10-01 10:00:00,Uranus,176.0
2020-10-01 11:00:00,Uranus,176.0
2020-10-01 12:00:00,Uranus,176.0
2020-10-01 13:00:00,Uranus,176.0
2020-10-01 14:00:00,Uranus,176.0
2020-10-01 15:00:00,Uranus,176.0
2020-10-01 16:00:00,Uranus,176.0
2020-10-01 17:00:00,Uranus,176.0
2020-10-01 18:00:00,Uranus,176.0
2020-10-01 19:00:00,Uranus,168.0
2020-10-01 20:00:00,Uranus,168.0
2020-10-01 21:00:00,Uranus,160.0
2020-10-01 22:00:00,Uranus,160.0
2020-10-01 23:00:00,Uranus,160.0
2020-10-02 00:00:00,Uranus,160.0
2020-10-02 01:00:00,Uranus,160.0
2020-10-02 02:00:00,Uranus,160.0
2020-10-02 03:00:00,Uranus,160.0
2020-10-02 04:00:00,Uranus,160.0
2020-10-02 05:00:00,Uranus,160.0
2020-10-02 06:00:00,Uranus,160.0
2020-10-02 07:00:00,Uranus,160.0
2020-10-02 08:00:00,Uranus,160.0
2020-10-02 09:00:00,Uranus,160.0
2020-10-02 10:00:00,Uranus,160.0
2020-10-02 11:00:00,Uranus,160.0
2020-10-02 12:00:00,Uranus,160.0
2020-10-02 13:00:00,Uranus,160.0
2020-10-02 14:00:00,Uranus,160.0
2020-10-02 15:00:00,Uranus,160.0
2020-10-02 16:00:00,Uranus,160.0
2020-10-02 17:00:00,Uranus,160.0
2020-10-02 18:00:00,Uranus,160.0
2020-10-02 19:00:00,Uranus,160.0
2020-10-02 20:00:00,Uranus,160.0
2020-10-02 21:00:00,Uranus,160.0
2020-10-02 22:00:00,Uranus,128.0
2020-10-02 23:00:00,Uranus,128.0
2020-10-03 00:00:00,Uranus,128.0
2020-10-03 01:00:00,Uranus,128.0
2020-10-03 02:00:00,Uranus,128.0
2020-10-03 03:00:00,Uranus,128.0
2020-10-03 04:00:00,Uranus,128.0
2020-10-03 05:00:00,Uranus,128.0
2020-10-03 06:00:00,Uranus,128.0
2020-10-03 07:00:00,Uranus,128.0
2020-10-03 08:00:00,Uranus,128.0
2020-10-03 09:00:00,Uranus,128.0
2020-10-03 10:00:00,Uranus,128.0
2020-10-03 11:00:00,Uranus,128.0
2020-10-03 12:00:00,Uranus,128.0
2020-10-03 13:00:00,Uranus,128.0
2020-10-03 14:00:00,Uranus,128.0
2020-10-03 15:00:00,Uranus,128.0
2020-10-03 16:00:00,Uranus,127.0
2020-10-03 17:00:00,Uranus,127.0
2020-10-03 18:00:00,Uranus,127.0
2020-10-03 19:00:00,Uranus,127.0
2020-10-03 20:00:00,Uranus,127.0
2020-10-03 21:00:00,Uranus,127.0
2020-10-03 22:00:00,Uranus,127.0
2020-10-03 23:00:00,Uranus,127.0
2020-10-04 00:00:00,Uranus,127.0
2020-10-04 01:00:00,Uranus,127.0
2020-10-04 02:00:00,Uranus,127.0
2020-10-04 03:00:00,Uranus,127.0
2020-10-04 04:00:00,Uranus,127.0
2020-10-04 05:00:00,Uranus,127.0
2020-10-04 06:00:00,Uranus,127.0
2020-10-04 07:00:00,Uranus,127.0
2020-10-04 08:00:00,Uranus,127.0
2020-10-04 09:00:00,Uranus,127.0
2020-10-04 10:00:00,Uranus,127.0
2020-10-04 11:00:00,Uranus,127.0
2020-10-04 12:00:00,Uranus,127.0
2020-10-04 13:00:00,Uranus,127.0
2020-10-04 14:00:00,Uranus,127.0
2020-10-04 15:00:00,Uranus,127.0
2020-10-04 16:00:00,Uranus,127.0
2020-10-04 17:00:00,Uranus,127.0
2020-10-04 18:00:00,Uranus,119.0
2020-10-04 19:00:00,Uranus,119.0
2020-10-04 20:00:00,Uranus,119.0
2020-10-04 21:00:00,Uranus,119.0
2020-10-04 22:00:00,Uranus,119.0
2020-10-04 23:00:00,Uranus,119.0
2020-10-05 00:00:00,Uranus,119.0
2020-10-05 01:00:00,Uranus,119.0
2020-10-05 02:00:00,Uranus,119.0
2020-10-05 03:00:00,Uranus,119.0
2020-10-05 04:00:00,Uranus,119.0
2020-10-05 05:00:00,Uranus,119.0
2020-10-05 06:00:00,Uranus,119.0
2020-10-05 07:00:00,Uranus,112.0
2020-10-05 08:00:00,Uranus,112.0
2020-10-05 09:00:00,Uranus,112.0
2020-10-05 10:00:00,Uranus,112.0
2020-10-05 11:00:00,Uranus,112.0
2020-10-05 12:00:00,Uranus,112.0
2020-10-05 13:00:00,Uranus,112.0
2020-10-05 14:00:00,Uranus,112.0
2020-10-05 15:00:00,Uranus,112.0
2020-10-05 16:00:00,Uranus,91.0
2020-10-05 17:00:00,Uranus,91.0
2020-10-05 18:00:00,Uranus,91.0
2020-10-05 19:00:00,Uranus,91.0
2020-10-05 20:00:00,Uranus,91.0
2020-10-05 21:00:00,Uranus,91.0
2020-10-05 22:00:00,Uranus,91.0
2020-10-05 23:00:00,Uranus,91.0
2020-10-06 00:00:00,Uranus,91.0
2020-10-06 01:00:00,Uranus,91.0
2020-10-06 02:00:00,Uranus,91.0
2020-10-06 03:00:00,Uranus,91.0
2020-10-06 04:00:00,Uranus,91.0
2020-10-06 05:00:00,Uranus,91.0
2020-10-06 06:00:00,Uranus,91.0
2020-10-06 07:00:00,Uranus,91.0
2020-10-06 08:00:00,Uranus,91.0
2020-10-06 09:00:00,Uranus,91.0
2020-10-06 10:00:00,Uranus,91.0
2020-10-06 11:00:00,Uranus,91.0
2020-10-06 12:00:00,Uranus,91.0
2020-10-06 13:00:00,Uranus,91.0
2020-10-06 14:00:00,Uranus,91.0
2020-10-06 15:00:00,Uranus,91.0
2020-10-06 16:00:00,Uranus,91.0
2020-10-06 17:00:00,Uranus,91.0
2020-10-06 18:00:00,Uranus,91.0
2020-10-06 19:00:00,Uranus,91.0
2020-10-06 20:00:00,Uranus,91.0
2020-10-06 21:00:00,Uranus,91.0
2020-10-06 22:00:00,Uranus,91.0
2020-10-06 23:00:00,Uranus,91.0
2020-10-07 00:00:00,Uranus,91.0
2020-10-07 01:00:00,Uranus,91.0
2020-10-07 02:00:00,Uranus,91.0
2020-10-07 03:00:00,Uranus,91.0
2020-10-07 04:00:00,Uranus,91.0
2020-10-07 05:00:00,Uranus,91.0
2020-10-07 06:00:00,Uranus,91.0
2020-10-07 07:00:00,Uranus,91.0
2020-10-07 08:00:00,Uranus,91.0
2020-10-07 09:00:00,Uranus,91.0
2020-10-07 10:00:00,Uranus,83.0
2020-10-07 11:00:00,Uranus,83.0
2020-10-07 12:00:00,Uranus,83.0
2020-10-07 13:00:00,Uranus,83.0
2020-10-07 14:00:00,Uranus,83.0
2020-10-07 15:00:00,Uranus,83.0
2020-10-07 16:00:00,Uranus,83.0
2020-10-07 17:00:00,Uranus,83.0
2020-10-07 18:00:00,Uranus,83.0
2020-10-07 19:00:00,Uranus,83.0
2020-10-07 20:00:00,Uranus,83.0
2020-10-07 21:00:00,Uranus,83.0
2020-10-07 22:00:00,Uranus,83.0
2020-10-07 23:00:00,Uranus,83.0
2020-10-08 00:00:00,Uranus,83.0
2020-10-08 01:00:00,Uranus,83.0
2020-10-08 02:00:00,Uranus,83.0
2020-10-08 03:00:00,Uranus,83.0
2020-10-08 04:00:00,Uranus,83.0
2020-10-08 05:00:00,Uranus,83.0
2020-10-08 06:00:00,Uranus,83.0
2020-10-08 07:00:00,Uranus,83.0
2020-10-08 08:00:00,Uranus,83.0
2020-10-08 09:00:00,Uranus,83.0
2020-10-08 10:00:00,Uranus,83.0
2020-10-08 11:00:00,Uranus,83.0
2020-10-08 12:00:00,Uranus,83.0
2020-10-08 13:00:00,Uranus,83.0
2020-10-08 14:00:00,Uranus,83.0
2020-10-08 15:00:00,Uranus,83.0
2020-10-08 16:00:00,Uranus,83.0
2020-10-08 17:00:00,Uranus,83.0
2020-10-08 18:00:00,Uranus,83.0
2020-10-08 19:00:00,Uranus,83.0
2020-10-08 20:00:00,Uranus,83.0
2020-10-08 21:00:00,Uranus,75.0
2020-10-08 22:00:00,Uranus,67.0
2020-10-08 23:00:00,Uranus,59.0
2020-10-09 00:00:00,Uranus,59.0
2020-10-09 01:00:00,Uranus,59.0
2020-10-09 02:00:00,Uranus,59.0
2020-10-09 03:00:00,Uranus,59.0
2020-10-09 04:00:00,Uranus,59.0
2020-10-09 05:00:00,Uranus,59.0
2020-10-09 06:00:00,Uranus,59.0
2020-10-09 07:00:00,Uranus,59.0
2020-10-09 08:00:00,Uranus,59.0
2020-10-09 09:00:00,Uranus,59.0
2020-10-09 10:00:00,Uranus,58.0
2020-10-09 11:00:00,Uranus,58.0
2020-10-09 12:00:00,Uranus,58.0
2020-10-09 13:00:00,Uranus,34.0
2020-10-09 14:00:00,Uranus,34.0
2020-10-09 15:00:00,Uranus,26.0
2020-10-09 16:00:00,Uranus,17.0
2020-10-09 17:00:00,Uranus,17.0
2020-10-09 18:00:00,Uranus,17.0
2020-10-09 19:00:00,Uranus,17.0
2020-10-09 20:00:00,Uranus,17.0
2020-10-09 21:00:00,Uranus,17.0
2020-10-09 22:00:00,Uranus,17.0
2020-10-09 23:00:00,Uranus,1.0
2020-10-10 00:00:00,Uranus,0.0
2020-03-18 04:00:00,Venus,32.0
2020-03-18 05:00:00,Venus,32.0
2020-03-18 06:00:00,Venus,32.0
2020-03-18 07:00:00,Venus,32.0
2020-03-18 08:00:00,Venus,32.0
2020-03-18 09:00:00,Venus,32.0
2020-03-18 10:00:00,Venus,32.0
2020-03-18 11:00:00,Venus,32.0
2020-03-18 12:00:00,Venus,32.0
2020-03-18 13:00:00,Venus,32.0
2020-03-18 14:00:00,Venus,32.0
2020-03-18 15:00:00,Venus,32.0
2020-03-18 16:00:00,Venus,32.0
2020-03-18 17:00:00,Venus,32.0
2020-03-18 18:00:00,Venus,32.0
2020-03-18 19:00:00,Venus,32.0
2020-03-18 20:00:00,Venus,32.0
2020-03-18 21:00:00,Venus,32.0
2020-03-18 22:00:00,Venus,32.0
2020-03-18 23:00:00,Venus,32.0
2020-03-19 00:00:00,Venus,32.0
2020-03-19 01:00:00,Venus,32.0
2020-03-19 02:00:00,Venus,32.0
2020-03-19 03:00:00,Venus,32.0
2020-03-19 04:00:00,Venus,32.0
2020-03-19 05:00:00,Venus,32.0
2020-03-19 06:00:00,Venus,32.0
2020-03-19 07:00:00,Venus,32.0
2020-03-19 08:00:00,Venus,32.0
2020-03-19 09:00:00,Venus,32.0
2020-03-19 10:00:00,Venus,32.0
2020-03-19 11:00:00,Venus,32.0
2020-03-19 12:00:00,Venus,32.0
2020-03-19 13:00:00,Venus,32.0
2020-03-19 14:00:00,Venus,32.0
2020-03-19 15:00:00,Venus,32.0
2020-03-19 16:00:00,Venus,32.0
2020-03-19 17:00:00,Venus,32.0
2020-03-19 18:00:00,Venus,32.0
2020-03-19 19:00:00,Venus,32.0
2020-03-19 20:00:00,Venus,32.0
2020-03-19 21:00:00,Venus,32.0
2020-03-19 22:00:00,Venus,32.0
2020-03-19 23:00:00,Venus,32.0
2020-03-20 00:00:00,Venus,32.0
2020-03-20 01:00:00,Venus,32.0
2020-03-20 02:00:00,Venus,32.0
2020-03-20 03:00:00,Venus,32.0
2020-03-20 04:00:00,Venus,32.0
2020-03-20 05:00:00,Venus,32.0
2020-03-20 06:00:00,Venus,32.0
2020-03-20 07:00:00,Venus,32.0
2020-03-20 08:00:00,Venus,32.0
2020-03-20 09:00:00,Venus,32.0
2020-03-20 10:00:00,Venus,32.0
2020-03-20 11:00:00,Venus,32.0
2020-03-20 12:00:00,Venus,32.0
2020-03-20 13:00:00,Venus,32.0
2020-03-20 14:00:00,Venus,32.0
2020-03-20 15:00:00,Venus,32.0
2020-03-20 16:00:00,Venus,32.0
2020-03-20 17:00:00,Venus,32.0
2020-03-20 18:00:00,Venus,32.0
2020-03-20 19:00:00,Venus,32.0
2020-03-20 20:00:00,Venus,32.0
2020-03-20 21:00:00,Venus,32.0
2020-03-20 22:00:00,Venus,32.0
2020-03-20 23:00:00,Venus,32.0
2020-03-21 00:00:00,Venus,32.0
2020-03-21 01:00:00,Venus,32.0
2020-03-21 02:00:00,Venus,32.0
2020-03-21 03:00:00,Venus,32.0
2020-03-21 04:00:00,Venus,32.0
2020-03-21 05:00:00,Venus,32.0
2020-03-21 06:00:00,Venus,32.0
2020-03-21 07:00:00,Venus,32.0
2020-03-21 08:00:00,Venus,32.0
2020-03-21 09:00:00,Venus,32.0
2020-03-21 10:00:00,Venus,32.0
2020-03-21 11:00:00,Venus,32.0
2020-03-21 12:00:00,Venus,32.0
2020-03-21 13:00:00,Venus,32.0
2020-03-21 14:00:00,Venus,32.0
2020-03-21 15:00:00,Venus,32.0
2020-03-21 16:00:00,Venus,32.0
2020-03-21 17:00:00,Venus,32.0
2020-03-21 18:00:00,Venus,32.0
2020-03-21 19:00:00,Venus,32.0
2020-03-21 20:00:00,Venus,32.0
2020-03-21 21:00:00,Venus,32.0
2020-03-21 22:00:00,Venus,32.0
2020-03-21 23:00:00,Venus,32.0
2020-03-22 00:00:00,Venus,32.0
2020-03-22 01:00:00,Venus,32.0
2020-03-22 02:00:00,Venus,32.0
2020-03-22 03:00:00,Venus,32.0
2020-03-22 04:00:00,Venus,32.0
2020-03-22 05:00:00,Venus,32.0
2020-03-22 06:00:00,Venus,32.0
2020-03-22 07:00:00,Venus,32.0
2020-03-22 08:00:00,Venus,32.0
2020-03-22 09:00:00,Venus,32.0
2020-03-22 10:00:00,Venus,32.0
2020-03-22 11:00:00,Venus,32.0
2020-03-22 12:00:00,Venus,32.0
2020-03-22 13:00:00,Venus,32.0
2020-03-22 14:00:00,Venus,32.0
2020-03-22 15:00:00,Venus,32.0
2020-03-22 16:00:00,Venus,32.0
2020-03-22 17:00:00,Venus,32.0
2020-03-22 18:00:00,Venus,32.0
2020-03-22 19:00:00,Venus,32.0
2020-03-22 20:00:00,Venus,32.0
2020-03-22 21:00:00,Venus,32.0
2020-03-22 22:00:00,Venus,32.0
2020-03-22 23:00:00,Venus,32.0
2020-03-23 00:00:00,Venus,32.0
2020-03-23 01:00:00,Venus,32.0
2020-03-23 02:00:00,Venus,32.0
2020-03-23 03:00:00,Venus,32.0
2020-03-23 04:00:00,Venus,32.0
2020-03-23 05:00:00,Venus,32.0
2020-03-23 06:00:00,Venus,32.0
2020-03-23 07:00:00,Venus,32.0
2020-03-23 08:00:00,Venus,32.0
2020-03-23 09:00:00,Venus,32.0
2020-03-23 10:00:00,Venus,32.0
2020-03-23 11:00:00,Venus,32.0
2020-03-23 12:00:00,Venus,32.0
2020-03-23 13:00:00,Venus,32.0
2020-03-23 14:00:00,Venus,32.0
2020-03-23 15:00:00,Venus,32.0
2020-03-23 16:00:00,Venus,32.0
2020-03-23 17:00:00,Venus,32.0
2020-03-23 18:00:00,Venus,32.0
2020-03-23 19:00:00,Venus,32.0
2020-03-23 20:00:00,Venus,32.0
2020-03-23 21:00:00,Venus,32.0
2020-03-23 22:00:00,Venus,32.0
2020-03-23 23:00:00,Venus,32.0
2020-03-24 00:00:00,Venus,32.0
2020-03-24 01:00:00,Venus,32.0
2020-03-24 02:00:00,Venus,32.0
2020-03-24 03:00:00,Venus,32.0
2020-03-24 04:00:00,Venus,32.0
2020-03-24 05:00:00,Venus,32.0
2020-03-24 06:00:00,Venus,32.0
2020-03-24 07:00:00,Venus,32.0
2020-03-24 08:00:00,Venus,32.0
2020-03-24 09:00:00,Venus,32.0
2020-03-24 10:00:00,Venus,32.0
2020-03-24 11:00:00,Venus,32.0
2020-03-24 12:00:00,Venus,32.0
2020-03-24 13:00:00,Venus,32.0
2020-03-24 14:00:00,Venus,32.0
2020-03-24 15:00:00,Venus,32.0
2020-03-24 16:00:00,Venus,32.0
2020-03-24 17:00:00,Venus,32.0
2020-03-24 18:00:00,Venus,32.0
2020-03-24 19:00:00,Venus,32.0
2020-03-24 20:00:00,Venus,32.0
2020-03-24 21:00:00,Venus,32.0
2020-03-24 22:00:00,Venus,32.0
2020-03-24 23:00:00,Venus,32.0
2020-03-25 00:00:00,Venus,32.0
2020-03-25 01:00:00,Venus,32.0
2020-03-25 02:00:00,Venus,32.0
2020-03-25 03:00:00,Venus,32.0
2020-03-25 04:00:00,Venus,32.0
2020-03-25 05:00:00,Venus,32.0
2020-03-25 06:00:00,Venus,32.0
2020-03-25 07:00:00,Venus,32.0
2020-03-25 08:00:00,Venus,32.0
2020-03-25 09:00:00,Venus,32.0
2020-03-25 10:00:00,Venus,32.0
2020-03-25 11:00:00,Venus,32.0
2020-03-25 12:00:00,Venus,32.0
2020-03-25 13:00:00,Venus,32.0
2020-03-25 14:00:00,Venus,32.0
2020-03-25 15:00:00,Venus,32.0
2020-03-25 16:00:00,Venus,32.0
2020-03-25 17:00:00,Venus,40.0
2020-03-25 18:00:00,Venus,40.0
2020-03-25 19:00:00,Venus,40.0
2020-03-25 20:00:00,Venus,40.0
2020-03-25 21:00:00,Venus,40.0
2020-03-25 22:00:00,Venus,40.0
2020-03-25 23:00:00,Venus,40.0
2020-03-26 00:00:00,Venus,40.0
2020-03-26 01:00:00,Venus,40.0
2020-03-26 02:00:00,Venus,40.0
2020-03-26 03:00:00,Venus,40.0
2020-03-26 04:00:00,Venus,40.0
2020-03-26 05:00:00,Venus,40.0
2020-03-26 06:00:00,Venus,40.0
2020-03-26 07:00:00,Venus,40.0
2020-03-26 08:00:00,Venus,40.0
2020-03-26 09:00:00,Venus,40.0
2020-03-26 10:00:00,Venus,40.0
2020-03-26 11:00:00,Venus,40.0
2020-03-26 12:00:00,Venus,40.0
2020-03-26 13:00:00,Venus,44.0
2020-03-26 14:00:00,Venus,44.0
2020-03-26 15:00:00,Venus,44.0
2020-03-26 16:00:00,Venus,44.0
2020-03-26 17:00:00,Venus,60.0
2020-03-26 18:00:00,Venus,64.0
2020-03-26 19:00:00,Venus,64.0
2020-03-26 20:00:00,Venus,64.0
2020-03-26 21:00:00,Venus,64.0
2020-03-26 22:00:00,Venus,64.0
2020-03-26 23:00:00,Venus,64.0
2020-03-27 00:00:00,Venus,64.0
2020-03-27 01:00:00,Venus,64.0
2020-03-27 02:00:00,Venus,64.0
2020-03-27 03:00:00,Venus,64.0
2020-03-27 04:00:00,Venus,64.0
2020-03-27 05:00:00,Venus,64.0
2020-03-27 06:00:00,Venus,64.0
2020-03-27 07:00:00,Venus,64.0
2020-03-27 08:00:00,Venus,64.0
2020-03-27 09:00:00,Venus,64.0
2020-03-27 10:00:00,Venus,64.0
2020-03-27 11:00:00,Venus,64.0
2020-03-27 12:00:00,Venus,64.0
2020-03-27 13:00:00,Venus,64.0
2020-03-27 14:00:00,Venus,64.0
2020-03-27 15:00:00,Venus,64.0
2020-03-27 16:00:00,Venus,64.0
2020-03-27 17:00:00,Venus,64.0
2020-03-27 18:00:00,Venus,64.0
2020-03-27 19:00:00,Venus,64.0
2020-03-27 20:00:00,Venus,64.0
2020-03-27 21:00:00,Venus,64.0
2020-03-27 22:00:00,Venus,64.0
2020-03-27 23:00:00,Venus,64.0
2020-03-28 00:00:00,Venus,64.0
2020-03-28 01:00:00,Venus,88.0
2020-03-28 02:00:00,Venus,88.0
2020-03-28 03:00:00,Venus,88.0
2020-03-28 04:00:00,Venus,88.0
2020-03-28 05:00:00,Venus,88.0
2020-03-28 06:00:00,Venus,88.0
2020-03-28 07:00:00,Venus,104.0
2020-03-28 08:00:00,Venus,104.0
2020-03-28 09:00:00,Venus,104.0
2020-03-28 10:00:00,Venus,106.0
2020-03-28 11:00:00,Venus,106.0
2020-03-28 12:00:00,Venus,106.0
2020-03-28 13:00:00,Venus,106.0
2020-03-28 14:00:00,Venus,106.0
2020-03-28 15:00:00,Venus,106.0
2020-03-28 16:00:00,Venus,154.0
2020-03-28 17:00:00,Venus,154.0
2020-03-28 18:00:00,Venus,154.0
2020-03-28 19:00:00,Venus,154.0
2020-03-28 20:00:00,Venus,154.0
2020-03-28 21:00:00,Venus,154.0
2020-03-28 22:00:00,Venus,154.0
2020-03-28 23:00:00,Venus,155.0
2020-03-29 00:00:00,Venus,187.0
2020-03-29 01:00:00,Venus,187.0
2020-03-29 02:00:00,Venus,187.0
2020-03-29 03:00:00,Venus,187.0
2020-03-29 04:00:00,Venus,187.0
2020-03-29 05:00:00,Venus,187.0
2020-03-29 06:00:00,Venus,187.0
2020-03-29 07:00:00,Venus,187.0
2020-03-29 08:00:00,Venus,187.0
2020-03-29 09:00:00,Venus,187.0
2020-03-29 10:00:00,Venus,187.0
2020-03-29 11:00:00,Venus,219.0
2020-03-29 12:00:00,Venus,219.0
2020-03-29 13:00:00,Venus,219.0
2020-03-29 14:00:00,Venus,219.0
2020-03-29 15:00:00,Venus,219.0
2020-03-29 16:00:00,Venus,219.0
2020-03-29 17:00:00,Venus,219.0
2020-03-29 18:00:00,Venus,219.0
2020-03-29 19:00:00,Venus,219.0
2020-03-29 20:00:00,Venus,219.0
2020-03-29 21:00:00,Venus,219.0
2020-03-29 22:00:00,Venus,219.0
2020-03-29 23:00:00,Venus,223.0
2020-03-30 00:00:00,Venus,223.0
2020-03-30 01:00:00,Venus,223.0
2020-03-30 02:00:00,Venus,231.0
2020-03-30 03:00:00,Venus,231.0
2020-03-30 04:00:00,Venus,231.0
2020-03-30 05:00:00,Venus,231.0
2020-03-30 06:00:00,Venus,231.0
2020-03-30 07:00:00,Venus,231.0
2020-03-30 08:00:00,Venus,231.0
2020-03-30 09:00:00,Venus,233.0
2020-03-30 10:00:00,Venus,249.0
2020-03-30 11:00:00,Venus,249.0
2020-03-30 12:00:00,Venus,249.0
2020-03-30 13:00:00,Venus,249.0
2020-03-30 14:00:00,Venus,273.0
2020-03-30 15:00:00,Venus,273.0
2020-03-30 16:00:00,Venus,273.0
2020-03-30 17:00:00,Venus,277.0
2020-03-30 18:00:00,Venus,293.0
2020-03-30 19:00:00,Venus,297.0
2020-03-30 20:00:00,Venus,301.0
2020-03-30 21:00:00,Venus,317.0
2020-03-30 22:00:00,Venus,317.0
2020-03-30 23:00:00,Venus,317.0
2020-03-31 00:00:00,Venus,317.0
2020-03-31 01:00:00,Venus,317.0
2020-03-31 02:00:00,Venus,325.0
2020-03-31 03:00:00,Venus,325.0
2020-03-31 04:00:00,Venus,325.0
2020-03-31 05:00:00,Venus,325.0
2020-03-31 06:00:00,Venus,325.0
2020-03-31 07:00:00,Venus,325.0
2020-03-31 08:00:00,Venus,325.0
2020-03-31 09:00:00,Venus,327.0
2020-03-31 10:00:00,Venus,327.0
2020-03-31 11:00:00,Venus,335.0
2020-03-31 12:00:00,Venus,383.0
2020-03-31 13:00:00,Venus,432.0
2020-03-31 14:00:00,Venus,487.0
2020-03-31 15:00:00,Venus,498.0
2020-03-31 16:00:00,Venus,523.0
2020-03-31 17:00:00,Venus,559.0
2020-03-31 18:00:00,Venus,583.0
2020-03-31 19:00:00,Venus,591.0
2020-03-31 20:00:00,Venus,687.0
2020-03-31 21:00:00,Venus,711.0
2020-03-31 22:00:00,Venus,731.0
2020-03-31 23:00:00,Venus,765.0
2020-04-01 00:00:00,Venus,830.0
2020-04-01 01:00:00,Venus,863.0
2020-04-01 02:00:00,Venus,794.0
2020-04-01 03:00:00,Venus,778.0
2020-04-01 04:00:00,Venus,771.0
2020-04-01 05:00:00,Venus,750.0
2020-04-01 06:00:00,Venus,680.0
2020-04-01 07:00:00,Venus,636.0
2020-04-01 08:00:00,Venus,700.0
2020-04-01 09:00:00,Venus,748.0
2020-04-01 10:00:00,Venus,983.0
2020-04-01 11:00:00,Venus,915.0
2020-04-01 12:00:00,Venus,976.0
2020-04-01 13:00:00,Venus,931.0
2020-04-01 14:00:00,Venus,962.0
2020-04-01 15:00:00,Venus,1217.0
2020-04-01 16:00:00,Venus,1025.0
2020-04-01 17:00:00,Venus,1044.0
2020-04-01 18:00:00,Venus,1017.0
2020-04-01 19:00:00,Venus,984.0
2020-04-01 20:00:00,Venus,989.0
2020-04-01 21:00:00,Venus,898.0
2020-04-01 22:00:00,Venus,835.0
2020-04-01 23:00:00,Venus,824.0
2020-04-02 00:00:00,Venus,782.0
2020-04-02 01:00:00,Venus,784.0
2020-04-02 02:00:00,Venus,761.0
2020-04-02 03:00:00,Venus,727.0
2020-04-02 04:00:00,Venus,695.0
2020-04-02 05:00:00,Venus,694.0
2020-04-02 06:00:00,Venus,682.0
2020-04-02 07:00:00,Venus,672.0
2020-04-02 08:00:00,Venus,744.0
2020-04-02 09:00:00,Venus,778.0
2020-04-02 10:00:00,Venus,849.0
2020-04-02 11:00:00,Venus,837.0
2020-04-02 12:00:00,Venus,856.0
2020-04-02 13:00:00,Venus,879.0
2020-04-02 14:00:00,Venus,881.0
2020-04-02 15:00:00,Venus,949.0
2020-04-02 16:00:00,Venus,961.0
2020-04-02 17:00:00,Venus,899.0
2020-04-02 18:00:00,Venus,951.0
2020-04-02 19:00:00,Venus,885.0
2020-04-02 20:00:00,Venus,828.0
2020-04-02 21:00:00,Venus,883.0
2020-04-02 22:00:00,Venus,896.0
2020-04-02 23:00:00,Venus,830.0
2020-04-03 00:00:00,Venus,900.0
2020-04-03 01:00:00,Venus,937.0
2020-04-03 02:00:00,Venus,845.0
2020-04-03 03:00:00,Venus,786.0
2020-04-03 04:00:00,Venus,762.0
2020-04-03 05:00:00,Venus,771.0
2020-04-03 06:00:00,Venus,713.0
2020-04-03 07:00:00,Venus,711.0
2020-04-03 08:00:00,Venus,824.0
2020-04-03 09:00:00,Venus,712.0
2020-04-03 10:00:00,Venus,764.0
2020-04-03 11:00:00,Venus,889.0
2020-04-03 12:00:00,Venus,934.0
2020-04-03 13:00:00,Venus,991.0
2020-04-03 14:00:00,Venus,1050.0
2020-04-03 15:00:00,Venus,979.0
2020-04-03 16:00:00,Venus,884.0
2020-04-03 17:00:00,Venus,1086.0
2020-04-03 18:00:00,Venus,849.0
2020-04-03 19:00:00,Venus,867.0
2020-04-03 20:00:00,Venus,938.0
2020-04-03 21:00:00,Venus,918.0
2020-04-03 22:00:00,Venus,824.0
2020-04-03 23:00:00,Venus,968.0
2020-04-04 00:00:00,Venus,958.0
2020-04-04 01:00:00,Venus,869.0
2020-04-04 02:00:00,Venus,837.0
2020-04-04 03:00:00,Venus,773.0
2020-04-04 04:00:00,Venus,808.0
2020-04-04 05:00:00,Venus,740.0
2020-04-04 06:00:00,Venus,712.0
2020-04-04 07:00:00,Venus,632.0
2020-04-04 08:00:00,Venus,616.0
2020-04-04 09:00:00,Venus,672.0
2020-04-04 10:00:00,Venus,767.0
2020-04-04 11:00:00,Venus,726.0
2020-04-04 12:00:00,Venus,769.0
2020-04-04 13:00:00,Venus,732.0
2020-04-04 14:00:00,Venus,749.0
2020-04-04 15:00:00,Venus,703.0
2020-04-04 16:00:00,Venus,879.0
2020-04-04 17:00:00,Venus,920.0
2020-04-04 18:00:00,Venus,764.0
2020-04-04 19:00:00,Venus,702.0
2020-04-04 20:00:00,Venus,768.0
2020-04-04 21:00:00,Venus,921.0
2020-04-04 22:00:00,Venus,951.0
2020-04-04 23:00:00,Venus,783.0
2020-04-05 00:00:00,Venus,890.0
2020-04-05 01:00:00,Venus,823.0
2020-04-05 02:00:00,Venus,792.0
2020-04-05 03:00:00,Venus,792.0
2020-04-05 04:00:00,Venus,767.0
2020-04-05 05:00:00,Venus,888.0
2020-04-05 06:00:00,Venus,862.0
2020-04-05 07:00:00,Venus,642.0
2020-04-05 08:00:00,Venus,703.0
2020-04-05 09:00:00,Venus,741.0
2020-04-05 10:00:00,Venus,732.0
2020-04-05 11:00:00,Venus,814.0
2020-04-05 12:00:00,Venus,706.0
2020-04-05 13:00:00,Venus,646.0
2020-04-05 14:00:00,Venus,684.0
2020-04-05 15:00:00,Venus,777.0
2020-04-05 16:00:00,Venus,765.0
2020-04-05 17:00:00,Venus,734.0
2020-04-05 18:00:00,Venus,787.0
2020-04-05 19:00:00,Venus,720.0
2020-04-05 20:00:00,Venus,700.0
2020-04-05 21:00:00,Venus,855.0
2020-04-05 22:00:00,Venus,711.0
2020-04-05 23:00:00,Venus,1079.0
2020-04-06 00:00:00,Venus,930.0
2020-04-06 01:00:00,Venus,903.0
2020-04-06 02:00:00,Venus,883.0
2020-04-06 03:00:00,Venus,932.0
2020-04-06 04:00:00,Venus,803.0
2020-04-06 05:00:00,Venus,763.0
2020-04-06 06:00:00,Venus,762.0
2020-04-06 07:00:00,Venus,730.0
2020-04-06 08:00:00,Venus,740.0
2020-04-06 09:00:00,Venus,833.0
2020-04-06 10:00:00,Venus,815.0
2020-04-06 11:00:00,Venus,768.0
2020-04-06 12:00:00,Venus,635.0
2020-04-06 13:00:00,Venus,679.0
2020-04-06 14:00:00,Venus,628.0
2020-04-06 15:00:00,Venus,691.0
2020-04-06 16:00:00,Venus,575.0
2020-04-06 17:00:00,Venus,564.0
2020-04-06 18:00:00,Venus,675.0
2020-04-06 19:00:00,Venus,715.0
2020-04-06 20:00:00,Venus,763.0
2020-04-06 21:00:00,Venus,836.0
2020-04-06 22:00:00,Venus,643.0
2020-04-06 23:00:00,Venus,614.0
2020-04-07 00:00:00,Venus,657.0
2020-04-07 01:00:00,Venus,580.0
2020-04-07 02:00:00,Venus,606.0
2020-04-07 03:00:00,Venus,601.0
2020-04-07 04:00:00,Venus,601.0
2020-04-07 05:00:00,Venus,625.0
2020-04-07 06:00:00,Venus,601.0
2020-04-07 07:00:00,Venus,672.0
2020-04-07 08:00:00,Venus,648.0
2020-04-07 09:00:00,Venus,738.0
2020-04-07 10:00:00,Venus,759.0
2020-04-07 11:00:00,Venus,759.0
2020-04-07 12:00:00,Venus,955.0
2020-04-07 13:00:00,Venus,888.0
2020-04-07 14:00:00,Venus,1103.0
2020-04-07 15:00:00,Venus,1191.0
2020-04-07 16:00:00,Venus,833.0
2020-04-07 17:00:00,Venus,842.0
2020-04-07 18:00:00,Venus,770.0
2020-04-07 19:00:00,Venus,730.0
2020-04-07 20:00:00,Venus,751.0
2020-04-07 21:00:00,Venus,762.0
2020-04-07 22:00:00,Venus,822.0
2020-04-07 23:00:00,Venus,789.0
2020-04-08 00:00:00,Venus,676.0
2020-04-08 01:00:00,Venus,700.0
2020-04-08 02:00:00,Venus,634.0
2020-04-08 03:00:00,Venus,624.0
2020-04-08 04:00:00,Venus,744.0
2020-04-08 05:00:00,Venus,616.0
2020-04-08 06:00:00,Venus,623.0
2020-04-08 07:00:00,Venus,622.0
2020-04-08 08:00:00,Venus,658.0
2020-04-08 09:00:00,Venus,599.0
2020-04-08 10:00:00,Venus,680.0
2020-04-08 11:00:00,Venus,734.0
2020-04-08 12:00:00,Venus,779.0
2020-04-08 13:00:00,Venus,730.0
2020-04-08 14:00:00,Venus,854.0
2020-04-08 15:00:00,Venus,914.0
2020-04-08 16:00:00,Venus,756.0
2020-04-08 17:00:00,Venus,801.0
2020-04-08 18:00:00,Venus,792.0
2020-04-08 19:00:00,Venus,804.0
2020-04-08 20:00:00,Venus,793.0
2020-04-08 21:00:00,Venus,757.0
2020-04-08 22:00:00,Venus,772.0
2020-04-08 23:00:00,Venus,766.0
2020-04-09 00:00:00,Venus,767.0
2020-04-09 01:00:00,Venus,706.0
2020-04-09 02:00:00,Venus,748.0
2020-04-09 03:00:00,Venus,683.0
2020-04-09 04:00:00,Venus,637.0
2020-04-09 05:00:00,Venus,607.0
2020-04-09 06:00:00,Venus,621.0
2020-04-09 07:00:00,Venus,606.0
2020-04-09 08:00:00,Venus,654.0
2020-04-09 09:00:00,Venus,708.0
2020-04-09 10:00:00,Venus,860.0
2020-04-09 11:00:00,Venus,888.0
2020-04-09 12:00:00,Venus,787.0
2020-04-09 13:00:00,Venus,917.0
2020-04-09 14:00:00,Venus,883.0
2020-04-09 15:00:00,Venus,1045.0
2020-04-09 16:00:00,Venus,1081.0
2020-04-09 17:00:00,Venus,1067.0
2020-04-09 18:00:00,Venus,791.0
2020-04-09 19:00:00,Venus,753.0
2020-04-09 20:00:00,Venus,746.0
2020-04-09 21:00:00,Venus,780.0
2020-04-09 22:00:00,Venus,763.0
2020-04-09 23:00:00,Venus,738.0
2020-04-10 00:00:00,Venus,675.0
2020-04-10 01:00:00,Venus,676.0
2020-04-10 02:00:00,Venus,607.0
2020-04-10 03:00:00,Venus,623.0
2020-04-10 04:00:00,Venus,573.0
2020-04-10 05:00:00,Venus,581.0
2020-04-10 06:00:00,Venus,569.0
2020-04-10 07:00:00,Venus,570.0
2020-04-10 08:00:00,Venus,578.0
2020-04-10 09:00:00,Venus,694.0
2020-04-10 10:00:00,Venus,755.0
2020-04-10 11:00:00,Venus,910.0
2020-04-10 12:00:00,Venus,1064.0
2020-04-10 13:00:00,Venus,1542.0
2020-04-10 14:00:00,Venus,955.0
2020-04-10 15:00:00,Venus,904.0
2020-04-10 16:00:00,Venus,954.0
2020-04-10 17:00:00,Venus,1005.0
2020-04-10 18:00:00,Venus,1147.0
2020-04-10 19:00:00,Venus,1188.0
2020-04-10 20:00:00,Venus,947.0
2020-04-10 21:00:00,Venus,727.0
2020-04-10 22:00:00,Venus,783.0
2020-04-10 23:00:00,Venus,666.0
2020-04-11 00:00:00,Venus,659.0
2020-04-11 01:00:00,Venus,630.0
2020-04-11 02:00:00,Venus,591.0
2020-04-11 03:00:00,Venus,627.0
2020-04-11 04:00:00,Venus,600.0
2020-04-11 05:00:00,Venus,603.0
2020-04-11 06:00:00,Venus,580.0
2020-04-11 07:00:00,Venus,580.0
2020-04-11 08:00:00,Venus,592.0
2020-04-11 09:00:00,Venus,653.0
2020-04-11 10:00:00,Venus,664.0
2020-04-11 11:00:00,Venus,842.0
2020-04-11 12:00:00,Venus,724.0
2020-04-11 13:00:00,Venus,720.0
2020-04-11 14:00:00,Venus,724.0
2020-04-11 15:00:00,Venus,790.0
2020-04-11 16:00:00,Venus,924.0
2020-04-11 17:00:00,Venus,869.0
2020-04-11 18:00:00,Venus,840.0
2020-04-11 19:00:00,Venus,785.0
2020-04-11 20:00:00,Venus,808.0
2020-04-11 21:00:00,Venus,820.0
2020-04-11 22:00:00,Venus,878.0
2020-04-11 23:00:00,Venus,860.0
2020-04-12 00:00:00,Venus,822.0
2020-04-12 01:00:00,Venus,808.0
2020-04-12 02:00:00,Venus,771.0
2020-04-12 03:00:00,Venus,737.0
2020-04-12 04:00:00,Venus,715.0
2020-04-12 05:00:00,Venus,712.0
2020-04-12 06:00:00,Venus,719.0
2020-04-12 07:00:00,Venus,700.0
2020-04-12 08:00:00,Venus,799.0
2020-04-12 09:00:00,Venus,707.0
2020-04-12 10:00:00,Venus,1019.0
2020-04-12 11:00:00,Venus,1285.0
2020-04-12 12:00:00,Venus,1442.0
2020-04-12 13:00:00,Venus,696.0
2020-04-12 14:00:00,Venus,768.0
2020-04-12 15:00:00,Venus,823.0
2020-04-12 16:00:00,Venus,877.0
2020-04-12 17:00:00,Venus,893.0
2020-04-12 18:00:00,Venus,788.0
2020-04-12 19:00:00,Venus,801.0
2020-04-12 20:00:00,Venus,714.0
2020-04-12 21:00:00,Venus,953.0
2020-04-12 22:00:00,Venus,1047.0
2020-04-12 23:00:00,Venus,920.0
2020-04-13 00:00:00,Venus,825.0
2020-04-13 01:00:00,Venus,625.0
2020-04-13 02:00:00,Venus,635.0
2020-04-13 03:00:00,Venus,608.0
2020-04-13 04:00:00,Venus,605.0
2020-04-13 05:00:00,Venus,636.0
2020-04-13 06:00:00,Venus,627.0
2020-04-13 07:00:00,Venus,601.0
2020-04-13 08:00:00,Venus,591.0
2020-04-13 09:00:00,Venus,684.0
2020-04-13 10:00:00,Venus,1034.0
2020-04-13 11:00:00,Venus,781.0
2020-04-13 12:00:00,Venus,797.0
2020-04-13 13:00:00,Venus,790.0
2020-04-13 14:00:00,Venus,789.0
2020-04-13 15:00:00,Venus,761.0
2020-04-13 16:00:00,Venus,694.0
2020-04-13 17:00:00,Venus,929.0
2020-04-13 18:00:00,Venus,911.0
2020-04-13 19:00:00,Venus,824.0
2020-04-13 20:00:00,Venus,807.0
2020-04-13 21:00:00,Venus,769.0
2020-04-13 22:00:00,Venus,763.0
2020-04-13 23:00:00,Venus,737.0
2020-04-14 00:00:00,Venus,779.0
2020-04-14 01:00:00,Venus,711.0
2020-04-14 02:00:00,Venus,654.0
2020-04-14 03:00:00,Venus,659.0
2020-04-14 04:00:00,Venus,666.0
2020-04-14 05:00:00,Venus,680.0
2020-04-14 06:00:00,Venus,627.0
2020-04-14 07:00:00,Venus,615.0
2020-04-14 08:00:00,Venus,609.0
2020-04-14 09:00:00,Venus,845.0
2020-04-14 10:00:00,Venus,921.0
2020-04-14 11:00:00,Venus,861.0
2020-04-14 12:00:00,Venus,1044.0
2020-04-14 13:00:00,Venus,850.0
2020-04-14 14:00:00,Venus,1280.0
2020-04-14 15:00:00,Venus,1005.0
2020-04-14 16:00:00,Venus,899.0
2020-04-14 17:00:00,Venus,934.0
2020-04-14 18:00:00,Venus,883.0
2020-04-14 19:00:00,Venus,835.0
2020-04-14 20:00:00,Venus,847.0
2020-04-14 21:00:00,Venus,857.0
2020-04-14 22:00:00,Venus,858.0
2020-04-14 23:00:00,Venus,839.0
2020-04-15 00:00:00,Venus,792.0
2020-04-15 01:00:00,Venus,784.0
2020-04-15 02:00:00,Venus,742.0
2020-04-15 03:00:00,Venus,719.0
2020-04-15 04:00:00,Venus,816.0
2020-04-15 05:00:00,Venus,713.0
2020-04-15 06:00:00,Venus,852.0
2020-04-15 07:00:00,Venus,827.0
2020-04-15 08:00:00,Venus,1049.0
2020-04-15 09:00:00,Venus,1200.0
2020-04-15 10:00:00,Venus,769.0
2020-04-15 11:00:00,Venus,803.0
2020-04-15 12:00:00,Venus,863.0
2020-04-15 13:00:00,Venus,783.0
2020-04-15 14:00:00,Venus,874.0
2020-04-15 15:00:00,Venus,951.0
2020-04-15 16:00:00,Venus,964.0
2020-04-15 17:00:00,Venus,1176.0
2020-04-15 18:00:00,Venus,1166.0
2020-04-15 19:00:00,Venus,885.0
2020-04-15 20:00:00,Venus,955.0
2020-04-15 21:00:00,Venus,1169.0
2020-04-15 22:00:00,Venus,1815.0
2020-04-15 23:00:00,Venus,795.0
2020-04-16 00:00:00,Venus,784.0
2020-04-16 01:00:00,Venus,760.0
2020-04-16 02:00:00,Venus,719.0
2020-04-16 03:00:00,Venus,717.0
2020-04-16 04:00:00,Venus,663.0
2020-04-16 05:00:00,Venus,643.0
2020-04-16 06:00:00,Venus,591.0
2020-04-16 07:00:00,Venus,583.0
2020-04-16 08:00:00,Venus,594.0
2020-04-16 09:00:00,Venus,1474.0
2020-04-16 10:00:00,Venus,683.0
2020-04-16 11:00:00,Venus,791.0
2020-04-16 12:00:00,Venus,732.0
2020-04-16 13:00:00,Venus,751.0
2020-04-16 14:00:00,Venus,847.0
2020-04-16 15:00:00,Venus,796.0
2020-04-16 16:00:00,Venus,899.0
2020-04-16 17:00:00,Venus,839.0
2020-04-16 18:00:00,Venus,914.0
2020-04-16 19:00:00,Venus,851.0
2020-04-16 20:00:00,Venus,926.0
2020-04-16 21:00:00,Venus,888.0
2020-04-16 22:00:00,Venus,841.0
2020-04-16 23:00:00,Venus,931.0
2020-04-17 00:00:00,Venus,784.0
2020-04-17 01:00:00,Venus,743.0
2020-04-17 02:00:00,Venus,668.0
2020-04-17 03:00:00,Venus,618.0
2020-04-17 04:00:00,Venus,608.0
2020-04-17 05:00:00,Venus,596.0
2020-04-17 06:00:00,Venus,596.0
2020-04-17 07:00:00,Venus,600.0
2020-04-17 08:00:00,Venus,607.0
2020-04-17 09:00:00,Venus,744.0
2020-04-17 10:00:00,Venus,759.0
2020-04-17 11:00:00,Venus,786.0
2020-04-17 12:00:00,Venus,753.0
2020-04-17 13:00:00,Venus,772.0
2020-04-17 14:00:00,Venus,775.0
2020-04-17 15:00:00,Venus,722.0
2020-04-17 16:00:00,Venus,796.0
2020-04-17 17:00:00,Venus,886.0
2020-04-17 18:00:00,Venus,800.0
2020-04-17 19:00:00,Venus,795.0
2020-04-17 20:00:00,Venus,761.0
2020-04-17 21:00:00,Venus,808.0
2020-04-17 22:00:00,Venus,987.0
2020-04-17 23:00:00,Venus,779.0
2020-04-18 00:00:00,Venus,781.0
2020-04-18 01:00:00,Venus,759.0
2020-04-18 02:00:00,Venus,736.0
2020-04-18 03:00:00,Venus,719.0
2020-04-18 04:00:00,Venus,716.0
2020-04-18 05:00:00,Venus,668.0
2020-04-18 06:00:00,Venus,690.0
2020-04-18 07:00:00,Venus,680.0
2020-04-18 08:00:00,Venus,671.0
2020-04-18 09:00:00,Venus,725.0
2020-04-18 10:00:00,Venus,700.0
2020-04-18 11:00:00,Venus,731.0
2020-04-18 12:00:00,Venus,703.0
2020-04-18 13:00:00,Venus,721.0
2020-04-18 14:00:00,Venus,672.0
2020-04-18 15:00:00,Venus,742.0
2020-04-18 16:00:00,Venus,663.0
2020-04-18 17:00:00,Venus,722.0
2020-04-18 18:00:00,Venus,707.0
2020-04-18 19:00:00,Venus,752.0
2020-04-18 20:00:00,Venus,922.0
2020-04-18 21:00:00,Venus,865.0
2020-04-18 22:00:00,Venus,1041.0
2020-04-18 23:00:00,Venus,1014.0
2020-04-19 00:00:00,Venus,944.0
2020-04-19 01:00:00,Venus,742.0
2020-04-19 02:00:00,Venus,851.0
2020-04-19 03:00:00,Venus,918.0
2020-04-19 04:00:00,Venus,1125.0
2020-04-19 05:00:00,Venus,1351.0
2020-04-19 06:00:00,Venus,698.0
2020-04-19 07:00:00,Venus,698.0
2020-04-19 08:00:00,Venus,792.0
2020-04-19 09:00:00,Venus,784.0
2020-04-19 10:00:00,Venus,731.0
2020-04-19 11:00:00,Venus,724.0
2020-04-19 12:00:00,Venus,709.0
2020-04-19 13:00:00,Venus,810.0
2020-04-19 14:00:00,Venus,732.0
2020-04-19 15:00:00,Venus,769.0
2020-04-19 16:00:00,Venus,730.0
2020-04-19 17:00:00,Venus,876.0
2020-04-19 18:00:00,Venus,778.0
2020-04-19 19:00:00,Venus,740.0
2020-04-19 20:00:00,Venus,968.0
2020-04-19 21:00:00,Venus,1049.0
2020-04-19 22:00:00,Venus,835.0
2020-04-19 23:00:00,Venus,787.0
2020-04-20 00:00:00,Venus,824.0
2020-04-20 01:00:00,Venus,890.0
2020-04-20 02:00:00,Venus,729.0
2020-04-20 03:00:00,Venus,759.0
2020-04-20 04:00:00,Venus,711.0
2020-04-20 05:00:00,Venus,711.0
2020-04-20 06:00:00,Venus,718.0
2020-04-20 07:00:00,Venus,698.0
2020-04-20 08:00:00,Venus,722.0
2020-04-20 09:00:00,Venus,759.0
2020-04-20 10:00:00,Venus,903.0
2020-04-20 11:00:00,Venus,842.0
2020-04-20 12:00:00,Venus,861.0
2020-04-20 13:00:00,Venus,946.0
2020-04-20 14:00:00,Venus,895.0
2020-04-20 15:00:00,Venus,1233.0
2020-04-20 16:00:00,Venus,1233.0
2020-04-20 17:00:00,Venus,958.0
2020-04-20 18:00:00,Venus,907.0
2020-04-20 19:00:00,Venus,795.0
2020-04-20 20:00:00,Venus,846.0
2020-04-20 21:00:00,Venus,858.0
2020-04-20 22:00:00,Venus,802.0
2020-04-20 23:00:00,Venus,787.0
2020-04-21 00:00:00,Venus,774.0
2020-04-21 01:00:00,Venus,712.0
2020-04-21 02:00:00,Venus,709.0
2020-04-21 03:00:00,Venus,679.0
2020-04-21 04:00:00,Venus,669.0
2020-04-21 05:00:00,Venus,646.0
2020-04-21 06:00:00,Venus,693.0
2020-04-21 07:00:00,Venus,745.0
2020-04-21 08:00:00,Venus,682.0
2020-04-21 09:00:00,Venus,801.0
2020-04-21 10:00:00,Venus,861.0
2020-04-21 11:00:00,Venus,878.0
2020-04-21 12:00:00,Venus,896.0
2020-04-21 13:00:00,Venus,1023.0
2020-04-21 14:00:00,Venus,866.0
2020-04-21 15:00:00,Venus,949.0
2020-04-21 16:00:00,Venus,961.0
2020-04-21 17:00:00,Venus,949.0
2020-04-21 18:00:00,Venus,1128.0
2020-04-21 19:00:00,Venus,991.0
2020-04-21 20:00:00,Venus,895.0
2020-04-21 21:00:00,Venus,827.0
2020-04-21 22:00:00,Venus,974.0
2020-04-21 23:00:00,Venus,906.0
2020-04-22 00:00:00,Venus,836.0
2020-04-22 01:00:00,Venus,845.0
2020-04-22 02:00:00,Venus,775.0
2020-04-22 03:00:00,Venus,758.0
2020-04-22 04:00:00,Venus,738.0
2020-04-22 05:00:00,Venus,688.0
2020-04-22 06:00:00,Venus,709.0
2020-04-22 07:00:00,Venus,722.0
2020-04-22 08:00:00,Venus,805.0
2020-04-22 09:00:00,Venus,857.0
2020-04-22 10:00:00,Venus,963.0
2020-04-22 11:00:00,Venus,1036.0
2020-04-22 12:00:00,Venus,958.0
2020-04-22 13:00:00,Venus,952.0
2020-04-22 14:00:00,Venus,999.0
2020-04-22 15:00:00,Venus,963.0
2020-04-22 16:00:00,Venus,1057.0
2020-04-22 17:00:00,Venus,994.0
2020-04-22 18:00:00,Venus,932.0
2020-04-22 19:00:00,Venus,1034.0
2020-04-22 20:00:00,Venus,891.0
2020-04-22 21:00:00,Venus,998.0
2020-04-22 22:00:00,Venus,905.0
2020-04-22 23:00:00,Venus,786.0
2020-04-23 00:00:00,Venus,730.0
2020-04-23 01:00:00,Venus,732.0
2020-04-23 02:00:00,Venus,763.0
2020-04-23 03:00:00,Venus,1054.0
2020-04-23 04:00:00,Venus,1201.0
2020-04-23 05:00:00,Venus,784.0
2020-04-23 06:00:00,Venus,685.0
2020-04-23 07:00:00,Venus,699.0
2020-04-23 08:00:00,Venus,689.0
2020-04-23 09:00:00,Venus,921.0
2020-04-23 10:00:00,Venus,949.0
2020-04-23 11:00:00,Venus,844.0
2020-04-23 12:00:00,Venus,876.0
2020-04-23 13:00:00,Venus,884.0
2020-04-23 14:00:00,Venus,1048.0
2020-04-23 15:00:00,Venus,1140.0
2020-04-23 16:00:00,Venus,1333.0
2020-04-23 17:00:00,Venus,1436.0
2020-04-23 18:00:00,Venus,1034.0
2020-04-23 19:00:00,Venus,1300.0
2020-04-23 20:00:00,Venus,1523.0
2020-04-23 21:00:00,Venus,1515.0
2020-04-23 22:00:00,Venus,1557.0
2020-04-23 23:00:00,Venus,946.0
2020-04-24 00:00:00,Venus,1066.0
2020-04-24 01:00:00,Venus,893.0
2020-04-24 02:00:00,Venus,967.0
2020-04-24 03:00:00,Venus,840.0
2020-04-24 04:00:00,Venus,860.0
2020-04-24 05:00:00,Venus,724.0
2020-04-24 06:00:00,Venus,749.0
2020-04-24 07:00:00,Venus,736.0
2020-04-24 08:00:00,Venus,725.0
2020-04-24 09:00:00,Venus,795.0
2020-04-24 10:00:00,Venus,1368.0
2020-04-24 11:00:00,Venus,1602.0
2020-04-24 12:00:00,Venus,1313.0
2020-04-24 13:00:00,Venus,1626.0
2020-04-24 14:00:00,Venus,1202.0
2020-04-24 15:00:00,Venus,1544.0
2020-04-24 16:00:00,Venus,1249.0
2020-04-24 17:00:00,Venus,1089.0
2020-04-24 18:00:00,Venus,914.0
2020-04-24 19:00:00,Venus,920.0
2020-04-24 20:00:00,Venus,840.0
2020-04-24 21:00:00,Venus,819.0
2020-04-24 22:00:00,Venus,867.0
2020-04-24 23:00:00,Venus,854.0
2020-04-25 00:00:00,Venus,807.0
2020-04-25 01:00:00,Venus,795.0
2020-04-25 02:00:00,Venus,841.0
2020-04-25 03:00:00,Venus,833.0
2020-04-25 04:00:00,Venus,841.0
2020-04-25 05:00:00,Venus,776.0
2020-04-25 06:00:00,Venus,728.0
2020-04-25 07:00:00,Venus,728.0
2020-04-25 08:00:00,Venus,724.0
2020-04-25 09:00:00,Venus,718.0
2020-04-25 10:00:00,Venus,748.0
2020-04-25 11:00:00,Venus,757.0
2020-04-25 12:00:00,Venus,802.0
2020-04-25 13:00:00,Venus,728.0
2020-04-25 14:00:00,Venus,853.0
2020-04-25 15:00:00,Venus,844.0
2020-04-25 16:00:00,Venus,918.0
2020-04-25 17:00:00,Venus,1008.0
2020-04-25 18:00:00,Venus,2670.0
2020-04-25 19:00:00,Venus,2719.0
2020-04-25 20:00:00,Venus,3248.0
2020-04-25 21:00:00,Venus,1200.0
2020-04-25 22:00:00,Venus,1047.0
2020-04-25 23:00:00,Venus,883.0
2020-04-26 00:00:00,Venus,880.0
2020-04-26 01:00:00,Venus,862.0
2020-04-26 02:00:00,Venus,936.0
2020-04-26 03:00:00,Venus,888.0
2020-04-26 04:00:00,Venus,806.0
2020-04-26 05:00:00,Venus,832.0
2020-04-26 06:00:00,Venus,909.0
2020-04-26 07:00:00,Venus,812.0
2020-04-26 08:00:00,Venus,758.0
2020-04-26 09:00:00,Venus,775.0
2020-04-26 10:00:00,Venus,900.0
2020-04-26 11:00:00,Venus,843.0
2020-04-26 12:00:00,Venus,807.0
2020-04-26 13:00:00,Venus,802.0
2020-04-26 14:00:00,Venus,960.0
2020-04-26 15:00:00,Venus,966.0
2020-04-26 16:00:00,Venus,1080.0
2020-04-26 17:00:00,Venus,1077.0
2020-04-26 18:00:00,Venus,1205.0
2020-04-26 19:00:00,Venus,1431.0
2020-04-26 20:00:00,Venus,1698.0
2020-04-26 21:00:00,Venus,1716.0
2020-04-26 22:00:00,Venus,1292.0
2020-04-26 23:00:00,Venus,1485.0
2020-04-27 00:00:00,Venus,1552.0
2020-04-27 01:00:00,Venus,1505.0
2020-04-27 02:00:00,Venus,908.0
2020-04-27 03:00:00,Venus,1035.0
2020-04-27 04:00:00,Venus,879.0
2020-04-27 05:00:00,Venus,847.0
2020-04-27 06:00:00,Venus,815.0
2020-04-27 07:00:00,Venus,831.0
2020-04-27 08:00:00,Venus,831.0
2020-04-27 09:00:00,Venus,879.0
2020-04-27 10:00:00,Venus,1054.0
2020-04-27 11:00:00,Venus,918.0
2020-04-27 12:00:00,Venus,886.0
2020-04-27 13:00:00,Venus,888.0
2020-04-27 14:00:00,Venus,948.0
2020-04-27 15:00:00,Venus,1078.0
2020-04-27 16:00:00,Venus,1008.0
2020-04-27 17:00:00,Venus,933.0
2020-04-27 18:00:00,Venus,1197.0
2020-04-27 19:00:00,Venus,1470.0
2020-04-27 20:00:00,Venus,1094.0
2020-04-27 21:00:00,Venus,986.0
2020-04-27 22:00:00,Venus,857.0
2020-04-27 23:00:00,Venus,872.0
2020-04-28 00:00:00,Venus,861.0
2020-04-28 01:00:00,Venus,793.0
2020-04-28 02:00:00,Venus,781.0
2020-04-28 03:00:00,Venus,768.0
2020-04-28 04:00:00,Venus,720.0
2020-04-28 05:00:00,Venus,697.0
2020-04-28 06:00:00,Venus,711.0
2020-04-28 07:00:00,Venus,722.0
2020-04-28 08:00:00,Venus,677.0
2020-04-28 09:00:00,Venus,720.0
2020-04-28 10:00:00,Venus,849.0
2020-04-28 11:00:00,Venus,1104.0
2020-04-28 12:00:00,Venus,1026.0
2020-04-28 13:00:00,Venus,1058.0
2020-04-28 14:00:00,Venus,852.0
2020-04-28 15:00:00,Venus,932.0
2020-04-28 16:00:00,Venus,1109.0
2020-04-28 17:00:00,Venus,1018.0
2020-04-28 18:00:00,Venus,838.0
2020-04-28 19:00:00,Venus,819.0
2020-04-28 20:00:00,Venus,876.0
2020-04-28 21:00:00,Venus,821.0
2020-04-28 22:00:00,Venus,857.0
2020-04-28 23:00:00,Venus,852.0
2020-04-29 00:00:00,Venus,940.0
2020-04-29 01:00:00,Venus,887.0
2020-04-29 02:00:00,Venus,794.0
2020-04-29 03:00:00,Venus,871.0
2020-04-29 04:00:00,Venus,786.0
2020-04-29 05:00:00,Venus,785.0
2020-04-29 06:00:00,Venus,762.0
2020-04-29 07:00:00,Venus,773.0
2020-04-29 08:00:00,Venus,768.0
2020-04-29 09:00:00,Venus,792.0
2020-04-29 10:00:00,Venus,843.0
2020-04-29 11:00:00,Venus,792.0
2020-04-29 12:00:00,Venus,832.0
2020-04-29 13:00:00,Venus,859.0
2020-04-29 14:00:00,Venus,987.0
2020-04-29 15:00:00,Venus,1160.0
2020-04-29 16:00:00,Venus,931.0
2020-04-29 17:00:00,Venus,948.0
2020-04-29 18:00:00,Venus,799.0
2020-04-29 19:00:00,Venus,852.0
2020-04-29 20:00:00,Venus,868.0
2020-04-29 21:00:00,Venus,902.0
2020-04-29 22:00:00,Venus,886.0
2020-04-29 23:00:00,Venus,945.0
2020-04-30 00:00:00,Venus,910.0
2020-04-30 01:00:00,Venus,967.0
2020-04-30 02:00:00,Venus,805.0
2020-04-30 03:00:00,Venus,736.0
2020-04-30 04:00:00,Venus,740.0
2020-04-30 05:00:00,Venus,724.0
2020-04-30 06:00:00,Venus,716.0
2020-04-30 07:00:00,Venus,704.0
2020-04-30 08:00:00,Venus,701.0
2020-04-30 09:00:00,Venus,901.0
2020-04-30 10:00:00,Venus,1131.0
2020-04-30 11:00:00,Venus,1357.0
2020-04-30 12:00:00,Venus,1350.0
2020-04-30 13:00:00,Venus,1497.0
2020-04-30 14:00:00,Venus,1296.0
2020-04-30 15:00:00,Venus,978.0
2020-04-30 16:00:00,Venus,1437.0
2020-04-30 17:00:00,Venus,2493.0
2020-04-30 18:00:00,Venus,2192.0
2020-04-30 19:00:00,Venus,2558.0
2020-04-30 20:00:00,Venus,1854.0
2020-04-30 21:00:00,Venus,844.0
2020-04-30 22:00:00,Venus,751.0
2020-04-30 23:00:00,Venus,749.0
2020-05-01 00:00:00,Venus,807.0
2020-05-01 01:00:00,Venus,799.0
2020-05-01 02:00:00,Venus,769.0
2020-05-01 03:00:00,Venus,751.0
2020-05-01 04:00:00,Venus,702.0
2020-05-01 05:00:00,Venus,690.0
2020-05-01 06:00:00,Venus,686.0
2020-05-01 07:00:00,Venus,710.0
2020-05-01 08:00:00,Venus,702.0
2020-05-01 09:00:00,Venus,777.0
2020-05-01 10:00:00,Venus,702.0
2020-05-01 11:00:00,Venus,698.0
2020-05-01 12:00:00,Venus,671.0
2020-05-01 13:00:00,Venus,642.0
2020-05-01 14:00:00,Venus,714.0
2020-05-01 15:00:00,Venus,789.0
2020-05-01 16:00:00,Venus,681.0
2020-05-01 17:00:00,Venus,740.0
2020-05-01 18:00:00,Venus,679.0
2020-05-01 19:00:00,Venus,741.0
2020-05-01 20:00:00,Venus,806.0
2020-05-01 21:00:00,Venus,756.0
2020-05-01 22:00:00,Venus,829.0
2020-05-01 23:00:00,Venus,738.0
2020-05-02 00:00:00,Venus,729.0
2020-05-02 01:00:00,Venus,698.0
2020-05-02 02:00:00,Venus,695.0
2020-05-02 03:00:00,Venus,683.0
2020-05-02 04:00:00,Venus,683.0
2020-05-02 05:00:00,Venus,688.0
2020-05-02 06:00:00,Venus,691.0
2020-05-02 07:00:00,Venus,699.0
2020-05-02 08:00:00,Venus,725.0
2020-05-02 09:00:00,Venus,808.0
2020-05-02 10:00:00,Venus,854.0
2020-05-02 11:00:00,Venus,834.0
2020-05-02 12:00:00,Venus,846.0
2020-05-02 13:00:00,Venus,960.0
2020-05-02 14:00:00,Venus,851.0
2020-05-02 15:00:00,Venus,1010.0
2020-05-02 16:00:00,Venus,766.0
2020-05-02 17:00:00,Venus,939.0
2020-05-02 18:00:00,Venus,748.0
2020-05-02 19:00:00,Venus,722.0
2020-05-02 20:00:00,Venus,777.0
2020-05-02 21:00:00,Venus,856.0
2020-05-02 22:00:00,Venus,807.0
2020-05-02 23:00:00,Venus,868.0
2020-05-03 00:00:00,Venus,800.0
2020-05-03 01:00:00,Venus,769.0
2020-05-03 02:00:00,Venus,714.0
2020-05-03 03:00:00,Venus,857.0
2020-05-03 04:00:00,Venus,657.0
2020-05-03 05:00:00,Venus,656.0
2020-05-03 06:00:00,Venus,684.0
2020-05-03 07:00:00,Venus,664.0
2020-05-03 08:00:00,Venus,825.0
2020-05-03 09:00:00,Venus,887.0
2020-05-03 10:00:00,Venus,849.0
2020-05-03 11:00:00,Venus,772.0
2020-05-03 12:00:00,Venus,810.0
2020-05-03 13:00:00,Venus,864.0
2020-05-03 14:00:00,Venus,1010.0
2020-05-03 15:00:00,Venus,1084.0
2020-05-03 16:00:00,Venus,1229.0
2020-05-03 17:00:00,Venus,1288.0
2020-05-03 18:00:00,Venus,1485.0
2020-05-03 19:00:00,Venus,1617.0
2020-05-03 20:00:00,Venus,1569.0
2020-05-03 21:00:00,Venus,1482.0
2020-05-03 22:00:00,Venus,1031.0
2020-05-03 23:00:00,Venus,1383.0
2020-05-04 00:00:00,Venus,1159.0
2020-05-04 01:00:00,Venus,771.0
2020-05-04 02:00:00,Venus,768.0
2020-05-04 03:00:00,Venus,763.0
2020-05-04 04:00:00,Venus,731.0
2020-05-04 05:00:00,Venus,763.0
2020-05-04 06:00:00,Venus,729.0
2020-05-04 07:00:00,Venus,719.0
2020-05-04 08:00:00,Venus,826.0
2020-05-04 09:00:00,Venus,830.0
2020-05-04 10:00:00,Venus,871.0
2020-05-04 11:00:00,Venus,952.0
2020-05-04 12:00:00,Venus,856.0
2020-05-04 13:00:00,Venus,890.0
2020-05-04 14:00:00,Venus,902.0
2020-05-04 15:00:00,Venus,946.0
2020-05-04 16:00:00,Venus,816.0
2020-05-04 17:00:00,Venus,749.0
2020-05-04 18:00:00,Venus,777.0
2020-05-04 19:00:00,Venus,971.0
2020-05-04 20:00:00,Venus,936.0
2020-05-04 21:00:00,Venus,871.0
2020-05-04 22:00:00,Venus,971.0
2020-05-04 23:00:00,Venus,911.0
2020-05-05 00:00:00,Venus,875.0
2020-05-05 01:00:00,Venus,822.0
2020-05-05 02:00:00,Venus,779.0
2020-05-05 03:00:00,Venus,778.0
2020-05-05 04:00:00,Venus,760.0
2020-05-05 05:00:00,Venus,736.0
2020-05-05 06:00:00,Venus,744.0
2020-05-05 07:00:00,Venus,720.0
2020-05-05 08:00:00,Venus,843.0
2020-05-05 09:00:00,Venus,895.0
2020-05-05 10:00:00,Venus,851.0
2020-05-05 11:00:00,Venus,800.0
2020-05-05 12:00:00,Venus,775.0
2020-05-05 13:00:00,Venus,869.0
2020-05-05 14:00:00,Venus,898.0
2020-05-05 15:00:00,Venus,809.0
2020-05-05 16:00:00,Venus,829.0
2020-05-05 17:00:00,Venus,906.0
2020-05-05 18:00:00,Venus,959.0
2020-05-05 19:00:00,Venus,824.0
2020-05-05 20:00:00,Venus,938.0
2020-05-05 21:00:00,Venus,873.0
2020-05-05 22:00:00,Venus,869.0
2020-05-05 23:00:00,Venus,840.0
2020-05-06 00:00:00,Venus,793.0
2020-05-06 01:00:00,Venus,845.0
2020-05-06 02:00:00,Venus,768.0
2020-05-06 03:00:00,Venus,934.0
2020-05-06 04:00:00,Venus,780.0
2020-05-06 05:00:00,Venus,700.0
2020-05-06 06:00:00,Venus,757.0
2020-05-06 07:00:00,Venus,739.0
2020-05-06 08:00:00,Venus,790.0
2020-05-06 09:00:00,Venus,901.0
2020-05-06 10:00:00,Venus,941.0
2020-05-06 11:00:00,Venus,895.0
2020-05-06 12:00:00,Venus,913.0
2020-05-06 13:00:00,Venus,874.0
2020-05-06 14:00:00,Venus,1022.0
2020-05-06 15:00:00,Venus,978.0
2020-05-06 16:00:00,Venus,981.0
2020-05-06 17:00:00,Venus,1165.0
2020-05-06 18:00:00,Venus,1071.0
2020-05-06 19:00:00,Venus,1187.0
2020-05-06 20:00:00,Venus,1015.0
2020-05-06 21:00:00,Venus,1084.0
2020-05-06 22:00:00,Venus,921.0
2020-05-06 23:00:00,Venus,944.0
2020-05-07 00:00:00,Venus,1110.0
2020-05-07 01:00:00,Venus,1341.0
2020-05-07 02:00:00,Venus,1355.0
2020-05-07 03:00:00,Venus,1420.0
2020-05-07 04:00:00,Venus,1552.0
2020-05-07 05:00:00,Venus,1380.0
2020-05-07 06:00:00,Venus,1748.0
2020-05-07 07:00:00,Venus,1742.0
2020-05-07 08:00:00,Venus,1891.0
2020-05-07 09:00:00,Venus,2065.0
2020-05-07 10:00:00,Venus,1501.0
2020-05-07 11:00:00,Venus,1083.0
2020-05-07 12:00:00,Venus,1042.0
2020-05-07 13:00:00,Venus,1038.0
2020-05-07 14:00:00,Venus,1085.0
2020-05-07 15:00:00,Venus,932.0
2020-05-07 16:00:00,Venus,930.0
2020-05-07 17:00:00,Venus,1117.0
2020-05-07 18:00:00,Venus,1005.0
2020-05-07 19:00:00,Venus,1040.0
2020-05-07 20:00:00,Venus,999.0
2020-05-07 21:00:00,Venus,1015.0
2020-05-07 22:00:00,Venus,890.0
2020-05-07 23:00:00,Venus,856.0
2020-05-08 00:00:00,Venus,906.0
2020-05-08 01:00:00,Venus,810.0
2020-05-08 02:00:00,Venus,805.0
2020-05-08 03:00:00,Venus,818.0
2020-05-08 04:00:00,Venus,792.0
2020-05-08 05:00:00,Venus,794.0
2020-05-08 06:00:00,Venus,816.0
2020-05-08 07:00:00,Venus,790.0
2020-05-08 08:00:00,Venus,849.0
2020-05-08 09:00:00,Venus,855.0
2020-05-08 10:00:00,Venus,935.0
2020-05-08 11:00:00,Venus,948.0
2020-05-08 12:00:00,Venus,888.0
2020-05-08 13:00:00,Venus,1031.0
2020-05-08 14:00:00,Venus,1039.0
2020-05-08 15:00:00,Venus,1124.0
2020-05-08 16:00:00,Venus,1046.0
2020-05-08 17:00:00,Venus,828.0
2020-05-08 18:00:00,Venus,898.0
2020-05-08 19:00:00,Venus,841.0
2020-05-08 20:00:00,Venus,945.0
2020-05-08 21:00:00,Venus,893.0
2020-05-08 22:00:00,Venus,908.0
2020-05-08 23:00:00,Venus,779.0
2020-05-09 00:00:00,Venus,986.0
2020-05-09 01:00:00,Venus,944.0
2020-05-09 02:00:00,Venus,791.0
2020-05-09 03:00:00,Venus,745.0
2020-05-09 04:00:00,Venus,727.0
2020-05-09 05:00:00,Venus,709.0
2020-05-09 06:00:00,Venus,713.0
2020-05-09 07:00:00,Venus,698.0
2020-05-09 08:00:00,Venus,786.0
2020-05-09 09:00:00,Venus,913.0
2020-05-09 10:00:00,Venus,934.0
2020-05-09 11:00:00,Venus,955.0
2020-05-09 12:00:00,Venus,763.0
2020-05-09 13:00:00,Venus,893.0
2020-05-09 14:00:00,Venus,946.0
2020-05-09 15:00:00,Venus,863.0
2020-05-09 16:00:00,Venus,840.0
2020-05-09 17:00:00,Venus,882.0
2020-05-09 18:00:00,Venus,822.0
2020-05-09 19:00:00,Venus,842.0
2020-05-09 20:00:00,Venus,909.0
2020-05-09 21:00:00,Venus,814.0
2020-05-09 22:00:00,Venus,864.0
2020-05-09 23:00:00,Venus,1248.0
2020-05-10 00:00:00,Venus,2011.0
2020-05-10 01:00:00,Venus,960.0
2020-05-10 02:00:00,Venus,5760.0
2020-05-10 03:00:00,Venus,976.0
2020-05-10 04:00:00,Venus,8.0
2020-05-10 05:00:00,Venus,8.0
2020-05-10 06:00:00,Venus,8.0
2020-05-10 07:00:00,Venus,8.0
2020-05-10 08:00:00,Venus,8.0
2020-05-10 09:00:00,Venus,8.0
2020-05-10 10:00:00,Venus,8.0
2020-05-10 11:00:00,Venus,24.0
2020-05-10 12:00:00,Venus,3856.0
2020-05-10 13:00:00,Venus,0.0
2020-05-10 14:00:00,Venus,0.0
2020-05-10 15:00:00,Venus,0.0
2020-05-10 16:00:00,Venus,0.0
2020-05-10 17:00:00,Venus,0.0
2020-05-10 18:00:00,Venus,0.0
2020-05-10 19:00:00,Venus,0.0
2020-05-10 20:00:00,Venus,0.0
2020-05-10 21:00:00,Venus,0.0
2020-05-10 22:00:00,Venus,0.0
2020-05-10 23:00:00,Venus,160.0
2020-05-11 00:00:00,Venus,1000.0
2020-05-11 01:00:00,Venus,430.0
2020-05-11 02:00:00,Venus,428.0
2020-05-11 03:00:00,Venus,432.0
2020-05-11 04:00:00,Venus,428.0
2020-05-11 05:00:00,Venus,452.0
2020-05-11 06:00:00,Venus,452.0
2020-05-11 07:00:00,Venus,541.0
2020-05-11 08:00:00,Venus,538.0
2020-05-11 09:00:00,Venus,562.0
2020-05-11 10:00:00,Venus,633.0
2020-05-11 11:00:00,Venus,687.0
2020-05-11 12:00:00,Venus,636.0
2020-05-11 13:00:00,Venus,707.0
2020-05-11 14:00:00,Venus,741.0
2020-05-11 15:00:00,Venus,783.0
2020-05-11 16:00:00,Venus,846.0
2020-05-11 17:00:00,Venus,858.0
2020-05-11 18:00:00,Venus,846.0
2020-05-11 19:00:00,Venus,776.0
2020-05-11 20:00:00,Venus,917.0
2020-05-11 21:00:00,Venus,944.0
2020-05-11 22:00:00,Venus,784.0
2020-05-11 23:00:00,Venus,749.0
2020-05-12 00:00:00,Venus,759.0
2020-05-12 01:00:00,Venus,732.0
2020-05-12 02:00:00,Venus,738.0
2020-05-12 03:00:00,Venus,734.0
2020-05-12 04:00:00,Venus,716.0
2020-05-12 05:00:00,Venus,725.0
2020-05-12 06:00:00,Venus,843.0
2020-05-12 07:00:00,Venus,790.0
2020-05-12 08:00:00,Venus,890.0
2020-05-12 09:00:00,Venus,750.0
2020-05-12 10:00:00,Venus,870.0
2020-05-12 11:00:00,Venus,904.0
2020-05-12 12:00:00,Venus,822.0
2020-05-12 13:00:00,Venus,855.0
2020-05-12 14:00:00,Venus,3608.0
2020-05-12 15:00:00,Venus,4.0
2020-05-12 16:00:00,Venus,1070.0
2020-05-12 17:00:00,Venus,950.0
2020-05-12 18:00:00,Venus,881.0
2020-05-12 19:00:00,Venus,1002.0
2020-05-12 20:00:00,Venus,1049.0
2020-05-12 21:00:00,Venus,1021.0
2020-05-12 22:00:00,Venus,954.0
2020-05-12 23:00:00,Venus,901.0
2020-05-13 00:00:00,Venus,906.0
2020-05-13 01:00:00,Venus,864.0
2020-05-13 02:00:00,Venus,820.0
2020-05-13 03:00:00,Venus,839.0
2020-05-13 04:00:00,Venus,786.0
2020-05-13 05:00:00,Venus,781.0
2020-05-13 06:00:00,Venus,797.0
2020-05-13 07:00:00,Venus,875.0
2020-05-13 08:00:00,Venus,901.0
2020-05-13 09:00:00,Venus,918.0
2020-05-13 10:00:00,Venus,995.0
2020-05-13 11:00:00,Venus,946.0
2020-05-13 12:00:00,Venus,1150.0
2020-05-13 13:00:00,Venus,933.0
2020-05-13 14:00:00,Venus,951.0
2020-05-13 15:00:00,Venus,950.0
2020-05-13 16:00:00,Venus,912.0
2020-05-13 17:00:00,Venus,922.0
2020-05-13 18:00:00,Venus,926.0
2020-05-13 19:00:00,Venus,940.0
2020-05-13 20:00:00,Venus,919.0
2020-05-13 21:00:00,Venus,941.0
2020-05-13 22:00:00,Venus,938.0
2020-05-13 23:00:00,Venus,914.0
2020-05-14 00:00:00,Venus,835.0
2020-05-14 01:00:00,Venus,948.0
2020-05-14 02:00:00,Venus,799.0
2020-05-14 03:00:00,Venus,796.0
2020-05-14 04:00:00,Venus,839.0
2020-05-14 05:00:00,Venus,805.0
2020-05-14 06:00:00,Venus,788.0
2020-05-14 07:00:00,Venus,788.0
2020-05-14 08:00:00,Venus,789.0
2020-05-14 09:00:00,Venus,794.0
2020-05-14 10:00:00,Venus,786.0
2020-05-14 11:00:00,Venus,770.0
2020-05-14 12:00:00,Venus,770.0
2020-05-14 13:00:00,Venus,831.0
2020-05-14 14:00:00,Venus,760.0
2020-05-14 15:00:00,Venus,760.0
2020-05-14 16:00:00,Venus,1096.0
2020-05-14 17:00:00,Venus,931.0
2020-05-14 18:00:00,Venus,663.0
2020-05-14 19:00:00,Venus,619.0
2020-05-14 20:00:00,Venus,631.0
2020-05-14 21:00:00,Venus,629.0
2020-05-14 22:00:00,Venus,622.0
2020-05-14 23:00:00,Venus,622.0
2020-05-15 00:00:00,Venus,622.0
2020-05-15 01:00:00,Venus,622.0
2020-05-15 02:00:00,Venus,622.0
2020-05-15 03:00:00,Venus,622.0
2020-05-15 04:00:00,Venus,622.0
2020-05-15 05:00:00,Venus,630.0
2020-05-15 06:00:00,Venus,630.0
2020-05-15 07:00:00,Venus,647.0
2020-05-15 08:00:00,Venus,668.0
2020-05-15 09:00:00,Venus,666.0
2020-05-15 10:00:00,Venus,604.0
2020-05-15 11:00:00,Venus,600.0
2020-05-15 12:00:00,Venus,599.0
2020-05-15 13:00:00,Venus,663.0
2020-05-15 14:00:00,Venus,825.0
2020-05-15 15:00:00,Venus,720.0
2020-05-15 16:00:00,Venus,593.0
2020-05-15 17:00:00,Venus,595.0
2020-05-15 18:00:00,Venus,587.0
2020-05-15 19:00:00,Venus,585.0
2020-05-15 20:00:00,Venus,585.0
2020-05-15 21:00:00,Venus,585.0
2020-05-15 22:00:00,Venus,101.0
2020-05-15 23:00:00,Venus,101.0
2020-05-16 00:00:00,Venus,101.0
2020-05-16 01:00:00,Venus,0.0
2020-05-16 02:00:00,Venus,0.0
2020-05-16 03:00:00,Venus,0.0
2020-05-16 04:00:00,Venus,0.0
2020-05-16 05:00:00,Venus,0.0
2020-05-16 06:00:00,Venus,0.0
2020-05-16 07:00:00,Venus,0.0
2020-05-16 08:00:00,Venus,0.0
2020-05-16 09:00:00,Venus,0.0
2020-05-16 10:00:00,Venus,0.0
2020-05-16 11:00:00,Venus,0.0
2020-05-16 12:00:00,Venus,0.0
2020-05-16 13:00:00,Venus,0.0
2020-05-16 14:00:00,Venus,0.0
2020-05-16 15:00:00,Venus,0.0
2020-05-16 16:00:00,Venus,0.0
2020-05-16 17:00:00,Venus,136.0
2020-05-16 18:00:00,Venus,475.0
2020-05-16 19:00:00,Venus,338.0
2020-05-16 20:00:00,Venus,233.0
2020-05-16 21:00:00,Venus,205.0
2020-05-16 22:00:00,Venus,298.0
2020-05-16 23:00:00,Venus,419.0
2020-05-17 00:00:00,Venus,597.0
2020-05-17 01:00:00,Venus,343.0
2020-05-17 02:00:00,Venus,302.0
2020-05-17 03:00:00,Venus,348.0
2020-05-17 04:00:00,Venus,287.0
2020-05-17 05:00:00,Venus,275.0
2020-05-17 06:00:00,Venus,259.0
2020-05-17 07:00:00,Venus,227.0
2020-05-17 08:00:00,Venus,247.0
2020-05-17 09:00:00,Venus,255.0
2020-05-17 10:00:00,Venus,305.0
2020-05-17 11:00:00,Venus,326.0
2020-05-17 12:00:00,Venus,299.0
2020-05-17 13:00:00,Venus,374.0
2020-05-17 14:00:00,Venus,367.0
2020-05-17 15:00:00,Venus,370.0
2020-05-17 16:00:00,Venus,322.0
2020-05-17 17:00:00,Venus,313.0
2020-05-17 18:00:00,Venus,296.0
2020-05-17 19:00:00,Venus,384.0
2020-05-17 20:00:00,Venus,376.0
2020-05-17 21:00:00,Venus,366.0
2020-05-17 22:00:00,Venus,318.0
2020-05-17 23:00:00,Venus,351.0
2020-05-18 00:00:00,Venus,579.0
2020-05-18 01:00:00,Venus,485.0
2020-05-18 02:00:00,Venus,393.0
2020-05-18 03:00:00,Venus,384.0
2020-05-18 04:00:00,Venus,423.0
2020-05-18 05:00:00,Venus,378.0
2020-05-18 06:00:00,Venus,374.0
2020-05-18 07:00:00,Venus,437.0
2020-05-18 08:00:00,Venus,446.0
2020-05-18 09:00:00,Venus,479.0
2020-05-18 10:00:00,Venus,640.0
2020-05-18 11:00:00,Venus,1753.0
2020-05-18 12:00:00,Venus,908.0
2020-05-18 13:00:00,Venus,693.0
2020-05-18 14:00:00,Venus,959.0
2020-05-18 15:00:00,Venus,742.0
2020-05-18 16:00:00,Venus,756.0
2020-05-18 17:00:00,Venus,730.0
2020-05-18 18:00:00,Venus,709.0
2020-05-18 19:00:00,Venus,695.0
2020-05-18 20:00:00,Venus,826.0
2020-05-18 21:00:00,Venus,1007.0
2020-05-18 22:00:00,Venus,752.0
2020-05-18 23:00:00,Venus,888.0
2020-05-19 00:00:00,Venus,980.0
2020-05-19 01:00:00,Venus,671.0
2020-05-19 02:00:00,Venus,646.0
2020-05-19 03:00:00,Venus,646.0
2020-05-19 04:00:00,Venus,623.0
2020-05-19 05:00:00,Venus,619.0
2020-05-19 06:00:00,Venus,617.0
2020-05-19 07:00:00,Venus,609.0
2020-05-19 08:00:00,Venus,650.0
2020-05-19 09:00:00,Venus,710.0
2020-05-19 10:00:00,Venus,685.0
2020-05-19 11:00:00,Venus,663.0
2020-05-19 12:00:00,Venus,648.0
2020-05-19 13:00:00,Venus,647.0
2020-05-19 14:00:00,Venus,645.0
2020-05-19 15:00:00,Venus,678.0
2020-05-19 16:00:00,Venus,781.0
2020-05-19 17:00:00,Venus,878.0
2020-05-19 18:00:00,Venus,720.0
2020-05-19 19:00:00,Venus,664.0
2020-05-19 20:00:00,Venus,685.0
2020-05-19 21:00:00,Venus,668.0
2020-05-19 22:00:00,Venus,696.0
2020-05-19 23:00:00,Venus,750.0
2020-05-20 00:00:00,Venus,734.0
2020-05-20 01:00:00,Venus,630.0
2020-05-20 02:00:00,Venus,591.0
2020-05-20 03:00:00,Venus,585.0
2020-05-20 04:00:00,Venus,576.0
2020-05-20 05:00:00,Venus,669.0
2020-05-20 06:00:00,Venus,609.0
2020-05-20 07:00:00,Venus,665.0
2020-05-20 08:00:00,Venus,650.0
2020-05-20 09:00:00,Venus,646.0
2020-05-20 10:00:00,Venus,674.0
2020-05-20 11:00:00,Venus,657.0
2020-05-20 12:00:00,Venus,624.0
2020-05-20 13:00:00,Venus,761.0
2020-05-20 14:00:00,Venus,626.0
2020-05-20 15:00:00,Venus,668.0
2020-05-20 16:00:00,Venus,828.0
2020-05-20 17:00:00,Venus,841.0
2020-05-20 18:00:00,Venus,739.0
2020-05-20 19:00:00,Venus,864.0
2020-05-20 20:00:00,Venus,709.0
2020-05-20 21:00:00,Venus,743.0
2020-05-20 22:00:00,Venus,736.0
2020-05-20 23:00:00,Venus,717.0
2020-05-21 00:00:00,Venus,734.0
2020-05-21 01:00:00,Venus,741.0
2020-05-21 02:00:00,Venus,673.0
2020-05-21 03:00:00,Venus,672.0
2020-05-21 04:00:00,Venus,676.0
2020-05-21 05:00:00,Venus,699.0
2020-05-21 06:00:00,Venus,642.0
2020-05-21 07:00:00,Venus,659.0
2020-05-21 08:00:00,Venus,619.0
2020-05-21 09:00:00,Venus,617.0
2020-05-21 10:00:00,Venus,673.0
2020-05-21 11:00:00,Venus,628.0
2020-05-21 12:00:00,Venus,615.0
2020-05-21 13:00:00,Venus,706.0
2020-05-21 14:00:00,Venus,643.0
2020-05-21 15:00:00,Venus,867.0
2020-05-21 16:00:00,Venus,782.0
2020-05-21 17:00:00,Venus,723.0
2020-05-21 18:00:00,Venus,749.0
2020-05-21 19:00:00,Venus,663.0
2020-05-21 20:00:00,Venus,868.0
2020-05-21 21:00:00,Venus,886.0
2020-05-21 22:00:00,Venus,941.0
2020-05-21 23:00:00,Venus,823.0
2020-05-22 00:00:00,Venus,813.0
2020-05-22 01:00:00,Venus,1291.0
2020-05-22 02:00:00,Venus,956.0
2020-05-22 03:00:00,Venus,676.0
2020-05-22 04:00:00,Venus,617.0
2020-05-22 05:00:00,Venus,609.0
2020-05-22 06:00:00,Venus,617.0
2020-05-22 07:00:00,Venus,580.0
2020-05-22 08:00:00,Venus,555.0
2020-05-22 09:00:00,Venus,610.0
2020-05-22 10:00:00,Venus,1188.0
2020-05-22 11:00:00,Venus,761.0
2020-05-22 12:00:00,Venus,626.0
2020-05-22 13:00:00,Venus,881.0
2020-05-22 14:00:00,Venus,912.0
2020-05-22 15:00:00,Venus,903.0
2020-05-22 16:00:00,Venus,677.0
2020-05-22 17:00:00,Venus,738.0
2020-05-22 18:00:00,Venus,695.0
2020-05-22 19:00:00,Venus,796.0
2020-05-22 20:00:00,Venus,914.0
2020-05-22 21:00:00,Venus,1052.0
2020-05-22 22:00:00,Venus,816.0
2020-05-22 23:00:00,Venus,916.0
2020-05-23 00:00:00,Venus,919.0
2020-05-23 01:00:00,Venus,1662.0
2020-05-23 02:00:00,Venus,640.0
2020-05-23 03:00:00,Venus,582.0
2020-05-23 04:00:00,Venus,583.0
2020-05-23 05:00:00,Venus,575.0
2020-05-23 06:00:00,Venus,565.0
2020-05-23 07:00:00,Venus,572.0
2020-05-23 08:00:00,Venus,595.0
2020-05-23 09:00:00,Venus,601.0
2020-05-23 10:00:00,Venus,614.0
2020-05-23 11:00:00,Venus,807.0
2020-05-23 12:00:00,Venus,732.0
2020-05-23 13:00:00,Venus,1053.0
2020-05-23 14:00:00,Venus,920.0
2020-05-23 15:00:00,Venus,800.0
2020-05-23 16:00:00,Venus,824.0
2020-05-23 17:00:00,Venus,739.0
2020-05-23 18:00:00,Venus,707.0
2020-05-23 19:00:00,Venus,679.0
2020-05-23 20:00:00,Venus,670.0
2020-05-23 21:00:00,Venus,647.0
2020-05-23 22:00:00,Venus,695.0
2020-05-23 23:00:00,Venus,804.0
2020-05-24 00:00:00,Venus,720.0
2020-05-24 01:00:00,Venus,683.0
2020-05-24 02:00:00,Venus,696.0
2020-05-24 03:00:00,Venus,712.0
2020-05-24 04:00:00,Venus,727.0
2020-05-24 05:00:00,Venus,696.0
2020-05-24 06:00:00,Venus,687.0
2020-05-24 07:00:00,Venus,623.0
2020-05-24 08:00:00,Venus,591.0
2020-05-24 09:00:00,Venus,614.0
2020-05-24 10:00:00,Venus,722.0
2020-05-24 11:00:00,Venus,585.0
2020-05-24 12:00:00,Venus,598.0
2020-05-24 13:00:00,Venus,623.0
2020-05-24 14:00:00,Venus,660.0
2020-05-24 15:00:00,Venus,763.0
2020-05-24 16:00:00,Venus,729.0
2020-05-24 17:00:00,Venus,799.0
2020-05-24 18:00:00,Venus,638.0
2020-05-24 19:00:00,Venus,633.0
2020-05-24 20:00:00,Venus,616.0
2020-05-24 21:00:00,Venus,636.0
2020-05-24 22:00:00,Venus,618.0
2020-05-24 23:00:00,Venus,724.0
2020-05-25 00:00:00,Venus,681.0
2020-05-25 01:00:00,Venus,624.0
2020-05-25 02:00:00,Venus,566.0
2020-05-25 03:00:00,Venus,602.0
2020-05-25 04:00:00,Venus,538.0
2020-05-25 05:00:00,Venus,608.0
2020-05-25 06:00:00,Venus,563.0
2020-05-25 07:00:00,Venus,510.0
2020-05-25 08:00:00,Venus,502.0
2020-05-25 09:00:00,Venus,562.0
2020-05-25 10:00:00,Venus,595.0
2020-05-25 11:00:00,Venus,655.0
2020-05-25 12:00:00,Venus,695.0
2020-05-25 13:00:00,Venus,670.0
2020-05-25 14:00:00,Venus,640.0
2020-05-25 15:00:00,Venus,697.0
2020-05-25 16:00:00,Venus,812.0
2020-05-25 17:00:00,Venus,849.0
2020-05-25 18:00:00,Venus,688.0
2020-05-25 19:00:00,Venus,763.0
2020-05-25 20:00:00,Venus,670.0
2020-05-25 21:00:00,Venus,725.0
2020-05-25 22:00:00,Venus,750.0
2020-05-25 23:00:00,Venus,713.0
2020-05-26 00:00:00,Venus,697.0
2020-05-26 01:00:00,Venus,689.0
2020-05-26 02:00:00,Venus,683.0
2020-05-26 03:00:00,Venus,688.0
2020-05-26 04:00:00,Venus,700.0
2020-05-26 05:00:00,Venus,674.0
2020-05-26 06:00:00,Venus,670.0
2020-05-26 07:00:00,Venus,704.0
2020-05-26 08:00:00,Venus,657.0
2020-05-26 09:00:00,Venus,676.0
2020-05-26 10:00:00,Venus,716.0
2020-05-26 11:00:00,Venus,988.0
2020-05-26 12:00:00,Venus,861.0
2020-05-26 13:00:00,Venus,733.0
2020-05-26 14:00:00,Venus,907.0
2020-05-26 15:00:00,Venus,1006.0
2020-05-26 16:00:00,Venus,1104.0
2020-05-26 17:00:00,Venus,901.0
2020-05-26 18:00:00,Venus,805.0
2020-05-26 19:00:00,Venus,874.0
2020-05-26 20:00:00,Venus,883.0
2020-05-26 21:00:00,Venus,953.0
2020-05-26 22:00:00,Venus,785.0
2020-05-26 23:00:00,Venus,761.0
2020-05-27 00:00:00,Venus,779.0
2020-05-27 01:00:00,Venus,797.0
2020-05-27 02:00:00,Venus,729.0
2020-05-27 03:00:00,Venus,685.0
2020-05-27 04:00:00,Venus,686.0
2020-05-27 05:00:00,Venus,693.0
2020-05-27 06:00:00,Venus,701.0
2020-05-27 07:00:00,Venus,661.0
2020-05-27 08:00:00,Venus,713.0
2020-05-27 09:00:00,Venus,681.0
2020-05-27 10:00:00,Venus,939.0
2020-05-27 11:00:00,Venus,802.0
2020-05-27 12:00:00,Venus,754.0
2020-05-27 13:00:00,Venus,880.0
2020-05-27 14:00:00,Venus,1156.0
2020-05-27 15:00:00,Venus,899.0
2020-05-27 16:00:00,Venus,772.0
2020-05-27 17:00:00,Venus,1075.0
2020-05-27 18:00:00,Venus,856.0
2020-05-27 19:00:00,Venus,1020.0
2020-05-27 20:00:00,Venus,963.0
2020-05-27 21:00:00,Venus,950.0
2020-05-27 22:00:00,Venus,884.0
2020-05-27 23:00:00,Venus,837.0
2020-05-28 00:00:00,Venus,789.0
2020-05-28 01:00:00,Venus,794.0
2020-05-28 02:00:00,Venus,891.0
2020-05-28 03:00:00,Venus,757.0
2020-05-28 04:00:00,Venus,750.0
2020-05-28 05:00:00,Venus,755.0
2020-05-28 06:00:00,Venus,718.0
2020-05-28 07:00:00,Venus,796.0
2020-05-28 08:00:00,Venus,788.0
2020-05-28 09:00:00,Venus,893.0
2020-05-28 10:00:00,Venus,870.0
2020-05-28 11:00:00,Venus,901.0
2020-05-28 12:00:00,Venus,860.0
2020-05-28 13:00:00,Venus,809.0
2020-05-28 14:00:00,Venus,842.0
2020-05-28 15:00:00,Venus,1004.0
2020-05-28 16:00:00,Venus,861.0
2020-05-28 17:00:00,Venus,975.0
2020-05-28 18:00:00,Venus,884.0
2020-05-28 19:00:00,Venus,900.0
2020-05-28 20:00:00,Venus,910.0
2020-05-28 21:00:00,Venus,849.0
2020-05-28 22:00:00,Venus,859.0
2020-05-28 23:00:00,Venus,823.0
2020-05-29 00:00:00,Venus,835.0
2020-05-29 01:00:00,Venus,843.0
2020-05-29 02:00:00,Venus,858.0
2020-05-29 03:00:00,Venus,851.0
2020-05-29 04:00:00,Venus,791.0
2020-05-29 05:00:00,Venus,787.0
2020-05-29 06:00:00,Venus,739.0
2020-05-29 07:00:00,Venus,743.0
2020-05-29 08:00:00,Venus,740.0
2020-05-29 09:00:00,Venus,822.0
2020-05-29 10:00:00,Venus,832.0
2020-05-29 11:00:00,Venus,757.0
2020-05-29 12:00:00,Venus,805.0
2020-05-29 13:00:00,Venus,885.0
2020-05-29 14:00:00,Venus,863.0
2020-05-29 15:00:00,Venus,832.0
2020-05-29 16:00:00,Venus,763.0
2020-05-29 17:00:00,Venus,934.0
2020-05-29 18:00:00,Venus,923.0
2020-05-29 19:00:00,Venus,867.0
2020-05-29 20:00:00,Venus,871.0
2020-05-29 21:00:00,Venus,887.0
2020-05-29 22:00:00,Venus,841.0
2020-05-29 23:00:00,Venus,918.0
2020-05-30 00:00:00,Venus,819.0
2020-05-30 01:00:00,Venus,832.0
2020-05-30 02:00:00,Venus,808.0
2020-05-30 03:00:00,Venus,794.0
2020-05-30 04:00:00,Venus,773.0
2020-05-30 05:00:00,Venus,776.0
2020-05-30 06:00:00,Venus,758.0
2020-05-30 07:00:00,Venus,736.0
2020-05-30 08:00:00,Venus,742.0
2020-05-30 09:00:00,Venus,743.0
2020-05-30 10:00:00,Venus,733.0
2020-05-30 11:00:00,Venus,817.0
2020-05-30 12:00:00,Venus,766.0
2020-05-30 13:00:00,Venus,797.0
2020-05-30 14:00:00,Venus,816.0
2020-05-30 15:00:00,Venus,777.0
2020-05-30 16:00:00,Venus,963.0
2020-05-30 17:00:00,Venus,791.0
2020-05-30 18:00:00,Venus,804.0
2020-05-30 19:00:00,Venus,800.0
2020-05-30 20:00:00,Venus,850.0
2020-05-30 21:00:00,Venus,808.0
2020-05-30 22:00:00,Venus,765.0
2020-05-30 23:00:00,Venus,805.0
2020-05-31 00:00:00,Venus,868.0
2020-05-31 01:00:00,Venus,786.0
2020-05-31 02:00:00,Venus,787.0
2020-05-31 03:00:00,Venus,822.0
2020-05-31 04:00:00,Venus,775.0
2020-05-31 05:00:00,Venus,749.0
2020-05-31 06:00:00,Venus,726.0
2020-05-31 07:00:00,Venus,720.0
2020-05-31 08:00:00,Venus,745.0
2020-05-31 09:00:00,Venus,721.0
2020-05-31 10:00:00,Venus,726.0
2020-05-31 11:00:00,Venus,716.0
2020-05-31 12:00:00,Venus,760.0
2020-05-31 13:00:00,Venus,742.0
2020-05-31 14:00:00,Venus,761.0
2020-05-31 15:00:00,Venus,754.0
2020-05-31 16:00:00,Venus,742.0
2020-05-31 17:00:00,Venus,789.0
2020-05-31 18:00:00,Venus,780.0
2020-05-31 19:00:00,Venus,754.0
2020-05-31 20:00:00,Venus,910.0
2020-05-31 21:00:00,Venus,904.0
2020-05-31 22:00:00,Venus,898.0
2020-05-31 23:00:00,Venus,834.0
2020-06-01 00:00:00,Venus,775.0
2020-06-01 01:00:00,Venus,820.0
2020-06-01 02:00:00,Venus,973.0
2020-06-01 03:00:00,Venus,822.0
2020-06-01 04:00:00,Venus,856.0
2020-06-01 05:00:00,Venus,773.0
2020-06-01 06:00:00,Venus,758.0
2020-06-01 07:00:00,Venus,741.0
2020-06-01 08:00:00,Venus,711.0
2020-06-01 09:00:00,Venus,766.0
2020-06-01 10:00:00,Venus,748.0
2020-06-01 11:00:00,Venus,778.0
2020-06-01 12:00:00,Venus,747.0
2020-06-01 13:00:00,Venus,763.0
2020-06-01 14:00:00,Venus,888.0
2020-06-01 15:00:00,Venus,889.0
2020-06-01 16:00:00,Venus,773.0
2020-06-01 17:00:00,Venus,997.0
2020-06-01 18:00:00,Venus,1080.0
2020-06-01 19:00:00,Venus,960.0
2020-06-01 20:00:00,Venus,1052.0
2020-06-01 21:00:00,Venus,826.0
2020-06-01 22:00:00,Venus,799.0
2020-06-01 23:00:00,Venus,782.0
2020-06-02 00:00:00,Venus,782.0
2020-06-02 01:00:00,Venus,760.0
2020-06-02 02:00:00,Venus,859.0
2020-06-02 03:00:00,Venus,789.0
2020-06-02 04:00:00,Venus,815.0
2020-06-02 05:00:00,Venus,805.0
2020-06-02 06:00:00,Venus,751.0
2020-06-02 07:00:00,Venus,690.0
2020-06-02 08:00:00,Venus,673.0
2020-06-02 09:00:00,Venus,727.0
2020-06-02 10:00:00,Venus,805.0
2020-06-02 11:00:00,Venus,876.0
2020-06-02 12:00:00,Venus,876.0
2020-06-02 13:00:00,Venus,756.0
2020-06-02 14:00:00,Venus,916.0
2020-06-02 15:00:00,Venus,793.0
2020-06-02 16:00:00,Venus,804.0
2020-06-02 17:00:00,Venus,749.0
2020-06-02 18:00:00,Venus,770.0
2020-06-02 19:00:00,Venus,761.0
2020-06-02 20:00:00,Venus,878.0
2020-06-02 21:00:00,Venus,810.0
2020-06-02 22:00:00,Venus,858.0
2020-06-02 23:00:00,Venus,809.0
2020-06-03 00:00:00,Venus,841.0
2020-06-03 01:00:00,Venus,779.0
2020-06-03 02:00:00,Venus,829.0
2020-06-03 03:00:00,Venus,811.0
2020-06-03 04:00:00,Venus,846.0
2020-06-03 05:00:00,Venus,683.0
2020-06-03 06:00:00,Venus,683.0
2020-06-03 07:00:00,Venus,667.0
2020-06-03 08:00:00,Venus,663.0
2020-06-03 09:00:00,Venus,1159.0
2020-06-03 10:00:00,Venus,868.0
2020-06-03 11:00:00,Venus,822.0
2020-06-03 12:00:00,Venus,768.0
2020-06-03 13:00:00,Venus,789.0
2020-06-03 14:00:00,Venus,770.0
2020-06-03 15:00:00,Venus,971.0
2020-06-03 16:00:00,Venus,883.0
2020-06-03 17:00:00,Venus,1156.0
2020-06-03 18:00:00,Venus,762.0
2020-06-03 19:00:00,Venus,820.0
2020-06-03 20:00:00,Venus,912.0
2020-06-03 21:00:00,Venus,1016.0
2020-06-03 22:00:00,Venus,959.0
2020-06-03 23:00:00,Venus,881.0
2020-06-04 00:00:00,Venus,820.0
2020-06-04 01:00:00,Venus,735.0
2020-06-04 02:00:00,Venus,772.0
2020-06-04 03:00:00,Venus,803.0
2020-06-04 04:00:00,Venus,984.0
2020-06-04 05:00:00,Venus,823.0
2020-06-04 06:00:00,Venus,931.0
2020-06-04 07:00:00,Venus,944.0
2020-06-04 08:00:00,Venus,1596.0
2020-06-04 09:00:00,Venus,968.0
2020-06-04 10:00:00,Venus,2136.0
2020-06-04 11:00:00,Venus,2336.0
2020-06-04 12:00:00,Venus,1791.0
2020-06-04 13:00:00,Venus,2152.0
2020-06-04 14:00:00,Venus,1199.0
2020-06-04 15:00:00,Venus,1274.0
2020-06-04 16:00:00,Venus,969.0
2020-06-04 17:00:00,Venus,1230.0
2020-06-04 18:00:00,Venus,1144.0
2020-06-04 19:00:00,Venus,1564.0
2020-06-04 20:00:00,Venus,1173.0
2020-06-04 21:00:00,Venus,1270.0
2020-06-04 22:00:00,Venus,867.0
2020-06-04 23:00:00,Venus,1098.0
2020-06-05 00:00:00,Venus,1412.0
2020-06-05 01:00:00,Venus,1033.0
2020-06-05 02:00:00,Venus,1030.0
2020-06-05 03:00:00,Venus,1190.0
2020-06-05 04:00:00,Venus,1129.0
2020-06-05 05:00:00,Venus,983.0
2020-06-05 06:00:00,Venus,804.0
2020-06-05 07:00:00,Venus,856.0
2020-06-05 08:00:00,Venus,748.0
2020-06-05 09:00:00,Venus,1432.0
2020-06-05 10:00:00,Venus,1691.0
2020-06-05 11:00:00,Venus,1273.0
2020-06-05 12:00:00,Venus,930.0
2020-06-05 13:00:00,Venus,762.0
2020-06-05 14:00:00,Venus,1279.0
2020-06-05 15:00:00,Venus,1655.0
2020-06-05 16:00:00,Venus,1452.0
2020-06-05 17:00:00,Venus,2222.0
2020-06-05 18:00:00,Venus,1918.0
2020-06-05 19:00:00,Venus,896.0
2020-06-05 20:00:00,Venus,743.0
2020-06-05 21:00:00,Venus,777.0
2020-06-05 22:00:00,Venus,891.0
2020-06-05 23:00:00,Venus,983.0
2020-06-06 00:00:00,Venus,1320.0
2020-06-06 01:00:00,Venus,737.0
2020-06-06 02:00:00,Venus,751.0
2020-06-06 03:00:00,Venus,710.0
2020-06-06 04:00:00,Venus,703.0
2020-06-06 05:00:00,Venus,732.0
2020-06-06 06:00:00,Venus,678.0
2020-06-06 07:00:00,Venus,677.0
2020-06-06 08:00:00,Venus,669.0
2020-06-06 09:00:00,Venus,731.0
2020-06-06 10:00:00,Venus,697.0
2020-06-06 11:00:00,Venus,680.0
2020-06-06 12:00:00,Venus,727.0
2020-06-06 13:00:00,Venus,718.0
2020-06-06 14:00:00,Venus,699.0
2020-06-06 15:00:00,Venus,695.0
2020-06-06 16:00:00,Venus,701.0
2020-06-06 17:00:00,Venus,730.0
2020-06-06 18:00:00,Venus,745.0
2020-06-06 19:00:00,Venus,762.0
2020-06-06 20:00:00,Venus,722.0
2020-06-06 21:00:00,Venus,837.0
2020-06-06 22:00:00,Venus,841.0
2020-06-06 23:00:00,Venus,734.0
2020-06-07 00:00:00,Venus,660.0
2020-06-07 01:00:00,Venus,696.0
2020-06-07 02:00:00,Venus,673.0
2020-06-07 03:00:00,Venus,654.0
2020-06-07 04:00:00,Venus,662.0
2020-06-07 05:00:00,Venus,646.0
2020-06-07 06:00:00,Venus,654.0
2020-06-07 07:00:00,Venus,664.0
2020-06-07 08:00:00,Venus,647.0
2020-06-07 09:00:00,Venus,630.0
2020-06-07 10:00:00,Venus,656.0
2020-06-07 11:00:00,Venus,637.0
2020-06-07 12:00:00,Venus,679.0
2020-06-07 13:00:00,Venus,662.0
2020-06-07 14:00:00,Venus,607.0
2020-06-07 15:00:00,Venus,638.0
2020-06-07 16:00:00,Venus,784.0
2020-06-07 17:00:00,Venus,733.0
2020-06-07 18:00:00,Venus,650.0
2020-06-07 19:00:00,Venus,661.0
2020-06-07 20:00:00,Venus,677.0
2020-06-07 21:00:00,Venus,610.0
2020-06-07 22:00:00,Venus,618.0
2020-06-07 23:00:00,Venus,1188.0
2020-06-08 00:00:00,Venus,1435.0
2020-06-08 01:00:00,Venus,756.0
2020-06-08 02:00:00,Venus,738.0
2020-06-08 03:00:00,Venus,679.0
2020-06-08 04:00:00,Venus,675.0
2020-06-08 05:00:00,Venus,675.0
2020-06-08 06:00:00,Venus,667.0
2020-06-08 07:00:00,Venus,667.0
2020-06-08 08:00:00,Venus,667.0
2020-06-08 09:00:00,Venus,1251.0
2020-06-08 10:00:00,Venus,1843.0
2020-06-08 11:00:00,Venus,1243.0
2020-06-08 12:00:00,Venus,809.0
2020-06-08 13:00:00,Venus,968.0
2020-06-08 14:00:00,Venus,1478.0
2020-06-08 15:00:00,Venus,965.0
2020-06-08 16:00:00,Venus,834.0
2020-06-08 17:00:00,Venus,929.0
2020-06-08 18:00:00,Venus,848.0
2020-06-08 19:00:00,Venus,783.0
2020-06-08 20:00:00,Venus,745.0
2020-06-08 21:00:00,Venus,1331.0
2020-06-08 22:00:00,Venus,969.0
2020-06-08 23:00:00,Venus,863.0
2020-06-09 00:00:00,Venus,750.0
2020-06-09 01:00:00,Venus,734.0
2020-06-09 02:00:00,Venus,715.0
2020-06-09 03:00:00,Venus,713.0
2020-06-09 04:00:00,Venus,697.0
2020-06-09 05:00:00,Venus,705.0
2020-06-09 06:00:00,Venus,689.0
2020-06-09 07:00:00,Venus,721.0
2020-06-09 08:00:00,Venus,723.0
2020-06-09 09:00:00,Venus,775.0
2020-06-09 10:00:00,Venus,1133.0
2020-06-09 11:00:00,Venus,948.0
2020-06-09 12:00:00,Venus,754.0
2020-06-09 13:00:00,Venus,776.0
2020-06-09 14:00:00,Venus,870.0
2020-06-09 15:00:00,Venus,755.0
2020-06-09 16:00:00,Venus,814.0
2020-06-09 17:00:00,Venus,785.0
2020-06-09 18:00:00,Venus,750.0
2020-06-09 19:00:00,Venus,824.0
2020-06-09 20:00:00,Venus,784.0
2020-06-09 21:00:00,Venus,895.0
2020-06-09 22:00:00,Venus,864.0
2020-06-09 23:00:00,Venus,805.0
2020-06-10 00:00:00,Venus,766.0
2020-06-10 01:00:00,Venus,715.0
2020-06-10 02:00:00,Venus,706.0
2020-06-10 03:00:00,Venus,706.0
2020-06-10 04:00:00,Venus,710.0
2020-06-10 05:00:00,Venus,706.0
2020-06-10 06:00:00,Venus,738.0
2020-06-10 07:00:00,Venus,746.0
2020-06-10 08:00:00,Venus,733.0
2020-06-10 09:00:00,Venus,739.0
2020-06-10 10:00:00,Venus,2249.0
2020-06-10 11:00:00,Venus,1402.0
2020-06-10 12:00:00,Venus,829.0
2020-06-10 13:00:00,Venus,785.0
2020-06-10 14:00:00,Venus,802.0
2020-06-10 15:00:00,Venus,754.0
2020-06-10 16:00:00,Venus,851.0
2020-06-10 17:00:00,Venus,774.0
2020-06-10 18:00:00,Venus,853.0
2020-06-10 19:00:00,Venus,885.0
2020-06-10 20:00:00,Venus,767.0
2020-06-10 21:00:00,Venus,766.0
2020-06-10 22:00:00,Venus,817.0
2020-06-10 23:00:00,Venus,760.0
2020-06-11 00:00:00,Venus,799.0
2020-06-11 01:00:00,Venus,734.0
2020-06-11 02:00:00,Venus,732.0
2020-06-11 03:00:00,Venus,746.0
2020-06-11 04:00:00,Venus,746.0
2020-06-11 05:00:00,Venus,722.0
2020-06-11 06:00:00,Venus,762.0
2020-06-11 07:00:00,Venus,721.0
2020-06-11 08:00:00,Venus,725.0
2020-06-11 09:00:00,Venus,744.0
2020-06-11 10:00:00,Venus,812.0
2020-06-11 11:00:00,Venus,812.0
2020-06-11 12:00:00,Venus,740.0
2020-06-11 13:00:00,Venus,803.0
2020-06-11 14:00:00,Venus,839.0
2020-06-11 15:00:00,Venus,826.0
2020-06-11 16:00:00,Venus,998.0
2020-06-11 17:00:00,Venus,1007.0
2020-06-11 18:00:00,Venus,946.0
2020-06-11 19:00:00,Venus,860.0
2020-06-11 20:00:00,Venus,848.0
2020-06-11 21:00:00,Venus,826.0
2020-06-11 22:00:00,Venus,872.0
2020-06-11 23:00:00,Venus,869.0
2020-06-12 00:00:00,Venus,910.0
2020-06-12 01:00:00,Venus,852.0
2020-06-12 02:00:00,Venus,836.0
2020-06-12 03:00:00,Venus,761.0
2020-06-12 04:00:00,Venus,750.0
2020-06-12 05:00:00,Venus,741.0
2020-06-12 06:00:00,Venus,733.0
2020-06-12 07:00:00,Venus,729.0
2020-06-12 08:00:00,Venus,745.0
2020-06-12 09:00:00,Venus,835.0
2020-06-12 10:00:00,Venus,849.0
2020-06-12 11:00:00,Venus,800.0
2020-06-12 12:00:00,Venus,768.0
2020-06-12 13:00:00,Venus,882.0
2020-06-12 14:00:00,Venus,819.0
2020-06-12 15:00:00,Venus,783.0
2020-06-12 16:00:00,Venus,821.0
2020-06-12 17:00:00,Venus,753.0
2020-06-12 18:00:00,Venus,819.0
2020-06-12 19:00:00,Venus,806.0
2020-06-12 20:00:00,Venus,787.0
2020-06-12 21:00:00,Venus,758.0
2020-06-12 22:00:00,Venus,745.0
2020-06-12 23:00:00,Venus,691.0
2020-06-13 00:00:00,Venus,727.0
2020-06-13 01:00:00,Venus,691.0
2020-06-13 02:00:00,Venus,719.0
2020-06-13 03:00:00,Venus,689.0
2020-06-13 04:00:00,Venus,697.0
2020-06-13 05:00:00,Venus,673.0
2020-06-13 06:00:00,Venus,669.0
2020-06-13 07:00:00,Venus,651.0
2020-06-13 08:00:00,Venus,627.0
2020-06-13 09:00:00,Venus,618.0
2020-06-13 10:00:00,Venus,651.0
2020-06-13 11:00:00,Venus,628.0
2020-06-13 12:00:00,Venus,638.0
2020-06-13 13:00:00,Venus,630.0
2020-06-13 14:00:00,Venus,671.0
2020-06-13 15:00:00,Venus,719.0
2020-06-13 16:00:00,Venus,860.0
2020-06-13 17:00:00,Venus,728.0
2020-06-13 18:00:00,Venus,770.0
2020-06-13 19:00:00,Venus,692.0
2020-06-13 20:00:00,Venus,738.0
2020-06-13 21:00:00,Venus,729.0
2020-06-13 22:00:00,Venus,795.0
2020-06-13 23:00:00,Venus,710.0
2020-06-14 00:00:00,Venus,707.0
2020-06-14 01:00:00,Venus,712.0
2020-06-14 02:00:00,Venus,720.0
2020-06-14 03:00:00,Venus,703.0
2020-06-14 04:00:00,Venus,695.0
2020-06-14 05:00:00,Venus,695.0
2020-06-14 06:00:00,Venus,686.0
2020-06-14 07:00:00,Venus,694.0
2020-06-14 08:00:00,Venus,716.0
2020-06-14 09:00:00,Venus,811.0
2020-06-14 10:00:00,Venus,744.0
2020-06-14 11:00:00,Venus,731.0
2020-06-14 12:00:00,Venus,765.0
2020-06-14 13:00:00,Venus,682.0
2020-06-14 14:00:00,Venus,701.0
2020-06-14 15:00:00,Venus,723.0
2020-06-14 16:00:00,Venus,690.0
2020-06-14 17:00:00,Venus,687.0
2020-06-14 18:00:00,Venus,684.0
2020-06-14 19:00:00,Venus,671.0
2020-06-14 20:00:00,Venus,742.0
2020-06-14 21:00:00,Venus,764.0
2020-06-14 22:00:00,Venus,1085.0
2020-06-14 23:00:00,Venus,1423.0
2020-06-15 00:00:00,Venus,794.0
2020-06-15 01:00:00,Venus,1623.0
2020-06-15 02:00:00,Venus,1249.0
2020-06-15 03:00:00,Venus,733.0
2020-06-15 04:00:00,Venus,696.0
2020-06-15 05:00:00,Venus,688.0
2020-06-15 06:00:00,Venus,672.0
2020-06-15 07:00:00,Venus,1314.0
2020-06-15 08:00:00,Venus,2734.0
2020-06-15 09:00:00,Venus,1001.0
2020-06-15 10:00:00,Venus,910.0
2020-06-15 11:00:00,Venus,791.0
2020-06-15 12:00:00,Venus,766.0
2020-06-15 13:00:00,Venus,747.0
2020-06-15 14:00:00,Venus,756.0
2020-06-15 15:00:00,Venus,919.0
2020-06-15 16:00:00,Venus,863.0
2020-06-15 17:00:00,Venus,847.0
2020-06-15 18:00:00,Venus,811.0
2020-06-15 19:00:00,Venus,915.0
2020-06-15 20:00:00,Venus,862.0
2020-06-15 21:00:00,Venus,937.0
2020-06-15 22:00:00,Venus,973.0
2020-06-15 23:00:00,Venus,853.0
2020-06-16 00:00:00,Venus,838.0
2020-06-16 01:00:00,Venus,828.0
2020-06-16 02:00:00,Venus,828.0
2020-06-16 03:00:00,Venus,821.0
2020-06-16 04:00:00,Venus,786.0
2020-06-16 05:00:00,Venus,765.0
2020-06-16 06:00:00,Venus,757.0
2020-06-16 07:00:00,Venus,765.0
2020-06-16 08:00:00,Venus,734.0
2020-06-16 09:00:00,Venus,740.0
2020-06-16 10:00:00,Venus,731.0
2020-06-16 11:00:00,Venus,848.0
2020-06-16 12:00:00,Venus,721.0
2020-06-16 13:00:00,Venus,740.0
2020-06-16 14:00:00,Venus,859.0
2020-06-16 15:00:00,Venus,840.0
2020-06-16 16:00:00,Venus,760.0
2020-06-16 17:00:00,Venus,897.0
2020-06-16 18:00:00,Venus,792.0
2020-06-16 19:00:00,Venus,827.0
2020-06-16 20:00:00,Venus,859.0
2020-06-16 21:00:00,Venus,958.0
2020-06-16 22:00:00,Venus,823.0
2020-06-16 23:00:00,Venus,830.0
2020-06-17 00:00:00,Venus,896.0
2020-06-17 01:00:00,Venus,808.0
2020-06-17 02:00:00,Venus,805.0
2020-06-17 03:00:00,Venus,810.0
2020-06-17 04:00:00,Venus,764.0
2020-06-17 05:00:00,Venus,726.0
2020-06-17 06:00:00,Venus,739.0
2020-06-17 07:00:00,Venus,717.0
2020-06-17 08:00:00,Venus,730.0
2020-06-17 09:00:00,Venus,798.0
2020-06-17 10:00:00,Venus,880.0
2020-06-17 11:00:00,Venus,917.0
2020-06-17 12:00:00,Venus,831.0
2020-06-17 13:00:00,Venus,812.0
2020-06-17 14:00:00,Venus,939.0
2020-06-17 15:00:00,Venus,997.0
2020-06-17 16:00:00,Venus,860.0
2020-06-17 17:00:00,Venus,814.0
2020-06-17 18:00:00,Venus,924.0
2020-06-17 19:00:00,Venus,808.0
2020-06-17 20:00:00,Venus,862.0
2020-06-17 21:00:00,Venus,847.0
2020-06-17 22:00:00,Venus,1006.0
2020-06-17 23:00:00,Venus,872.0
2020-06-18 00:00:00,Venus,851.0
2020-06-18 01:00:00,Venus,829.0
2020-06-18 02:00:00,Venus,807.0
2020-06-18 03:00:00,Venus,789.0
2020-06-18 04:00:00,Venus,770.0
2020-06-18 05:00:00,Venus,727.0
2020-06-18 06:00:00,Venus,739.0
2020-06-18 07:00:00,Venus,723.0
2020-06-18 08:00:00,Venus,710.0
2020-06-18 09:00:00,Venus,745.0
2020-06-18 10:00:00,Venus,788.0
2020-06-18 11:00:00,Venus,806.0
2020-06-18 12:00:00,Venus,798.0
2020-06-18 13:00:00,Venus,992.0
2020-06-18 14:00:00,Venus,840.0
2020-06-18 15:00:00,Venus,825.0
2020-06-18 16:00:00,Venus,988.0
2020-06-18 17:00:00,Venus,930.0
2020-06-18 18:00:00,Venus,828.0
2020-06-18 19:00:00,Venus,814.0
2020-06-18 20:00:00,Venus,834.0
2020-06-18 21:00:00,Venus,894.0
2020-06-18 22:00:00,Venus,806.0
2020-06-18 23:00:00,Venus,872.0
2020-06-19 00:00:00,Venus,837.0
2020-06-19 01:00:00,Venus,750.0
2020-06-19 02:00:00,Venus,725.0
2020-06-19 03:00:00,Venus,708.0
2020-06-19 04:00:00,Venus,674.0
2020-06-19 05:00:00,Venus,689.0
2020-06-19 06:00:00,Venus,666.0
2020-06-19 07:00:00,Venus,634.0
2020-06-19 08:00:00,Venus,649.0
2020-06-19 09:00:00,Venus,1102.0
2020-06-19 10:00:00,Venus,852.0
2020-06-19 11:00:00,Venus,793.0
2020-06-19 12:00:00,Venus,829.0
2020-06-19 13:00:00,Venus,791.0
2020-06-19 14:00:00,Venus,838.0
2020-06-19 15:00:00,Venus,1025.0
2020-06-19 16:00:00,Venus,852.0
2020-06-19 17:00:00,Venus,1079.0
2020-06-19 18:00:00,Venus,892.0
2020-06-19 19:00:00,Venus,863.0
2020-06-19 20:00:00,Venus,994.0
2020-06-19 21:00:00,Venus,835.0
2020-06-19 22:00:00,Venus,777.0
2020-06-19 23:00:00,Venus,889.0
2020-06-20 00:00:00,Venus,955.0
2020-06-20 01:00:00,Venus,817.0
2020-06-20 02:00:00,Venus,758.0
2020-06-20 03:00:00,Venus,742.0
2020-06-20 04:00:00,Venus,814.0
2020-06-20 05:00:00,Venus,676.0
2020-06-20 06:00:00,Venus,707.0
2020-06-20 07:00:00,Venus,708.0
2020-06-20 08:00:00,Venus,823.0
2020-06-20 09:00:00,Venus,897.0
2020-06-20 10:00:00,Venus,821.0
2020-06-20 11:00:00,Venus,910.0
2020-06-20 12:00:00,Venus,909.0
2020-06-20 13:00:00,Venus,914.0
2020-06-20 14:00:00,Venus,889.0
2020-06-20 15:00:00,Venus,790.0
2020-06-20 16:00:00,Venus,845.0
2020-06-20 17:00:00,Venus,872.0
2020-06-20 18:00:00,Venus,808.0
2020-06-20 19:00:00,Venus,753.0
2020-06-20 20:00:00,Venus,877.0
2020-06-20 21:00:00,Venus,870.0
2020-06-20 22:00:00,Venus,857.0
2020-06-20 23:00:00,Venus,784.0
2020-06-21 00:00:00,Venus,793.0
2020-06-21 01:00:00,Venus,733.0
2020-06-21 02:00:00,Venus,735.0
2020-06-21 03:00:00,Venus,732.0
2020-06-21 04:00:00,Venus,696.0
2020-06-21 05:00:00,Venus,690.0
2020-06-21 06:00:00,Venus,698.0
2020-06-21 07:00:00,Venus,712.0
2020-06-21 08:00:00,Venus,712.0
2020-06-21 09:00:00,Venus,741.0
2020-06-21 10:00:00,Venus,728.0
2020-06-21 11:00:00,Venus,737.0
2020-06-21 12:00:00,Venus,722.0
2020-06-21 13:00:00,Venus,722.0
2020-06-21 14:00:00,Venus,757.0
2020-06-21 15:00:00,Venus,752.0
2020-06-21 16:00:00,Venus,718.0
2020-06-21 17:00:00,Venus,725.0
2020-06-21 18:00:00,Venus,726.0
2020-06-21 19:00:00,Venus,720.0
2020-06-21 20:00:00,Venus,729.0
2020-06-21 21:00:00,Venus,742.0
2020-06-21 22:00:00,Venus,722.0
2020-06-21 23:00:00,Venus,760.0
2020-06-22 00:00:00,Venus,790.0
2020-06-22 01:00:00,Venus,915.0
2020-06-22 02:00:00,Venus,901.0
2020-06-22 03:00:00,Venus,765.0
2020-06-22 04:00:00,Venus,750.0
2020-06-22 05:00:00,Venus,741.0
2020-06-22 06:00:00,Venus,701.0
2020-06-22 07:00:00,Venus,685.0
2020-06-22 08:00:00,Venus,710.0
2020-06-22 09:00:00,Venus,796.0
2020-06-22 10:00:00,Venus,776.0
2020-06-22 11:00:00,Venus,921.0
2020-06-22 12:00:00,Venus,815.0
2020-06-22 13:00:00,Venus,929.0
2020-06-22 14:00:00,Venus,1387.0
2020-06-22 15:00:00,Venus,2218.0
2020-06-22 16:00:00,Venus,1580.0
2020-06-22 17:00:00,Venus,1246.0
2020-06-22 18:00:00,Venus,980.0
2020-06-22 19:00:00,Venus,933.0
2020-06-22 20:00:00,Venus,928.0
2020-06-22 21:00:00,Venus,801.0
2020-06-22 22:00:00,Venus,758.0
2020-06-22 23:00:00,Venus,862.0
2020-06-23 00:00:00,Venus,708.0
2020-06-23 01:00:00,Venus,891.0
2020-06-23 02:00:00,Venus,706.0
2020-06-23 03:00:00,Venus,710.0
2020-06-23 04:00:00,Venus,700.0
2020-06-23 05:00:00,Venus,695.0
2020-06-23 06:00:00,Venus,827.0
2020-06-23 07:00:00,Venus,689.0
2020-06-23 08:00:00,Venus,664.0
2020-06-23 09:00:00,Venus,735.0
2020-06-23 10:00:00,Venus,739.0
2020-06-23 11:00:00,Venus,1617.0
2020-06-23 12:00:00,Venus,699.0
2020-06-23 13:00:00,Venus,729.0
2020-06-23 14:00:00,Venus,747.0
2020-06-23 15:00:00,Venus,866.0
2020-06-23 16:00:00,Venus,853.0
2020-06-23 17:00:00,Venus,873.0
2020-06-23 18:00:00,Venus,890.0
2020-06-23 19:00:00,Venus,836.0
2020-06-23 20:00:00,Venus,817.0
2020-06-23 21:00:00,Venus,1203.0
2020-06-23 22:00:00,Venus,749.0
2020-06-23 23:00:00,Venus,701.0
2020-06-24 00:00:00,Venus,816.0
2020-06-24 01:00:00,Venus,908.0
2020-06-24 02:00:00,Venus,794.0
2020-06-24 03:00:00,Venus,682.0
2020-06-24 04:00:00,Venus,669.0
2020-06-24 05:00:00,Venus,761.0
2020-06-24 06:00:00,Venus,693.0
2020-06-24 07:00:00,Venus,681.0
2020-06-24 08:00:00,Venus,715.0
2020-06-24 09:00:00,Venus,789.0
2020-06-24 10:00:00,Venus,894.0
2020-06-24 11:00:00,Venus,953.0
2020-06-24 12:00:00,Venus,860.0
2020-06-24 13:00:00,Venus,799.0
2020-06-24 14:00:00,Venus,899.0
2020-06-24 15:00:00,Venus,878.0
2020-06-24 16:00:00,Venus,771.0
2020-06-24 17:00:00,Venus,825.0
2020-06-24 18:00:00,Venus,877.0
2020-06-24 19:00:00,Venus,851.0
2020-06-24 20:00:00,Venus,883.0
2020-06-24 21:00:00,Venus,807.0
2020-06-24 22:00:00,Venus,841.0
2020-06-24 23:00:00,Venus,874.0
2020-06-25 00:00:00,Venus,775.0
2020-06-25 01:00:00,Venus,761.0
2020-06-25 02:00:00,Venus,750.0
2020-06-25 03:00:00,Venus,757.0
2020-06-25 04:00:00,Venus,752.0
2020-06-25 05:00:00,Venus,740.0
2020-06-25 06:00:00,Venus,796.0
2020-06-25 07:00:00,Venus,728.0
2020-06-25 08:00:00,Venus,739.0
2020-06-25 09:00:00,Venus,778.0
2020-06-25 10:00:00,Venus,808.0
2020-06-25 11:00:00,Venus,759.0
2020-06-25 12:00:00,Venus,762.0
2020-06-25 13:00:00,Venus,742.0
2020-06-25 14:00:00,Venus,846.0
2020-06-25 15:00:00,Venus,812.0
2020-06-25 16:00:00,Venus,855.0
2020-06-25 17:00:00,Venus,857.0
2020-06-25 18:00:00,Venus,816.0
2020-06-25 19:00:00,Venus,770.0
2020-06-25 20:00:00,Venus,764.0
2020-06-25 21:00:00,Venus,736.0
2020-06-25 22:00:00,Venus,769.0
2020-06-25 23:00:00,Venus,836.0
2020-06-26 00:00:00,Venus,744.0
2020-06-26 01:00:00,Venus,718.0
2020-06-26 02:00:00,Venus,706.0
2020-06-26 03:00:00,Venus,700.0
2020-06-26 04:00:00,Venus,693.0
2020-06-26 05:00:00,Venus,700.0
2020-06-26 06:00:00,Venus,750.0
2020-06-26 07:00:00,Venus,711.0
2020-06-26 08:00:00,Venus,709.0
2020-06-26 09:00:00,Venus,807.0
2020-06-26 10:00:00,Venus,738.0
2020-06-26 11:00:00,Venus,717.0
2020-06-26 12:00:00,Venus,718.0
2020-06-26 13:00:00,Venus,719.0
2020-06-26 14:00:00,Venus,718.0
2020-06-26 15:00:00,Venus,804.0
2020-06-26 16:00:00,Venus,804.0
2020-06-26 17:00:00,Venus,789.0
2020-06-26 18:00:00,Venus,797.0
2020-06-26 19:00:00,Venus,830.0
2020-06-26 20:00:00,Venus,768.0
2020-06-26 21:00:00,Venus,877.0
2020-06-26 22:00:00,Venus,1063.0
2020-06-26 23:00:00,Venus,779.0
2020-06-27 00:00:00,Venus,753.0
2020-06-27 01:00:00,Venus,725.0
2020-06-27 02:00:00,Venus,722.0
2020-06-27 03:00:00,Venus,714.0
2020-06-27 04:00:00,Venus,758.0
2020-06-27 05:00:00,Venus,734.0
2020-06-27 06:00:00,Venus,716.0
2020-06-27 07:00:00,Venus,743.0
2020-06-27 08:00:00,Venus,847.0
2020-06-27 09:00:00,Venus,774.0
2020-06-27 10:00:00,Venus,717.0
2020-06-27 11:00:00,Venus,819.0
2020-06-27 12:00:00,Venus,770.0
2020-06-27 13:00:00,Venus,910.0
2020-06-27 14:00:00,Venus,692.0
2020-06-27 15:00:00,Venus,740.0
2020-06-27 16:00:00,Venus,721.0
2020-06-27 17:00:00,Venus,702.0
2020-06-27 18:00:00,Venus,757.0
2020-06-27 19:00:00,Venus,751.0
2020-06-27 20:00:00,Venus,732.0
2020-06-27 21:00:00,Venus,728.0
2020-06-27 22:00:00,Venus,753.0
2020-06-27 23:00:00,Venus,764.0
2020-06-28 00:00:00,Venus,988.0
2020-06-28 01:00:00,Venus,977.0
2020-06-28 02:00:00,Venus,860.0
2020-06-28 03:00:00,Venus,742.0
2020-06-28 04:00:00,Venus,714.0
2020-06-28 05:00:00,Venus,708.0
2020-06-28 06:00:00,Venus,707.0
2020-06-28 07:00:00,Venus,704.0
2020-06-28 08:00:00,Venus,694.0
2020-06-28 09:00:00,Venus,736.0
2020-06-28 10:00:00,Venus,753.0
2020-06-28 11:00:00,Venus,989.0
2020-06-28 12:00:00,Venus,791.0
2020-06-28 13:00:00,Venus,1095.0
2020-06-28 14:00:00,Venus,969.0
2020-06-28 15:00:00,Venus,975.0
2020-06-28 16:00:00,Venus,918.0
2020-06-28 17:00:00,Venus,845.0
2020-06-28 18:00:00,Venus,828.0
2020-06-28 19:00:00,Venus,866.0
2020-06-28 20:00:00,Venus,790.0
2020-06-28 21:00:00,Venus,891.0
2020-06-28 22:00:00,Venus,1044.0
2020-06-28 23:00:00,Venus,770.0
2020-06-29 00:00:00,Venus,860.0
2020-06-29 01:00:00,Venus,800.0
2020-06-29 02:00:00,Venus,1700.0
2020-06-29 03:00:00,Venus,1112.0
2020-06-29 04:00:00,Venus,939.0
2020-06-29 05:00:00,Venus,741.0
2020-06-29 06:00:00,Venus,708.0
2020-06-29 07:00:00,Venus,700.0
2020-06-29 08:00:00,Venus,707.0
2020-06-29 09:00:00,Venus,1455.0
2020-06-29 10:00:00,Venus,3037.0
2020-06-29 11:00:00,Venus,1594.0
2020-06-29 12:00:00,Venus,2165.0
2020-06-29 13:00:00,Venus,1159.0
2020-06-29 14:00:00,Venus,1003.0
2020-06-29 15:00:00,Venus,958.0
2020-06-29 16:00:00,Venus,995.0
2020-06-29 17:00:00,Venus,991.0
2020-06-29 18:00:00,Venus,1446.0
2020-06-29 19:00:00,Venus,945.0
2020-06-29 20:00:00,Venus,966.0
2020-06-29 21:00:00,Venus,1146.0
2020-06-29 22:00:00,Venus,1614.0
2020-06-29 23:00:00,Venus,1553.0
2020-06-30 00:00:00,Venus,966.0
2020-06-30 01:00:00,Venus,872.0
2020-06-30 02:00:00,Venus,813.0
2020-06-30 03:00:00,Venus,793.0
2020-06-30 04:00:00,Venus,773.0
2020-06-30 05:00:00,Venus,819.0
2020-06-30 06:00:00,Venus,931.0
2020-06-30 07:00:00,Venus,779.0
2020-06-30 08:00:00,Venus,841.0
2020-06-30 09:00:00,Venus,841.0
2020-06-30 10:00:00,Venus,847.0
2020-06-30 11:00:00,Venus,863.0
2020-06-30 12:00:00,Venus,820.0
2020-06-30 13:00:00,Venus,997.0
2020-06-30 14:00:00,Venus,1230.0
2020-06-30 15:00:00,Venus,1293.0
2020-06-30 16:00:00,Venus,1153.0
2020-06-30 17:00:00,Venus,902.0
2020-06-30 18:00:00,Venus,873.0
2020-06-30 19:00:00,Venus,990.0
2020-06-30 20:00:00,Venus,1092.0
2020-06-30 21:00:00,Venus,1099.0
2020-06-30 22:00:00,Venus,895.0
2020-06-30 23:00:00,Venus,1169.0
2020-07-01 00:00:00,Venus,1097.0
2020-07-01 01:00:00,Venus,862.0
2020-07-01 02:00:00,Venus,835.0
2020-07-01 03:00:00,Venus,793.0
2020-07-01 04:00:00,Venus,812.0
2020-07-01 05:00:00,Venus,788.0
2020-07-01 06:00:00,Venus,728.0
2020-07-01 07:00:00,Venus,717.0
2020-07-01 08:00:00,Venus,879.0
2020-07-01 09:00:00,Venus,855.0
2020-07-01 10:00:00,Venus,1248.0
2020-07-01 11:00:00,Venus,1054.0
2020-07-01 12:00:00,Venus,1020.0
2020-07-01 13:00:00,Venus,1031.0
2020-07-01 14:00:00,Venus,1289.0
2020-07-01 15:00:00,Venus,1183.0
2020-07-01 16:00:00,Venus,1108.0
2020-07-01 17:00:00,Venus,1353.0
2020-07-01 18:00:00,Venus,1180.0
2020-07-01 19:00:00,Venus,1156.0
2020-07-01 20:00:00,Venus,1421.0
2020-07-01 21:00:00,Venus,931.0
2020-07-01 22:00:00,Venus,998.0
2020-07-01 23:00:00,Venus,1318.0
2020-07-02 00:00:00,Venus,1069.0
2020-07-02 01:00:00,Venus,904.0
2020-07-02 02:00:00,Venus,906.0
2020-07-02 03:00:00,Venus,959.0
2020-07-02 04:00:00,Venus,860.0
2020-07-02 05:00:00,Venus,2644.0
2020-07-02 06:00:00,Venus,3135.0
2020-07-02 07:00:00,Venus,3511.0
2020-07-02 08:00:00,Venus,2981.0
2020-07-02 09:00:00,Venus,3691.0
2020-07-02 10:00:00,Venus,1261.0
2020-07-02 11:00:00,Venus,975.0
2020-07-02 12:00:00,Venus,862.0
2020-07-02 13:00:00,Venus,893.0
2020-07-02 14:00:00,Venus,1767.0
2020-07-02 15:00:00,Venus,1105.0
2020-07-02 16:00:00,Venus,1191.0
2020-07-02 17:00:00,Venus,1292.0
2020-07-02 18:00:00,Venus,1232.0
2020-07-02 19:00:00,Venus,1155.0
2020-07-02 20:00:00,Venus,1408.0
2020-07-02 21:00:00,Venus,1574.0
2020-07-02 22:00:00,Venus,978.0
2020-07-02 23:00:00,Venus,924.0
2020-07-03 00:00:00,Venus,856.0
2020-07-03 01:00:00,Venus,945.0
2020-07-03 02:00:00,Venus,762.0
2020-07-03 03:00:00,Venus,743.0
2020-07-03 04:00:00,Venus,742.0
2020-07-03 05:00:00,Venus,751.0
2020-07-03 06:00:00,Venus,745.0
2020-07-03 07:00:00,Venus,720.0
2020-07-03 08:00:00,Venus,749.0
2020-07-03 09:00:00,Venus,1528.0
2020-07-03 10:00:00,Venus,1190.0
2020-07-03 11:00:00,Venus,1404.0
2020-07-03 12:00:00,Venus,907.0
2020-07-03 13:00:00,Venus,1100.0
2020-07-03 14:00:00,Venus,881.0
2020-07-03 15:00:00,Venus,1245.0
2020-07-03 16:00:00,Venus,963.0
2020-07-03 17:00:00,Venus,774.0
2020-07-03 18:00:00,Venus,791.0
2020-07-03 19:00:00,Venus,824.0
2020-07-03 20:00:00,Venus,954.0
2020-07-03 21:00:00,Venus,909.0
2020-07-03 22:00:00,Venus,884.0
2020-07-03 23:00:00,Venus,762.0
2020-07-04 00:00:00,Venus,1174.0
2020-07-04 01:00:00,Venus,1609.0
2020-07-04 02:00:00,Venus,1850.0
2020-07-04 03:00:00,Venus,1558.0
2020-07-04 04:00:00,Venus,843.0
2020-07-04 05:00:00,Venus,1031.0
2020-07-04 06:00:00,Venus,815.0
2020-07-04 07:00:00,Venus,811.0
2020-07-04 08:00:00,Venus,800.0
2020-07-04 09:00:00,Venus,785.0
2020-07-04 10:00:00,Venus,1298.0
2020-07-04 11:00:00,Venus,921.0
2020-07-04 12:00:00,Venus,795.0
2020-07-04 13:00:00,Venus,810.0
2020-07-04 14:00:00,Venus,816.0
2020-07-04 15:00:00,Venus,843.0
2020-07-04 16:00:00,Venus,786.0
2020-07-04 17:00:00,Venus,901.0
2020-07-04 18:00:00,Venus,728.0
2020-07-04 19:00:00,Venus,699.0
2020-07-04 20:00:00,Venus,710.0
2020-07-04 21:00:00,Venus,708.0
2020-07-04 22:00:00,Venus,705.0
2020-07-04 23:00:00,Venus,727.0
2020-07-05 00:00:00,Venus,768.0
2020-07-05 01:00:00,Venus,702.0
2020-07-05 02:00:00,Venus,703.0
2020-07-05 03:00:00,Venus,694.0
2020-07-05 04:00:00,Venus,693.0
2020-07-05 05:00:00,Venus,677.0
2020-07-05 06:00:00,Venus,694.0
2020-07-05 07:00:00,Venus,737.0
2020-07-05 08:00:00,Venus,700.0
2020-07-05 09:00:00,Venus,674.0
2020-07-05 10:00:00,Venus,734.0
2020-07-05 11:00:00,Venus,726.0
2020-07-05 12:00:00,Venus,699.0
2020-07-05 13:00:00,Venus,700.0
2020-07-05 14:00:00,Venus,858.0
2020-07-05 15:00:00,Venus,808.0
2020-07-05 16:00:00,Venus,1096.0
2020-07-05 17:00:00,Venus,907.0
2020-07-05 18:00:00,Venus,1132.0
2020-07-05 19:00:00,Venus,872.0
2020-07-05 20:00:00,Venus,865.0
2020-07-05 21:00:00,Venus,847.0
2020-07-05 22:00:00,Venus,1062.0
2020-07-05 23:00:00,Venus,937.0
2020-07-06 00:00:00,Venus,804.0
2020-07-06 01:00:00,Venus,765.0
2020-07-06 02:00:00,Venus,766.0
2020-07-06 03:00:00,Venus,769.0
2020-07-06 04:00:00,Venus,777.0
2020-07-06 05:00:00,Venus,771.0
2020-07-06 06:00:00,Venus,749.0
2020-07-06 07:00:00,Venus,748.0
2020-07-06 08:00:00,Venus,800.0
2020-07-06 09:00:00,Venus,814.0
2020-07-06 10:00:00,Venus,803.0
2020-07-06 11:00:00,Venus,999.0
2020-07-06 12:00:00,Venus,1079.0
2020-07-06 13:00:00,Venus,893.0
2020-07-06 14:00:00,Venus,986.0
2020-07-06 15:00:00,Venus,1012.0
2020-07-06 16:00:00,Venus,1066.0
2020-07-06 17:00:00,Venus,1025.0
2020-07-06 18:00:00,Venus,1078.0
2020-07-06 19:00:00,Venus,1045.0
2020-07-06 20:00:00,Venus,1032.0
2020-07-06 21:00:00,Venus,971.0
2020-07-06 22:00:00,Venus,927.0
2020-07-06 23:00:00,Venus,964.0
2020-07-07 00:00:00,Venus,950.0
2020-07-07 01:00:00,Venus,987.0
2020-07-07 02:00:00,Venus,887.0
2020-07-07 03:00:00,Venus,879.0
2020-07-07 04:00:00,Venus,817.0
2020-07-07 05:00:00,Venus,818.0
2020-07-07 06:00:00,Venus,836.0
2020-07-07 07:00:00,Venus,832.0
2020-07-07 08:00:00,Venus,828.0
2020-07-07 09:00:00,Venus,998.0
2020-07-07 10:00:00,Venus,1030.0
2020-07-07 11:00:00,Venus,966.0
2020-07-07 12:00:00,Venus,1091.0
2020-07-07 13:00:00,Venus,1107.0
2020-07-07 14:00:00,Venus,1332.0
2020-07-07 15:00:00,Venus,1603.0
2020-07-07 16:00:00,Venus,3089.0
2020-07-07 17:00:00,Venus,1725.0
2020-07-07 18:00:00,Venus,3069.0
2020-07-07 19:00:00,Venus,4862.0
2020-07-07 20:00:00,Venus,6386.0
2020-07-07 21:00:00,Venus,7987.0
2020-07-07 22:00:00,Venus,938.0
2020-07-07 23:00:00,Venus,999.0
2020-07-08 00:00:00,Venus,905.0
2020-07-08 01:00:00,Venus,873.0
2020-07-08 02:00:00,Venus,877.0
2020-07-08 03:00:00,Venus,824.0
2020-07-08 04:00:00,Venus,766.0
2020-07-08 05:00:00,Venus,766.0
2020-07-08 06:00:00,Venus,773.0
2020-07-08 07:00:00,Venus,832.0
2020-07-08 08:00:00,Venus,772.0
2020-07-08 09:00:00,Venus,853.0
2020-07-08 10:00:00,Venus,976.0
2020-07-08 11:00:00,Venus,981.0
2020-07-08 12:00:00,Venus,936.0
2020-07-08 13:00:00,Venus,946.0
2020-07-08 14:00:00,Venus,933.0
2020-07-08 15:00:00,Venus,921.0
2020-07-08 16:00:00,Venus,1084.0
2020-07-08 17:00:00,Venus,1111.0
2020-07-08 18:00:00,Venus,933.0
2020-07-08 19:00:00,Venus,1191.0
2020-07-08 20:00:00,Venus,944.0
2020-07-08 21:00:00,Venus,932.0
2020-07-08 22:00:00,Venus,844.0
2020-07-08 23:00:00,Venus,892.0
2020-07-09 00:00:00,Venus,924.0
2020-07-09 01:00:00,Venus,877.0
2020-07-09 02:00:00,Venus,840.0
2020-07-09 03:00:00,Venus,818.0
2020-07-09 04:00:00,Venus,828.0
2020-07-09 05:00:00,Venus,802.0
2020-07-09 06:00:00,Venus,799.0
2020-07-09 07:00:00,Venus,793.0
2020-07-09 08:00:00,Venus,795.0
2020-07-09 09:00:00,Venus,808.0
2020-07-09 10:00:00,Venus,908.0
2020-07-09 11:00:00,Venus,954.0
2020-07-09 12:00:00,Venus,916.0
2020-07-09 13:00:00,Venus,902.0
2020-07-09 14:00:00,Venus,964.0
2020-07-09 15:00:00,Venus,1042.0
2020-07-09 16:00:00,Venus,988.0
2020-07-09 17:00:00,Venus,1298.0
2020-07-09 18:00:00,Venus,1682.0
2020-07-09 19:00:00,Venus,978.0
2020-07-09 20:00:00,Venus,1817.0
2020-07-09 21:00:00,Venus,1010.0
2020-07-09 22:00:00,Venus,880.0
2020-07-09 23:00:00,Venus,927.0
2020-07-10 00:00:00,Venus,1130.0
2020-07-10 01:00:00,Venus,871.0
2020-07-10 02:00:00,Venus,750.0
2020-07-10 03:00:00,Venus,734.0
2020-07-10 04:00:00,Venus,725.0
2020-07-10 05:00:00,Venus,727.0
2020-07-10 06:00:00,Venus,695.0
2020-07-10 07:00:00,Venus,695.0
2020-07-10 08:00:00,Venus,684.0
2020-07-10 09:00:00,Venus,843.0
2020-07-10 10:00:00,Venus,1073.0
2020-07-10 11:00:00,Venus,1738.0
2020-07-10 12:00:00,Venus,1346.0
2020-07-10 13:00:00,Venus,1001.0
2020-07-10 14:00:00,Venus,1085.0
2020-07-10 15:00:00,Venus,886.0
2020-07-10 16:00:00,Venus,927.0
2020-07-10 17:00:00,Venus,953.0
2020-07-10 18:00:00,Venus,885.0
2020-07-10 19:00:00,Venus,983.0
2020-07-10 20:00:00,Venus,898.0
2020-07-10 21:00:00,Venus,893.0
2020-07-10 22:00:00,Venus,1130.0
2020-07-10 23:00:00,Venus,884.0
2020-07-11 00:00:00,Venus,871.0
2020-07-11 01:00:00,Venus,885.0
2020-07-11 02:00:00,Venus,815.0
2020-07-11 03:00:00,Venus,826.0
2020-07-11 04:00:00,Venus,814.0
2020-07-11 05:00:00,Venus,767.0
2020-07-11 06:00:00,Venus,762.0
2020-07-11 07:00:00,Venus,779.0
2020-07-11 08:00:00,Venus,751.0
2020-07-11 09:00:00,Venus,723.0
2020-07-11 10:00:00,Venus,739.0
2020-07-11 11:00:00,Venus,786.0
2020-07-11 12:00:00,Venus,753.0
2020-07-11 13:00:00,Venus,733.0
2020-07-11 14:00:00,Venus,752.0
2020-07-11 15:00:00,Venus,771.0
2020-07-11 16:00:00,Venus,772.0
2020-07-11 17:00:00,Venus,820.0
2020-07-11 18:00:00,Venus,818.0
2020-07-11 19:00:00,Venus,824.0
2020-07-11 20:00:00,Venus,789.0
2020-07-11 21:00:00,Venus,779.0
2020-07-11 22:00:00,Venus,876.0
2020-07-11 23:00:00,Venus,884.0
2020-07-12 00:00:00,Venus,881.0
2020-07-12 01:00:00,Venus,805.0
2020-07-12 02:00:00,Venus,777.0
2020-07-12 03:00:00,Venus,780.0
2020-07-12 04:00:00,Venus,787.0
2020-07-12 05:00:00,Venus,763.0
2020-07-12 06:00:00,Venus,759.0
2020-07-12 07:00:00,Venus,735.0
2020-07-12 08:00:00,Venus,784.0
2020-07-12 09:00:00,Venus,749.0
2020-07-12 10:00:00,Venus,770.0
2020-07-12 11:00:00,Venus,836.0
2020-07-12 12:00:00,Venus,784.0
2020-07-12 13:00:00,Venus,905.0
2020-07-12 14:00:00,Venus,899.0
2020-07-12 15:00:00,Venus,890.0
2020-07-12 16:00:00,Venus,884.0
2020-07-12 17:00:00,Venus,834.0
2020-07-12 18:00:00,Venus,776.0
2020-07-12 19:00:00,Venus,778.0
2020-07-12 20:00:00,Venus,797.0
2020-07-12 21:00:00,Venus,812.0
2020-07-12 22:00:00,Venus,1334.0
2020-07-12 23:00:00,Venus,818.0
2020-07-13 00:00:00,Venus,1907.0
2020-07-13 01:00:00,Venus,3009.0
2020-07-13 02:00:00,Venus,782.0
2020-07-13 03:00:00,Venus,2455.0
2020-07-13 04:00:00,Venus,4780.0
2020-07-13 05:00:00,Venus,3276.0
2020-07-13 06:00:00,Venus,807.0
2020-07-13 07:00:00,Venus,810.0
2020-07-13 08:00:00,Venus,765.0
2020-07-13 09:00:00,Venus,762.0
2020-07-13 10:00:00,Venus,1086.0
2020-07-13 11:00:00,Venus,983.0
2020-07-13 12:00:00,Venus,1060.0
2020-07-13 13:00:00,Venus,952.0
2020-07-13 14:00:00,Venus,1015.0
2020-07-13 15:00:00,Venus,1465.0
2020-07-13 16:00:00,Venus,1285.0
2020-07-13 17:00:00,Venus,972.0
2020-07-13 18:00:00,Venus,977.0
2020-07-13 19:00:00,Venus,1079.0
2020-07-13 20:00:00,Venus,871.0
2020-07-13 21:00:00,Venus,898.0
2020-07-13 22:00:00,Venus,913.0
2020-07-13 23:00:00,Venus,914.0
2020-07-14 00:00:00,Venus,864.0
2020-07-14 01:00:00,Venus,835.0
2020-07-14 02:00:00,Venus,814.0
2020-07-14 03:00:00,Venus,779.0
2020-07-14 04:00:00,Venus,775.0
2020-07-14 05:00:00,Venus,775.0
2020-07-14 06:00:00,Venus,757.0
2020-07-14 07:00:00,Venus,740.0
2020-07-14 08:00:00,Venus,756.0
2020-07-14 09:00:00,Venus,864.0
2020-07-14 10:00:00,Venus,1080.0
2020-07-14 11:00:00,Venus,1072.0
2020-07-14 12:00:00,Venus,847.0
2020-07-14 13:00:00,Venus,1016.0
2020-07-14 14:00:00,Venus,1047.0
2020-07-14 15:00:00,Venus,1009.0
2020-07-14 16:00:00,Venus,959.0
2020-07-14 17:00:00,Venus,1003.0
2020-07-14 18:00:00,Venus,936.0
2020-07-14 19:00:00,Venus,1081.0
2020-07-14 20:00:00,Venus,1016.0
2020-07-14 21:00:00,Venus,919.0
2020-07-14 22:00:00,Venus,1020.0
2020-07-14 23:00:00,Venus,893.0
2020-07-15 00:00:00,Venus,933.0
2020-07-15 01:00:00,Venus,1141.0
2020-07-15 02:00:00,Venus,873.0
2020-07-15 03:00:00,Venus,1130.0
2020-07-15 04:00:00,Venus,3651.0
2020-07-15 05:00:00,Venus,1150.0
2020-07-15 06:00:00,Venus,1633.0
2020-07-15 07:00:00,Venus,4085.0
2020-07-15 08:00:00,Venus,4645.0
2020-07-15 09:00:00,Venus,9648.0
2020-07-15 10:00:00,Venus,5072.0
2020-07-15 11:00:00,Venus,3888.0
2020-07-15 12:00:00,Venus,937.0
2020-07-15 13:00:00,Venus,958.0
2020-07-15 14:00:00,Venus,1370.0
2020-07-15 15:00:00,Venus,1201.0
2020-07-15 16:00:00,Venus,952.0
2020-07-15 17:00:00,Venus,1206.0
2020-07-15 18:00:00,Venus,986.0
2020-07-15 19:00:00,Venus,966.0
2020-07-15 20:00:00,Venus,909.0
2020-07-15 21:00:00,Venus,1097.0
2020-07-15 22:00:00,Venus,930.0
2020-07-15 23:00:00,Venus,923.0
2020-07-16 00:00:00,Venus,1053.0
2020-07-16 01:00:00,Venus,910.0
2020-07-16 02:00:00,Venus,899.0
2020-07-16 03:00:00,Venus,898.0
2020-07-16 04:00:00,Venus,894.0
2020-07-16 05:00:00,Venus,901.0
2020-07-16 06:00:00,Venus,884.0
2020-07-16 07:00:00,Venus,890.0
2020-07-16 08:00:00,Venus,875.0
2020-07-16 09:00:00,Venus,1002.0
2020-07-16 10:00:00,Venus,1031.0
2020-07-16 11:00:00,Venus,1056.0
2020-07-16 12:00:00,Venus,973.0
2020-07-16 13:00:00,Venus,1004.0
2020-07-16 14:00:00,Venus,3722.0
2020-07-16 15:00:00,Venus,1239.0
2020-07-16 16:00:00,Venus,1412.0
2020-07-16 17:00:00,Venus,1182.0
2020-07-16 18:00:00,Venus,977.0
2020-07-16 19:00:00,Venus,1371.0
2020-07-16 20:00:00,Venus,1006.0
2020-07-16 21:00:00,Venus,1153.0
2020-07-16 22:00:00,Venus,932.0
2020-07-16 23:00:00,Venus,962.0
2020-07-17 00:00:00,Venus,1107.0
2020-07-17 01:00:00,Venus,978.0
2020-07-17 02:00:00,Venus,887.0
2020-07-17 03:00:00,Venus,1160.0
2020-07-17 04:00:00,Venus,511.0
2020-07-17 05:00:00,Venus,511.0
2020-07-17 06:00:00,Venus,503.0
2020-07-17 07:00:00,Venus,583.0
2020-07-17 08:00:00,Venus,568.0
2020-07-17 09:00:00,Venus,664.0
2020-07-17 10:00:00,Venus,1397.0
2020-07-17 11:00:00,Venus,965.0
2020-07-17 12:00:00,Venus,946.0
2020-07-17 13:00:00,Venus,976.0
2020-07-17 14:00:00,Venus,934.0
2020-07-17 15:00:00,Venus,968.0
2020-07-17 16:00:00,Venus,945.0
2020-07-17 17:00:00,Venus,1157.0
2020-07-17 18:00:00,Venus,1027.0
2020-07-17 19:00:00,Venus,1011.0
2020-07-17 20:00:00,Venus,955.0
2020-07-17 21:00:00,Venus,935.0
2020-07-17 22:00:00,Venus,954.0
2020-07-17 23:00:00,Venus,968.0
2020-07-18 00:00:00,Venus,954.0
2020-07-18 01:00:00,Venus,925.0
2020-07-18 02:00:00,Venus,914.0
2020-07-18 03:00:00,Venus,882.0
2020-07-18 04:00:00,Venus,874.0
2020-07-18 05:00:00,Venus,874.0
2020-07-18 06:00:00,Venus,880.0
2020-07-18 07:00:00,Venus,871.0
2020-07-18 08:00:00,Venus,968.0
2020-07-18 09:00:00,Venus,966.0
2020-07-18 10:00:00,Venus,916.0
2020-07-18 11:00:00,Venus,950.0
2020-07-18 12:00:00,Venus,1029.0
2020-07-18 13:00:00,Venus,962.0
2020-07-18 14:00:00,Venus,977.0
2020-07-18 15:00:00,Venus,927.0
2020-07-18 16:00:00,Venus,979.0
2020-07-18 17:00:00,Venus,968.0
2020-07-18 18:00:00,Venus,1077.0
2020-07-18 19:00:00,Venus,999.0
2020-07-18 20:00:00,Venus,976.0
2020-07-18 21:00:00,Venus,940.0
2020-07-18 22:00:00,Venus,948.0
2020-07-18 23:00:00,Venus,903.0
2020-07-19 00:00:00,Venus,896.0
2020-07-19 01:00:00,Venus,873.0
2020-07-19 02:00:00,Venus,884.0
2020-07-19 03:00:00,Venus,904.0
2020-07-19 04:00:00,Venus,872.0
2020-07-19 05:00:00,Venus,853.0
2020-07-19 06:00:00,Venus,853.0
2020-07-19 07:00:00,Venus,861.0
2020-07-19 08:00:00,Venus,859.0
2020-07-19 09:00:00,Venus,848.0
2020-07-19 10:00:00,Venus,919.0
2020-07-19 11:00:00,Venus,868.0
2020-07-19 12:00:00,Venus,826.0
2020-07-19 13:00:00,Venus,896.0
2020-07-19 14:00:00,Venus,875.0
2020-07-19 15:00:00,Venus,917.0
2020-07-19 16:00:00,Venus,896.0
2020-07-19 17:00:00,Venus,1025.0
2020-07-19 18:00:00,Venus,959.0
2020-07-19 19:00:00,Venus,977.0
2020-07-19 20:00:00,Venus,897.0
2020-07-19 21:00:00,Venus,1026.0
2020-07-19 22:00:00,Venus,974.0
2020-07-19 23:00:00,Venus,1146.0
2020-07-20 00:00:00,Venus,1023.0
2020-07-20 01:00:00,Venus,878.0
2020-07-20 02:00:00,Venus,883.0
2020-07-20 03:00:00,Venus,858.0
2020-07-20 04:00:00,Venus,834.0
2020-07-20 05:00:00,Venus,846.0
2020-07-20 06:00:00,Venus,808.0
2020-07-20 07:00:00,Venus,855.0
2020-07-20 08:00:00,Venus,859.0
2020-07-20 09:00:00,Venus,951.0
2020-07-20 10:00:00,Venus,933.0
2020-07-20 11:00:00,Venus,939.0
2020-07-20 12:00:00,Venus,1033.0
2020-07-20 13:00:00,Venus,960.0
2020-07-20 14:00:00,Venus,965.0
2020-07-20 15:00:00,Venus,1172.0
2020-07-20 16:00:00,Venus,1040.0
2020-07-20 17:00:00,Venus,1169.0
2020-07-20 18:00:00,Venus,1119.0
2020-07-20 19:00:00,Venus,1106.0
2020-07-20 20:00:00,Venus,1041.0
2020-07-20 21:00:00,Venus,1048.0
2020-07-20 22:00:00,Venus,1107.0
2020-07-20 23:00:00,Venus,1271.0
2020-07-21 00:00:00,Venus,1144.0
2020-07-21 01:00:00,Venus,1010.0
2020-07-21 02:00:00,Venus,990.0
2020-07-21 03:00:00,Venus,933.0
2020-07-21 04:00:00,Venus,949.0
2020-07-21 05:00:00,Venus,885.0
2020-07-21 06:00:00,Venus,923.0
2020-07-21 07:00:00,Venus,900.0
2020-07-21 08:00:00,Venus,902.0
2020-07-21 09:00:00,Venus,1004.0
2020-07-21 10:00:00,Venus,1174.0
2020-07-21 11:00:00,Venus,1168.0
2020-07-21 12:00:00,Venus,1201.0
2020-07-21 13:00:00,Venus,1256.0
2020-07-21 14:00:00,Venus,1284.0
2020-07-21 15:00:00,Venus,1294.0
2020-07-21 16:00:00,Venus,1204.0
2020-07-21 17:00:00,Venus,1472.0
2020-07-21 18:00:00,Venus,1226.0
2020-07-21 19:00:00,Venus,1425.0
2020-07-21 20:00:00,Venus,1416.0
2020-07-21 21:00:00,Venus,1346.0
2020-07-21 22:00:00,Venus,1133.0
2020-07-21 23:00:00,Venus,1018.0
2020-07-22 00:00:00,Venus,1006.0
2020-07-22 01:00:00,Venus,1008.0
2020-07-22 02:00:00,Venus,904.0
2020-07-22 03:00:00,Venus,857.0
2020-07-22 04:00:00,Venus,944.0
2020-07-22 05:00:00,Venus,855.0
2020-07-22 06:00:00,Venus,862.0
2020-07-22 07:00:00,Venus,854.0
2020-07-22 08:00:00,Venus,938.0
2020-07-22 09:00:00,Venus,1192.0
2020-07-22 10:00:00,Venus,1344.0
2020-07-22 11:00:00,Venus,1137.0
2020-07-22 12:00:00,Venus,1105.0
2020-07-22 13:00:00,Venus,1043.0
2020-07-22 14:00:00,Venus,1025.0
2020-07-22 15:00:00,Venus,1159.0
2020-07-22 16:00:00,Venus,1308.0
2020-07-22 17:00:00,Venus,1172.0
2020-07-22 18:00:00,Venus,1034.0
2020-07-22 19:00:00,Venus,1297.0
2020-07-22 20:00:00,Venus,2129.0
2020-07-22 21:00:00,Venus,1335.0
2020-07-22 22:00:00,Venus,1070.0
2020-07-22 23:00:00,Venus,1302.0
2020-07-23 00:00:00,Venus,1258.0
2020-07-23 01:00:00,Venus,1032.0
2020-07-23 02:00:00,Venus,1050.0
2020-07-23 03:00:00,Venus,959.0
2020-07-23 04:00:00,Venus,951.0
2020-07-23 05:00:00,Venus,947.0
2020-07-23 06:00:00,Venus,922.0
2020-07-23 07:00:00,Venus,913.0
2020-07-23 08:00:00,Venus,920.0
2020-07-23 09:00:00,Venus,984.0
2020-07-23 10:00:00,Venus,1043.0
2020-07-23 11:00:00,Venus,1445.0
2020-07-23 12:00:00,Venus,1051.0
2020-07-23 13:00:00,Venus,1355.0
2020-07-23 14:00:00,Venus,1118.0
2020-07-23 15:00:00,Venus,1121.0
2020-07-23 16:00:00,Venus,1383.0
2020-07-23 17:00:00,Venus,1570.0
2020-07-23 18:00:00,Venus,1203.0
2020-07-23 19:00:00,Venus,1333.0
2020-07-23 20:00:00,Venus,1048.0
2020-07-23 21:00:00,Venus,1105.0
2020-07-23 22:00:00,Venus,1051.0
2020-07-23 23:00:00,Venus,1141.0
2020-07-24 00:00:00,Venus,1121.0
2020-07-24 01:00:00,Venus,999.0
2020-07-24 02:00:00,Venus,922.0
2020-07-24 03:00:00,Venus,943.0
2020-07-24 04:00:00,Venus,943.0
2020-07-24 05:00:00,Venus,895.0
2020-07-24 06:00:00,Venus,887.0
2020-07-24 07:00:00,Venus,897.0
2020-07-24 08:00:00,Venus,881.0
2020-07-24 09:00:00,Venus,1133.0
2020-07-24 10:00:00,Venus,956.0
2020-07-24 11:00:00,Venus,1182.0
2020-07-24 12:00:00,Venus,1292.0
2020-07-24 13:00:00,Venus,1246.0
2020-07-24 14:00:00,Venus,1071.0
2020-07-24 15:00:00,Venus,1072.0
2020-07-24 16:00:00,Venus,1053.0
2020-07-24 17:00:00,Venus,1056.0
2020-07-24 18:00:00,Venus,1168.0
2020-07-24 19:00:00,Venus,941.0
2020-07-24 20:00:00,Venus,983.0
2020-07-24 21:00:00,Venus,981.0
2020-07-24 22:00:00,Venus,933.0
2020-07-24 23:00:00,Venus,960.0
2020-07-25 00:00:00,Venus,891.0
2020-07-25 01:00:00,Venus,893.0
2020-07-25 02:00:00,Venus,906.0
2020-07-25 03:00:00,Venus,878.0
2020-07-25 04:00:00,Venus,1090.0
2020-07-25 05:00:00,Venus,892.0
2020-07-25 06:00:00,Venus,883.0
2020-07-25 07:00:00,Venus,874.0
2020-07-25 08:00:00,Venus,822.0
2020-07-25 09:00:00,Venus,829.0
2020-07-25 10:00:00,Venus,844.0
2020-07-25 11:00:00,Venus,840.0
2020-07-25 12:00:00,Venus,849.0
2020-07-25 13:00:00,Venus,865.0
2020-07-25 14:00:00,Venus,898.0
2020-07-25 15:00:00,Venus,1015.0
2020-07-25 16:00:00,Venus,1132.0
2020-07-25 17:00:00,Venus,951.0
2020-07-25 18:00:00,Venus,880.0
2020-07-25 19:00:00,Venus,948.0
2020-07-25 20:00:00,Venus,949.0
2020-07-25 21:00:00,Venus,911.0
2020-07-25 22:00:00,Venus,1001.0
2020-07-25 23:00:00,Venus,994.0
2020-07-26 00:00:00,Venus,993.0
2020-07-26 01:00:00,Venus,895.0
2020-07-26 02:00:00,Venus,846.0
2020-07-26 03:00:00,Venus,829.0
2020-07-26 04:00:00,Venus,823.0
2020-07-26 05:00:00,Venus,820.0
2020-07-26 06:00:00,Venus,812.0
2020-07-26 07:00:00,Venus,808.0
2020-07-26 08:00:00,Venus,787.0
2020-07-26 09:00:00,Venus,800.0
2020-07-26 10:00:00,Venus,909.0
2020-07-26 11:00:00,Venus,841.0
2020-07-26 12:00:00,Venus,1006.0
2020-07-26 13:00:00,Venus,828.0
2020-07-26 14:00:00,Venus,796.0
2020-07-26 15:00:00,Venus,937.0
2020-07-26 16:00:00,Venus,921.0
2020-07-26 17:00:00,Venus,969.0
2020-07-26 18:00:00,Venus,771.0
2020-07-26 19:00:00,Venus,709.0
2020-07-26 20:00:00,Venus,709.0
2020-07-26 21:00:00,Venus,843.0
2020-07-26 22:00:00,Venus,729.0
2020-07-26 23:00:00,Venus,850.0
2020-07-27 00:00:00,Venus,842.0
2020-07-27 01:00:00,Venus,770.0
2020-07-27 02:00:00,Venus,756.0
2020-07-27 03:00:00,Venus,760.0
2020-07-27 04:00:00,Venus,750.0
2020-07-27 05:00:00,Venus,742.0
2020-07-27 06:00:00,Venus,741.0
2020-07-27 07:00:00,Venus,749.0
2020-07-27 08:00:00,Venus,777.0
2020-07-27 09:00:00,Venus,837.0
2020-07-27 10:00:00,Venus,860.0
2020-07-27 11:00:00,Venus,914.0
2020-07-27 12:00:00,Venus,894.0
2020-07-27 13:00:00,Venus,1008.0
2020-07-27 14:00:00,Venus,917.0
2020-07-27 15:00:00,Venus,946.0
2020-07-27 16:00:00,Venus,1111.0
2020-07-27 17:00:00,Venus,1043.0
2020-07-27 18:00:00,Venus,1050.0
2020-07-27 19:00:00,Venus,1015.0
2020-07-27 20:00:00,Venus,1091.0
2020-07-27 21:00:00,Venus,1041.0
2020-07-27 22:00:00,Venus,998.0
2020-07-27 23:00:00,Venus,1103.0
2020-07-28 00:00:00,Venus,996.0
2020-07-28 01:00:00,Venus,918.0
2020-07-28 02:00:00,Venus,904.0
2020-07-28 03:00:00,Venus,878.0
2020-07-28 04:00:00,Venus,846.0
2020-07-28 05:00:00,Venus,834.0
2020-07-28 06:00:00,Venus,822.0
2020-07-28 07:00:00,Venus,816.0
2020-07-28 08:00:00,Venus,808.0
2020-07-28 09:00:00,Venus,947.0
2020-07-28 10:00:00,Venus,910.0
2020-07-28 11:00:00,Venus,917.0
2020-07-28 12:00:00,Venus,868.0
2020-07-28 13:00:00,Venus,901.0
2020-07-28 14:00:00,Venus,1312.0
2020-07-28 15:00:00,Venus,1211.0
2020-07-28 16:00:00,Venus,1152.0
2020-07-28 17:00:00,Venus,1201.0
2020-07-28 18:00:00,Venus,944.0
2020-07-28 19:00:00,Venus,1058.0
2020-07-28 20:00:00,Venus,1045.0
2020-07-28 21:00:00,Venus,1115.0
2020-07-28 22:00:00,Venus,1110.0
2020-07-28 23:00:00,Venus,1085.0
2020-07-29 00:00:00,Venus,967.0
2020-07-29 01:00:00,Venus,937.0
2020-07-29 02:00:00,Venus,953.0
2020-07-29 03:00:00,Venus,969.0
2020-07-29 04:00:00,Venus,944.0
2020-07-29 05:00:00,Venus,934.0
2020-07-29 06:00:00,Venus,901.0
2020-07-29 07:00:00,Venus,898.0
2020-07-29 08:00:00,Venus,879.0
2020-07-29 09:00:00,Venus,948.0
2020-07-29 10:00:00,Venus,1083.0
2020-07-29 11:00:00,Venus,1144.0
2020-07-29 12:00:00,Venus,972.0
2020-07-29 13:00:00,Venus,1051.0
2020-07-29 14:00:00,Venus,1174.0
2020-07-29 15:00:00,Venus,1144.0
2020-07-29 16:00:00,Venus,1070.0
2020-07-29 17:00:00,Venus,1185.0
2020-07-29 18:00:00,Venus,1032.0
2020-07-29 19:00:00,Venus,1126.0
2020-07-29 20:00:00,Venus,1258.0
2020-07-29 21:00:00,Venus,1168.0
2020-07-29 22:00:00,Venus,1045.0
2020-07-29 23:00:00,Venus,1157.0
2020-07-30 00:00:00,Venus,1092.0
2020-07-30 01:00:00,Venus,1026.0
2020-07-30 02:00:00,Venus,999.0
2020-07-30 03:00:00,Venus,973.0
2020-07-30 04:00:00,Venus,964.0
2020-07-30 05:00:00,Venus,924.0
2020-07-30 06:00:00,Venus,867.0
2020-07-30 07:00:00,Venus,863.0
2020-07-30 08:00:00,Venus,863.0
2020-07-30 09:00:00,Venus,916.0
2020-07-30 10:00:00,Venus,1075.0
2020-07-30 11:00:00,Venus,1272.0
2020-07-30 12:00:00,Venus,1209.0
2020-07-30 13:00:00,Venus,1202.0
2020-07-30 14:00:00,Venus,1244.0
2020-07-30 15:00:00,Venus,1392.0
2020-07-30 16:00:00,Venus,1174.0
2020-07-30 17:00:00,Venus,1195.0
2020-07-30 18:00:00,Venus,1137.0
2020-07-30 19:00:00,Venus,1231.0
2020-07-30 20:00:00,Venus,1137.0
2020-07-30 21:00:00,Venus,1400.0
2020-07-30 22:00:00,Venus,1242.0
2020-07-30 23:00:00,Venus,1000.0
2020-07-31 00:00:00,Venus,958.0
2020-07-31 01:00:00,Venus,971.0
2020-07-31 02:00:00,Venus,983.0
2020-07-31 03:00:00,Venus,945.0
2020-07-31 04:00:00,Venus,883.0
2020-07-31 05:00:00,Venus,886.0
2020-07-31 06:00:00,Venus,878.0
2020-07-31 07:00:00,Venus,858.0
2020-07-31 08:00:00,Venus,913.0
2020-07-31 09:00:00,Venus,1007.0
2020-07-31 10:00:00,Venus,1068.0
2020-07-31 11:00:00,Venus,1369.0
2020-07-31 12:00:00,Venus,1054.0
2020-07-31 13:00:00,Venus,1010.0
2020-07-31 14:00:00,Venus,983.0
2020-07-31 15:00:00,Venus,1070.0
2020-07-31 16:00:00,Venus,1038.0
2020-07-31 17:00:00,Venus,1145.0
2020-07-31 18:00:00,Venus,1112.0
2020-07-31 19:00:00,Venus,921.0
2020-07-31 20:00:00,Venus,1030.0
2020-07-31 21:00:00,Venus,895.0
2020-07-31 22:00:00,Venus,958.0
2020-07-31 23:00:00,Venus,878.0
2020-08-01 00:00:00,Venus,877.0
2020-08-01 01:00:00,Venus,834.0
2020-08-01 02:00:00,Venus,934.0
2020-08-01 03:00:00,Venus,947.0
2020-08-01 04:00:00,Venus,899.0
2020-08-01 05:00:00,Venus,899.0
2020-08-01 06:00:00,Venus,891.0
2020-08-01 07:00:00,Venus,850.0
2020-08-01 08:00:00,Venus,840.0
2020-08-01 09:00:00,Venus,854.0
2020-08-01 10:00:00,Venus,869.0
2020-08-01 11:00:00,Venus,877.0
2020-08-01 12:00:00,Venus,949.0
2020-08-01 13:00:00,Venus,985.0
2020-08-01 14:00:00,Venus,1122.0
2020-08-01 15:00:00,Venus,936.0
2020-08-01 16:00:00,Venus,1107.0
2020-08-01 17:00:00,Venus,1087.0
2020-08-01 18:00:00,Venus,966.0
2020-08-01 19:00:00,Venus,944.0
2020-08-01 20:00:00,Venus,1021.0
2020-08-01 21:00:00,Venus,1107.0
2020-08-01 22:00:00,Venus,999.0
2020-08-01 23:00:00,Venus,1007.0
2020-08-02 00:00:00,Venus,927.0
2020-08-02 01:00:00,Venus,989.0
2020-08-02 02:00:00,Venus,869.0
2020-08-02 03:00:00,Venus,860.0
2020-08-02 04:00:00,Venus,828.0
2020-08-02 05:00:00,Venus,826.0
2020-08-02 06:00:00,Venus,817.0
2020-08-02 07:00:00,Venus,817.0
2020-08-02 08:00:00,Venus,821.0
2020-08-02 09:00:00,Venus,834.0
2020-08-02 10:00:00,Venus,825.0
2020-08-02 11:00:00,Venus,829.0
2020-08-02 12:00:00,Venus,831.0
2020-08-02 13:00:00,Venus,864.0
2020-08-02 14:00:00,Venus,949.0
2020-08-02 15:00:00,Venus,1166.0
2020-08-02 16:00:00,Venus,1164.0
2020-08-02 17:00:00,Venus,1149.0
2020-08-02 18:00:00,Venus,1094.0
2020-08-02 19:00:00,Venus,1098.0
2020-08-02 20:00:00,Venus,1051.0
2020-08-02 21:00:00,Venus,970.0
2020-08-02 22:00:00,Venus,960.0
2020-08-02 23:00:00,Venus,888.0
2020-08-03 00:00:00,Venus,941.0
2020-08-03 01:00:00,Venus,969.0
2020-08-03 02:00:00,Venus,864.0
2020-08-03 03:00:00,Venus,882.0
2020-08-03 04:00:00,Venus,850.0
2020-08-03 05:00:00,Venus,913.0
2020-08-03 06:00:00,Venus,832.0
2020-08-03 07:00:00,Venus,827.0
2020-08-03 08:00:00,Venus,836.0
2020-08-03 09:00:00,Venus,829.0
2020-08-03 10:00:00,Venus,963.0
2020-08-03 11:00:00,Venus,972.0
2020-08-03 12:00:00,Venus,887.0
2020-08-03 13:00:00,Venus,906.0
2020-08-03 14:00:00,Venus,1014.0
2020-08-03 15:00:00,Venus,1040.0
2020-08-03 16:00:00,Venus,1042.0
2020-08-03 17:00:00,Venus,1032.0
2020-08-03 18:00:00,Venus,1323.0
2020-08-03 19:00:00,Venus,1127.0
2020-08-03 20:00:00,Venus,1088.0
2020-08-03 21:00:00,Venus,1110.0
2020-08-03 22:00:00,Venus,1034.0
2020-08-03 23:00:00,Venus,1045.0
2020-08-04 00:00:00,Venus,1141.0
2020-08-04 01:00:00,Venus,980.0
2020-08-04 02:00:00,Venus,937.0
2020-08-04 03:00:00,Venus,924.0
2020-08-04 04:00:00,Venus,886.0
2020-08-04 05:00:00,Venus,869.0
2020-08-04 06:00:00,Venus,855.0
2020-08-04 07:00:00,Venus,900.0
2020-08-04 08:00:00,Venus,891.0
2020-08-04 09:00:00,Venus,867.0
2020-08-04 10:00:00,Venus,997.0
2020-08-04 11:00:00,Venus,1075.0
2020-08-04 12:00:00,Venus,1068.0
2020-08-04 13:00:00,Venus,1062.0
2020-08-04 14:00:00,Venus,1027.0
2020-08-04 15:00:00,Venus,1124.0
2020-08-04 16:00:00,Venus,1133.0
2020-08-04 17:00:00,Venus,1052.0
2020-08-04 18:00:00,Venus,1052.0
2020-08-04 19:00:00,Venus,1108.0
2020-08-04 20:00:00,Venus,1096.0
2020-08-04 21:00:00,Venus,1168.0
2020-08-04 22:00:00,Venus,1046.0
2020-08-04 23:00:00,Venus,1075.0
2020-08-05 00:00:00,Venus,1137.0
2020-08-05 01:00:00,Venus,1001.0
2020-08-05 02:00:00,Venus,1018.0
2020-08-05 03:00:00,Venus,917.0
2020-08-05 04:00:00,Venus,965.0
2020-08-05 05:00:00,Venus,907.0
2020-08-05 06:00:00,Venus,906.0
2020-08-05 07:00:00,Venus,915.0
2020-08-05 08:00:00,Venus,907.0
2020-08-05 09:00:00,Venus,934.0
2020-08-05 10:00:00,Venus,977.0
2020-08-05 11:00:00,Venus,1007.0
2020-08-05 12:00:00,Venus,1084.0
2020-08-05 13:00:00,Venus,1098.0
2020-08-05 14:00:00,Venus,1085.0
2020-08-05 15:00:00,Venus,1089.0
2020-08-05 16:00:00,Venus,1233.0
2020-08-05 17:00:00,Venus,1130.0
2020-08-05 18:00:00,Venus,1110.0
2020-08-05 19:00:00,Venus,1199.0
2020-08-05 20:00:00,Venus,1042.0
2020-08-05 21:00:00,Venus,1085.0
2020-08-05 22:00:00,Venus,995.0
2020-08-05 23:00:00,Venus,1097.0
2020-08-06 00:00:00,Venus,1103.0
2020-08-06 01:00:00,Venus,1093.0
2020-08-06 02:00:00,Venus,1114.0
2020-08-06 03:00:00,Venus,965.0
2020-08-06 04:00:00,Venus,943.0
2020-08-06 05:00:00,Venus,936.0
2020-08-06 06:00:00,Venus,929.0
2020-08-06 07:00:00,Venus,933.0
2020-08-06 08:00:00,Venus,918.0
2020-08-06 09:00:00,Venus,979.0
2020-08-06 10:00:00,Venus,1169.0
2020-08-06 11:00:00,Venus,1213.0
2020-08-06 12:00:00,Venus,1053.0
2020-08-06 13:00:00,Venus,1147.0
2020-08-06 14:00:00,Venus,1145.0
2020-08-06 15:00:00,Venus,1112.0
2020-08-06 16:00:00,Venus,1062.0
2020-08-06 17:00:00,Venus,1139.0
2020-08-06 18:00:00,Venus,1178.0
2020-08-06 19:00:00,Venus,1016.0
2020-08-06 20:00:00,Venus,985.0
2020-08-06 21:00:00,Venus,969.0
2020-08-06 22:00:00,Venus,972.0
2020-08-06 23:00:00,Venus,980.0
2020-08-07 00:00:00,Venus,928.0
2020-08-07 01:00:00,Venus,951.0
2020-08-07 02:00:00,Venus,919.0
2020-08-07 03:00:00,Venus,934.0
2020-08-07 04:00:00,Venus,969.0
2020-08-07 05:00:00,Venus,899.0
2020-08-07 06:00:00,Venus,903.0
2020-08-07 07:00:00,Venus,965.0
2020-08-07 08:00:00,Venus,873.0
2020-08-07 09:00:00,Venus,1132.0
2020-08-07 10:00:00,Venus,1122.0
2020-08-07 11:00:00,Venus,1326.0
2020-08-07 12:00:00,Venus,1110.0
2020-08-07 13:00:00,Venus,1071.0
2020-08-07 14:00:00,Venus,1119.0
2020-08-07 15:00:00,Venus,1074.0
2020-08-07 16:00:00,Venus,1189.0
2020-08-07 17:00:00,Venus,1217.0
2020-08-07 18:00:00,Venus,1239.0
2020-08-07 19:00:00,Venus,1047.0
2020-08-07 20:00:00,Venus,1111.0
2020-08-07 21:00:00,Venus,1106.0
2020-08-07 22:00:00,Venus,1100.0
2020-08-07 23:00:00,Venus,1099.0
2020-08-08 00:00:00,Venus,989.0
2020-08-08 01:00:00,Venus,1076.0
2020-08-08 02:00:00,Venus,1077.0
2020-08-08 03:00:00,Venus,1027.0
2020-08-08 04:00:00,Venus,1067.0
2020-08-08 05:00:00,Venus,996.0
2020-08-08 06:00:00,Venus,985.0
2020-08-08 07:00:00,Venus,944.0
2020-08-08 08:00:00,Venus,933.0
2020-08-08 09:00:00,Venus,912.0
2020-08-08 10:00:00,Venus,946.0
2020-08-08 11:00:00,Venus,988.0
2020-08-08 12:00:00,Venus,1061.0
2020-08-08 13:00:00,Venus,1092.0
2020-08-08 14:00:00,Venus,1077.0
2020-08-08 15:00:00,Venus,918.0
2020-08-08 16:00:00,Venus,1115.0
2020-08-08 17:00:00,Venus,1143.0
2020-08-08 18:00:00,Venus,928.0
2020-08-08 19:00:00,Venus,1120.0
2020-08-08 20:00:00,Venus,1184.0
2020-08-08 21:00:00,Venus,993.0
2020-08-08 22:00:00,Venus,992.0
2020-08-08 23:00:00,Venus,933.0
2020-08-09 00:00:00,Venus,1027.0
2020-08-09 01:00:00,Venus,914.0
2020-08-09 02:00:00,Venus,888.0
2020-08-09 03:00:00,Venus,878.0
2020-08-09 04:00:00,Venus,880.0
2020-08-09 05:00:00,Venus,872.0
2020-08-09 06:00:00,Venus,855.0
2020-08-09 07:00:00,Venus,856.0
2020-08-09 08:00:00,Venus,855.0
2020-08-09 09:00:00,Venus,965.0
2020-08-09 10:00:00,Venus,950.0
2020-08-09 11:00:00,Venus,1110.0
2020-08-09 12:00:00,Venus,948.0
2020-08-09 13:00:00,Venus,897.0
2020-08-09 14:00:00,Venus,993.0
2020-08-09 15:00:00,Venus,1097.0
2020-08-09 16:00:00,Venus,962.0
2020-08-09 17:00:00,Venus,994.0
2020-08-09 18:00:00,Venus,1012.0
2020-08-09 19:00:00,Venus,1053.0
2020-08-09 20:00:00,Venus,962.0
2020-08-09 21:00:00,Venus,960.0
2020-08-09 22:00:00,Venus,993.0
2020-08-09 23:00:00,Venus,905.0
2020-08-10 00:00:00,Venus,978.0
2020-08-10 01:00:00,Venus,946.0
2020-08-10 02:00:00,Venus,926.0
2020-08-10 03:00:00,Venus,910.0
2020-08-10 04:00:00,Venus,902.0
2020-08-10 05:00:00,Venus,910.0
2020-08-10 06:00:00,Venus,883.0
2020-08-10 07:00:00,Venus,862.0
2020-08-10 08:00:00,Venus,862.0
2020-08-10 09:00:00,Venus,1054.0
2020-08-10 10:00:00,Venus,1073.0
2020-08-10 11:00:00,Venus,1105.0
2020-08-10 12:00:00,Venus,1232.0
2020-08-10 13:00:00,Venus,1097.0
2020-08-10 14:00:00,Venus,1192.0
2020-08-10 15:00:00,Venus,1179.0
2020-08-10 16:00:00,Venus,1132.0
2020-08-10 17:00:00,Venus,1068.0
2020-08-10 18:00:00,Venus,1020.0
2020-08-10 19:00:00,Venus,1104.0
2020-08-10 20:00:00,Venus,968.0
2020-08-10 21:00:00,Venus,940.0
2020-08-10 22:00:00,Venus,1077.0
2020-08-10 23:00:00,Venus,1217.0
2020-08-11 00:00:00,Venus,1058.0
2020-08-11 01:00:00,Venus,1126.0
2020-08-11 02:00:00,Venus,1037.0
2020-08-11 03:00:00,Venus,932.0
2020-08-11 04:00:00,Venus,796.0
2020-08-11 05:00:00,Venus,773.0
2020-08-11 06:00:00,Venus,749.0
2020-08-11 07:00:00,Venus,726.0
2020-08-11 08:00:00,Venus,715.0
2020-08-11 09:00:00,Venus,768.0
2020-08-11 10:00:00,Venus,1001.0
2020-08-11 11:00:00,Venus,1585.0
2020-08-11 12:00:00,Venus,994.0
2020-08-11 13:00:00,Venus,1095.0
2020-08-11 14:00:00,Venus,1104.0
2020-08-11 15:00:00,Venus,1079.0
2020-08-11 16:00:00,Venus,1008.0
2020-08-11 17:00:00,Venus,935.0
2020-08-11 18:00:00,Venus,1016.0
2020-08-11 19:00:00,Venus,928.0
2020-08-11 20:00:00,Venus,961.0
2020-08-11 21:00:00,Venus,1123.0
2020-08-11 22:00:00,Venus,982.0
2020-08-11 23:00:00,Venus,1074.0
2020-08-12 00:00:00,Venus,964.0
2020-08-12 01:00:00,Venus,910.0
2020-08-12 02:00:00,Venus,896.0
2020-08-12 03:00:00,Venus,836.0
2020-08-12 04:00:00,Venus,850.0
2020-08-12 05:00:00,Venus,853.0
2020-08-12 06:00:00,Venus,785.0
2020-08-12 07:00:00,Venus,748.0
2020-08-12 08:00:00,Venus,741.0
2020-08-12 09:00:00,Venus,793.0
2020-08-12 10:00:00,Venus,878.0
2020-08-12 11:00:00,Venus,977.0
2020-08-12 12:00:00,Venus,1030.0
2020-08-12 13:00:00,Venus,959.0
2020-08-12 14:00:00,Venus,1035.0
2020-08-12 15:00:00,Venus,1223.0
2020-08-12 16:00:00,Venus,1410.0
2020-08-12 17:00:00,Venus,1212.0
2020-08-12 18:00:00,Venus,991.0
2020-08-12 19:00:00,Venus,1609.0
2020-08-12 20:00:00,Venus,1685.0
2020-08-12 21:00:00,Venus,1318.0
2020-08-12 22:00:00,Venus,1458.0
2020-08-12 23:00:00,Venus,1256.0
2020-08-13 00:00:00,Venus,1065.0
2020-08-13 01:00:00,Venus,1028.0
2020-08-13 02:00:00,Venus,879.0
2020-08-13 03:00:00,Venus,811.0
2020-08-13 04:00:00,Venus,824.0
2020-08-13 05:00:00,Venus,819.0
2020-08-13 06:00:00,Venus,797.0
2020-08-13 07:00:00,Venus,792.0
2020-08-13 08:00:00,Venus,811.0
2020-08-13 09:00:00,Venus,900.0
2020-08-13 10:00:00,Venus,1306.0
2020-08-13 11:00:00,Venus,1569.0
2020-08-13 12:00:00,Venus,1323.0
2020-08-13 13:00:00,Venus,1899.0
2020-08-13 14:00:00,Venus,1545.0
2020-08-13 15:00:00,Venus,1635.0
2020-08-13 16:00:00,Venus,2031.0
2020-08-13 17:00:00,Venus,1597.0
2020-08-13 18:00:00,Venus,1073.0
2020-08-13 19:00:00,Venus,1291.0
2020-08-13 20:00:00,Venus,954.0
2020-08-13 21:00:00,Venus,1028.0
2020-08-13 22:00:00,Venus,968.0
2020-08-13 23:00:00,Venus,1045.0
2020-08-14 00:00:00,Venus,1385.0
2020-08-14 01:00:00,Venus,1095.0
2020-08-14 02:00:00,Venus,927.0
2020-08-14 03:00:00,Venus,918.0
2020-08-14 04:00:00,Venus,874.0
2020-08-14 05:00:00,Venus,882.0
2020-08-14 06:00:00,Venus,866.0
2020-08-14 07:00:00,Venus,885.0
2020-08-14 08:00:00,Venus,864.0
2020-08-14 09:00:00,Venus,934.0
2020-08-14 10:00:00,Venus,1016.0
2020-08-14 11:00:00,Venus,1178.0
2020-08-14 12:00:00,Venus,1079.0
2020-08-14 13:00:00,Venus,1140.0
2020-08-14 14:00:00,Venus,1086.0
2020-08-14 15:00:00,Venus,1206.0
2020-08-14 16:00:00,Venus,1075.0
2020-08-14 17:00:00,Venus,1032.0
2020-08-14 18:00:00,Venus,1093.0
2020-08-14 19:00:00,Venus,1003.0
2020-08-14 20:00:00,Venus,1002.0
2020-08-14 21:00:00,Venus,999.0
2020-08-14 22:00:00,Venus,1000.0
2020-08-14 23:00:00,Venus,925.0
2020-08-15 00:00:00,Venus,928.0
2020-08-15 01:00:00,Venus,893.0
2020-08-15 02:00:00,Venus,927.0
2020-08-15 03:00:00,Venus,876.0
2020-08-15 04:00:00,Venus,883.0
2020-08-15 05:00:00,Venus,877.0
2020-08-15 06:00:00,Venus,869.0
2020-08-15 07:00:00,Venus,850.0
2020-08-15 08:00:00,Venus,840.0
2020-08-15 09:00:00,Venus,841.0
2020-08-15 10:00:00,Venus,868.0
2020-08-15 11:00:00,Venus,871.0
2020-08-15 12:00:00,Venus,889.0
2020-08-15 13:00:00,Venus,858.0
2020-08-15 14:00:00,Venus,937.0
2020-08-15 15:00:00,Venus,964.0
2020-08-15 16:00:00,Venus,1043.0
2020-08-15 17:00:00,Venus,921.0
2020-08-15 18:00:00,Venus,943.0
2020-08-15 19:00:00,Venus,868.0
2020-08-15 20:00:00,Venus,855.0
2020-08-15 21:00:00,Venus,839.0
2020-08-15 22:00:00,Venus,912.0
2020-08-15 23:00:00,Venus,847.0
2020-08-16 00:00:00,Venus,767.0
2020-08-16 01:00:00,Venus,770.0
2020-08-16 02:00:00,Venus,749.0
2020-08-16 03:00:00,Venus,741.0
2020-08-16 04:00:00,Venus,733.0
2020-08-16 05:00:00,Venus,758.0
2020-08-16 06:00:00,Venus,734.0
2020-08-16 07:00:00,Venus,733.0
2020-08-16 08:00:00,Venus,737.0
2020-08-16 09:00:00,Venus,865.0
2020-08-16 10:00:00,Venus,816.0
2020-08-16 11:00:00,Venus,872.0
2020-08-16 12:00:00,Venus,833.0
2020-08-16 13:00:00,Venus,781.0
2020-08-16 14:00:00,Venus,926.0
2020-08-16 15:00:00,Venus,1025.0
2020-08-16 16:00:00,Venus,932.0
2020-08-16 17:00:00,Venus,901.0
2020-08-16 18:00:00,Venus,929.0
2020-08-16 19:00:00,Venus,944.0
2020-08-16 20:00:00,Venus,878.0
2020-08-16 21:00:00,Venus,895.0
2020-08-16 22:00:00,Venus,986.0
2020-08-16 23:00:00,Venus,974.0
2020-08-17 00:00:00,Venus,921.0
2020-08-17 01:00:00,Venus,895.0
2020-08-17 02:00:00,Venus,910.0
2020-08-17 03:00:00,Venus,893.0
2020-08-17 04:00:00,Venus,896.0
2020-08-17 05:00:00,Venus,894.0
2020-08-17 06:00:00,Venus,878.0
2020-08-17 07:00:00,Venus,880.0
2020-08-17 08:00:00,Venus,872.0
2020-08-17 09:00:00,Venus,909.0
2020-08-17 10:00:00,Venus,945.0
2020-08-17 11:00:00,Venus,1062.0
2020-08-17 12:00:00,Venus,905.0
2020-08-17 13:00:00,Venus,897.0
2020-08-17 14:00:00,Venus,929.0
2020-08-17 15:00:00,Venus,1093.0
2020-08-17 16:00:00,Venus,1045.0
2020-08-17 17:00:00,Venus,992.0
2020-08-17 18:00:00,Venus,898.0
2020-08-17 19:00:00,Venus,978.0
2020-08-17 20:00:00,Venus,1287.0
2020-08-17 21:00:00,Venus,1162.0
2020-08-17 22:00:00,Venus,1059.0
2020-08-17 23:00:00,Venus,990.0
2020-08-18 00:00:00,Venus,1015.0
2020-08-18 01:00:00,Venus,1153.0
2020-08-18 02:00:00,Venus,1185.0
2020-08-18 03:00:00,Venus,965.0
2020-08-18 04:00:00,Venus,892.0
2020-08-18 05:00:00,Venus,908.0
2020-08-18 06:00:00,Venus,896.0
2020-08-18 07:00:00,Venus,883.0
2020-08-18 08:00:00,Venus,886.0
2020-08-18 09:00:00,Venus,968.0
2020-08-18 10:00:00,Venus,1046.0
2020-08-18 11:00:00,Venus,978.0
2020-08-18 12:00:00,Venus,1005.0
2020-08-18 13:00:00,Venus,1009.0
2020-08-18 14:00:00,Venus,1139.0
2020-08-18 15:00:00,Venus,1135.0
2020-08-18 16:00:00,Venus,1194.0
2020-08-18 17:00:00,Venus,1395.0
2020-08-18 18:00:00,Venus,1300.0
2020-08-18 19:00:00,Venus,1191.0
2020-08-18 20:00:00,Venus,1725.0
2020-08-18 21:00:00,Venus,1067.0
2020-08-18 22:00:00,Venus,1099.0
2020-08-18 23:00:00,Venus,1022.0
2020-08-19 00:00:00,Venus,1069.0
2020-08-19 01:00:00,Venus,1048.0
2020-08-19 02:00:00,Venus,936.0
2020-08-19 03:00:00,Venus,888.0
2020-08-19 04:00:00,Venus,873.0
2020-08-19 05:00:00,Venus,865.0
2020-08-19 06:00:00,Venus,850.0
2020-08-19 07:00:00,Venus,822.0
2020-08-19 08:00:00,Venus,831.0
2020-08-19 09:00:00,Venus,783.0
2020-08-19 10:00:00,Venus,873.0
2020-08-19 11:00:00,Venus,1172.0
2020-08-19 12:00:00,Venus,1346.0
2020-08-19 13:00:00,Venus,1310.0
2020-08-19 14:00:00,Venus,1518.0
2020-08-19 15:00:00,Venus,1735.0
2020-08-19 16:00:00,Venus,1215.0
2020-08-19 17:00:00,Venus,1534.0
2020-08-19 18:00:00,Venus,1057.0
2020-08-19 19:00:00,Venus,1193.0
2020-08-19 20:00:00,Venus,1477.0
2020-08-19 21:00:00,Venus,1184.0
2020-08-19 22:00:00,Venus,1160.0
2020-08-19 23:00:00,Venus,1022.0
2020-08-20 00:00:00,Venus,1066.0
2020-08-20 01:00:00,Venus,1192.0
2020-08-20 02:00:00,Venus,1057.0
2020-08-20 03:00:00,Venus,1322.0
2020-08-20 04:00:00,Venus,946.0
2020-08-20 05:00:00,Venus,918.0
2020-08-20 06:00:00,Venus,911.0
2020-08-20 07:00:00,Venus,950.0
2020-08-20 08:00:00,Venus,914.0
2020-08-20 09:00:00,Venus,943.0
2020-08-20 10:00:00,Venus,985.0
2020-08-20 11:00:00,Venus,1352.0
2020-08-20 12:00:00,Venus,1051.0
2020-08-20 13:00:00,Venus,1034.0
2020-08-20 14:00:00,Venus,1495.0
2020-08-20 15:00:00,Venus,1376.0
2020-08-20 16:00:00,Venus,1294.0
2020-08-20 17:00:00,Venus,1186.0
2020-08-20 18:00:00,Venus,1085.0
2020-08-20 19:00:00,Venus,1108.0
2020-08-20 20:00:00,Venus,1077.0
2020-08-20 21:00:00,Venus,1206.0
2020-08-20 22:00:00,Venus,1085.0
2020-08-20 23:00:00,Venus,984.0
2020-08-21 00:00:00,Venus,937.0
2020-08-21 01:00:00,Venus,960.0
2020-08-21 02:00:00,Venus,918.0
2020-08-21 03:00:00,Venus,920.0
2020-08-21 04:00:00,Venus,913.0
2020-08-21 05:00:00,Venus,900.0
2020-08-21 06:00:00,Venus,908.0
2020-08-21 07:00:00,Venus,959.0
2020-08-21 08:00:00,Venus,951.0
2020-08-21 09:00:00,Venus,1027.0
2020-08-21 10:00:00,Venus,1039.0
2020-08-21 11:00:00,Venus,1080.0
2020-08-21 12:00:00,Venus,1020.0
2020-08-21 13:00:00,Venus,1103.0
2020-08-21 14:00:00,Venus,1246.0
2020-08-21 15:00:00,Venus,1351.0
2020-08-21 16:00:00,Venus,1068.0
2020-08-21 17:00:00,Venus,1050.0
2020-08-21 18:00:00,Venus,1029.0
2020-08-21 19:00:00,Venus,996.0
2020-08-21 20:00:00,Venus,984.0
2020-08-21 21:00:00,Venus,980.0
2020-08-21 22:00:00,Venus,973.0
2020-08-21 23:00:00,Venus,1023.0
2020-08-22 00:00:00,Venus,994.0
2020-08-22 01:00:00,Venus,1155.0
2020-08-22 02:00:00,Venus,1181.0
2020-08-22 03:00:00,Venus,1121.0
2020-08-22 04:00:00,Venus,971.0
2020-08-22 05:00:00,Venus,958.0
2020-08-22 06:00:00,Venus,909.0
2020-08-22 07:00:00,Venus,980.0
2020-08-22 08:00:00,Venus,920.0
2020-08-22 09:00:00,Venus,889.0
2020-08-22 10:00:00,Venus,934.0
2020-08-22 11:00:00,Venus,921.0
2020-08-22 12:00:00,Venus,1236.0
2020-08-22 13:00:00,Venus,1297.0
2020-08-22 14:00:00,Venus,1213.0
2020-08-22 15:00:00,Venus,1401.0
2020-08-22 16:00:00,Venus,1163.0
2020-08-22 17:00:00,Venus,1388.0
2020-08-22 18:00:00,Venus,1129.0
2020-08-22 19:00:00,Venus,958.0
2020-08-22 20:00:00,Venus,917.0
2020-08-22 21:00:00,Venus,890.0
2020-08-22 22:00:00,Venus,1071.0
2020-08-22 23:00:00,Venus,1386.0
2020-08-23 00:00:00,Venus,1159.0
2020-08-23 01:00:00,Venus,976.0
2020-08-23 02:00:00,Venus,1069.0
2020-08-23 03:00:00,Venus,884.0
2020-08-23 04:00:00,Venus,819.0
2020-08-23 05:00:00,Venus,797.0
2020-08-23 06:00:00,Venus,794.0
2020-08-23 07:00:00,Venus,805.0
2020-08-23 08:00:00,Venus,814.0
2020-08-23 09:00:00,Venus,803.0
2020-08-23 10:00:00,Venus,1154.0
2020-08-23 11:00:00,Venus,1262.0
2020-08-23 12:00:00,Venus,1109.0
2020-08-23 13:00:00,Venus,1088.0
2020-08-23 14:00:00,Venus,1044.0
2020-08-23 15:00:00,Venus,854.0
2020-08-23 16:00:00,Venus,935.0
2020-08-23 17:00:00,Venus,905.0
2020-08-23 18:00:00,Venus,895.0
2020-08-23 19:00:00,Venus,943.0
2020-08-23 20:00:00,Venus,1101.0
2020-08-23 21:00:00,Venus,945.0
2020-08-23 22:00:00,Venus,1002.0
2020-08-23 23:00:00,Venus,1040.0
2020-08-24 00:00:00,Venus,979.0
2020-08-24 01:00:00,Venus,999.0
2020-08-24 02:00:00,Venus,1004.0
2020-08-24 03:00:00,Venus,861.0
2020-08-24 04:00:00,Venus,882.0
2020-08-24 05:00:00,Venus,862.0
2020-08-24 06:00:00,Venus,871.0
2020-08-24 07:00:00,Venus,875.0
2020-08-24 08:00:00,Venus,941.0
2020-08-24 09:00:00,Venus,967.0
2020-08-24 10:00:00,Venus,988.0
2020-08-24 11:00:00,Venus,1212.0
2020-08-24 12:00:00,Venus,1074.0
2020-08-24 13:00:00,Venus,1196.0
2020-08-24 14:00:00,Venus,1646.0
2020-08-24 15:00:00,Venus,1772.0
2020-08-24 16:00:00,Venus,1777.0
2020-08-24 17:00:00,Venus,1649.0
2020-08-24 18:00:00,Venus,1352.0
2020-08-24 19:00:00,Venus,1220.0
2020-08-24 20:00:00,Venus,1313.0
2020-08-24 21:00:00,Venus,1013.0
2020-08-24 22:00:00,Venus,987.0
2020-08-24 23:00:00,Venus,974.0
2020-08-25 00:00:00,Venus,1219.0
2020-08-25 01:00:00,Venus,1075.0
2020-08-25 02:00:00,Venus,971.0
2020-08-25 03:00:00,Venus,887.0
2020-08-25 04:00:00,Venus,873.0
2020-08-25 05:00:00,Venus,839.0
2020-08-25 06:00:00,Venus,780.0
2020-08-25 07:00:00,Venus,764.0
2020-08-25 08:00:00,Venus,789.0
2020-08-25 09:00:00,Venus,785.0
2020-08-25 10:00:00,Venus,921.0
2020-08-25 11:00:00,Venus,942.0
2020-08-25 12:00:00,Venus,995.0
2020-08-25 13:00:00,Venus,956.0
2020-08-25 14:00:00,Venus,1293.0
2020-08-25 15:00:00,Venus,2146.0
2020-08-25 16:00:00,Venus,1704.0
2020-08-25 17:00:00,Venus,1250.0
2020-08-25 18:00:00,Venus,1119.0
2020-08-25 19:00:00,Venus,1952.0
2020-08-25 20:00:00,Venus,1394.0
2020-08-25 21:00:00,Venus,953.0
2020-08-25 22:00:00,Venus,993.0
2020-08-25 23:00:00,Venus,1094.0
2020-08-26 00:00:00,Venus,1331.0
2020-08-26 01:00:00,Venus,1470.0
2020-08-26 02:00:00,Venus,1063.0
2020-08-26 03:00:00,Venus,952.0
2020-08-26 04:00:00,Venus,952.0
2020-08-26 05:00:00,Venus,927.0
2020-08-26 06:00:00,Venus,927.0
2020-08-26 07:00:00,Venus,934.0
2020-08-26 08:00:00,Venus,965.0
2020-08-26 09:00:00,Venus,939.0
2020-08-26 10:00:00,Venus,1033.0
2020-08-26 11:00:00,Venus,1076.0
2020-08-26 12:00:00,Venus,1111.0
2020-08-26 13:00:00,Venus,1086.0
2020-08-26 14:00:00,Venus,1246.0
2020-08-26 15:00:00,Venus,1729.0
2020-08-26 16:00:00,Venus,1744.0
2020-08-26 17:00:00,Venus,1831.0
2020-08-26 18:00:00,Venus,1379.0
2020-08-26 19:00:00,Venus,1248.0
2020-08-26 20:00:00,Venus,1236.0
2020-08-26 21:00:00,Venus,1340.0
2020-08-26 22:00:00,Venus,1172.0
2020-08-26 23:00:00,Venus,1087.0
2020-08-27 00:00:00,Venus,991.0
2020-08-27 01:00:00,Venus,1008.0
2020-08-27 02:00:00,Venus,986.0
2020-08-27 03:00:00,Venus,935.0
2020-08-27 04:00:00,Venus,930.0
2020-08-27 05:00:00,Venus,922.0
2020-08-27 06:00:00,Venus,926.0
2020-08-27 07:00:00,Venus,952.0
2020-08-27 08:00:00,Venus,1342.0
2020-08-27 09:00:00,Venus,2192.0
2020-08-27 10:00:00,Venus,1147.0
2020-08-27 11:00:00,Venus,1243.0
2020-08-27 12:00:00,Venus,1301.0
2020-08-27 13:00:00,Venus,1056.0
2020-08-27 14:00:00,Venus,1436.0
2020-08-27 15:00:00,Venus,1419.0
2020-08-27 16:00:00,Venus,1191.0
2020-08-27 17:00:00,Venus,1120.0
2020-08-27 18:00:00,Venus,1145.0
2020-08-27 19:00:00,Venus,1256.0
2020-08-27 20:00:00,Venus,1106.0
2020-08-27 21:00:00,Venus,1158.0
2020-08-27 22:00:00,Venus,1343.0
2020-08-27 23:00:00,Venus,1075.0
2020-08-28 00:00:00,Venus,1132.0
2020-08-28 01:00:00,Venus,1077.0
2020-08-28 02:00:00,Venus,1105.0
2020-08-28 03:00:00,Venus,1035.0
2020-08-28 04:00:00,Venus,973.0
2020-08-28 05:00:00,Venus,950.0
2020-08-28 06:00:00,Venus,905.0
2020-08-28 07:00:00,Venus,885.0
2020-08-28 08:00:00,Venus,856.0
2020-08-28 09:00:00,Venus,976.0
2020-08-28 10:00:00,Venus,1025.0
2020-08-28 11:00:00,Venus,1313.0
2020-08-28 12:00:00,Venus,1003.0
2020-08-28 13:00:00,Venus,1196.0
2020-08-28 14:00:00,Venus,2578.0
2020-08-28 15:00:00,Venus,3063.0
2020-08-28 16:00:00,Venus,2079.0
2020-08-28 17:00:00,Venus,2422.0
2020-08-28 18:00:00,Venus,2145.0
2020-08-28 19:00:00,Venus,1463.0
2020-08-28 20:00:00,Venus,1253.0
2020-08-28 21:00:00,Venus,1182.0
2020-08-28 22:00:00,Venus,1057.0
2020-08-28 23:00:00,Venus,1062.0
2020-08-29 00:00:00,Venus,1079.0
2020-08-29 01:00:00,Venus,1061.0
2020-08-29 02:00:00,Venus,1360.0
2020-08-29 03:00:00,Venus,1212.0
2020-08-29 04:00:00,Venus,1211.0
2020-08-29 05:00:00,Venus,996.0
2020-08-29 06:00:00,Venus,1519.0
2020-08-29 07:00:00,Venus,1023.0
2020-08-29 08:00:00,Venus,974.0
2020-08-29 09:00:00,Venus,1045.0
2020-08-29 10:00:00,Venus,1007.0
2020-08-29 11:00:00,Venus,1413.0
2020-08-29 12:00:00,Venus,1637.0
2020-08-29 13:00:00,Venus,1898.0
2020-08-29 14:00:00,Venus,1440.0
2020-08-29 15:00:00,Venus,1143.0
2020-08-29 16:00:00,Venus,1569.0
2020-08-29 17:00:00,Venus,1174.0
2020-08-29 18:00:00,Venus,1400.0
2020-08-29 19:00:00,Venus,1460.0
2020-08-29 20:00:00,Venus,1131.0
2020-08-29 21:00:00,Venus,1029.0
2020-08-29 22:00:00,Venus,1161.0
2020-08-29 23:00:00,Venus,1073.0
2020-08-30 00:00:00,Venus,1075.0
2020-08-30 01:00:00,Venus,1409.0
2020-08-30 02:00:00,Venus,1701.0
2020-08-30 03:00:00,Venus,1509.0
2020-08-30 04:00:00,Venus,1276.0
2020-08-30 05:00:00,Venus,1466.0
2020-08-30 06:00:00,Venus,1106.0
2020-08-30 07:00:00,Venus,994.0
2020-08-30 08:00:00,Venus,995.0
2020-08-30 09:00:00,Venus,1010.0
2020-08-30 10:00:00,Venus,1586.0
2020-08-30 11:00:00,Venus,1108.0
2020-08-30 12:00:00,Venus,1040.0
2020-08-30 13:00:00,Venus,1102.0
2020-08-30 14:00:00,Venus,1034.0
2020-08-30 15:00:00,Venus,1047.0
2020-08-30 16:00:00,Venus,1289.0
2020-08-30 17:00:00,Venus,1564.0
2020-08-30 18:00:00,Venus,1204.0
2020-08-30 19:00:00,Venus,1023.0
2020-08-30 20:00:00,Venus,1054.0
2020-08-30 21:00:00,Venus,1392.0
2020-08-30 22:00:00,Venus,1323.0
2020-08-30 23:00:00,Venus,1160.0
2020-08-31 00:00:00,Venus,1012.0
2020-08-31 01:00:00,Venus,1006.0
2020-08-31 02:00:00,Venus,965.0
2020-08-31 03:00:00,Venus,1394.0
2020-08-31 04:00:00,Venus,958.0
2020-08-31 05:00:00,Venus,1046.0
2020-08-31 06:00:00,Venus,926.0
2020-08-31 07:00:00,Venus,1515.0
2020-08-31 08:00:00,Venus,934.0
2020-08-31 09:00:00,Venus,1263.0
2020-08-31 10:00:00,Venus,2798.0
2020-08-31 11:00:00,Venus,1927.0
2020-08-31 12:00:00,Venus,1235.0
2020-08-31 13:00:00,Venus,1020.0
2020-08-31 14:00:00,Venus,1040.0
2020-08-31 15:00:00,Venus,1243.0
2020-08-31 16:00:00,Venus,1304.0
2020-08-31 17:00:00,Venus,1384.0
2020-08-31 18:00:00,Venus,1234.0
2020-08-31 19:00:00,Venus,1247.0
2020-08-31 20:00:00,Venus,1351.0
2020-08-31 21:00:00,Venus,1208.0
2020-08-31 22:00:00,Venus,1159.0
2020-08-31 23:00:00,Venus,1066.0
2020-09-01 00:00:00,Venus,1412.0
2020-09-01 01:00:00,Venus,1478.0
2020-09-01 02:00:00,Venus,1079.0
2020-09-01 03:00:00,Venus,1020.0
2020-09-01 04:00:00,Venus,1012.0
2020-09-01 05:00:00,Venus,1012.0
2020-09-01 06:00:00,Venus,995.0
2020-09-01 07:00:00,Venus,1019.0
2020-09-01 08:00:00,Venus,981.0
2020-09-01 09:00:00,Venus,1298.0
2020-09-01 10:00:00,Venus,1165.0
2020-09-01 11:00:00,Venus,1199.0
2020-09-01 12:00:00,Venus,963.0
2020-09-01 13:00:00,Venus,1175.0
2020-09-01 14:00:00,Venus,1310.0
2020-09-01 15:00:00,Venus,1347.0
2020-09-01 16:00:00,Venus,1127.0
2020-09-01 17:00:00,Venus,1581.0
2020-09-01 18:00:00,Venus,1044.0
2020-09-01 19:00:00,Venus,1388.0
2020-09-01 20:00:00,Venus,1314.0
2020-09-01 21:00:00,Venus,1135.0
2020-09-01 22:00:00,Venus,1002.0
2020-09-01 23:00:00,Venus,1001.0
2020-09-02 00:00:00,Venus,1672.0
2020-09-02 01:00:00,Venus,1077.0
2020-09-02 02:00:00,Venus,985.0
2020-09-02 03:00:00,Venus,990.0
2020-09-02 04:00:00,Venus,979.0
2020-09-02 05:00:00,Venus,931.0
2020-09-02 06:00:00,Venus,959.0
2020-09-02 07:00:00,Venus,988.0
2020-09-02 08:00:00,Venus,1071.0
2020-09-02 09:00:00,Venus,1035.0
2020-09-02 10:00:00,Venus,1356.0
2020-09-02 11:00:00,Venus,1446.0
2020-09-02 12:00:00,Venus,1178.0
2020-09-02 13:00:00,Venus,1096.0
2020-09-02 14:00:00,Venus,1295.0
2020-09-02 15:00:00,Venus,1368.0
2020-09-02 16:00:00,Venus,1278.0
2020-09-02 17:00:00,Venus,2434.0
2020-09-02 18:00:00,Venus,1186.0
2020-09-02 19:00:00,Venus,1253.0
2020-09-02 20:00:00,Venus,1368.0
2020-09-02 21:00:00,Venus,1140.0
2020-09-02 22:00:00,Venus,1307.0
2020-09-02 23:00:00,Venus,1458.0
2020-09-03 00:00:00,Venus,1171.0
2020-09-03 01:00:00,Venus,1099.0
2020-09-03 02:00:00,Venus,1129.0
2020-09-03 03:00:00,Venus,1099.0
2020-09-03 04:00:00,Venus,1003.0
2020-09-03 05:00:00,Venus,985.0
2020-09-03 06:00:00,Venus,962.0
2020-09-03 07:00:00,Venus,942.0
2020-09-03 08:00:00,Venus,971.0
2020-09-03 09:00:00,Venus,1014.0
2020-09-03 10:00:00,Venus,1235.0
2020-09-03 11:00:00,Venus,1051.0
2020-09-03 12:00:00,Venus,1136.0
2020-09-03 13:00:00,Venus,1258.0
2020-09-03 14:00:00,Venus,1445.0
2020-09-03 15:00:00,Venus,1434.0
2020-09-03 16:00:00,Venus,1503.0
2020-09-03 17:00:00,Venus,1421.0
2020-09-03 18:00:00,Venus,1144.0
2020-09-03 19:00:00,Venus,1147.0
2020-09-03 20:00:00,Venus,1234.0
2020-09-03 21:00:00,Venus,1066.0
2020-09-03 22:00:00,Venus,1100.0
2020-09-03 23:00:00,Venus,1371.0
2020-09-04 00:00:00,Venus,1225.0
2020-09-04 01:00:00,Venus,1101.0
2020-09-04 02:00:00,Venus,1014.0
2020-09-04 03:00:00,Venus,1046.0
2020-09-04 04:00:00,Venus,1005.0
2020-09-04 05:00:00,Venus,970.0
2020-09-04 06:00:00,Venus,960.0
2020-09-04 07:00:00,Venus,956.0
2020-09-04 08:00:00,Venus,946.0
2020-09-04 09:00:00,Venus,1012.0
2020-09-04 10:00:00,Venus,1136.0
2020-09-04 11:00:00,Venus,1162.0
2020-09-04 12:00:00,Venus,1133.0
2020-09-04 13:00:00,Venus,1195.0
2020-09-04 14:00:00,Venus,1205.0
2020-09-04 15:00:00,Venus,1010.0
2020-09-04 16:00:00,Venus,1193.0
2020-09-04 17:00:00,Venus,1252.0
2020-09-04 18:00:00,Venus,1047.0
2020-09-04 19:00:00,Venus,1149.0
2020-09-04 20:00:00,Venus,1043.0
2020-09-04 21:00:00,Venus,1003.0
2020-09-04 22:00:00,Venus,1017.0
2020-09-04 23:00:00,Venus,1052.0
2020-09-05 00:00:00,Venus,1012.0
2020-09-05 01:00:00,Venus,999.0
2020-09-05 02:00:00,Venus,992.0
2020-09-05 03:00:00,Venus,971.0
2020-09-05 04:00:00,Venus,970.0
2020-09-05 05:00:00,Venus,976.0
2020-09-05 06:00:00,Venus,963.0
2020-09-05 07:00:00,Venus,973.0
2020-09-05 08:00:00,Venus,994.0
2020-09-05 09:00:00,Venus,988.0
2020-09-05 10:00:00,Venus,988.0
2020-09-05 11:00:00,Venus,947.0
2020-09-05 12:00:00,Venus,1002.0
2020-09-05 13:00:00,Venus,1058.0
2020-09-05 14:00:00,Venus,1173.0
2020-09-05 15:00:00,Venus,1094.0
2020-09-05 16:00:00,Venus,1088.0
2020-09-05 17:00:00,Venus,1089.0
2020-09-05 18:00:00,Venus,977.0
2020-09-05 19:00:00,Venus,984.0
2020-09-05 20:00:00,Venus,964.0
2020-09-05 21:00:00,Venus,1316.0
2020-09-05 22:00:00,Venus,1007.0
2020-09-05 23:00:00,Venus,1005.0
2020-09-06 00:00:00,Venus,1645.0
2020-09-06 01:00:00,Venus,1373.0
2020-09-06 02:00:00,Venus,1560.0
2020-09-06 03:00:00,Venus,1404.0
2020-09-06 04:00:00,Venus,1173.0
2020-09-06 05:00:00,Venus,874.0
2020-09-06 06:00:00,Venus,864.0
2020-09-06 07:00:00,Venus,864.0
2020-09-06 08:00:00,Venus,902.0
2020-09-06 09:00:00,Venus,931.0
2020-09-06 10:00:00,Venus,947.0
2020-09-06 11:00:00,Venus,918.0
2020-09-06 12:00:00,Venus,915.0
2020-09-06 13:00:00,Venus,1229.0
2020-09-06 14:00:00,Venus,966.0
2020-09-06 15:00:00,Venus,970.0
2020-09-06 16:00:00,Venus,999.0
2020-09-06 17:00:00,Venus,1244.0
2020-09-06 18:00:00,Venus,1134.0
2020-09-06 19:00:00,Venus,1215.0
2020-09-06 20:00:00,Venus,1033.0
2020-09-06 21:00:00,Venus,928.0
2020-09-06 22:00:00,Venus,901.0
2020-09-06 23:00:00,Venus,934.0
2020-09-07 00:00:00,Venus,1192.0
2020-09-07 01:00:00,Venus,922.0
2020-09-07 02:00:00,Venus,926.0
2020-09-07 03:00:00,Venus,905.0
2020-09-07 04:00:00,Venus,896.0
2020-09-07 05:00:00,Venus,858.0
2020-09-07 06:00:00,Venus,867.0
2020-09-07 07:00:00,Venus,975.0
2020-09-07 08:00:00,Venus,940.0
2020-09-07 09:00:00,Venus,901.0
2020-09-07 10:00:00,Venus,1058.0
2020-09-07 11:00:00,Venus,1063.0
2020-09-07 12:00:00,Venus,1080.0
2020-09-07 13:00:00,Venus,1410.0
2020-09-07 14:00:00,Venus,943.0
2020-09-07 15:00:00,Venus,1077.0
2020-09-07 16:00:00,Venus,1076.0
2020-09-07 17:00:00,Venus,1194.0
2020-09-07 18:00:00,Venus,1107.0
2020-09-07 19:00:00,Venus,1048.0
2020-09-07 20:00:00,Venus,1062.0
2020-09-07 21:00:00,Venus,1124.0
2020-09-07 22:00:00,Venus,1043.0
2020-09-07 23:00:00,Venus,1131.0
2020-09-08 00:00:00,Venus,1041.0
2020-09-08 01:00:00,Venus,998.0
2020-09-08 02:00:00,Venus,983.0
2020-09-08 03:00:00,Venus,1018.0
2020-09-08 04:00:00,Venus,1012.0
2020-09-08 05:00:00,Venus,958.0
2020-09-08 06:00:00,Venus,928.0
2020-09-08 07:00:00,Venus,936.0
2020-09-08 08:00:00,Venus,896.0
2020-09-08 09:00:00,Venus,1116.0
2020-09-08 10:00:00,Venus,1160.0
2020-09-08 11:00:00,Venus,1301.0
2020-09-08 12:00:00,Venus,1055.0
2020-09-08 13:00:00,Venus,1023.0
2020-09-08 14:00:00,Venus,1690.0
2020-09-08 15:00:00,Venus,1217.0
2020-09-08 16:00:00,Venus,1383.0
2020-09-08 17:00:00,Venus,1476.0
2020-09-08 18:00:00,Venus,1241.0
2020-09-08 19:00:00,Venus,1333.0
2020-09-08 20:00:00,Venus,1170.0
2020-09-08 21:00:00,Venus,1341.0
2020-09-08 22:00:00,Venus,1018.0
2020-09-08 23:00:00,Venus,1066.0
2020-09-09 00:00:00,Venus,1050.0
2020-09-09 01:00:00,Venus,1892.0
2020-09-09 02:00:00,Venus,2754.0
2020-09-09 03:00:00,Venus,2716.0
2020-09-09 04:00:00,Venus,2575.0
2020-09-09 05:00:00,Venus,2548.0
2020-09-09 06:00:00,Venus,2546.0
2020-09-09 07:00:00,Venus,2569.0
2020-09-09 08:00:00,Venus,2617.0
2020-09-09 09:00:00,Venus,2581.0
2020-09-09 10:00:00,Venus,1068.0
2020-09-09 11:00:00,Venus,1345.0
2020-09-09 12:00:00,Venus,1148.0
2020-09-09 13:00:00,Venus,1584.0
2020-09-09 14:00:00,Venus,1582.0
2020-09-09 15:00:00,Venus,1767.0
2020-09-09 16:00:00,Venus,1385.0
2020-09-09 17:00:00,Venus,1155.0
2020-09-09 18:00:00,Venus,1252.0
2020-09-09 19:00:00,Venus,1353.0
2020-09-09 20:00:00,Venus,1184.0
2020-09-09 21:00:00,Venus,1354.0
2020-09-09 22:00:00,Venus,1388.0
2020-09-09 23:00:00,Venus,1012.0
2020-09-10 00:00:00,Venus,977.0
2020-09-10 01:00:00,Venus,939.0
2020-09-10 02:00:00,Venus,984.0
2020-09-10 03:00:00,Venus,951.0
2020-09-10 04:00:00,Venus,908.0
2020-09-10 05:00:00,Venus,953.0
2020-09-10 06:00:00,Venus,924.0
2020-09-10 07:00:00,Venus,902.0
2020-09-10 08:00:00,Venus,844.0
2020-09-10 09:00:00,Venus,968.0
2020-09-10 10:00:00,Venus,1231.0
2020-09-10 11:00:00,Venus,1129.0
2020-09-10 12:00:00,Venus,41130.0
2020-09-10 13:00:00,Venus,2179.0
2020-09-10 14:00:00,Venus,3094.0
2020-09-10 15:00:00,Venus,1528.0
2020-09-10 16:00:00,Venus,1522.0
2020-09-10 17:00:00,Venus,1727.0
2020-09-10 18:00:00,Venus,1181.0
2020-09-10 19:00:00,Venus,1241.0
2020-09-10 20:00:00,Venus,1415.0
2020-09-10 21:00:00,Venus,1098.0
2020-09-10 22:00:00,Venus,1139.0
2020-09-10 23:00:00,Venus,1031.0
2020-09-11 00:00:00,Venus,954.0
2020-09-11 01:00:00,Venus,947.0
2020-09-11 02:00:00,Venus,913.0
2020-09-11 03:00:00,Venus,895.0
2020-09-11 04:00:00,Venus,895.0
2020-09-11 05:00:00,Venus,919.0
2020-09-11 06:00:00,Venus,898.0
2020-09-11 07:00:00,Venus,891.0
2020-09-11 08:00:00,Venus,884.0
2020-09-11 09:00:00,Venus,944.0
2020-09-11 10:00:00,Venus,1036.0
2020-09-11 11:00:00,Venus,1093.0
2020-09-11 12:00:00,Venus,1154.0
2020-09-11 13:00:00,Venus,1248.0
2020-09-11 14:00:00,Venus,1142.0
2020-09-11 15:00:00,Venus,1239.0
2020-09-11 16:00:00,Venus,1241.0
2020-09-11 17:00:00,Venus,1341.0
2020-09-11 18:00:00,Venus,1372.0
2020-09-11 19:00:00,Venus,1157.0
2020-09-11 20:00:00,Venus,1197.0
2020-09-11 21:00:00,Venus,1014.0
2020-09-11 22:00:00,Venus,1075.0
2020-09-11 23:00:00,Venus,1055.0
2020-09-12 00:00:00,Venus,1009.0
2020-09-12 01:00:00,Venus,1048.0
2020-09-12 02:00:00,Venus,987.0
2020-09-12 03:00:00,Venus,991.0
2020-09-12 04:00:00,Venus,933.0
2020-09-12 05:00:00,Venus,935.0
2020-09-12 06:00:00,Venus,901.0
2020-09-12 07:00:00,Venus,889.0
2020-09-12 08:00:00,Venus,862.0
2020-09-12 09:00:00,Venus,875.0
2020-09-12 10:00:00,Venus,905.0
2020-09-12 11:00:00,Venus,1104.0
2020-09-12 12:00:00,Venus,893.0
2020-09-12 13:00:00,Venus,980.0
2020-09-12 14:00:00,Venus,970.0
2020-09-12 15:00:00,Venus,1002.0
2020-09-12 16:00:00,Venus,966.0
2020-09-12 17:00:00,Venus,1002.0
2020-09-12 18:00:00,Venus,1046.0
2020-09-12 19:00:00,Venus,1246.0
2020-09-12 20:00:00,Venus,1071.0
2020-09-12 21:00:00,Venus,987.0
2020-09-12 22:00:00,Venus,1286.0
2020-09-12 23:00:00,Venus,1317.0
2020-09-13 00:00:00,Venus,1030.0
2020-09-13 01:00:00,Venus,1085.0
2020-09-13 02:00:00,Venus,987.0
2020-09-13 03:00:00,Venus,979.0
2020-09-13 04:00:00,Venus,1046.0
2020-09-13 05:00:00,Venus,965.0
2020-09-13 06:00:00,Venus,990.0
2020-09-13 07:00:00,Venus,942.0
2020-09-13 08:00:00,Venus,917.0
2020-09-13 09:00:00,Venus,909.0
2020-09-13 10:00:00,Venus,990.0
2020-09-13 11:00:00,Venus,976.0
2020-09-13 12:00:00,Venus,1005.0
2020-09-13 13:00:00,Venus,1052.0
2020-09-13 14:00:00,Venus,954.0
2020-09-13 15:00:00,Venus,977.0
2020-09-13 16:00:00,Venus,1000.0
2020-09-13 17:00:00,Venus,1030.0
2020-09-13 18:00:00,Venus,975.0
2020-09-13 19:00:00,Venus,1032.0
2020-09-13 20:00:00,Venus,1017.0
2020-09-13 21:00:00,Venus,1025.0
2020-09-13 22:00:00,Venus,1031.0
2020-09-13 23:00:00,Venus,1002.0
2020-09-14 00:00:00,Venus,1336.0
2020-09-14 01:00:00,Venus,1268.0
2020-09-14 02:00:00,Venus,1028.0
2020-09-14 03:00:00,Venus,1239.0
2020-09-14 04:00:00,Venus,1280.0
2020-09-14 05:00:00,Venus,1225.0
2020-09-14 06:00:00,Venus,938.0
2020-09-14 07:00:00,Venus,1223.0
2020-09-14 08:00:00,Venus,1203.0
2020-09-14 09:00:00,Venus,1351.0
2020-09-14 10:00:00,Venus,2500.0
2020-09-14 11:00:00,Venus,1748.0
2020-09-14 12:00:00,Venus,1330.0
2020-09-14 13:00:00,Venus,2288.0
2020-09-14 14:00:00,Venus,2946.0
2020-09-14 15:00:00,Venus,2470.0
2020-09-14 16:00:00,Venus,2800.0
2020-09-14 17:00:00,Venus,1815.0
2020-09-14 18:00:00,Venus,1186.0
2020-09-14 19:00:00,Venus,1082.0
2020-09-14 20:00:00,Venus,1173.0
2020-09-14 21:00:00,Venus,2513.0
2020-09-14 22:00:00,Venus,2538.0
2020-09-14 23:00:00,Venus,3517.0
2020-09-15 00:00:00,Venus,1451.0
2020-09-15 01:00:00,Venus,1629.0
2020-09-15 02:00:00,Venus,3540.0
2020-09-15 03:00:00,Venus,971.0
2020-09-15 04:00:00,Venus,1008.0
2020-09-15 05:00:00,Venus,968.0
2020-09-15 06:00:00,Venus,944.0
2020-09-15 07:00:00,Venus,944.0
2020-09-15 08:00:00,Venus,973.0
2020-09-15 09:00:00,Venus,1137.0
2020-09-15 10:00:00,Venus,1157.0
2020-09-15 11:00:00,Venus,1178.0
2020-09-15 12:00:00,Venus,2013.0
2020-09-15 13:00:00,Venus,3940.0
2020-09-15 14:00:00,Venus,1296.0
2020-09-15 15:00:00,Venus,1256.0
2020-09-15 16:00:00,Venus,4018.0
2020-09-15 17:00:00,Venus,1188.0
2020-09-15 18:00:00,Venus,1267.0
2020-09-15 19:00:00,Venus,1122.0
2020-09-15 20:00:00,Venus,1285.0
2020-09-15 21:00:00,Venus,1228.0
2020-09-15 22:00:00,Venus,1128.0
2020-09-15 23:00:00,Venus,1100.0
2020-09-16 00:00:00,Venus,1085.0
2020-09-16 01:00:00,Venus,1090.0
2020-09-16 02:00:00,Venus,1107.0
2020-09-16 03:00:00,Venus,1058.0
2020-09-16 04:00:00,Venus,1079.0
2020-09-16 05:00:00,Venus,1062.0
2020-09-16 06:00:00,Venus,1021.0
2020-09-16 07:00:00,Venus,1011.0
2020-09-16 08:00:00,Venus,1037.0
2020-09-16 09:00:00,Venus,1090.0
2020-09-16 10:00:00,Venus,1129.0
2020-09-16 11:00:00,Venus,1124.0
2020-09-16 12:00:00,Venus,1204.0
2020-09-16 13:00:00,Venus,1290.0
2020-09-16 14:00:00,Venus,1126.0
2020-09-16 15:00:00,Venus,1166.0
2020-09-16 16:00:00,Venus,1316.0
2020-09-16 17:00:00,Venus,1305.0
2020-09-16 18:00:00,Venus,1582.0
2020-09-16 19:00:00,Venus,1324.0
2020-09-16 20:00:00,Venus,1266.0
2020-09-16 21:00:00,Venus,1140.0
2020-09-16 22:00:00,Venus,1245.0
2020-09-16 23:00:00,Venus,1112.0
2020-09-17 00:00:00,Venus,1099.0
2020-09-17 01:00:00,Venus,1135.0
2020-09-17 02:00:00,Venus,1232.0
2020-09-17 03:00:00,Venus,1123.0
2020-09-17 04:00:00,Venus,1055.0
2020-09-17 05:00:00,Venus,1045.0
2020-09-17 06:00:00,Venus,1065.0
2020-09-17 07:00:00,Venus,1030.0
2020-09-17 08:00:00,Venus,1004.0
2020-09-17 09:00:00,Venus,988.0
2020-09-17 10:00:00,Venus,1015.0
2020-09-17 11:00:00,Venus,1057.0
2020-09-17 12:00:00,Venus,1110.0
2020-09-17 13:00:00,Venus,1377.0
2020-09-17 14:00:00,Venus,1343.0
2020-09-17 15:00:00,Venus,1322.0
2020-09-17 16:00:00,Venus,1194.0
2020-09-17 17:00:00,Venus,1199.0
2020-09-17 18:00:00,Venus,1254.0
2020-09-17 19:00:00,Venus,1181.0
2020-09-17 20:00:00,Venus,1120.0
2020-09-17 21:00:00,Venus,1112.0
2020-09-17 22:00:00,Venus,1104.0
2020-09-17 23:00:00,Venus,1117.0
2020-09-18 00:00:00,Venus,1119.0
2020-09-18 01:00:00,Venus,1102.0
2020-09-18 02:00:00,Venus,1083.0
2020-09-18 03:00:00,Venus,1074.0
2020-09-18 04:00:00,Venus,1117.0
2020-09-18 05:00:00,Venus,1040.0
2020-09-18 06:00:00,Venus,1123.0
2020-09-18 07:00:00,Venus,1047.0
2020-09-18 08:00:00,Venus,1055.0
2020-09-18 09:00:00,Venus,1066.0
2020-09-18 10:00:00,Venus,1169.0
2020-09-18 11:00:00,Venus,1110.0
2020-09-18 12:00:00,Venus,1065.0
2020-09-18 13:00:00,Venus,1193.0
2020-09-18 14:00:00,Venus,1127.0
2020-09-18 15:00:00,Venus,1175.0
2020-09-18 16:00:00,Venus,1111.0
2020-09-18 17:00:00,Venus,1107.0
2020-09-18 18:00:00,Venus,1103.0
2020-09-18 19:00:00,Venus,1076.0
2020-09-18 20:00:00,Venus,1129.0
2020-09-18 21:00:00,Venus,1202.0
2020-09-18 22:00:00,Venus,1042.0
2020-09-18 23:00:00,Venus,1116.0
2020-09-19 00:00:00,Venus,1146.0
2020-09-19 01:00:00,Venus,1115.0
2020-09-19 02:00:00,Venus,1110.0
2020-09-19 03:00:00,Venus,992.0
2020-09-19 04:00:00,Venus,970.0
2020-09-19 05:00:00,Venus,970.0
2020-09-19 06:00:00,Venus,977.0
2020-09-19 07:00:00,Venus,1000.0
2020-09-19 08:00:00,Venus,1024.0
2020-09-19 09:00:00,Venus,1231.0
2020-09-19 10:00:00,Venus,1116.0
2020-09-19 11:00:00,Venus,1417.0
2020-09-19 12:00:00,Venus,1235.0
2020-09-19 13:00:00,Venus,1259.0
2020-09-19 14:00:00,Venus,1077.0
2020-09-19 15:00:00,Venus,999.0
2020-09-19 16:00:00,Venus,1032.0
2020-09-19 17:00:00,Venus,1032.0
2020-09-19 18:00:00,Venus,1094.0
2020-09-19 19:00:00,Venus,1009.0
2020-09-19 20:00:00,Venus,1004.0
2020-09-19 21:00:00,Venus,1005.0
2020-09-19 22:00:00,Venus,1022.0
2020-09-19 23:00:00,Venus,1019.0
2020-09-20 00:00:00,Venus,991.0
2020-09-20 01:00:00,Venus,993.0
2020-09-20 02:00:00,Venus,993.0
2020-09-20 03:00:00,Venus,992.0
2020-09-20 04:00:00,Venus,1116.0
2020-09-20 05:00:00,Venus,924.0
2020-09-20 06:00:00,Venus,904.0
2020-09-20 07:00:00,Venus,892.0
2020-09-20 08:00:00,Venus,2525.0
2020-09-20 09:00:00,Venus,3886.0
2020-09-20 10:00:00,Venus,1022.0
2020-09-20 11:00:00,Venus,1116.0
2020-09-20 12:00:00,Venus,978.0
2020-09-20 13:00:00,Venus,959.0
2020-09-20 14:00:00,Venus,1070.0
2020-09-20 15:00:00,Venus,1535.0
2020-09-20 16:00:00,Venus,1338.0
2020-09-20 17:00:00,Venus,1146.0
2020-09-20 18:00:00,Venus,1140.0
2020-09-20 19:00:00,Venus,1260.0
2020-09-20 20:00:00,Venus,1256.0
2020-09-20 21:00:00,Venus,1500.0
2020-09-20 22:00:00,Venus,1129.0
2020-09-20 23:00:00,Venus,1127.0
2020-09-21 00:00:00,Venus,1149.0
2020-09-21 01:00:00,Venus,1031.0
2020-09-21 02:00:00,Venus,1090.0
2020-09-21 03:00:00,Venus,1021.0
2020-09-21 04:00:00,Venus,987.0
2020-09-21 05:00:00,Venus,953.0
2020-09-21 06:00:00,Venus,1049.0
2020-09-21 07:00:00,Venus,1003.0
2020-09-21 08:00:00,Venus,1150.0
2020-09-21 09:00:00,Venus,996.0
2020-09-21 10:00:00,Venus,1126.0
2020-09-21 11:00:00,Venus,1244.0
2020-09-21 12:00:00,Venus,1192.0
2020-09-21 13:00:00,Venus,1213.0
2020-09-21 14:00:00,Venus,1200.0
2020-09-21 15:00:00,Venus,1264.0
2020-09-21 16:00:00,Venus,1087.0
2020-09-21 17:00:00,Venus,1166.0
2020-09-21 18:00:00,Venus,1176.0
2020-09-21 19:00:00,Venus,1235.0
2020-09-21 20:00:00,Venus,1209.0
2020-09-21 21:00:00,Venus,1195.0
2020-09-21 22:00:00,Venus,1119.0
2020-09-21 23:00:00,Venus,1013.0
2020-09-22 00:00:00,Venus,1025.0
2020-09-22 01:00:00,Venus,1007.0
2020-09-22 02:00:00,Venus,959.0
2020-09-22 03:00:00,Venus,1284.0
2020-09-22 04:00:00,Venus,1050.0
2020-09-22 05:00:00,Venus,913.0
2020-09-22 06:00:00,Venus,897.0
2020-09-22 07:00:00,Venus,873.0
2020-09-22 08:00:00,Venus,886.0
2020-09-22 09:00:00,Venus,1070.0
2020-09-22 10:00:00,Venus,1121.0
2020-09-22 11:00:00,Venus,1127.0
2020-09-22 12:00:00,Venus,1208.0
2020-09-22 13:00:00,Venus,1181.0
2020-09-22 14:00:00,Venus,1385.0
2020-09-22 15:00:00,Venus,1236.0
2020-09-22 16:00:00,Venus,1206.0
2020-09-22 17:00:00,Venus,1267.0
2020-09-22 18:00:00,Venus,1186.0
2020-09-22 19:00:00,Venus,1280.0
2020-09-22 20:00:00,Venus,1591.0
2020-09-22 21:00:00,Venus,1122.0
2020-09-22 22:00:00,Venus,1259.0
2020-09-22 23:00:00,Venus,1112.0
2020-09-23 00:00:00,Venus,1157.0
2020-09-23 01:00:00,Venus,1141.0
2020-09-23 02:00:00,Venus,1129.0
2020-09-23 03:00:00,Venus,1082.0
2020-09-23 04:00:00,Venus,1093.0
2020-09-23 05:00:00,Venus,1075.0
2020-09-23 06:00:00,Venus,1027.0
2020-09-23 07:00:00,Venus,1022.0
2020-09-23 08:00:00,Venus,1039.0
2020-09-23 09:00:00,Venus,1270.0
2020-09-23 10:00:00,Venus,1164.0
2020-09-23 11:00:00,Venus,1162.0
2020-09-23 12:00:00,Venus,1481.0
2020-09-23 13:00:00,Venus,1927.0
2020-09-23 14:00:00,Venus,2264.0
2020-09-23 15:00:00,Venus,2525.0
2020-09-23 16:00:00,Venus,2217.0
2020-09-23 17:00:00,Venus,1387.0
2020-09-23 18:00:00,Venus,1585.0
2020-09-23 19:00:00,Venus,1471.0
2020-09-23 20:00:00,Venus,1587.0
2020-09-23 21:00:00,Venus,1196.0
2020-09-23 22:00:00,Venus,1136.0
2020-09-23 23:00:00,Venus,1094.0
2020-09-24 00:00:00,Venus,1060.0
2020-09-24 01:00:00,Venus,1086.0
2020-09-24 02:00:00,Venus,1078.0
2020-09-24 03:00:00,Venus,1149.0
2020-09-24 04:00:00,Venus,1046.0
2020-09-24 05:00:00,Venus,965.0
2020-09-24 06:00:00,Venus,969.0
2020-09-24 07:00:00,Venus,1017.0
2020-09-24 08:00:00,Venus,982.0
2020-09-24 09:00:00,Venus,1287.0
2020-09-24 10:00:00,Venus,1480.0
2020-09-24 11:00:00,Venus,1081.0
2020-09-24 12:00:00,Venus,1045.0
2020-09-24 13:00:00,Venus,1162.0
2020-09-24 14:00:00,Venus,1175.0
2020-09-24 15:00:00,Venus,1210.0
2020-09-24 16:00:00,Venus,1183.0
2020-09-24 17:00:00,Venus,1610.0
2020-09-24 18:00:00,Venus,1161.0
2020-09-24 19:00:00,Venus,1253.0
2020-09-24 20:00:00,Venus,1712.0
2020-09-24 21:00:00,Venus,1412.0
2020-09-24 22:00:00,Venus,1387.0
2020-09-24 23:00:00,Venus,1073.0
2020-09-25 00:00:00,Venus,1097.0
2020-09-25 01:00:00,Venus,1154.0
2020-09-25 02:00:00,Venus,1025.0
2020-09-25 03:00:00,Venus,1050.0
2020-09-25 04:00:00,Venus,995.0
2020-09-25 05:00:00,Venus,1174.0
2020-09-25 06:00:00,Venus,1039.0
2020-09-25 07:00:00,Venus,992.0
2020-09-25 08:00:00,Venus,877.0
2020-09-25 09:00:00,Venus,1048.0
2020-09-25 10:00:00,Venus,1494.0
2020-09-25 11:00:00,Venus,1255.0
2020-09-25 12:00:00,Venus,1275.0
2020-09-25 13:00:00,Venus,1432.0
2020-09-25 14:00:00,Venus,1404.0
2020-09-25 15:00:00,Venus,1142.0
2020-09-25 16:00:00,Venus,1132.0
2020-09-25 17:00:00,Venus,1502.0
2020-09-25 18:00:00,Venus,1385.0
2020-09-25 19:00:00,Venus,1197.0
2020-09-25 20:00:00,Venus,1212.0
2020-09-25 21:00:00,Venus,1114.0
2020-09-25 22:00:00,Venus,1064.0
2020-09-25 23:00:00,Venus,1043.0
2020-09-26 00:00:00,Venus,982.0
2020-09-26 01:00:00,Venus,1018.0
2020-09-26 02:00:00,Venus,976.0
2020-09-26 03:00:00,Venus,938.0
2020-09-26 04:00:00,Venus,920.0
2020-09-26 05:00:00,Venus,924.0
2020-09-26 06:00:00,Venus,909.0
2020-09-26 07:00:00,Venus,901.0
2020-09-26 08:00:00,Venus,925.0
2020-09-26 09:00:00,Venus,958.0
2020-09-26 10:00:00,Venus,1224.0
2020-09-26 11:00:00,Venus,1033.0
2020-09-26 12:00:00,Venus,1011.0
2020-09-26 13:00:00,Venus,1000.0
2020-09-26 14:00:00,Venus,1083.0
2020-09-26 15:00:00,Venus,1113.0
2020-09-26 16:00:00,Venus,1776.0
2020-09-26 17:00:00,Venus,1390.0
2020-09-26 18:00:00,Venus,1009.0
2020-09-26 19:00:00,Venus,972.0
2020-09-26 20:00:00,Venus,1010.0
2020-09-26 21:00:00,Venus,1049.0
2020-09-26 22:00:00,Venus,1043.0
2020-09-26 23:00:00,Venus,961.0
2020-09-27 00:00:00,Venus,1078.0
2020-09-27 01:00:00,Venus,1069.0
2020-09-27 02:00:00,Venus,984.0
2020-09-27 03:00:00,Venus,929.0
2020-09-27 04:00:00,Venus,892.0
2020-09-27 05:00:00,Venus,972.0
2020-09-27 06:00:00,Venus,890.0
2020-09-27 07:00:00,Venus,865.0
2020-09-27 08:00:00,Venus,881.0
2020-09-27 09:00:00,Venus,897.0
2020-09-27 10:00:00,Venus,1038.0
2020-09-27 11:00:00,Venus,1103.0
2020-09-27 12:00:00,Venus,1202.0
2020-09-27 13:00:00,Venus,1443.0
2020-09-27 14:00:00,Venus,1192.0
2020-09-27 15:00:00,Venus,1209.0
2020-09-27 16:00:00,Venus,1426.0
2020-09-27 17:00:00,Venus,1376.0
2020-09-27 18:00:00,Venus,1478.0
2020-09-27 19:00:00,Venus,1257.0
2020-09-27 20:00:00,Venus,1305.0
2020-09-27 21:00:00,Venus,1118.0
2020-09-27 22:00:00,Venus,1073.0
2020-09-27 23:00:00,Venus,1066.0
2020-09-28 00:00:00,Venus,987.0
2020-09-28 01:00:00,Venus,796.0
2020-09-28 02:00:00,Venus,782.0
2020-09-28 03:00:00,Venus,774.0
2020-09-28 04:00:00,Venus,776.0
2020-09-28 05:00:00,Venus,744.0
2020-09-28 06:00:00,Venus,768.0
2020-09-28 07:00:00,Venus,727.0
2020-09-28 08:00:00,Venus,758.0
2020-09-28 09:00:00,Venus,754.0
2020-09-28 10:00:00,Venus,704.0
2020-09-28 11:00:00,Venus,632.0
2020-09-28 12:00:00,Venus,564.0
2020-09-28 13:00:00,Venus,539.0
2020-09-28 14:00:00,Venus,525.0
2020-09-28 15:00:00,Venus,503.0
2020-09-28 16:00:00,Venus,488.0
2020-09-28 17:00:00,Venus,413.0
2020-09-28 18:00:00,Venus,403.0
2020-09-28 19:00:00,Venus,395.0
2020-09-28 20:00:00,Venus,387.0
2020-09-28 21:00:00,Venus,383.0
2020-09-28 22:00:00,Venus,375.0
2020-09-28 23:00:00,Venus,375.0
2020-09-29 00:00:00,Venus,375.0
2020-09-29 01:00:00,Venus,372.0
2020-09-29 02:00:00,Venus,363.0
2020-09-29 03:00:00,Venus,363.0
2020-09-29 04:00:00,Venus,355.0
2020-09-29 05:00:00,Venus,355.0
2020-09-29 06:00:00,Venus,355.0
2020-09-29 07:00:00,Venus,339.0
2020-09-29 08:00:00,Venus,371.0
2020-09-29 09:00:00,Venus,371.0
2020-09-29 10:00:00,Venus,371.0
2020-09-29 11:00:00,Venus,371.0
2020-09-29 12:00:00,Venus,361.0
2020-09-29 13:00:00,Venus,353.0
2020-09-29 14:00:00,Venus,353.0
2020-09-29 15:00:00,Venus,350.0
2020-09-29 16:00:00,Venus,318.0
2020-09-29 17:00:00,Venus,317.0
2020-09-29 18:00:00,Venus,316.0
2020-09-29 19:00:00,Venus,315.0
2020-09-29 20:00:00,Venus,315.0
2020-09-29 21:00:00,Venus,299.0
2020-09-29 22:00:00,Venus,299.0
2020-09-29 23:00:00,Venus,299.0
2020-09-30 00:00:00,Venus,290.0
2020-09-30 01:00:00,Venus,290.0
2020-09-30 02:00:00,Venus,290.0
2020-09-30 03:00:00,Venus,290.0
2020-09-30 04:00:00,Venus,290.0
2020-09-30 05:00:00,Venus,280.0
2020-09-30 06:00:00,Venus,280.0
2020-09-30 07:00:00,Venus,280.0
2020-09-30 08:00:00,Venus,152.0
2020-09-30 09:00:00,Venus,152.0
2020-09-30 10:00:00,Venus,152.0
2020-09-30 11:00:00,Venus,152.0
2020-09-30 12:00:00,Venus,152.0
2020-09-30 13:00:00,Venus,152.0
2020-09-30 14:00:00,Venus,120.0
2020-09-30 15:00:00,Venus,120.0
2020-09-30 16:00:00,Venus,120.0
2020-09-30 17:00:00,Venus,120.0
2020-09-30 18:00:00,Venus,120.0
2020-09-30 19:00:00,Venus,120.0
2020-09-30 20:00:00,Venus,117.0
2020-09-30 21:00:00,Venus,117.0
2020-09-30 22:00:00,Venus,117.0
2020-09-30 23:00:00,Venus,109.0
2020-10-01 00:00:00,Venus,109.0
2020-10-01 01:00:00,Venus,109.0
2020-10-01 02:00:00,Venus,109.0
2020-10-01 03:00:00,Venus,109.0
2020-10-01 04:00:00,Venus,109.0
2020-10-01 05:00:00,Venus,109.0
2020-10-01 06:00:00,Venus,109.0
2020-10-01 07:00:00,Venus,109.0
2020-10-01 08:00:00,Venus,109.0
2020-10-01 09:00:00,Venus,109.0
2020-10-01 10:00:00,Venus,109.0
2020-10-01 11:00:00,Venus,109.0
2020-10-01 12:00:00,Venus,109.0
2020-10-01 13:00:00,Venus,109.0
2020-10-01 14:00:00,Venus,109.0
2020-10-01 15:00:00,Venus,109.0
2020-10-01 16:00:00,Venus,101.0
2020-10-01 17:00:00,Venus,101.0
2020-10-01 18:00:00,Venus,101.0
2020-10-01 19:00:00,Venus,101.0
2020-10-01 20:00:00,Venus,101.0
2020-10-01 21:00:00,Venus,101.0
2020-10-01 22:00:00,Venus,101.0
2020-10-01 23:00:00,Venus,101.0
2020-10-02 00:00:00,Venus,101.0
2020-10-02 01:00:00,Venus,101.0
2020-10-02 02:00:00,Venus,101.0
2020-10-02 03:00:00,Venus,101.0
2020-10-02 04:00:00,Venus,101.0
2020-10-02 05:00:00,Venus,101.0
2020-10-02 06:00:00,Venus,93.0
2020-10-02 07:00:00,Venus,93.0
2020-10-02 08:00:00,Venus,93.0
2020-10-02 09:00:00,Venus,93.0
2020-10-02 10:00:00,Venus,93.0
2020-10-02 11:00:00,Venus,93.0
2020-10-02 12:00:00,Venus,93.0
2020-10-02 13:00:00,Venus,93.0
2020-10-02 14:00:00,Venus,93.0
2020-10-02 15:00:00,Venus,93.0
2020-10-02 16:00:00,Venus,93.0
2020-10-02 17:00:00,Venus,93.0
2020-10-02 18:00:00,Venus,93.0
2020-10-02 19:00:00,Venus,93.0
2020-10-02 20:00:00,Venus,93.0
2020-10-02 21:00:00,Venus,93.0
2020-10-02 22:00:00,Venus,92.0
2020-10-02 23:00:00,Venus,91.0
2020-10-03 00:00:00,Venus,91.0
2020-10-03 01:00:00,Venus,91.0
2020-10-03 02:00:00,Venus,91.0
2020-10-03 03:00:00,Venus,91.0
2020-10-03 04:00:00,Venus,91.0
2020-10-03 05:00:00,Venus,91.0
2020-10-03 06:00:00,Venus,91.0
2020-10-03 07:00:00,Venus,91.0
2020-10-03 08:00:00,Venus,91.0
2020-10-03 09:00:00,Venus,75.0
2020-10-03 10:00:00,Venus,75.0
2020-10-03 11:00:00,Venus,75.0
2020-10-03 12:00:00,Venus,59.0
2020-10-03 13:00:00,Venus,59.0
2020-10-03 14:00:00,Venus,59.0
2020-10-03 15:00:00,Venus,59.0
2020-10-03 16:00:00,Venus,59.0
2020-10-03 17:00:00,Venus,59.0
2020-10-03 18:00:00,Venus,59.0
2020-10-03 19:00:00,Venus,59.0
2020-10-03 20:00:00,Venus,59.0
2020-10-03 21:00:00,Venus,59.0
2020-10-03 22:00:00,Venus,59.0
2020-10-03 23:00:00,Venus,59.0
2020-10-04 00:00:00,Venus,59.0
2020-10-04 01:00:00,Venus,59.0
2020-10-04 02:00:00,Venus,59.0
2020-10-04 03:00:00,Venus,59.0
2020-10-04 04:00:00,Venus,59.0
2020-10-04 05:00:00,Venus,59.0
2020-10-04 06:00:00,Venus,59.0
2020-10-04 07:00:00,Venus,59.0
2020-10-04 08:00:00,Venus,59.0
2020-10-04 09:00:00,Venus,59.0
2020-10-04 10:00:00,Venus,59.0
2020-10-04 11:00:00,Venus,59.0
2020-10-04 12:00:00,Venus,59.0
2020-10-04 13:00:00,Venus,59.0
2020-10-04 14:00:00,Venus,59.0
2020-10-04 15:00:00,Venus,59.0
2020-10-04 16:00:00,Venus,59.0
2020-10-04 17:00:00,Venus,59.0
2020-10-04 18:00:00,Venus,59.0
2020-10-04 19:00:00,Venus,59.0
2020-10-04 20:00:00,Venus,59.0
2020-10-04 21:00:00,Venus,59.0
2020-10-04 22:00:00,Venus,57.0
2020-10-04 23:00:00,Venus,57.0
2020-10-05 00:00:00,Venus,57.0
2020-10-05 01:00:00,Venus,57.0
2020-10-05 02:00:00,Venus,57.0
2020-10-05 03:00:00,Venus,57.0
2020-10-05 04:00:00,Venus,57.0
2020-10-05 05:00:00,Venus,57.0
2020-10-05 06:00:00,Venus,57.0
2020-10-05 07:00:00,Venus,57.0
2020-10-05 08:00:00,Venus,57.0
2020-10-05 09:00:00,Venus,57.0
2020-10-05 10:00:00,Venus,57.0
2020-10-05 11:00:00,Venus,57.0
2020-10-05 12:00:00,Venus,57.0
2020-10-05 13:00:00,Venus,57.0
2020-10-05 14:00:00,Venus,57.0
2020-10-05 15:00:00,Venus,57.0
2020-10-05 16:00:00,Venus,57.0
2020-10-05 17:00:00,Venus,57.0
2020-10-05 18:00:00,Venus,57.0
2020-10-05 19:00:00,Venus,57.0
2020-10-05 20:00:00,Venus,57.0
2020-10-05 21:00:00,Venus,57.0
2020-10-05 22:00:00,Venus,57.0
2020-10-05 23:00:00,Venus,57.0
2020-10-06 00:00:00,Venus,57.0
2020-10-06 01:00:00,Venus,57.0
2020-10-06 02:00:00,Venus,57.0
2020-10-06 03:00:00,Venus,57.0
2020-10-06 04:00:00,Venus,57.0
2020-10-06 05:00:00,Venus,57.0
2020-10-06 06:00:00,Venus,57.0
2020-10-06 07:00:00,Venus,57.0
2020-10-06 08:00:00,Venus,57.0
2020-10-06 09:00:00,Venus,57.0
2020-10-06 10:00:00,Venus,57.0
2020-10-06 11:00:00,Venus,57.0
2020-10-06 12:00:00,Venus,57.0
2020-10-06 13:00:00,Venus,57.0
2020-10-06 14:00:00,Venus,55.0
2020-10-06 15:00:00,Venus,55.0
2020-10-06 16:00:00,Venus,55.0
2020-10-06 17:00:00,Venus,54.0
2020-10-06 18:00:00,Venus,54.0
2020-10-06 19:00:00,Venus,54.0
2020-10-06 20:00:00,Venus,54.0
2020-10-06 21:00:00,Venus,54.0
2020-10-06 22:00:00,Venus,54.0
2020-10-06 23:00:00,Venus,54.0
2020-10-07 00:00:00,Venus,54.0
2020-10-07 01:00:00,Venus,54.0
2020-10-07 02:00:00,Venus,54.0
2020-10-07 03:00:00,Venus,54.0
2020-10-07 04:00:00,Venus,54.0
2020-10-07 05:00:00,Venus,54.0
2020-10-07 06:00:00,Venus,54.0
2020-10-07 07:00:00,Venus,54.0
2020-10-07 08:00:00,Venus,54.0
2020-10-07 09:00:00,Venus,54.0
2020-10-07 10:00:00,Venus,54.0
2020-10-07 11:00:00,Venus,54.0
2020-10-07 12:00:00,Venus,54.0
2020-10-07 13:00:00,Venus,54.0
2020-10-07 14:00:00,Venus,54.0
2020-10-07 15:00:00,Venus,54.0
2020-10-07 16:00:00,Venus,54.0
2020-10-07 17:00:00,Venus,54.0
2020-10-07 18:00:00,Venus,54.0
2020-10-07 19:00:00,Venus,54.0
2020-10-07 20:00:00,Venus,54.0
2020-10-07 21:00:00,Venus,54.0
2020-10-07 22:00:00,Venus,54.0
2020-10-07 23:00:00,Venus,54.0
2020-10-08 00:00:00,Venus,50.0
2020-10-08 01:00:00,Venus,50.0
2020-10-08 02:00:00,Venus,50.0
2020-10-08 03:00:00,Venus,50.0
2020-10-08 04:00:00,Venus,50.0
2020-10-08 05:00:00,Venus,18.0
2020-10-08 06:00:00,Venus,18.0
2020-10-08 07:00:00,Venus,18.0
2020-10-08 08:00:00,Venus,18.0
2020-10-08 09:00:00,Venus,18.0
2020-10-08 10:00:00,Venus,10.0
2020-10-08 11:00:00,Venus,10.0
2020-10-08 12:00:00,Venus,10.0
2020-10-08 13:00:00,Venus,10.0
2020-10-08 14:00:00,Venus,10.0
2020-10-08 15:00:00,Venus,10.0
2020-10-08 16:00:00,Venus,10.0
2020-10-08 17:00:00,Venus,10.0
2020-10-08 18:00:00,Venus,10.0
2020-10-08 19:00:00,Venus,10.0
2020-10-08 20:00:00,Venus,10.0
2020-10-08 21:00:00,Venus,10.0
2020-10-08 22:00:00,Venus,10.0
2020-10-08 23:00:00,Venus,10.0
2020-10-09 00:00:00,Venus,10.0
2020-10-09 01:00:00,Venus,10.0
2020-10-09 02:00:00,Venus,10.0
2020-10-09 03:00:00,Venus,10.0
2020-10-09 04:00:00,Venus,10.0
2020-10-09 05:00:00,Venus,10.0
2020-10-09 06:00:00,Venus,10.0
2020-10-09 07:00:00,Venus,10.0
2020-10-09 08:00:00,Venus,10.0
2020-10-09 09:00:00,Venus,10.0
2020-10-09 10:00:00,Venus,10.0
2020-10-09 11:00:00,Venus,8.0
2020-10-09 12:00:00,Venus,8.0
2020-10-09 13:00:00,Venus,8.0
2020-10-09 14:00:00,Venus,8.0
2020-10-09 15:00:00,Venus,8.0
2020-10-09 16:00:00,Venus,8.0
2020-10-09 17:00:00,Venus,8.0
2020-10-09 18:00:00,Venus,8.0
2020-10-09 19:00:00,Venus,8.0
2020-10-09 20:00:00,Venus,0.0
