source_row,start_h,end_h,mode,gpus,work_gpu_h,release_h,deadline_h
15763,0.0025,7.724799786697693,1,8,49.85777777777778,0.0025,30.301666666666666
15764,0.04388888888888889,0.12787182470428543,1,16,1.0844444444444445,0.04388888888888889,24.111666666666668
15765,0.06944444444444445,5.620923017258097,1,8,35.84222222222222,0.06944444444444445,34.78194444444444
15766,0.115,0.19416424277680822,1,16,1.0222222222222221,0.115,24.17888888888889
15769,0.19083333333333333,0.27584884622842737,1,16,1.0977777777777777,0.19083333333333333,24.259444444444444
15771,0.2011111111111111,0.2637541206127593,1,8,0.40444444444444444,0.2011111111111111,24.251666666666665
15772,0.22944444444444445,0.3684981578437076,1,1,0.11222222222222222,0.22944444444444445,24.341666666666665
15773,0.23055555555555557,0.3276178010471204,1,1,0.07833333333333334,0.23055555555555557,24.308888888888887
15775,0.26944444444444443,0.34964126430095016,1,16,1.0355555555555556,0.26944444444444443,24.33416666666667
15776,0.27361111111111114,0.3369425053325577,1,8,0.4088888888888889,0.27361111111111114,24.32472222222222
15779,0.31666666666666665,0.578597052549932,1,1,0.21138888888888888,0.31666666666666665,24.528055555555557
15780,0.3383333333333333,0.4212836920690324,1,16,1.0711111111111111,0.3383333333333333,24.405277777777776
15781,0.35,0.4573880162885398,1,8,0.6933333333333334,0.35,24.436666666666667
15782,0.41055555555555556,0.48937560597246466,1,16,1.0177777777777777,0.41055555555555556,24.474166666666665
15784,0.4752777777777778,0.6783512701182859,1,1,0.1638888888888889,0.4752777777777778,24.647222222222222
15785,0.4775,0.5645806670544891,1,16,1.1244444444444444,0.4775,24.547777777777778
15786,0.5508333333333333,0.6327511149893348,1,16,1.0577777777777777,0.5508333333333333,24.616944444444446
15787,0.6055555555555555,37.115415939499705,1,1,29.465,0.6055555555555555,54.07055555555556
15788,0.6069444444444444,49.768627593562144,1,1,39.675555555555555,0.6069444444444444,64.2825
15789,0.62,0.7012293969362032,1,16,1.048888888888889,0.62,24.685555555555556
15790,0.6205555555555555,19.469561760713592,1,1,15.211944444444445,0.6205555555555555,39.8325
15791,0.6591666666666667,41.27902802016676,1,1,32.78194444444444,0.6591666666666667,57.44111111111111
15792,0.6725,55.99488219895288,1,1,44.6475,0.6725,69.32
15794,0.6883333333333334,0.7499437657552841,1,1,0.04972222222222222,0.6883333333333334,24.738055555555555
15795,0.6958333333333333,0.7842907698274191,1,16,1.1422222222222222,0.6958333333333333,24.767222222222223
15796,0.7708333333333334,0.8534394997091332,1,16,1.0666666666666667,0.7708333333333334,24.8375
15798,0.8413888888888889,0.976312293969362,1,16,1.7422222222222221,0.8413888888888889,24.950277777777778
15800,0.9566666666666667,1.0413379872018615,1,16,1.0933333333333333,0.9566666666666667,25.025
15803,1.0344444444444445,1.121180919139034,1,16,1.12,1.0344444444444445,25.104444444444443
15804,1.0433333333333332,1.4808018227651736,1,1,0.35305555555555557,1.0433333333333332,25.39638888888889
15805,1.1008333333333333,1.286353015318984,1,1,0.14972222222222223,1.1008333333333333,25.261388888888888
15806,1.1102777777777777,1.1928839441535775,1,16,1.0666666666666667,1.1102777777777777,25.176944444444445
15807,1.1902777777777778,1.278046829552065,1,16,1.1333333333333333,1.1902777777777778,25.261111111111113
15808,1.2666666666666666,1.3451425247236766,1,16,1.0133333333333334,1.2666666666666666,25.33
15811,1.301388888888889,1.4483590265658328,1,1,0.11861111111111111,1.301388888888889,25.42
15812,1.335,1.4289645142524725,1,16,1.2133333333333334,1.335,25.410833333333333
15813,1.418611111111111,1.4991521233275162,1,16,1.04,1.418611111111111,25.48361111111111
15814,1.4247222222222222,1.550352433585418,1,1,0.10138888888888889,1.4247222222222222,25.52611111111111
15815,1.493611111111111,1.5769056622067092,1,16,1.0755555555555556,1.493611111111111,25.560833333333335
15817,1.5677777777777777,1.6486629823540817,1,16,1.0444444444444445,1.5677777777777777,25.633055555555554
15818,1.6083333333333334,1.8389422144657748,1,1,0.18611111111111112,1.6083333333333334,25.794444444444444
15820,1.6377777777777778,1.7258910219119643,1,16,1.1377777777777778,1.6377777777777778,25.70888888888889
15821,1.7125,1.7940735892961024,1,16,1.0533333333333332,1.7125,25.778333333333332
15822,1.7827777777777778,1.8626304052743845,1,16,1.031111111111111,1.7827777777777778,25.84722222222222
15825,1.8586111111111112,1.942938239286407,1,16,1.0888888888888888,1.8586111111111112,25.926666666666666
15826,1.9369444444444444,2.01714126430095,1,16,1.0355555555555556,1.9369444444444444,26.001666666666665
15827,2.005,2.0958667830133795,1,16,1.1733333333333333,2.005,26.078333333333333
15829,2.0861111111111112,2.1697498545666085,1,16,1.08,2.0861111111111112,26.15361111111111
15830,2.160833333333333,2.2517001163467136,1,16,1.1733333333333333,2.160833333333333,26.234166666666667
15831,2.2394444444444446,2.3186086872212526,1,16,1.0222222222222221,2.2394444444444446,26.303333333333335
15832,2.308611111111111,2.3970685476051967,1,16,1.1422222222222222,2.308611111111111,26.38
15833,2.383888888888889,2.464429901105294,1,16,1.04,2.383888888888889,26.448888888888888
15834,2.3986111111111112,2.4853475858057017,1,4,0.28,2.3986111111111112,34.55416666666667
15835,2.4047222222222224,6.121999709133217,1,1,3.0,2.4047222222222224,29.404722222222222
15836,2.4547222222222222,2.536984196238123,1,16,1.0622222222222222,2.4547222222222222,26.52111111111111
15837,2.528611111111111,2.6125940469265077,1,16,1.0844444444444445,2.528611111111111,26.59638888888889
15838,2.6005555555555557,2.682473337211557,1,16,1.0577777777777777,2.6005555555555557,26.666666666666668
15839,2.6730555555555555,2.7656433003684313,1,16,1.1955555555555555,2.6730555555555555,26.747777777777777
15840,2.7508333333333335,2.83068596082994,1,16,1.031111111111111,2.7508333333333335,26.815277777777776
15841,2.8230555555555554,2.9101362226100447,1,16,1.1244444444444444,2.8230555555555554,26.893333333333334
15842,2.901388888888889,2.9791763622261005,1,16,1.0044444444444445,2.901388888888889,26.964166666666667
15843,2.9680555555555554,3.0596107232887335,1,16,1.1822222222222223,2.9680555555555554,27.041944444444443
15844,3.0455555555555556,3.129194299011053,1,16,1.08,3.0455555555555556,27.113055555555555
15847,3.118888888888889,3.203904401783983,1,16,1.0977777777777777,3.118888888888889,27.1875
15848,3.1983333333333333,3.2830046538685282,1,16,1.0933333333333333,3.1983333333333333,27.266666666666666
15849,3.2719444444444443,3.3569599573395386,1,16,1.0977777777777777,3.2719444444444443,27.340555555555557
15850,3.346111111111111,3.489295132829164,1,16,1.8488888888888888,3.346111111111111,27.461666666666666
15853,3.464722222222222,3.5569657746751986,1,16,1.191111111111111,3.464722222222222,27.539166666666667
15854,3.5469444444444442,3.6360902656583285,1,16,1.1511111111111112,3.5469444444444442,27.61888888888889
15856,3.6225,3.7092364746945896,1,16,1.12,3.6225,27.6925
15857,3.7025,3.7913016288539847,1,16,1.1466666666666667,3.7025,27.774166666666666
15859,3.781111111111111,3.918443862710878,1,16,1.7733333333333334,3.781111111111111,27.891944444444444
15860,3.898888888888889,3.9842485941438817,1,16,1.1022222222222222,3.898888888888889,27.967777777777776
15861,3.943611111111111,9.593528698855923,1,24,109.43333333333334,3.943611111111111,32.50333333333333
15862,3.973333333333333,4.0707397711847975,1,16,1.2577777777777779,3.973333333333333,28.051944444444445
15863,4.0625,4.245266143106457,1,16,2.36,4.0625,28.21
15864,4.215,4.306899360093078,1,16,1.1866666666666668,4.215,28.289166666666667
15865,4.292222222222223,4.3841215823153,1,16,1.1866666666666668,4.292222222222223,28.36638888888889
15866,4.371944444444445,4.462467035097926,1,16,1.1688888888888889,4.371944444444445,28.445
15867,4.4511111111111115,4.539912739965096,1,16,1.1466666666666667,4.4511111111111115,28.522777777777776
15868,4.531666666666666,4.624942796199341,1,16,1.2044444444444444,4.531666666666666,28.606944444444444
15869,4.611944444444444,4.6962715726197395,1,16,1.0888888888888888,4.611944444444444,28.68
15870,4.698333333333333,4.8353218925732016,1,16,1.768888888888889,4.698333333333333,28.808888888888887
15871,4.818611111111111,4.916017548962575,1,16,1.2577777777777779,4.818611111111111,28.897222222222222
15872,4.901111111111111,4.990601124684895,1,16,1.1555555555555554,4.901111111111111,28.973333333333333
15873,4.979166666666667,5.07691729687803,1,16,1.2622222222222221,4.979166666666667,29.058055555555555
15874,5.0625,5.149924859414389,1,16,1.1288888888888888,5.0625,29.133055555555554
15875,5.141111111111111,5.2763787085514835,1,16,1.7466666666666666,5.141111111111111,29.25027777777778
15884,5.2575,5.3487109753732796,1,16,1.1777777777777778,5.2575,29.33111111111111
15885,5.355277777777777,5.451307446189645,1,16,1.24,5.355277777777777,29.432777777777776
15886,5.454166666666667,5.542279910800854,1,16,1.1377777777777778,5.454166666666667,29.525277777777777
15887,5.556388888888889,5.69234487104906,1,16,1.7555555555555555,5.556388888888889,29.66611111111111
15888,5.694166666666667,5.785377642039946,1,16,1.1777777777777778,5.694166666666667,29.767777777777777
15889,5.7877777777777775,5.923389567578049,1,16,1.751111111111111,5.7877777777777775,29.897222222222222
15890,5.916666666666667,6.051590071747141,1,16,1.7422222222222221,5.916666666666667,30.025555555555556
15891,6.055,6.143801628853986,1,16,1.1466666666666667,6.055,30.126666666666665
15892,6.148055555555556,6.242020069808028,1,16,1.2133333333333334,6.148055555555556,30.22388888888889
15893,6.246666666666667,6.333747333721155,1,16,1.1244444444444444,6.246666666666667,30.316944444444445
15894,6.301666666666667,6.335053325576886,1,4,0.10777777777777778,6.301666666666667,34.80888888888889
15895,6.342777777777778,6.44087260034904,1,16,1.2666666666666666,6.342777777777778,30.421944444444446
15896,6.451944444444444,6.544876381617219,1,16,1.2,6.451944444444444,30.526944444444446
15897,6.553333333333334,6.6855031995346135,1,16,1.7066666666666668,6.553333333333334,30.66
15898,6.689444444444445,6.828153965483809,1,16,1.791111111111111,6.689444444444445,30.801388888888887
15899,6.829722222222222,6.9212773899554,1,16,1.1822222222222223,6.829722222222222,30.90361111111111
15900,6.932222222222222,7.01551677331782,1,16,1.0755555555555556,6.932222222222222,30.999444444444446
15901,7.026944444444444,7.1181554198177235,1,16,1.1777777777777778,7.026944444444444,31.100555555555555
15902,7.120277777777778,7.2555453752181505,1,16,1.7466666666666666,7.120277777777778,31.229444444444443
15903,7.2525,7.3426783982935815,1,16,1.1644444444444444,7.2525,31.325277777777778
15904,7.351666666666667,7.445975373279039,1,16,1.2177777777777778,7.351666666666667,31.427777777777777
15905,7.454722222222222,7.589989819662595,1,16,1.7466666666666666,7.454722222222222,31.56388888888889
15906,7.586944444444445,7.675746073298429,1,16,1.1466666666666667,7.586944444444445,31.65861111111111
15907,7.680833333333333,7.778239771184797,1,16,1.2577777777777779,7.680833333333333,31.759444444444444
15908,7.7811111111111115,7.920164824510374,1,16,1.7955555555555556,7.7811111111111115,31.893333333333334
15909,7.9191666666666665,8.010033449680046,1,16,1.1733333333333333,7.9191666666666665,31.9925
15910,8.01388888888889,8.11301628853985,1,16,1.28,8.01388888888889,32.09388888888889
15911,8.119444444444444,8.20755768857863,1,16,1.1377777777777778,8.119444444444444,32.190555555555555
15912,8.215833333333334,8.305323346907116,1,16,1.1555555555555554,8.215833333333334,32.28805555555556
15913,8.310833333333333,8.408583963544697,1,16,1.2622222222222221,8.310833333333333,32.389722222222225
15914,8.42388888888889,8.569482257126236,1,16,1.88,8.42388888888889,32.54138888888889
15915,8.566666666666666,8.659598603839443,1,16,1.2,8.566666666666666,32.641666666666666
15916,8.666944444444445,8.758155419817724,1,16,1.1777777777777778,8.666944444444445,32.74055555555555
15917,8.747777777777777,23.270286019003294,1,8,93.76222222222222,8.747777777777777,44.46805555555556
15918,8.778333333333334,8.910159007174714,1,16,1.7022222222222223,8.778333333333334,32.88472222222222
15920,8.90638888888889,8.994502133023074,1,16,1.1377777777777778,8.90638888888889,32.9775
15922,9.005277777777778,9.107158716307932,1,16,1.3155555555555556,9.005277777777778,33.0875
15923,9.11,9.199834205933682,1,16,1.16,9.11,33.1825
15925,9.215277777777779,9.326451910025208,1,16,1.4355555555555555,9.215277777777779,33.305
15926,9.291666666666666,9.320578824898195,1,1,0.023333333333333334,9.291666666666666,33.315
15928,9.313611111111111,9.410329164242778,1,16,1.248888888888889,9.313611111111111,33.391666666666666
15930,9.334166666666667,9.41987056428156,1,2,0.13833333333333334,9.334166666666667,33.403333333333336
15933,9.396666666666667,9.487189257320146,1,16,1.1688888888888889,9.396666666666667,33.469722222222224
15935,9.436666666666667,9.471430095016483,1,8,0.22444444444444445,9.436666666666667,33.46472222222222
15937,9.454166666666667,9.490306864456079,1,8,0.23333333333333334,9.454166666666667,33.483333333333334
15938,9.455,9.96268373085127,1,1,0.4097222222222222,9.455,33.86472222222222
15939,9.461944444444445,84.56574995152219,1,4,242.4477777777778,9.461944444444445,95.1661111111111
15940,9.466944444444444,9.504805604033354,1,8,0.24444444444444444,9.466944444444444,33.4975
15941,9.47638888888889,9.569320826061663,1,16,1.2,9.47638888888889,33.55138888888889
15942,9.479166666666666,9.92833769633508,1,1,0.3625,9.479166666666666,33.84166666666667
15943,9.490277777777777,9.917420496412644,1,1,0.3447222222222222,9.490277777777777,33.835
15944,9.505833333333333,10.02797314330037,1,1,0.42138888888888887,9.505833333333333,34.04416666666667
15945,9.553333333333333,9.610813457436494,1,1,0.04638888888888889,9.553333333333333,33.88583333333333
15946,9.561944444444444,9.689984002326934,1,16,1.6533333333333333,9.561944444444444,33.665277777777774
15947,9.572222222222223,9.645879387240642,1,8,0.47555555555555556,9.572222222222223,33.63166666666667
15948,9.645555555555555,9.73057106845065,1,8,0.5488888888888889,9.645555555555555,33.714166666666664
15949,9.649722222222222,9.757110238510762,1,8,0.6933333333333334,9.649722222222222,33.73638888888889
15950,9.668333333333333,9.762986232305604,1,16,1.2222222222222223,9.668333333333333,33.74472222222222
15954,9.75,9.887676943959667,1,16,1.7777777777777777,9.75,33.861111111111114
15956,9.8675,9.95905516773318,1,16,1.1822222222222223,9.8675,33.94138888888889
15957,9.926666666666666,10.04059433779329,1,8,0.7355555555555555,9.926666666666666,34.01861111111111
15958,9.935,10.009345549738219,1,8,0.48,9.935,33.995
15959,9.943888888888889,10.027871824704285,1,8,0.5422222222222223,9.943888888888889,34.01166666666666
15960,9.946944444444444,10.03540188093853,1,16,1.1422222222222222,9.946944444444444,34.01833333333333
15961,9.9825,10.770356311809191,1,1,0.6358333333333334,9.9825,34.68388888888889
15962,10.031944444444445,10.123843804537522,1,8,0.5933333333333334,10.031944444444445,34.10611111111111
15963,10.035833333333333,10.165938045375219,1,16,1.68,10.035833333333333,34.14083333333333
15964,10.039166666666667,10.104907407407408,1,8,0.42444444444444446,10.039166666666667,34.09222222222222
15966,10.046666666666667,10.144761489237927,1,8,0.6333333333333333,10.046666666666667,34.12583333333333
15971,10.099444444444444,10.13351948807446,1,1,0.0275,10.099444444444444,34.12694444444445
15974,10.1225,10.154165697110722,1,1,0.025555555555555557,10.1225,34.14805555555556
15975,10.14638888888889,10.239665018421562,1,16,1.2044444444444444,10.14638888888889,34.221666666666664
15978,10.161666666666667,10.277659491952685,1,1,0.09361111111111112,10.161666666666667,34.25527777777778
15979,10.16638888888889,10.277907213496219,1,1,0.09,10.16638888888889,34.256388888888885
15981,10.253333333333334,10.497021524141942,1,8,1.5733333333333333,10.253333333333334,34.45
15982,10.278611111111111,10.504401299204964,1,8,1.4577777777777778,10.278611111111111,34.46083333333333
15983,10.288333333333334,155.8905572862582,2,16,2106.5155555555557,10.288333333333334,165.94555555555556
15984,10.309722222222222,10.547903335272444,1,8,1.5377777777777777,10.309722222222222,34.50194444444445
15985,10.334166666666667,10.587836435912353,1,8,1.6377777777777778,10.334166666666667,34.53888888888889
15986,10.33611111111111,10.410112468489432,1,1,0.059722222222222225,10.33611111111111,34.395833333333336
15987,10.478333333333333,10.55818596082994,1,1,0.06444444444444444,10.478333333333333,34.54277777777778
15988,10.546111111111111,20.60685379096374,1,8,64.95555555555555,10.546111111111111,42.66555555555556
15989,10.546944444444444,20.50890391700601,1,8,64.31777777777778,10.546944444444444,42.586666666666666
15990,10.549444444444445,20.411243940275355,1,8,63.67111111111111,10.549444444444445,42.50833333333333
15991,10.549444444444445,24.03352433585418,1,8,87.05777777777777,10.549444444444445,45.431666666666665
15992,10.616944444444444,10.674424568547606,1,1,0.04638888888888889,10.616944444444444,34.663333333333334
15994,10.677777777777777,66.21114989334885,1,4,179.2711111111111,10.677777777777777,80.80194444444444
15995,10.717777777777778,10.9566472755478,1,1,0.19277777777777777,10.717777777777778,34.910555555555554
15996,10.781944444444445,10.80879144851658,1,4,0.08666666666666667,10.781944444444445,34.80361111111111
15998,10.807777777777778,10.898300368431258,1,8,0.5844444444444444,10.807777777777778,34.882222222222225
15999,10.814166666666667,10.905033449680047,1,8,0.5866666666666667,10.814166666666667,34.955555555555556
16000,10.882222222222222,10.959665503199535,1,8,0.5,10.882222222222222,35.018055555555556
16001,10.882777777777777,11.152280395578824,1,1,0.2175,10.882777777777777,35.135555555555555
16002,10.899722222222222,10.95926750048478,1,1,0.04805555555555555,10.899722222222222,34.94777777777778
16003,10.955555555555556,11.04883168508823,1,8,0.6022222222222222,10.955555555555556,35.093333333333334
16004,11.0125,11.399716404886561,1,1,0.3125,11.0125,35.452222222222225
16005,11.018055555555556,11.059014446383555,1,4,0.1322222222222222,11.018055555555556,35.12638888888889
16006,11.028611111111111,11.110528892767112,1,2,0.1322222222222222,11.028611111111111,35.094722222222224
16007,11.093333333333334,11.134292224161333,1,4,0.1322222222222222,11.093333333333334,35.12638888888889
16008,11.103333333333333,11.171483420593368,1,8,0.44,11.103333333333333,35.15833333333333
16009,11.105555555555556,11.14961217762265,1,16,0.5688888888888889,11.105555555555556,35.14111111111111
16010,11.126111111111111,39.58978669769246,1,1,22.97138888888889,11.126111111111111,58.42777777777778
16011,11.12861111111111,11.215003393445803,1,8,0.5577777777777778,11.12861111111111,35.19833333333333
16012,11.12861111111111,11.21913370176459,1,8,0.5844444444444444,11.12861111111111,35.271388888888886
16013,11.141111111111112,11.209949583090944,1,16,0.8888888888888888,11.141111111111112,35.196666666666665
16015,11.164444444444445,11.179588908280007,1,8,0.09777777777777778,11.164444444444445,35.17666666666667
16017,11.194166666666666,11.21757174713981,1,8,0.1511111111111111,11.194166666666666,35.213055555555556
16018,11.196666666666667,11.264816753926702,1,1,0.055,11.196666666666667,35.251666666666665
16019,11.198611111111111,11.271235699049834,1,8,0.4688888888888889,11.198611111111111,35.33
16020,11.213055555555556,11.230609365910412,1,8,0.11333333333333333,11.213055555555556,35.227222222222224
16022,11.27138888888889,11.362599864262169,1,8,0.5888888888888889,11.27138888888889,35.40361111111111
16023,11.294722222222223,34.045148826837305,1,8,146.88444444444445,11.294722222222223,53.655277777777776
16025,11.33,11.98637483032771,1,8,4.237777777777778,11.33,35.93333333333333
16028,11.403888888888888,12.3070496412643,1,8,5.831111111111111,11.403888888888888,36.66222222222222
16038,11.883611111111112,12.682137386077176,1,1,0.6444444444444445,11.883611111111112,36.528055555555554
16039,11.933333333333334,12.133309094434749,1,8,1.291111111111111,11.933333333333334,36.82361111111111
16041,11.985,12.062099088617414,1,4,0.24888888888888888,11.985,36.055277777777775
16043,12.043888888888889,13.154253441923599,1,1,0.8961111111111111,12.043888888888889,36.94
16052,12.6625,12.919955885204576,1,8,1.6622222222222223,12.6625,37.03138888888889
16053,12.823611111111111,12.839099767306573,1,8,0.1,12.823611111111111,37.04388888888889
16055,12.962777777777777,12.997885398487494,1,1,0.028333333333333332,12.962777777777777,36.99111111111111
16056,12.998333333333333,13.043766724840024,1,1,0.03666666666666667,12.998333333333333,37.035
16057,13.031666666666666,13.047843707581926,1,8,0.10444444444444445,13.031666666666666,37.05694444444445
16058,13.046388888888888,14.287890731045183,1,8,8.015555555555556,13.046388888888888,38.05888888888889
16059,13.060555555555556,14.77222416133411,1,8,11.051111111111112,13.060555555555556,39.44027777777778
16060,13.075555555555555,13.128561178980029,1,1,0.042777777777777776,13.075555555555555,37.11833333333333
16061,13.090833333333334,13.133857378320728,1,1,0.034722222222222224,13.090833333333334,37.16138888888889
16062,13.165833333333333,13.213676071359318,1,1,0.03861111111111111,13.165833333333333,37.20444444444445
16066,13.24611111111111,39.72207581927477,1,1,21.36722222222222,13.24611111111111,58.61333333333334
16068,13.256388888888889,13.764416812100059,1,1,0.41,13.256388888888889,37.66638888888889
16070,13.395,14.415530347101027,1,1,0.8236111111111111,13.395,38.21861111111111
16072,13.456388888888888,15.015580279232113,1,1,1.2583333333333333,13.456388888888888,38.71472222222222
16076,13.550833333333333,14.548646984681017,1,1,0.8052777777777778,13.550833333333333,38.35611111111111
16077,13.619444444444444,13.625984099282528,1,1,0.005277777777777778,13.619444444444444,44.89222222222222
16152,14.05888888888889,14.119122551871243,1,8,0.3888888888888889,14.05888888888889,39.48888888888889
16168,14.79138888888889,15.284960732984294,1,1,0.3983333333333333,14.79138888888889,39.18972222222222
16170,15.276111111111112,15.785171611401978,1,1,0.41083333333333333,15.276111111111112,39.68694444444444
16172,15.440555555555555,15.5049195268567,1,8,0.41555555555555557,15.440555555555555,39.54083333333333
16173,15.495555555555555,15.733736668605777,1,8,1.5377777777777777,15.495555555555555,39.73305555555555
16174,15.544166666666667,15.781315202637193,1,8,1.531111111111111,15.544166666666667,39.92444444444445
16177,15.695,15.747661431064573,1,4,0.17,15.695,39.73777777777778
16178,15.717777777777778,16.224084739189454,1,1,0.4086111111111111,15.717777777777778,40.12638888888889
16179,15.731111111111112,15.773790963738609,1,4,0.13777777777777778,15.731111111111112,39.76555555555556
16183,15.894166666666667,15.933404595695174,1,4,0.12666666666666668,15.894166666666667,39.92611111111111
16195,16.759722222222223,17.035420302501453,1,1,0.2225,16.759722222222223,40.98222222222222
16196,17.0225,96.05009840992824,1,1,63.77861111111111,17.0225,104.80111111111111
16197,17.087777777777777,105.19035194880745,1,1,71.1025,17.087777777777777,112.19027777777778
16198,17.115833333333335,78.89698516579406,1,1,49.86,17.115833333333335,90.97583333333333
16199,17.153333333333332,91.8805923986814,1,1,60.308055555555555,17.153333333333332,101.46138888888889
16200,17.18111111111111,91.99717180531317,1,1,60.37972222222222,17.18111111111111,101.56083333333333
16201,17.20111111111111,95.08908861741321,1,1,62.85888888888889,17.20111111111111,104.06
16202,17.22111111111111,107.40088617413224,1,1,72.77888888888889,17.22111111111111,114.0
16203,17.243055555555557,105.22275305410122,1,1,71.00333333333333,17.243055555555557,112.24638888888889
16220,18.92888888888889,19.021820826061663,1,8,0.6,18.92888888888889,43.00388888888889
16221,18.93777777777778,19.00248594143882,1,8,0.4177777777777778,18.93777777777778,42.99
16222,18.945833333333333,19.01811372891216,1,8,0.4666666666666667,18.945833333333333,43.00416666666667
16223,19.025833333333335,19.107062730269536,1,8,0.5244444444444445,19.025833333333335,43.091388888888886
16224,19.032777777777778,19.104369788636806,1,8,0.4622222222222222,19.032777777777778,43.090555555555554
16225,19.040555555555557,19.139682955206514,1,8,0.64,19.040555555555557,43.120555555555555
16227,19.16722222222222,19.260498351754897,1,8,0.6022222222222222,19.16722222222222,43.2425
16228,19.17361111111111,19.250366007368626,1,8,0.4955555555555556,19.17361111111111,43.23555555555556
16229,19.179444444444446,19.25860868722125,1,8,0.5111111111111111,19.179444444444446,43.24333333333333
16231,19.309444444444445,19.394115764979638,1,8,0.5466666666666666,19.309444444444445,43.37777777777778
16232,19.314722222222223,19.382872309482256,1,8,0.44,19.314722222222223,43.36972222222222
16233,19.322222222222223,19.419628660073688,1,8,0.6288888888888889,19.322222222222223,43.40083333333333
16256,20.725277777777777,20.78998594143882,1,16,0.8355555555555556,20.725277777777777,44.7775
16261,20.76527777777778,20.837558173356605,1,8,0.4666666666666667,20.76527777777778,44.82361111111111
16262,20.7775,20.849092010859025,1,2,0.11555555555555555,20.7775,44.835277777777776
16268,20.98111111111111,21.22445510955982,1,1,0.1963888888888889,20.98111111111111,45.1775
16280,21.329444444444444,21.37556622067093,1,4,0.14888888888888888,21.329444444444444,45.376666666666665
16281,21.368055555555557,21.387674520069808,1,4,0.06333333333333334,21.368055555555557,45.3925
16282,21.377777777777776,21.41391797556719,1,4,0.11666666666666667,21.377777777777776,45.40694444444444
16285,21.474444444444444,21.507831103354665,1,4,0.10777777777777778,21.474444444444444,45.50138888888889
16286,21.475277777777777,21.513827322086485,1,4,0.12444444444444444,21.475277777777777,45.50666666666667
16305,21.733055555555556,35.247768566996314,1,8,87.25555555555556,21.733055555555556,56.64
16307,21.740277777777777,21.763338665891023,1,8,0.14888888888888888,21.740277777777777,45.75888888888889
16312,21.85972222222222,21.87762022493698,1,4,0.057777777777777775,21.85972222222222,45.87416666666667
16319,22.046388888888888,22.258067190226875,1,1,0.17083333333333334,22.046388888888888,46.21722222222222
16470,22.272222222222222,23.980448904401786,1,1,1.378611111111111,22.272222222222222,47.65083333333333
16495,22.296666666666667,22.50077273608687,1,1,0.16472222222222221,22.296666666666667,46.46138888888889
16552,23.136666666666667,23.390336435912353,1,1,0.20472222222222222,23.136666666666667,47.341388888888886
16554,23.391944444444444,44.85164969943766,1,2,34.63777777777778,23.391944444444444,64.71083333333333
16556,23.7025,23.74827758386659,1,1,0.036944444444444446,23.7025,47.739444444444445
16558,23.723333333333333,23.779780880356796,1,1,0.04555555555555556,23.723333333333333,47.76888888888889
16559,23.726388888888888,23.77905031995346,1,1,0.0425,23.726388888888888,47.76888888888889
16560,23.72888888888889,23.77845258871437,1,1,0.04,23.72888888888889,47.76888888888889
16561,23.755555555555556,23.992015706806285,1,1,0.19083333333333333,23.755555555555556,47.94638888888889
16562,23.781111111111112,23.810023269342643,1,1,0.023333333333333334,23.781111111111112,47.80444444444444
16563,23.783333333333335,23.809491952685672,1,1,0.021111111111111112,23.783333333333335,47.80444444444444
16564,23.785,23.81391215823153,1,1,0.023333333333333334,23.785,47.80833333333333
16565,24.04388888888889,24.06350785340314,1,1,0.015833333333333335,24.04388888888889,48.05972222222222
16566,24.044166666666666,24.063097246461123,1,1,0.015277777777777777,24.044166666666666,48.059444444444445
16567,24.045,24.062898002714757,1,1,0.014444444444444444,24.045,48.059444444444445
16568,24.086944444444445,24.321339441535773,1,1,0.18916666666666668,24.086944444444445,48.27611111111111
16571,24.51388888888889,24.77719604421175,1,1,0.2125,24.51388888888889,48.72638888888889
16573,24.774166666666666,84.3714179755672,1,32,1539.12,24.774166666666666,96.90333333333334
16574,24.985277777777778,25.218984390149313,1,1,0.18861111111111112,24.985277777777778,49.17388888888889
16580,26.003888888888888,26.13158425441148,1,1,0.10305555555555555,26.003888888888888,50.13611111111111
16581,26.375555555555554,26.435445026178012,1,1,0.04833333333333333,26.375555555555554,50.42388888888889
16582,26.388333333333332,45.13098409928253,1,32,484.03555555555556,26.388333333333332,65.51444444444445
16583,26.426111111111112,26.66119449292224,1,1,0.1897222222222222,26.426111111111112,50.615833333333335
16595,31.425,31.488331394221447,1,8,0.4088888888888889,31.425,55.47611111111111
16596,31.476388888888888,31.51734777971689,1,8,0.2644444444444444,31.476388888888888,55.50944444444445
16597,31.509444444444444,33.49681113050224,1,8,12.831111111111111,31.509444444444444,57.11333333333334
16599,32.73305555555555,45.97551241031607,1,8,85.49777777777778,32.73305555555555,67.42027777777778
16600,32.745,44.75559239868141,1,8,77.54444444444445,32.745,66.43805555555555
16601,32.7575,37.698381326352525,1,8,31.9,32.7575,60.745
16602,32.76638888888889,38.60320292805895,1,8,37.684444444444445,32.76638888888889,61.47694444444444
16603,33.11333333333334,33.13536164436688,1,4,0.07111111111111111,33.11333333333334,57.13111111111111
16605,33.19166666666667,33.23813263525305,1,8,0.3,33.19166666666667,57.229166666666664
16606,33.229166666666664,33.27735359705255,1,8,0.3111111111111111,33.229166666666664,57.268055555555556
16608,33.268055555555556,33.29696771378708,1,4,0.09333333333333334,33.268055555555556,57.29138888888889
16609,33.32833333333333,33.37342253248012,1,8,0.2911111111111111,33.32833333333333,57.36472222222222
16610,33.36527777777778,33.38283158813264,1,8,0.11333333333333333,33.36527777777778,57.379444444444445
16611,33.37972222222222,33.601037909637384,1,8,1.4288888888888889,33.37972222222222,57.55833333333333
16612,33.55861111111111,33.6859622842738,1,8,0.8222222222222222,33.55861111111111,57.66138888888889
16616,33.66166666666667,33.67887628466163,1,8,0.1111111111111111,33.66166666666667,57.675555555555555
16617,33.72277777777778,34.16299980608881,1,8,2.8422222222222224,33.72277777777778,58.07805555555556
16621,33.97361111111111,35.54209569517161,1,1,1.2658333333333334,33.97361111111111,59.239444444444445
16622,34.07805555555556,34.13691244909832,1,8,0.38,34.07805555555556,58.12555555555556
16623,34.10611111111111,34.1942243552453,1,8,0.5688888888888889,34.10611111111111,58.196666666666665
16624,34.10611111111111,34.158428349815786,1,8,0.3377777777777778,34.10611111111111,58.23888888888889
16625,34.10611111111111,34.143283885980225,1,8,0.24,34.10611111111111,58.26888888888889
16626,34.10611111111111,34.145349040139614,1,8,0.25333333333333335,34.10611111111111,58.300555555555555
16627,34.12833333333333,34.36961217762265,1,8,1.5577777777777777,34.12833333333333,58.49527777777778
16629,34.211666666666666,34.31251502811712,1,8,0.6511111111111111,34.211666666666666,58.293055555555554
16633,34.330555555555556,34.42796199340702,1,8,0.6288888888888889,34.330555555555556,58.409166666666664
16639,34.653333333333336,34.888416715144466,1,8,1.5177777777777777,34.653333333333336,58.84305555555556
16643,34.98861111111111,35.55446335078534,1,8,3.6533333333333333,34.98861111111111,59.445277777777775
16645,35.10444444444445,35.147812681791734,1,3,0.105,35.10444444444445,59.14388888888889
16647,35.15638888888889,35.195282625557496,1,2,0.06277777777777778,35.15638888888889,59.194722222222225
16649,35.26777777777778,35.49047023463253,1,8,1.4377777777777778,35.26777777777778,59.4475
16654,35.39555555555555,35.992040915260816,1,8,3.851111111111111,35.39555555555555,59.87694444444445
16657,35.54388888888889,60.346734535582705,1,4,80.06777777777778,35.54388888888889,79.56083333333333
16659,35.70305555555556,35.72267452006981,1,1,0.015833333333333335,35.70305555555556,59.71888888888889
16664,35.90472222222222,52.36503344968005,1,1,13.284166666666666,35.90472222222222,73.18888888888888
16667,36.02777777777778,52.51149408570874,1,1,13.303055555555556,36.02777777777778,73.33083333333333
16668,36.02972222222222,36.505396063602866,1,1,0.3838888888888889,36.02972222222222,60.41361111111111
16669,36.033611111111114,52.46569856505721,1,1,13.261388888888888,36.033611111111114,73.295
16670,36.05277777777778,97.9977651735505,1,32,1599.7511111111112,36.05277777777778,110.045
16672,36.05833333333333,52.36857669187512,1,1,13.163055555555555,36.05833333333333,73.2213888888889
16673,36.07416666666666,52.6129537521815,1,1,13.3475,36.07416666666666,73.42166666666667
16674,36.07888888888889,52.246636610432425,1,1,13.048055555555555,36.07888888888889,73.12694444444445
16675,36.08305555555555,52.573655710684505,1,1,13.30861111111111,36.08305555555555,73.39166666666667
16676,36.089166666666664,52.32919478378903,1,1,13.106388888888889,36.089166666666664,73.19555555555556
16677,36.09361111111111,52.08547653674617,1,1,12.90611111111111,36.09361111111111,72.99972222222222
16678,36.098055555555554,52.043799204964124,1,1,12.86888888888889,36.098055555555554,72.96694444444445
16680,36.121944444444445,36.67815929804149,1,8,3.591111111111111,36.121944444444445,60.57083333333333
16683,36.165277777777774,52.24663321698662,1,1,12.978333333333333,36.165277777777774,73.14361111111111
16684,36.17861111111111,52.24929658716308,1,1,12.969722222222222,36.17861111111111,73.14833333333333
16685,36.18277777777778,52.31817141749079,1,1,13.021944444444445,36.18277777777778,73.20472222222222
16686,36.23222222222222,52.362108784176854,1,1,13.0175,36.23222222222222,73.24972222222222
16687,36.238055555555555,52.28602433585418,1,1,12.95138888888889,36.238055555555555,73.18944444444445
16688,36.24611111111111,52.05589877835951,1,1,12.759166666666667,36.24611111111111,73.00527777777778
16689,36.280833333333334,52.914617510180335,1,1,13.424166666666666,36.280833333333334,73.705
16694,36.33416666666667,52.363204867170836,1,1,12.936111111111112,36.33416666666667,73.27027777777778
16697,36.34111111111111,52.51161237153384,1,1,13.050277777777778,36.34111111111111,73.39138888888888
16699,36.346111111111114,52.47186736474694,1,1,13.014166666666666,36.346111111111114,73.36027777777778
16703,36.44777777777778,36.690433391506694,1,80,15.666666666666666,36.44777777777778,60.64361111111111
16704,36.676944444444445,36.70998691099476,1,16,0.4266666666666667,36.676944444444445,60.70361111111111
16706,36.73305555555555,36.772981869303855,1,1,0.03222222222222222,36.73305555555555,60.765277777777776
16707,36.772222222222226,36.811804343610625,1,1,0.03194444444444444,36.772222222222226,60.80416666666667
16708,36.77361111111111,40.76865183246073,1,16,51.586666666666666,36.77361111111111,63.99777777777778
16709,36.8,36.857135931743265,1,8,0.3688888888888889,36.8,60.846111111111114
16710,36.805,36.86764300950165,1,8,0.40444444444444444,36.805,60.855555555555554
16711,36.81111111111111,36.89509404692651,1,8,0.5422222222222223,36.81111111111111,60.87888888888889
16712,36.81944444444444,36.86246848943184,1,1,0.034722222222222224,36.81944444444444,60.854166666666664
16713,36.85888888888889,36.89984777971689,1,1,0.03305555555555555,36.85888888888889,60.89194444444445
16714,36.89194444444445,38.30141215823153,1,80,91.0,36.89194444444445,62.029444444444444
16719,37.26555555555556,37.32716598797751,1,16,0.7955555555555556,37.26555555555556,61.31527777777778
16720,37.269444444444446,37.44429416327322,1,1,0.1411111111111111,37.269444444444446,61.410555555555554
16721,37.325833333333335,37.391229881714175,1,16,0.8444444444444444,37.325833333333335,61.37861111111111
16723,37.428333333333335,37.44864068256739,1,8,0.13111111111111112,37.428333333333335,61.444722222222225
16724,37.431666666666665,37.44784370758193,1,8,0.10444444444444445,37.431666666666665,61.444722222222225
16725,37.43527777777778,37.45592931937173,1,8,0.13333333333333333,37.43527777777778,61.45194444444444
16726,37.47083333333333,37.541048574752764,1,16,0.9066666666666666,37.47083333333333,61.5275
16727,37.583888888888886,37.68473725033934,1,8,0.6511111111111111,37.583888888888886,61.665277777777774
16728,37.58611111111111,37.675601124684896,1,8,0.5777777777777777,37.58611111111111,61.65833333333333
16729,37.58888888888889,37.68629532674035,1,8,0.6288888888888889,37.58888888888889,61.6675
16730,37.675,37.74280589490014,1,8,0.43777777777777777,37.675,61.72972222222222
16731,37.72805555555556,38.37857911576498,1,8,4.2,37.72805555555556,62.253055555555555
16735,37.882777777777775,37.91995055264689,1,16,0.48,37.882777777777775,61.91277777777778
16737,37.93416666666667,38.470074171029665,1,8,3.46,37.93416666666667,62.36666666666667
16738,37.989444444444445,38.02455206515416,1,1,0.028333333333333332,37.989444444444445,62.01777777777778
16739,38.03138888888889,127.9437264882684,1,32,2322.0177777777776,38.03138888888889,134.59444444444443
16740,38.0325,38.06347731239092,1,1,0.025,38.0325,62.0575
16741,38.04805555555556,124.53567917393835,1,32,2233.5733333333333,38.04805555555556,131.84722222222223
16745,38.08861111111111,38.12130938530154,1,1,0.02638888888888889,38.08861111111111,62.115
16749,38.13777777777778,38.26444056622067,1,16,1.6355555555555557,38.13777777777778,62.24
16752,38.24055555555555,38.28082606166376,1,16,0.52,38.24055555555555,62.27305555555556
16754,38.295,38.3772619740159,1,8,0.5311111111111111,38.295,62.36138888888889
16755,38.299166666666665,54.56845113438045,1,1,13.13,38.299166666666665,75.42916666666666
16756,38.29944444444445,38.35348264494861,1,8,0.3488888888888889,38.29944444444445,62.34305555555556
16757,38.30388888888889,38.36687609075044,1,8,0.4066666666666667,38.30388888888889,62.35472222222222
16758,38.312222222222225,38.58000387822378,1,16,3.457777777777778,38.312222222222225,62.528333333333336
16760,38.44138888888889,38.48372454915649,1,2,0.06833333333333333,38.44138888888889,62.47555555555556
16761,38.44444444444444,38.48574752763234,1,2,0.06666666666666667,38.44444444444444,62.477777777777774
16765,38.535,38.616917781656,1,16,1.0577777777777777,38.535,62.60111111111111
16766,38.56722222222222,69.15456466938141,1,1,24.685277777777777,38.56722222222222,87.2525
16771,38.625277777777775,63.15655565251115,1,1,19.797777777777778,38.625277777777775,82.42305555555555
16772,38.635,57.8275101803374,1,1,15.489166666666666,38.635,88.75944444444444
16776,38.6475,40.144736765561376,1,16,19.333333333333332,38.6475,63.85583333333334
16778,38.6675,58.11402414194299,1,1,15.694166666666666,38.6675,78.36166666666666
16779,38.695,38.711521233275164,1,8,0.10666666666666667,38.695,62.708333333333336
16786,38.751666666666665,38.78746267209618,1,1,0.028888888888888888,38.751666666666665,62.78055555555556
16787,38.78472222222222,38.80778311033547,1,8,0.14888888888888888,38.78472222222222,62.803333333333335
16788,38.78666666666667,38.82349524917588,1,1,0.029722222222222223,38.78666666666667,62.81638888888889
16789,38.791111111111114,47.55390440178398,1,8,56.57555555555555,38.791111111111114,69.86305555555556
16790,38.791666666666664,47.55377157261974,1,8,56.57111111111111,38.791666666666664,69.86305555555556
16791,38.79277777777778,47.90010762070972,1,8,58.8,38.79277777777778,70.14277777777778
16792,38.79333333333334,47.72099476439791,1,8,57.64,38.79333333333334,69.99833333333333
16795,38.84027777777778,39.096356893542755,1,1,0.20666666666666667,38.84027777777778,63.04694444444444
16796,38.86972222222222,38.94303519488075,1,8,0.47333333333333333,38.86972222222222,62.92888888888889
16797,38.878055555555555,40.0964965095986,1,16,15.733333333333333,38.878055555555555,63.86138888888889
16799,38.95305555555556,134.4537003102579,1,32,2466.337777777778,38.95305555555556,140.03805555555556
16805,39.35527777777778,40.086686542563505,1,16,9.444444444444445,39.35527777777778,63.94638888888889
16808,39.3975,39.66941196432034,1,1,0.21944444444444444,39.3975,63.61694444444444
16817,39.57111111111111,39.605186154741126,1,1,0.0275,39.57111111111111,63.59861111111111
16824,39.8425,44.25298089974792,1,1,3.5594444444444444,39.8425,67.40194444444444
16826,39.852777777777774,39.87308512701182,1,16,0.26222222222222225,39.852777777777774,63.87222222222222
16828,39.88333333333333,53.26312293969362,1,16,172.76888888888888,39.88333333333333,74.68138888888889
16830,39.916111111111114,43.722190226876094,1,1,3.0716666666666668,39.916111111111114,66.98777777777778
16831,39.919444444444444,39.955928834593756,1,16,0.4711111111111111,39.919444444444444,63.94888888888889
16833,39.93138888888889,39.98611547411286,1,40,1.7666666666666666,39.93138888888889,63.97555555555556
16834,39.94777777777778,43.675036843125845,1,1,3.0080555555555555,39.94777777777778,66.95583333333333
16835,39.94916666666666,40.695719895287965,1,16,9.64,39.94916666666666,64.55166666666666
16836,39.952222222222225,43.341140197789414,1,1,2.735,39.952222222222225,67.44583333333334
16837,39.99138888888889,82.43891167345356,1,40,1370.2777777777778,39.99138888888889,98.24833333333333
16838,40.00388888888889,43.39762555749466,1,1,2.738888888888889,40.00388888888889,67.44972222222222
16839,40.0175,43.3582310451813,1,1,2.696111111111111,40.0175,69.65222222222222
16840,40.021388888888886,43.317374927283296,1,1,2.66,40.021388888888886,69.64777777777778
16842,40.0275,43.19406971107233,1,1,2.5555555555555554,40.0275,69.9575
16843,40.031666666666666,43.39580279232112,1,1,2.715,40.031666666666666,70.16111111111111
16844,40.04472222222222,40.097039460926894,1,1,0.042222222222222223,40.04472222222222,64.08694444444444
16847,40.10611111111111,40.14121873182083,1,1,0.028333333333333332,40.10611111111111,64.13444444444444
16849,40.297777777777775,40.33495055264689,1,1,0.03,40.297777777777775,64.32777777777778
16850,40.344166666666666,88.67256011246849,1,1,39.003055555555555,40.344166666666666,103.34722222222223
16851,40.38527777777778,111.71948855923986,1,1,57.569722222222225,40.38527777777778,121.955
16854,40.41,128.7524762458794,1,1,71.29611111111112,40.41,135.7061111111111
16855,40.42805555555555,108.01917442311421,1,1,54.54888888888889,40.42805555555555,123.46444444444444
16857,40.555,41.19726294357184,1,16,8.293333333333333,40.555,65.07611111111112
16858,40.56583333333333,40.63260665115377,1,8,0.4311111111111111,40.56583333333333,64.61972222222222
16861,40.68555555555555,46.137562536358345,1,4,17.6,40.68555555555555,69.08583333333333
16863,40.76222222222222,41.18729978669769,1,8,2.7444444444444445,40.76222222222222,65.10527777777777
16864,40.784444444444446,41.43462381229397,1,16,8.395555555555555,40.784444444444446,65.30916666666667
16866,40.86055555555556,40.881207097149506,1,1,0.016666666666666666,40.86055555555556,64.87722222222222
16868,40.888888888888886,41.067524723676556,1,2,0.28833333333333333,40.888888888888886,65.03305555555555
16871,41.07944444444445,41.79261101415552,1,16,9.20888888888889,41.07944444444445,65.655
16875,41.25194444444445,41.34590895869692,1,8,0.6066666666666667,41.25194444444445,65.32777777777778
16877,41.450833333333335,41.54238850106651,1,8,0.5911111111111111,41.450833333333335,65.52472222222222
16879,41.56305555555556,41.65116879968974,1,8,0.5688888888888889,41.56305555555556,65.63416666666667
16882,41.60805555555555,41.62320001939112,1,1,0.012222222222222223,41.60805555555555,65.62027777777777
16883,41.6225,41.64074219507465,1,1,0.014722222222222222,41.6225,65.63722222222222
16887,41.64333333333333,44.61440178398294,1,8,19.182222222222222,41.64333333333333,68.0411111111111
16889,41.656666666666666,41.67490886174133,1,1,0.014722222222222222,41.656666666666666,65.67138888888888
16891,41.66,42.289527826255565,1,16,8.12888888888889,41.66,66.16972222222222
16893,41.71083333333333,41.727698758968394,1,1,0.01361111111111111,41.71083333333333,65.72444444444444
16895,41.760555555555555,41.77638840411092,1,1,0.012777777777777779,41.760555555555555,65.77333333333333
16896,41.77638888888889,41.791877545084354,1,1,0.0125,41.77638888888889,65.78888888888889
16903,42.01861111111111,42.036509113825865,1,1,0.014444444444444444,42.01861111111111,66.03305555555555
16905,42.049166666666665,42.54893397324026,1,32,12.906666666666666,42.049166666666665,76.6061111111111
16906,42.10638888888889,42.127040430482836,1,1,0.016666666666666666,42.10638888888889,66.12305555555555
16907,42.117777777777775,47.19220573977118,1,8,32.76222222222222,42.117777777777775,70.21305555555556
16909,42.13305555555556,42.202238219895285,1,16,0.8933333333333333,42.13305555555556,66.18888888888888
16910,42.16361111111111,42.18150911382586,1,1,0.014444444444444444,42.16361111111111,66.17805555555556
16912,42.17305555555556,42.93957194105099,1,16,9.897777777777778,42.17305555555556,66.81944444444444
16914,42.19222222222222,42.213217956176074,1,1,0.016944444444444446,42.19222222222222,66.20916666666666
16917,42.263333333333335,42.278133604809,1,1,0.011944444444444445,42.263333333333335,66.27527777777777
16918,42.29416666666667,42.30896693814233,1,1,0.011944444444444445,42.29416666666667,66.30611111111111
16919,42.32527777777778,42.34007804925344,1,1,0.011944444444444445,42.32527777777778,66.33722222222222
16920,42.35944444444444,42.379751793678494,1,1,0.01638888888888889,42.35944444444444,66.37583333333333
16921,42.45583333333333,56.209760034904015,1,8,88.8,42.45583333333333,77.55583333333334
16922,42.47472222222222,42.541151347682764,1,16,0.8577777777777778,42.47472222222222,66.52833333333334
16924,42.82222222222222,43.52506302113632,1,16,9.075555555555555,42.82222222222222,67.38944444444445
16926,43.16222222222222,43.43895287958115,1,1,0.22333333333333333,43.16222222222222,67.38555555555556
16928,43.3925,44.06814960248206,1,16,8.724444444444444,43.3925,67.93777777777778
16929,43.6,43.74662594531704,1,8,0.9466666666666667,43.6,67.71833333333333
16931,43.81638888888889,52.87140149311615,1,1,7.307777777777778,43.81638888888889,75.12416666666667
16932,43.879444444444445,44.06771766530929,1,16,2.431111111111111,43.879444444444445,68.03138888888888
16933,43.91916666666667,43.919510859026566,1,1,0.0002777777777777778,43.91916666666667,67.91944444444445
16936,43.940555555555555,44.621712235796004,1,16,8.795555555555556,43.940555555555555,68.49027777777778
16939,43.98833333333334,44.0454692650766,1,1,0.04611111111111111,43.98833333333334,68.03444444444445
16943,44.12611111111111,48.75962866007368,1,8,29.915555555555557,44.12611111111111,71.86555555555556
16944,44.13055555555555,44.17977506302113,1,1,0.03972222222222222,44.13055555555555,68.17027777777778
16946,44.15,44.171684118673646,1,4,0.07,44.15,68.1675
16947,44.17333333333333,49.75888694977701,1,4,18.031111111111112,44.17333333333333,72.68111111111111
16948,44.19444444444444,44.25708745394609,1,1,0.050555555555555555,44.19444444444444,68.245
16952,44.43,53.10915454721737,1,1,7.004444444444444,44.43,75.43444444444444
16954,44.48444444444444,44.53366395191002,1,1,0.03972222222222222,44.48444444444444,68.52416666666667
16956,44.493611111111115,45.16547459763429,1,16,8.675555555555556,44.493611111111115,69.04305555555555
16957,44.53611111111111,44.580856117898,1,1,0.03611111111111111,44.53611111111111,68.57222222222222
16958,44.58555555555556,44.635119255381035,1,1,0.04,44.58555555555556,68.62555555555555
16959,44.62972222222222,44.67549980608881,1,1,0.036944444444444446,44.62972222222222,68.66666666666667
16962,44.8275,44.87396596858639,1,4,0.15,44.8275,68.86527777777778
16964,45.04611111111111,45.726579406631764,1,16,8.786666666666667,45.04611111111111,69.59527777777778
16965,45.16777777777778,45.5315891021912,1,1,0.2936111111111111,45.16777777777778,69.46138888888889
16968,45.20777777777778,45.30724936978864,1,1,0.08027777777777778,45.20777777777778,69.28805555555556
16970,45.27722222222222,45.46928155904596,1,1,0.155,45.27722222222222,69.43222222222222
16973,45.40638888888889,45.55198225712624,1,8,0.94,45.40638888888889,69.52388888888889
16974,45.59861111111111,46.2635907504363,1,16,8.586666666666666,45.59861111111111,70.13527777777777
16975,45.624722222222225,132.14194638355633,1,1,69.82305555555556,45.624722222222225,139.8436111111111
16977,45.82805555555556,46.397005526468874,1,8,3.6733333333333333,45.82805555555556,70.28722222222223
16978,45.844166666666666,45.99148099670351,1,8,0.9511111111111111,45.844166666666666,69.96305555555556
16987,46.143055555555556,129.84100009695558,1,1,67.54777777777778,46.143055555555556,137.69083333333333
16989,46.25083333333333,46.323802113631956,1,8,0.4711111111111111,46.25083333333333,70.30972222222222
16990,46.25611111111111,46.30877254217569,1,8,0.34,46.25611111111111,70.29861111111111
16991,46.26083333333333,46.34481626914873,1,8,0.5422222222222223,46.26083333333333,70.32861111111112
16994,46.34777777777778,46.43348167539267,1,8,0.5533333333333333,46.34777777777778,70.41694444444444
16995,46.3525,46.40722658522397,1,8,0.35333333333333333,46.3525,70.39666666666666
16996,46.35722222222222,46.42881423308125,1,8,0.4622222222222222,46.35722222222222,70.415
16998,46.37777777777778,46.38844774093465,1,1,0.008611111111111111,46.37777777777778,70.38638888888889
16999,46.39083333333333,46.48479784758581,1,1,0.07583333333333334,46.39083333333333,70.46666666666667
17007,46.589166666666664,46.65284225324802,1,1,0.05138888888888889,46.589166666666664,70.64055555555555
17012,46.753055555555555,60.98747479154547,1,8,91.90222222222222,46.753055555555555,82.24083333333333
17013,46.76111111111111,61.768242195074656,1,8,96.89111111111112,46.76111111111111,82.8725
17014,46.76694444444445,62.61321650184216,1,8,102.30888888888889,46.76694444444445,83.55555555555556
17016,47.19972222222222,47.27372357960055,1,1,0.059722222222222225,47.19972222222222,71.25944444444444
17022,47.29972222222222,116.65654789606359,1,1,55.97388888888889,47.29972222222222,127.27361111111111
17023,47.30388888888889,47.38305313166569,1,1,0.06388888888888888,47.30388888888889,71.36777777777777
17028,47.42194444444444,120.3329004266046,1,1,58.84222222222222,47.42194444444444,130.27333333333334
17029,47.43194444444445,47.51317384138065,1,1,0.06555555555555556,47.43194444444445,71.4975
17030,47.445277777777775,56.23422968780299,1,8,56.74444444444445,47.445277777777775,78.53833333333333
17031,47.465833333333336,57.56478136513476,1,8,65.20222222222222,47.465833333333336,79.61611111111111
17032,47.50333333333333,47.582153383750246,1,1,0.0636111111111111,47.50333333333333,71.56694444444445
17033,47.506388888888885,56.978218440954045,1,1,7.644166666666667,47.506388888888885,79.15055555555556
17034,47.5075,96.9534860383944,1,1,39.905,47.5075,143.25222222222223
17035,47.51222222222222,58.31951813069614,1,1,8.721944444444444,47.51222222222222,80.23416666666667
17040,47.683055555555555,47.76497333721156,1,1,0.0661111111111111,47.683055555555555,71.74916666666667
17042,47.74305555555556,54.29785485747528,1,8,42.32,47.74305555555556,77.12805555555556
17044,47.759166666666665,47.83798671708358,1,1,0.0636111111111111,47.759166666666665,71.82277777777777
17045,47.844722222222224,47.929393542757424,1,1,0.06833333333333333,47.844722222222224,71.91305555555556
17046,47.88527777777778,55.13465726197401,1,1,5.850555555555555,47.88527777777778,77.73583333333333
17047,47.888888888888886,48.08679949583092,1,1,0.1597222222222222,47.888888888888886,72.04861111111111
17048,47.93138888888889,48.00470186154741,1,1,0.059166666666666666,47.93138888888889,71.99055555555556
17049,48.00833333333333,48.40174520069808,1,1,0.3175,48.00833333333333,72.32583333333334
17050,48.081944444444446,48.121526565832845,1,4,0.12777777777777777,48.081944444444446,72.1138888888889
17052,48.215833333333336,48.38999466744231,1,1,0.14055555555555554,48.215833333333336,72.35638888888889
17054,48.79,48.966226488268376,1,4,0.5688888888888889,48.79,72.93222222222222
17056,49.026944444444446,49.193533546635635,1,4,0.5377777777777778,49.026944444444446,73.1613888888889
17062,51.12416666666667,51.53685330618576,1,2,0.6661111111111111,51.12416666666667,75.45722222222223
17064,51.45722222222222,51.832047702152416,1,2,0.605,51.45722222222222,75.75972222222222
17066,52.60916666666667,53.059714465774675,1,32,11.635555555555555,52.60916666666667,76.97583333333333
17067,52.979166666666664,110.54327370564282,1,32,1486.6133333333332,52.979166666666664,123.43583333333333
17080,56.34527777777778,56.36351997285243,1,1,0.014722222222222222,56.34527777777778,80.36
17081,56.365,56.383586387434555,1,1,0.015,56.365,80.38
17082,56.38361111111111,56.39772299786698,1,1,0.01138888888888889,56.38361111111111,80.395
17084,56.41277777777778,56.42516870273415,1,1,0.01,56.41277777777778,80.42277777777778
17085,56.46055555555556,56.460899747915455,1,1,0.0002777777777777778,56.46055555555556,80.46083333333333
17086,56.62555555555556,75.81840992825285,1,8,123.91555555555556,56.62555555555556,96.115
17087,56.62611111111111,77.45594434748885,1,8,134.48444444444445,56.62611111111111,97.43666666666667
17088,56.62861111111111,64.62936251696723,1,8,51.65555555555556,56.62861111111111,87.08555555555556
17089,56.62916666666667,56.62951085902657,1,1,0.0002777777777777778,56.62916666666667,80.62944444444445
17090,56.629444444444445,64.62847488850107,1,8,51.644444444444446,56.629444444444445,87.085
17091,56.630833333333335,64.89076158619352,1,8,53.32888888888889,56.630833333333335,87.29694444444445
17092,56.636944444444445,65.25689790575916,1,8,55.653333333333336,56.636944444444445,87.61111111111111
17093,56.68194444444445,56.70294017839829,1,1,0.016944444444444446,56.68194444444445,80.69888888888889
17094,56.70166666666667,56.71646693814233,1,1,0.011944444444444445,56.70166666666667,80.7136111111111
17099,57.635555555555555,57.65414194299011,1,1,0.015,57.635555555555555,81.65055555555556
17100,57.66416666666667,57.75813118091914,1,1,0.07583333333333334,57.66416666666667,81.74
17101,57.83722222222222,57.857529571456276,1,1,0.01638888888888889,57.83722222222222,81.8536111111111
17102,58.01555555555556,58.12259937948419,1,1,0.08638888888888889,58.01555555555556,82.10194444444444
17104,58.10527777777778,79.58150426604615,1,4,69.32888888888888,58.10527777777778,99.4375
17107,58.17111111111111,58.297773899554,1,1,0.10222222222222223,58.17111111111111,82.27333333333333
17110,58.35055555555556,58.517488850106645,1,8,1.0777777777777777,58.35055555555556,82.48527777777778
17111,58.37777777777778,58.556069420205546,1,1,0.1438888888888889,58.37777777777778,82.52166666666666
17113,58.52777777777778,59.45365522590653,1,8,5.977777777777778,58.52777777777778,83.275
17114,58.59972222222222,58.697472852433584,1,8,0.6311111111111111,58.59972222222222,82.67861111111111
17123,59.104166666666664,59.20501502811712,1,1,0.08138888888888889,59.104166666666664,83.18555555555555
17124,59.12888888888889,59.18395966647275,1,1,0.044444444444444446,59.12888888888889,83.17333333333333
17125,59.18222222222222,59.343992631374824,1,1,0.13055555555555556,59.18222222222222,83.31277777777778
17126,59.18333333333333,59.237371533837496,1,1,0.043611111111111114,59.18333333333333,83.22694444444444
17129,59.20777777777778,59.27179755671903,1,1,0.051666666666666666,59.20777777777778,83.25944444444444
17130,59.21138888888889,59.27127835951134,1,1,0.04833333333333333,59.21138888888889,83.25972222222222
17131,59.221111111111114,59.2672328873376,1,1,0.03722222222222222,59.221111111111114,83.25833333333334
17132,59.22833333333333,59.29958115183246,1,1,0.0575,59.22833333333333,83.28583333333333
17133,59.23166666666667,59.29878417684701,1,1,0.05416666666666667,59.23166666666667,83.28583333333333
17134,59.236111111111114,59.29806573589296,1,1,0.05,59.236111111111114,83.28611111111111
17135,59.25888888888889,59.27988462284274,1,8,0.13555555555555557,59.25888888888889,83.27583333333334
17136,59.264722222222225,59.3146301144076,1,1,0.04027777777777778,59.264722222222225,83.305
17137,59.276944444444446,59.28899117704092,1,1,0.009722222222222222,59.276944444444446,83.28666666666666
17138,59.28277777777778,59.29482451037424,1,1,0.009722222222222222,59.28277777777778,83.2925
17139,59.289722222222224,59.300736377739,1,1,0.008888888888888889,59.289722222222224,83.29861111111111
17140,59.29194444444445,59.30158183052162,1,1,0.0077777777777777776,59.29194444444445,83.29972222222223
17141,59.295,59.303949001357374,1,1,0.007222222222222222,59.295,83.30222222222223
17142,59.2975,59.30644900135738,1,1,0.007222222222222222,59.2975,83.30472222222222
17143,59.299166666666665,59.30949243746364,1,1,0.008333333333333333,59.299166666666665,83.3075
17144,59.30305555555555,59.31441390343223,1,1,0.009166666666666667,59.30305555555555,83.31222222222222
17146,59.39138888888889,59.40377981384526,1,1,0.01,59.39138888888889,83.40138888888889
17148,59.40611111111111,59.417125266627885,1,1,0.008888888888888889,59.40611111111111,83.415
17149,59.41166666666667,59.56448807446189,1,1,0.12333333333333334,59.41166666666667,83.535
17150,59.44638888888889,59.499394512313366,1,1,0.042777777777777776,59.44638888888889,83.48916666666666
17151,59.4675,59.542533934458014,1,1,0.06055555555555556,59.4675,83.52805555555555
17152,59.471111111111114,59.54167054489044,1,1,0.05694444444444444,59.471111111111114,83.52805555555555
17153,59.471666666666664,73.08757223191778,1,8,87.9088888888889,59.471666666666664,94.46027777777778
17155,59.47555555555556,59.5402637192166,1,1,0.052222222222222225,59.47555555555556,83.52777777777777
17156,59.48222222222222,59.5314417296878,1,1,0.03972222222222222,59.48222222222222,83.52194444444444
17157,59.488055555555555,59.537275063021134,1,1,0.03972222222222222,59.488055555555555,83.52777777777777
17158,59.50055555555556,61.14097634283498,1,8,10.591111111111111,59.50055555555556,86.63388888888889
17159,59.50055555555556,62.86710102772929,1,8,21.735555555555557,59.50055555555556,89.35083333333333
17160,59.50055555555556,63.234354275741715,1,8,24.106666666666666,59.50055555555556,92.36416666666666
17161,59.50055555555556,62.73252181500873,1,8,20.866666666666667,59.50055555555556,94.9725
17162,59.50055555555556,62.58968198565058,1,8,19.944444444444443,59.50055555555556,97.46555555555555
17163,59.50055555555556,59.87779038200504,1,8,2.4355555555555557,59.50055555555556,97.77
17164,59.50055555555556,60.77613244134187,1,8,8.235555555555555,59.50055555555556,98.79944444444445
17165,59.50055555555556,60.73723870467326,1,8,7.984444444444445,59.50055555555556,99.24638888888889
17166,59.50055555555556,60.785769827419045,1,8,8.297777777777778,59.50055555555556,99.28555555555556
17167,59.50055555555556,60.765462478184986,1,8,8.166666666666666,59.50055555555556,99.26916666666666
17168,59.50055555555556,61.557793290672876,1,8,13.282222222222222,59.50055555555556,99.90861111111111
17169,59.50055555555556,61.47897324025596,1,8,12.773333333333333,59.50055555555556,99.845
17170,59.50055555555556,61.393613535000966,1,8,12.222222222222221,59.50055555555556,100.32722222222222
17171,59.50055555555556,61.39499030444056,1,8,12.231111111111112,59.50055555555556,100.77527777777777
17172,59.50055555555556,61.33854275741711,1,8,11.866666666666667,59.50055555555556,100.7525
17173,59.50055555555556,59.614139034322264,1,8,0.7333333333333333,59.50055555555556,99.37722222222222
17174,59.518055555555556,64.61313505914292,1,8,32.89555555555555,59.518055555555556,87.63
17175,59.52611111111111,59.579460926895486,1,1,0.043055555555555555,59.52611111111111,83.56916666666666
17176,59.52861111111111,59.54823007562536,1,4,0.06333333333333334,59.52861111111111,83.54444444444445
17177,59.53055555555556,59.58941244909832,1,1,0.0475,59.53055555555556,83.57805555555555
17178,59.53638888888889,59.60247382198953,1,1,0.05333333333333334,59.53638888888889,83.58972222222222
17179,59.53888888888889,59.60187609075044,1,1,0.050833333333333335,59.53888888888889,83.58972222222222
17180,59.54194444444445,59.70991031607524,1,1,0.13555555555555557,59.54194444444445,83.6775
17182,59.54638888888889,59.59492001163468,1,1,0.03916666666666667,59.54638888888889,83.58555555555556
17183,59.55111111111111,59.5989538491371,1,1,0.03861111111111111,59.55111111111111,83.58972222222222
17184,59.554722222222225,59.61736523172387,1,1,0.050555555555555555,59.554722222222225,83.60527777777777
17185,59.55722222222222,59.61676750048478,1,1,0.04805555555555555,59.55722222222222,83.60527777777777
17186,59.56611111111111,59.57609268954818,1,1,0.008055555555555555,59.56611111111111,83.57416666666667
17187,59.57138888888889,59.58274723676556,1,1,0.009166666666666667,59.57138888888889,83.58055555555555
17188,59.57555555555555,59.585192941632734,1,1,0.0077777777777777776,59.57555555555555,83.58333333333333
17189,59.57805555555556,59.58975809579213,1,1,0.009444444444444445,59.57805555555556,83.5875
17190,59.58444444444444,59.59511440760132,1,1,0.008611111111111111,59.58444444444444,83.59305555555555
17191,59.58722222222222,59.5968596082994,1,1,0.0077777777777777776,59.58722222222222,83.595
17192,59.59,59.59963738607718,1,1,0.0077777777777777776,59.59,83.59777777777778
17193,59.59388888888889,59.604214659685866,1,1,0.008333333333333333,59.59388888888889,83.60222222222222
17194,59.59722222222222,59.6065154159395,1,1,0.0075,59.59722222222222,83.60472222222222
17195,59.60027777777778,59.61232451037425,1,1,0.009722222222222222,59.60027777777778,83.61
17196,59.602777777777774,59.61207097149505,1,1,0.0075,59.602777777777774,83.61027777777778
17197,59.60638888888889,59.61912400620516,1,1,0.010277777777777778,59.60638888888889,83.61666666666666
17198,59.60944444444444,59.61873763816172,1,1,0.0075,59.60944444444444,83.61694444444444
17199,59.611666666666665,59.62095986038394,1,1,0.0075,59.611666666666665,83.61916666666667
17200,59.61388888888889,59.623182082606164,1,1,0.0075,59.61388888888889,83.62138888888889
17201,59.71055555555556,59.88471688966453,1,1,0.14055555555555554,59.71055555555556,83.85111111111111
17202,59.7575,59.827026856699625,1,16,0.8977777777777778,59.7575,83.81361111111111
17203,59.793055555555554,59.85225664145822,1,1,0.04777777777777778,59.793055555555554,83.84083333333334
17205,59.844722222222224,60.13418799689742,1,8,1.8688888888888888,59.844722222222224,84.07833333333333
17206,59.855,59.888042466550324,1,2,0.05333333333333334,59.855,83.88472222222222
17207,59.882222222222225,74.56753344968004,1,16,189.62666666666667,59.882222222222225,95.73388888888888
17208,59.88444444444445,59.89649117704091,1,1,0.009722222222222222,59.88444444444445,83.89416666666666
17210,59.90555555555556,59.94066317626527,1,1,0.028333333333333332,59.90555555555556,83.93388888888889
17216,60.038333333333334,60.208708551483426,1,1,0.1375,60.038333333333334,84.17583333333333
17217,60.11,93.31182761295327,1,4,107.18111111111111,60.11,110.90527777777778
17218,60.113055555555555,60.15470283110336,1,1,0.03361111111111111,60.113055555555555,84.14666666666666
17220,60.16888888888889,60.22981093659104,1,1,0.049166666666666664,60.16888888888889,84.21805555555555
17222,60.284166666666664,60.349219022687606,1,16,0.84,60.284166666666664,84.33666666666667
17223,60.35166666666667,60.397444250533255,1,1,0.036944444444444446,60.35166666666667,84.38861111111112
17224,60.39805555555556,60.50613195656389,1,16,1.3955555555555557,60.39805555555556,84.48527777777778
17225,60.401666666666664,60.487370564281555,1,8,0.5533333333333333,60.401666666666664,84.47083333333333
17226,60.41444444444444,60.45333818111305,1,1,0.03138888888888889,60.41444444444444,84.44583333333334
17229,60.43944444444445,60.48109171999224,1,1,0.03361111111111111,60.43944444444445,84.47305555555556
17230,60.45805555555555,60.529303374054685,1,16,0.92,60.45805555555555,84.52833333333334
17233,60.56194444444444,60.59636368043436,1,1,0.027777777777777776,60.56194444444444,84.58972222222222
17235,60.583888888888886,60.7040120224937,1,16,1.551111111111111,60.583888888888886,84.68083333333334
17236,60.584722222222226,60.62568111305022,1,1,0.03305555555555555,60.584722222222226,84.61777777777777
17237,60.59305555555556,60.656042757417104,1,16,0.8133333333333334,60.59305555555556,84.6438888888889
17239,60.634166666666665,60.703693523366304,1,16,0.8977777777777778,60.634166666666665,84.7
17240,60.65222222222222,60.68870661237153,1,1,0.029444444444444443,60.65222222222222,84.68166666666667
17242,60.86083333333333,60.99128223773512,1,16,1.6844444444444444,60.86083333333333,84.9661111111111
17243,60.86555555555555,60.90617025402366,1,1,0.03277777777777778,60.86555555555555,84.89833333333333
17245,60.9125,60.94898439014931,1,1,0.029444444444444443,60.9125,84.94194444444445
17246,60.970555555555556,60.98156971107233,1,1,0.008888888888888889,60.970555555555556,84.97944444444444
17248,61.07611111111111,61.088846228427386,1,1,0.010277777777777778,61.07611111111111,85.08638888888889
17251,61.14277777777778,61.760258871436875,1,1,0.49833333333333335,61.14277777777778,85.64111111111112
17252,61.1775,61.222933391506686,1,1,0.03666666666666667,61.1775,85.21416666666667
17253,61.18416666666667,61.36555604033353,1,2,0.2927777777777778,61.18416666666667,85.33055555555555
17256,61.25083333333333,61.29798768663952,1,1,0.03805555555555556,61.25083333333333,85.28888888888889
17257,61.26277777777778,61.29995055264689,1,1,0.03,61.26277777777778,85.29277777777777
17261,61.34027777777778,61.37710636028699,1,1,0.029722222222222223,61.34027777777778,85.37
17264,61.37222222222222,75.52541206127594,1,8,91.37777777777778,61.37222222222222,96.79444444444445
17266,61.38944444444444,61.42248691099477,1,1,0.02666666666666667,61.38944444444444,85.4161111111111
17267,61.43805555555556,61.47006544502618,1,1,0.025833333333333333,61.43805555555556,85.46388888888889
17268,61.48722222222222,61.520953073492336,1,1,0.02722222222222222,61.48722222222222,85.51444444444445
17269,61.52,61.88966259453171,1,2,0.5966666666666667,61.52,85.81833333333333
17270,61.52611111111111,61.5722328873376,1,1,0.03722222222222222,61.52611111111111,85.56333333333333
17271,61.535,61.57010762070971,1,1,0.028333333333333332,61.535,85.56333333333333
17272,61.58138888888889,61.6144313554392,1,1,0.02666666666666667,61.58138888888889,85.60805555555555
17273,61.58305555555555,61.63606117898003,1,16,0.6844444444444444,61.58305555555555,85.62583333333333
17274,61.60333333333333,61.636719992243556,1,1,0.026944444444444444,61.60333333333333,85.63027777777778
17275,61.629444444444445,61.66111014155517,1,1,0.025555555555555557,61.629444444444445,85.655
17276,61.65611111111111,61.69190711654063,1,1,0.028888888888888888,61.65611111111111,85.685
17278,61.66444444444444,61.71159879775063,1,1,0.03805555555555556,61.66444444444444,85.7311111111111
17280,61.68138888888889,61.7178732790382,1,1,0.029444444444444443,61.68138888888889,85.71083333333333
17281,61.70666666666666,61.74211847973628,1,1,0.02861111111111111,61.70666666666666,85.73527777777778
17282,61.74777777777778,61.78322959084739,1,1,0.02861111111111111,61.74777777777778,85.77638888888889
17283,61.75194444444445,62.03142864068256,1,1,0.22555555555555556,61.75194444444445,85.9775
17284,61.768055555555556,61.812112177622645,1,1,0.035555555555555556,61.768055555555556,85.81194444444445
17285,61.795,61.828386658910226,1,1,0.026944444444444444,61.795,85.82194444444444
17287,61.839444444444446,61.87042175683537,1,1,0.025,61.839444444444446,85.86444444444444
17288,61.85944444444444,61.90315687415164,1,2,0.07055555555555555,61.85944444444444,85.89472222222223
17290,61.88944444444444,61.918700795035875,1,1,0.02361111111111111,61.88944444444444,85.91305555555556
17291,61.90833333333333,62.162691487298815,1,2,0.41055555555555556,61.90833333333333,86.11361111111111
17293,61.933055555555555,61.97607960054295,1,1,0.034722222222222224,61.933055555555555,85.96777777777778
17294,62.007777777777775,64.61124878805506,1,1,2.101111111111111,62.007777777777775,88.10888888888888
17295,62.013333333333335,64.65914000387822,1,1,2.1352777777777776,62.013333333333335,88.14861111111111
17296,62.0175,64.6605531316657,1,1,2.1330555555555555,62.0175,88.15055555555556
17297,62.02055555555555,62.195405274384335,1,1,0.1411111111111111,62.02055555555555,86.16166666666666
17298,62.03111111111111,62.0751677331782,1,1,0.035555555555555556,62.03111111111111,86.14916666666667
17299,62.03666666666667,64.6625101803374,1,1,2.1191666666666666,62.03666666666667,88.15583333333333
17300,62.05,64.75122164048867,1,1,2.18,62.05,88.23
17301,62.068888888888885,72.19296296296297,1,8,65.36444444444444,62.068888888888885,94.23944444444444
17302,62.08888888888889,63.9461508629048,1,8,11.991111111111111,62.08888888888889,100.87611111111111
17303,62.08888888888889,65.66883362420012,1,8,23.113333333333333,62.08888888888889,102.73416666666667
17304,62.08888888888889,65.18248981966259,1,8,19.973333333333333,62.08888888888889,102.40527777777778
17305,62.08888888888889,65.07131568741517,1,8,19.255555555555556,62.08888888888889,102.73416666666667
17306,62.08888888888889,65.12845161915843,1,8,19.624444444444446,62.08888888888889,103.20555555555555
17307,62.08888888888889,62.46577952297849,1,8,2.433333333333333,62.08888888888889,101.07944444444445
17308,62.08888888888889,63.22644463835563,1,8,7.344444444444444,62.08888888888889,101.79416666666667
17309,62.08888888888889,63.20992340508047,1,8,7.237777777777778,62.08888888888889,101.98416666666667
17310,62.08888888888889,63.23195171611402,1,8,7.38,62.08888888888889,102.71666666666667
17311,62.08888888888889,63.23986814039171,1,8,7.431111111111111,62.08888888888889,102.91305555555556
17312,62.08888888888889,63.777840798914085,1,8,10.904444444444444,62.08888888888889,103.76833333333333
17313,62.08888888888889,63.72724452200892,1,8,10.577777777777778,62.08888888888889,104.03888888888889
17314,62.08888888888889,63.75753344968004,1,8,10.773333333333333,62.08888888888889,104.08083333333333
17315,62.08888888888889,63.82774869109948,1,8,11.226666666666667,62.08888888888889,104.1375
17316,62.08888888888889,63.75409152608105,1,8,10.751111111111111,62.08888888888889,104.25694444444444
17317,62.08888888888889,62.20522590653482,1,8,0.7511111111111111,62.08888888888889,103.29944444444445
17318,62.100833333333334,64.80928301337987,1,1,2.1858333333333335,62.100833333333334,88.28666666666666
17319,62.10611111111111,64.82729590847393,1,1,2.196111111111111,62.10611111111111,88.30222222222223
17320,62.111111111111114,64.7947789412449,1,1,2.1658333333333335,62.111111111111114,88.27694444444444
17321,62.214444444444446,62.24886368043436,1,1,0.027777777777777776,62.214444444444446,86.24222222222222
17322,62.215555555555554,62.26236571650184,1,1,0.03777777777777778,62.215555555555554,86.25333333333333
17325,62.27,62.30063312003102,1,1,0.024722222222222222,62.27,86.29472222222222
17329,62.30694444444445,62.33792175683537,1,1,0.025,62.30694444444445,86.33194444444445
17331,62.34527777777778,62.395185669963155,1,1,0.04027777777777778,62.34527777777778,86.38555555555556
17332,62.376666666666665,62.45204479348458,1,1,0.060833333333333336,62.376666666666665,86.4375
17333,62.37916666666667,62.467968295520656,1,1,0.07166666666666667,62.37916666666667,86.45083333333334
17336,62.424166666666665,62.45686494085709,1,1,0.02638888888888889,62.424166666666665,86.45055555555555
17339,62.458888888888886,62.4950290866783,1,1,0.029166666666666667,62.458888888888886,86.48805555555556
17342,62.52388888888889,62.565536164436686,1,1,0.03361111111111111,62.52388888888889,86.5575
17343,62.52611111111111,62.56225130890052,1,8,0.23333333333333334,62.52611111111111,86.55527777777777
17347,62.56194444444444,62.59533110335467,1,1,0.026944444444444444,62.56194444444444,86.58888888888889
17348,62.562222222222225,73.06318693038588,1,8,67.79777777777778,62.562222222222225,95.03694444444444
17349,62.591944444444444,62.62464271863487,1,1,0.02638888888888889,62.591944444444444,86.61833333333334
17350,62.617222222222225,62.716349621873185,1,1,0.08,62.617222222222225,86.69722222222222
17351,62.617222222222225,62.89360868722125,1,1,0.22305555555555556,62.617222222222225,86.84027777777777
17352,62.62833333333333,62.6451987589684,1,1,0.01361111111111111,62.62833333333333,86.64194444444445
17353,62.65277777777778,62.683410897808805,1,1,0.024722222222222222,62.65277777777778,86.6775
17355,62.71194444444444,62.74464271863487,1,1,0.02638888888888889,62.71194444444444,86.73833333333333
17360,62.731944444444444,62.748809870079505,1,1,0.01361111111111111,62.731944444444444,86.74555555555555
17361,62.76166666666666,78.0231559045957,1,16,197.06666666666666,62.76166666666666,99.07833333333333
17362,62.765,62.794256350591425,1,1,0.02361111111111111,62.765,86.78861111111111
17365,62.780277777777776,62.79714320341284,1,1,0.01361111111111111,62.780277777777776,86.79388888888889
17366,62.785555555555554,73.35845646693814,1,8,68.26222222222222,62.785555555555554,95.31833333333333
17367,62.80888888888889,73.59966356408765,1,8,69.66888888888889,62.80888888888889,95.5175
17368,62.86055555555556,62.89394221446578,1,1,0.026944444444444444,62.86055555555556,86.8875
17371,62.925555555555555,62.95756544502618,1,1,0.025833333333333333,62.925555555555555,86.95138888888889
17373,63.01,63.0526798526275,1,1,0.034444444444444444,63.01,87.04444444444445
17375,63.03916666666667,63.06326013185961,1,1,0.019444444444444445,63.03916666666667,87.0586111111111
17378,63.10777777777778,63.17283013379872,1,8,0.42,63.10777777777778,87.16027777777778
17379,63.11055555555556,63.14256544502618,1,1,0.025833333333333333,63.11055555555556,87.13638888888889
17380,63.111111111111114,63.16790285049447,1,8,0.36666666666666664,63.111111111111114,87.15694444444445
17381,63.12444444444444,63.21186930385883,1,8,0.5644444444444444,63.12444444444444,87.2275
17382,63.14194444444445,63.17842883459376,1,1,0.029444444444444443,63.14194444444445,87.17138888888888
17383,63.172777777777775,63.20926216792709,1,1,0.029444444444444443,63.172777777777775,87.20222222222222
17384,63.19166666666667,63.53310548768663,1,1,0.27555555555555555,63.19166666666667,87.46722222222222
17385,63.19861111111111,63.28259404692651,1,8,0.5422222222222223,63.19861111111111,87.26638888888888
17386,63.20305555555556,63.26156825673842,1,8,0.37777777777777777,63.20305555555556,87.27472222222222
17387,63.21194444444444,63.245331103354665,1,1,0.026944444444444444,63.21194444444444,87.2388888888889
17389,63.235,63.29661043242195,1,8,0.3977777777777778,63.235,87.31611111111111
17390,63.240833333333335,63.27077806864456,1,1,0.024166666666666666,63.240833333333335,87.265
17391,63.26611111111111,63.296744231142135,1,1,0.024722222222222222,63.26611111111111,87.29083333333334
17392,63.2825,63.312444735311225,1,1,0.024166666666666666,63.2825,87.30666666666667
17394,63.310833333333335,63.348694492922235,1,1,0.030555555555555555,63.310833333333335,87.34138888888889
17396,63.3375,63.38258919914679,1,1,0.03638888888888889,63.3375,87.37388888888889
17397,63.37305555555555,63.41160509986427,1,1,0.03111111111111111,63.37305555555555,87.40416666666667
17400,63.39833333333333,63.46579503587357,1,8,0.43555555555555553,63.39833333333333,87.45277777777778
17402,63.401666666666664,63.463965483808416,1,8,0.4022222222222222,63.401666666666664,87.45194444444445
17404,63.40277777777778,63.43754120612759,1,1,0.028055555555555556,63.40277777777778,87.43083333333334
17405,63.405277777777776,63.49063748303277,1,8,0.5511111111111111,63.405277777777776,87.47416666666666
17407,63.422222222222224,63.45354372697305,1,1,0.025277777777777777,63.422222222222224,87.45611111111111
17409,63.456944444444446,63.48688917975567,1,1,0.024166666666666666,63.456944444444446,87.4811111111111
17410,63.48166666666667,84.01687124297072,1,4,66.2911111111111,63.48166666666667,104.16111111111111
17411,63.489444444444445,63.53074752763234,1,1,0.03333333333333333,63.489444444444445,87.52277777777778
17413,63.509166666666665,63.55012555749467,1,1,0.03305555555555555,63.509166666666665,87.54222222222222
17417,63.545833333333334,63.57956418460345,1,1,0.02722222222222222,63.545833333333334,87.57305555555556
17419,63.58,63.60753538879194,1,1,0.022222222222222223,63.58,87.60222222222222
17421,63.595,63.62976342834981,1,1,0.028055555555555556,63.595,87.62305555555555
17422,63.615833333333335,72.8725426604615,1,8,59.76444444444444,63.615833333333335,96.12833333333333
17423,63.62083333333333,68.96751745200697,1,8,34.52,63.62083333333333,92.97277777777778
17425,63.62694444444445,63.66067529571456,1,1,0.02722222222222222,63.62694444444445,87.65416666666667
17427,63.67166666666667,63.71056040333527,1,1,0.03138888888888889,63.67166666666667,87.70305555555555
17428,63.6725,63.713114698468104,1,1,0.03277777777777778,63.6725,87.70527777777778
17431,63.705555555555556,63.73205836726779,1,8,0.1711111111111111,63.705555555555556,87.72694444444444
17434,63.728611111111114,63.759932615861935,1,1,0.025277777777777777,63.728611111111114,87.7538888888889
17435,63.72972222222222,63.763108881132446,1,1,0.026944444444444444,63.72972222222222,87.75666666666666
17436,63.74777777777778,63.773936397130115,1,8,0.1688888888888889,63.74777777777778,87.7688888888889
17437,63.778055555555554,63.807311906146985,1,1,0.02361111111111111,63.778055555555554,87.80166666666666
17438,63.77916666666667,63.81048817141749,1,1,0.025277777777777777,63.77916666666667,87.80444444444444
17439,63.81916666666667,63.863567481093654,1,1,0.035833333333333335,63.81916666666667,87.855
17440,63.82,63.86336823734729,1,1,0.035,63.82,87.855
17445,63.89833333333333,63.92931064572426,1,1,0.025,63.89833333333333,87.92333333333333
17446,63.90277777777778,63.93891797556719,1,1,0.029166666666666667,63.90277777777778,87.93194444444444
17450,63.95472222222222,64.03939354275742,1,8,0.5466666666666666,63.95472222222222,88.02305555555556
17451,63.95611111111111,63.994660655419814,1,1,0.03111111111111111,63.95611111111111,87.98722222222223
17452,63.95722222222222,63.99473918945123,1,1,0.03027777777777778,63.95722222222222,87.9875
17453,63.958888888888886,64.01774578243165,1,8,0.38,63.958888888888886,88.00638888888889
17456,63.97611111111111,64.04322862129146,1,8,0.43333333333333335,63.97611111111111,88.03027777777778
17460,64.00527777777778,64.60417248400233,1,8,3.8666666666666667,64.00527777777778,88.48861111111111
17462,64.03944444444444,67.24490789218537,1,8,20.695555555555554,64.03944444444444,90.62638888888888
17463,64.04277777777777,64.12022105875508,1,1,0.0625,64.04277777777777,88.10527777777777
17465,64.15083333333334,64.23240692262944,1,1,0.06583333333333333,64.15083333333334,88.21666666666667
17468,64.21222222222222,64.42458890828,1,1,0.1713888888888889,64.21222222222222,88.38361111111111
17469,64.33611111111111,64.35022299786698,1,1,0.01138888888888889,64.33611111111111,88.3475
17471,64.40527777777778,94.00169042078728,1,8,191.08444444444444,64.40527777777778,112.29083333333334
17472,64.42277777777778,65.02442602288151,1,1,0.4855555555555556,64.42277777777778,88.90833333333333
17473,64.49361111111111,64.57484050804732,1,1,0.06555555555555556,64.49361111111111,88.55916666666667
17474,64.50277777777778,64.5282480124103,1,1,0.020555555555555556,64.50277777777778,88.52333333333333
17476,64.55416666666666,64.57757174713981,1,1,0.01888888888888889,64.55416666666666,88.57305555555556
17478,64.59305555555555,64.62162352142718,1,1,0.023055555555555555,64.59305555555555,88.61611111111111
17485,64.845,64.89525208454528,1,1,0.04055555555555555,64.845,88.88555555555556
17486,64.91083333333333,65.10426943959666,1,1,0.15611111111111112,64.91083333333333,89.06694444444445
17487,64.92777777777778,64.9546247818499,1,8,0.17333333333333334,64.92777777777778,88.94944444444444
17488,64.97,64.99340508047315,1,8,0.1511111111111111,64.97,88.9888888888889
17491,64.99027777777778,65.6015634089587,1,1,0.49333333333333335,64.99027777777778,89.48361111111112
17493,65.01833333333333,65.04311518324607,1,1,0.02,65.01833333333333,89.03833333333333
17494,65.04833333333333,65.08550610820244,1,1,0.03,65.04833333333333,89.07833333333333
17495,65.07194444444444,66.73645869691681,1,8,10.746666666666666,65.07194444444444,90.80305555555556
17496,65.08222222222223,65.11836242001162,1,1,0.029166666666666667,65.08222222222223,89.11138888888888
17497,65.09444444444445,65.1171611401978,1,1,0.018333333333333333,65.09444444444445,89.11277777777778
17498,65.11416666666666,65.41051628853985,1,1,0.23916666666666667,65.11416666666666,89.35333333333334
17499,65.115,65.14632150475083,1,1,0.025277777777777777,65.115,89.14027777777778
17502,65.13638888888889,65.16805458599961,1,1,0.025555555555555557,65.13638888888889,89.16194444444444
17503,65.15638888888888,65.18667781656002,1,1,0.024444444444444446,65.15638888888888,89.18083333333334
17505,65.1625,65.3645409152608,1,1,0.16305555555555556,65.1625,89.32555555555555
17506,65.18305555555555,65.21816317626528,1,1,0.028333333333333332,65.18305555555555,89.21138888888889
17507,65.19833333333334,65.29470719410509,1,1,0.07777777777777778,65.19833333333334,89.2761111111111
17508,65.20833333333333,65.23758968392477,1,1,0.02361111111111111,65.20833333333333,89.23194444444445
17509,65.21,68.3039451231336,1,8,19.975555555555555,65.21,91.70694444444445
17513,65.24361111111111,65.27527680822183,1,1,0.025555555555555557,65.24361111111111,89.26916666666666
17514,65.265,65.29391215823152,1,1,0.023333333333333334,65.265,89.28833333333333
17516,65.27833333333334,65.37952588714369,1,1,0.08166666666666667,65.27833333333334,89.36
17517,65.28611111111111,65.31674423114214,1,1,0.024722222222222222,65.28611111111111,89.31083333333333
17518,65.30888888888889,65.34158716307931,1,1,0.02638888888888889,65.30888888888889,89.33527777777778
17519,65.33,65.34135834787668,1,1,0.009166666666666667,65.33,89.33916666666667
17521,65.34,65.37820535194881,1,1,0.030833333333333334,65.34,89.37083333333334
17524,65.36472222222223,65.39707630405275,1,1,0.026111111111111113,65.36472222222223,89.39083333333333
17525,65.38666666666667,65.42108590265659,1,1,0.027777777777777776,65.38666666666667,89.41444444444444
17526,65.40138888888889,65.62167199922436,1,1,0.17777777777777778,65.40138888888889,89.57916666666667
17527,65.43583333333333,65.47679222416133,1,1,0.03305555555555555,65.43583333333333,89.46888888888888
17528,65.43694444444445,65.47687075819275,1,1,0.03222222222222222,65.43694444444445,89.46916666666667
17532,65.5286111111111,67.88323104518132,1,1,1.9002777777777777,65.5286111111111,91.42888888888889
17533,65.54277777777777,65.58580182276518,1,1,0.034722222222222224,65.54277777777777,89.5775
17534,65.5436111111111,65.58560257901881,1,1,0.03388888888888889,65.5436111111111,89.5775
17538,65.60555555555555,65.64720283110336,1,1,0.03361111111111111,65.60555555555555,89.63916666666667
17539,65.60777777777778,65.64667151444638,1,1,0.03138888888888889,65.60777777777778,89.63916666666667
17540,65.61805555555556,65.69171272057397,1,1,0.059444444444444446,65.61805555555556,89.6775
17541,65.6836111111111,65.7324864262168,1,1,0.03944444444444444,65.6836111111111,89.72305555555556
17542,65.68444444444444,65.73228718247044,1,1,0.03861111111111111,65.68444444444444,89.72305555555556
17544,65.73055555555555,65.79904983517548,1,1,0.05527777777777778,65.73055555555555,89.78583333333333
17545,65.74472222222222,65.78602530541012,1,1,0.03333333333333333,65.74472222222222,89.77805555555555
17546,65.74583333333334,65.78575964708163,1,1,0.03222222222222222,65.74583333333334,89.77805555555555
17547,65.76277777777777,65.78824801241032,1,8,0.16444444444444445,65.76277777777777,89.78333333333333
17548,65.78666666666666,65.84999806088811,1,8,0.4088888888888889,65.78666666666666,89.83777777777777
17549,65.81916666666666,65.84188336242002,1,8,0.14666666666666667,65.81916666666666,89.8375
17550,65.89138888888888,65.91582654644174,1,8,0.15777777777777777,65.89138888888888,89.91111111111111
17551,65.92416666666666,65.95101367073882,1,1,0.021666666666666667,65.92416666666666,89.94583333333334
17552,65.93444444444444,65.9994968004654,1,1,0.0525,65.93444444444444,89.98694444444445
17553,65.94972222222222,66.01064426992437,1,8,0.3933333333333333,65.94972222222222,89.99888888888889
17554,65.96583333333334,66.16580909443474,1,1,0.1613888888888889,65.96583333333334,90.12722222222222
17555,66.02555555555556,66.05550029086679,1,1,0.024166666666666666,66.02555555555556,90.04972222222223
17556,66.0338888888889,66.07588035679659,1,1,0.03388888888888889,66.0338888888889,90.06777777777778
17559,66.08,66.10719119643203,1,1,0.021944444444444444,66.08,90.10194444444444
17560,66.08166666666666,66.11780686445609,1,1,0.029166666666666667,66.08166666666666,90.11083333333333
17561,66.1125,66.33794599573396,1,1,0.18194444444444444,66.1125,90.29444444444445
17562,66.12083333333334,66.14561518324608,1,1,0.02,66.12083333333334,90.14083333333333
17563,66.16083333333333,66.19353160752375,1,1,0.02638888888888889,66.16083333333333,90.18722222222222
17564,66.16666666666667,66.21313263525305,1,1,0.0375,66.16666666666667,90.20416666666667
17565,66.23666666666666,66.27762555749467,1,1,0.03305555555555555,66.23666666666666,90.26972222222223
17568,66.33083333333333,66.55834448322669,1,1,0.1836111111111111,66.33083333333333,90.51444444444445
17570,66.35277777777777,66.40819274772154,1,1,0.04472222222222222,66.35277777777777,90.3975
17571,66.37694444444445,71.79384380453753,1,8,34.973333333333336,66.37694444444445,94.74861111111112
17572,66.40166666666667,66.43987201861547,1,1,0.030833333333333334,66.40166666666667,90.4325
17573,66.47027777777778,66.51743213108396,1,1,0.03805555555555556,66.47027777777778,90.50833333333334
17574,66.51194444444444,66.56357329842932,1,1,0.041666666666666664,66.51194444444444,90.55361111111111
17576,66.69166666666666,78.07892670157068,1,16,147.04,66.69166666666666,99.88166666666666
17578,66.7286111111111,66.79159831297267,1,1,0.050833333333333335,66.7286111111111,90.77944444444445
17579,66.74194444444444,66.76913564087647,1,8,0.17555555555555555,66.74194444444444,90.76388888888889
17581,66.81305555555555,66.86020990886173,1,1,0.03805555555555556,66.81305555555555,90.85111111111111
17585,66.9186111111111,66.97781219701376,1,1,0.04777777777777778,66.9186111111111,90.96638888888889
17586,66.94083333333333,66.96664776032578,1,8,0.16666666666666666,66.94083333333333,90.96166666666667
17587,66.94277777777778,70.28385301531898,1,8,21.57111111111111,66.94277777777778,93.63916666666667
17588,66.98833333333333,67.00313360480901,1,1,0.011944444444444445,66.98833333333333,91.00027777777778
17591,67.09055555555555,67.68084545278262,1,1,0.47638888888888886,67.09055555555555,91.56694444444445
17592,67.10861111111112,67.1502583866589,1,1,0.03361111111111111,67.10861111111112,91.14222222222222
17594,67.1975,67.25222658522395,1,1,0.04416666666666667,67.1975,91.24166666666666
17595,67.19916666666667,67.19985505138646,1,1,0.0005555555555555556,67.19916666666667,91.19972222222222
17596,67.23777777777778,67.25808512701182,1,8,0.13111111111111112,67.23777777777778,91.25416666666666
17598,67.25166666666667,67.29641167345356,1,1,0.03611111111111111,67.25166666666667,91.28777777777778
17599,67.30361111111111,67.3469793484584,1,1,0.035,67.30361111111111,91.3386111111111
17600,67.30944444444444,67.3263098700795,1,8,0.10888888888888888,67.30944444444444,91.32305555555556
17601,67.31333333333333,67.32847779716889,1,1,0.012222222222222223,67.31333333333333,91.32555555555555
17602,67.34333333333333,67.36983614504557,1,8,0.1711111111111111,67.34333333333333,91.36472222222223
17603,67.36944444444444,67.3869982547993,1,1,0.014166666666666666,67.36944444444444,91.38361111111111
17605,67.37861111111111,67.40373715338376,1,8,0.1622222222222222,67.37861111111111,91.39888888888889
17606,67.41388888888889,67.43832654644171,1,8,0.15777777777777777,67.41388888888889,91.4336111111111
17607,67.45861111111111,85.77928204382394,1,8,118.28444444444445,67.45861111111111,106.24416666666667
17608,67.48611111111111,85.67151444638355,1,8,117.41111111111111,67.48611111111111,106.1625
17611,67.63666666666667,67.65662982354081,1,1,0.01611111111111111,67.63666666666667,91.65277777777777
17615,67.67027777777778,75.02257077758387,1,8,47.46888888888889,67.67027777777778,97.60388888888889
17616,67.67527777777778,67.71589247624588,1,1,0.03277777777777778,67.67527777777778,91.70805555555556
17617,67.70944444444444,67.75005914291255,1,1,0.03277777777777778,67.70944444444444,91.74222222222222
17619,67.80305555555556,67.84676798526276,1,1,0.035277777777777776,67.80305555555556,91.83833333333334
17623,67.88305555555556,67.93709375605972,1,1,0.043611111111111114,67.88305555555556,91.92666666666666
17627,68.01333333333334,125.49930870661237,1,4,185.57444444444445,68.01333333333334,138.40694444444443
17628,68.03694444444444,68.0951129532674,1,8,0.37555555555555553,68.03694444444444,92.0838888888889
17629,68.04416666666667,68.11231675392669,1,1,0.055,68.04416666666667,92.09916666666666
17630,68.05,90.31924568547603,1,4,71.88888888888889,68.05,110.11861111111111
17631,68.15138888888889,68.20301774287377,1,1,0.041666666666666664,68.15138888888889,92.19305555555556
17633,68.1661111111111,68.22290285049446,1,8,0.36666666666666664,68.1661111111111,92.21194444444444
17639,68.27944444444445,68.31489625751405,1,1,0.02861111111111111,68.27944444444445,92.30805555555555
17641,68.33527777777778,87.97730318014348,1,8,126.81555555555556,68.33527777777778,109.94444444444444
17643,68.35694444444445,68.41029426022882,1,8,0.34444444444444444,68.35694444444445,92.4
17645,68.4336111111111,68.44634622842739,1,1,0.010277777777777778,68.4336111111111,92.44388888888889
17647,68.4563888888889,68.48013816172194,1,8,0.15333333333333332,68.4563888888889,92.47555555555556
17649,68.49333333333334,69.11219119643204,1,1,0.49944444444444447,68.49333333333334,92.99277777777777
17650,68.51305555555555,70.72586823734729,1,1,1.7858333333333334,68.51305555555555,94.76277777777777
17651,68.51722222222222,74.11585514834205,1,1,4.5183333333333335,68.51722222222222,97.49527777777777
17652,68.54527777777778,68.60172532480124,1,1,0.04555555555555556,68.54527777777778,92.59083333333334
17656,68.72777777777777,71.82688578630987,1,8,20.00888888888889,68.72777777777777,95.22888888888889
17663,68.9475,68.96092350203607,1,1,0.010833333333333334,68.9475,92.95833333333333
17665,68.98388888888888,68.99627981384526,1,1,0.01,68.98388888888888,92.99388888888889
17666,69.07666666666667,69.09284370758192,1,1,0.013055555555555556,69.07666666666667,93.08972222222222
17673,69.43861111111111,117.9931389373667,1,1,39.18555555555555,69.43861111111111,132.62416666666667
17675,69.57611111111112,71.13289315493503,1,1,1.256388888888889,69.57611111111112,94.8325
17676,69.58111111111111,71.39431646305992,1,1,1.4633333333333334,69.58111111111111,95.04444444444445
17677,69.58166666666666,69.78577273608687,1,1,0.16472222222222221,69.58166666666666,93.74638888888889
17678,69.58527777777778,70.99956418460346,1,1,1.1413888888888888,69.58527777777778,94.72666666666667
17679,69.59083333333334,71.08015367461702,1,1,1.2019444444444445,69.59083333333334,94.79277777777777
17683,69.61916666666667,69.6446369012992,1,1,0.020555555555555556,69.61916666666667,93.63972222222222
17685,69.63388888888889,71.53727263913127,1,1,1.5361111111111112,69.63388888888889,95.17
17688,69.76277777777777,69.82473240255963,1,1,0.05,69.76277777777777,93.81277777777778
17690,69.83722222222222,69.889195268567,1,1,0.041944444444444444,69.83722222222222,93.87916666666666
17691,69.88666666666667,69.92452782625557,1,1,0.030555555555555555,69.88666666666667,93.91722222222222
17693,69.91805555555555,70.17310209424083,1,8,1.6466666666666667,69.91805555555555,94.12388888888889
17694,69.99277777777777,71.53888985844483,1,8,9.982222222222223,69.99277777777777,95.24055555555556
17696,70.04444444444445,70.08402656583284,1,1,0.03194444444444444,70.04444444444445,94.07638888888889
17698,70.11833333333334,73.24222319177817,1,8,20.16888888888889,70.11833333333334,96.63944444444445
17699,70.14333333333333,70.42247333721156,1,1,0.22527777777777777,70.14333333333333,94.36861111111111
17702,70.17416666666666,70.21237201861547,1,1,0.030833333333333334,70.17416666666666,94.205
17703,70.22305555555556,70.25334448322668,1,1,0.024444444444444446,70.22305555555556,94.2475
17705,70.29305555555555,70.49785000969555,1,1,0.16527777777777777,70.29305555555555,94.45833333333333
17709,70.46666666666667,70.48869497770022,1,1,0.017777777777777778,70.46666666666667,94.48444444444445
17710,70.48222222222222,70.7792602288152,1,8,1.9177777777777778,70.48222222222222,94.72194444444445
17711,70.52694444444444,70.7103989722707,1,1,0.14805555555555555,70.52694444444444,94.675
17712,70.54444444444445,70.57163564087648,1,1,0.021944444444444444,70.54444444444445,94.5663888888889
17715,70.5886111111111,70.61855584642234,1,1,0.024166666666666666,70.5886111111111,94.61277777777778
17716,70.63027777777778,70.68741370952105,1,8,0.3688888888888889,70.63027777777778,94.6763888888889
17717,70.68527777777778,70.70799447353113,1,1,0.018333333333333333,70.68527777777778,94.70361111111112
17718,70.68611111111112,70.71295811518324,1,1,0.021666666666666667,70.68611111111112,94.70777777777778
17719,70.68666666666667,70.712825286019,1,1,0.021111111111111112,70.68666666666667,94.70777777777778
17720,70.72666666666667,72.14267403529183,1,1,1.1427777777777777,70.72666666666667,95.86944444444444
17721,70.79277777777777,72.21050610820245,1,1,1.1441666666666668,70.79277777777777,95.93694444444445
17722,70.80333333333333,70.83293387628466,1,1,0.02388888888888889,70.80333333333333,94.82722222222222
17723,70.80472222222222,70.83156922629435,1,1,0.021666666666666667,70.80472222222222,94.82638888888889
17724,70.80527777777777,70.8314363971301,1,1,0.021111111111111112,70.80527777777777,94.82638888888889
17725,70.82305555555556,71.10081878999418,1,8,1.7933333333333332,70.82305555555556,95.04722222222222
17726,70.8325,72.41440808609657,1,1,1.2766666666666666,70.8325,96.10916666666667
17729,70.94555555555556,70.97274675198759,1,1,0.021944444444444444,70.94555555555556,94.9675
17730,70.94666666666667,70.9748904401784,1,1,0.02277777777777778,70.94666666666667,94.96944444444445
17731,70.9475,70.97469119643203,1,1,0.021944444444444444,70.9475,94.96944444444445
17732,70.98444444444445,71.01335660267597,1,1,0.023333333333333334,70.98444444444445,95.00777777777778
17733,70.98555555555555,71.01309094434748,1,1,0.022222222222222223,70.98555555555555,95.00777777777778
17734,70.98611111111111,71.00917199922436,1,1,0.01861111111111111,70.98611111111111,95.00472222222223
17735,71.00222222222222,71.173630017452,1,1,0.13833333333333334,71.00222222222222,95.14055555555555
17736,71.02111111111111,71.08031219701377,1,8,0.38222222222222224,71.02111111111111,95.06888888888889
17737,71.04444444444445,72.80602094240837,1,1,1.4216666666666666,71.04444444444445,96.4661111111111
17739,71.12666666666667,72.37505235602094,1,1,1.0075,71.12666666666667,96.13416666666667
17740,71.17,73.06030444056623,1,1,1.5255555555555556,71.17,96.69555555555556
17743,71.24222222222222,72.7442776808222,1,8,9.697777777777778,71.24222222222222,96.45444444444445
17745,71.36194444444445,71.65760568159783,1,1,0.2386111111111111,71.36194444444445,95.60055555555556
17748,71.73833333333333,77.19481481481482,1,8,35.22888888888889,71.73833333333333,100.53194444444445
17749,71.86944444444444,73.39077467519877,1,1,1.2277777777777779,71.86944444444444,97.09722222222223
17750,71.93694444444445,73.4902845646694,1,1,1.253611111111111,71.93694444444445,97.19055555555556
17752,72.10916666666667,73.72101948807446,1,1,1.3008333333333333,72.10916666666667,97.41
17754,72.3575,72.41601270118285,1,1,0.04722222222222222,72.3575,96.40472222222222
17755,72.4563888888889,73.99251939111886,1,8,9.917777777777777,72.4563888888889,97.69611111111111
17756,72.4661111111111,74.33369885592398,1,1,1.5072222222222222,72.4661111111111,97.97333333333333
17757,72.57888888888888,72.65116928446771,1,16,0.9333333333333333,72.57888888888888,96.64416666666666
17759,72.69555555555556,74.56279910800853,1,1,1.5069444444444444,72.69555555555556,98.2025
17760,72.90388888888889,135.11975567190228,1,32,1606.7466666666667,72.90388888888889,147.1147222222222
17764,73.35888888888888,87.83217762264883,1,16,186.88888888888889,73.35888888888888,110.75888888888889
17765,73.69777777777777,75.297928058949,1,8,10.331111111111111,73.69777777777777,98.98916666666666
17770,74.99111111111111,76.59883362420011,1,8,10.38,74.99111111111111,100.28861111111111
17771,76.33333333333333,76.37773414776034,1,1,0.035833333333333335,76.33333333333333,100.36916666666667
17772,76.37222222222222,76.41559045956951,1,1,0.035,76.37222222222222,100.40722222222222
17773,76.4113888888889,76.45647808803567,1,1,0.03638888888888889,76.4113888888889,100.44777777777777
17774,76.45055555555555,76.49151444638356,1,1,0.03305555555555555,76.45055555555555,100.48361111111112
17775,76.50833333333334,76.55135737832073,1,1,0.034722222222222224,76.50833333333334,100.54305555555555
17776,76.55277777777778,76.59304828388598,1,1,0.0325,76.55277777777778,100.58527777777778
17789,80.67944444444444,106.81293775450844,1,8,168.72666666666666,80.67944444444444,125.77027777777778
17791,80.70805555555556,89.70730899747915,1,8,58.102222222222224,80.70805555555556,111.97083333333333
17792,80.71555555555555,89.81428058949001,1,8,58.74444444444445,80.71555555555555,112.0586111111111
17793,80.72916666666667,89.90877690517743,1,8,59.266666666666666,80.72916666666667,112.1375
17794,80.74194444444444,89.69955061082025,1,8,57.833333333333336,80.74194444444444,111.97111111111111
17795,80.79611111111112,81.40980608881132,1,8,3.962222222222222,80.79611111111112,105.29138888888889
17796,80.92777777777778,81.13463738607717,1,1,0.16694444444444445,80.92777777777778,105.09472222222222
17797,81.12305555555555,90.01560936591042,1,8,57.413333333333334,81.12305555555555,112.29972222222223
17798,81.25305555555556,81.44614746945899,1,1,0.15583333333333332,81.25305555555556,105.4088888888889
17799,81.25888888888889,81.32531801434942,1,16,0.8577777777777778,81.25888888888889,105.3125
17800,81.29305555555555,81.90055507077759,1,8,3.922222222222222,81.29305555555555,105.78333333333333
17802,81.37083333333334,81.43898342059336,1,16,0.88,81.37083333333334,105.42583333333333
17803,81.50611111111111,81.70230075625363,1,1,0.15833333333333333,81.50611111111111,105.66444444444444
17804,81.64277777777778,81.79181306961411,1,8,0.9622222222222222,81.64277777777778,105.76305555555555
17805,81.76833333333333,81.97794648051193,1,1,0.16916666666666666,81.76833333333333,105.9375
17806,81.78527777777778,82.41687075819274,1,8,4.0777777777777775,81.78527777777778,106.295
17807,81.81388888888888,81.93297944541399,1,8,0.7688888888888888,81.81388888888888,105.91
17811,81.99527777777777,82.19800707775839,1,1,0.16361111111111112,81.99527777777777,106.1588888888889
17813,82.04388888888889,82.16125848361452,1,8,0.7577777777777778,82.04388888888889,106.13861111111112
17814,82.0911111111111,82.16132635253054,1,16,0.9066666666666666,82.0911111111111,106.14777777777778
17816,82.20305555555555,82.39993358541788,1,1,0.15888888888888889,82.20305555555555,106.36194444444445
17817,82.2675,95.40842010859028,1,16,169.68444444444444,82.2675,116.87277777777778
17818,82.3175,152.20679125460538,1,1,56.40361111111111,82.3175,162.7211111111111
17820,82.41083333333333,82.43389422144658,1,8,0.14888888888888888,82.41083333333333,106.42944444444444
17821,82.42527777777778,83.29401929416328,1,1,0.7011111111111111,82.42527777777778,107.30027777777778
17822,82.48833333333333,82.53445510955983,1,8,0.29777777777777775,82.48833333333333,106.52555555555556
17823,82.52416666666667,100.94809530734922,1,8,118.95111111111112,82.52416666666667,121.39305555555555
17825,82.52666666666667,82.55213690129919,1,8,0.16444444444444445,82.52666666666667,106.54722222222222
17830,82.5663888888889,100.71324267985264,1,8,117.16222222222223,82.5663888888889,121.21166666666667
17832,82.58277777777778,82.58587550901687,1,1,0.0025,82.58277777777778,106.58527777777778
17833,82.59027777777777,82.65360917199922,1,1,0.051111111111111114,82.59027777777777,106.64138888888888
17839,82.63944444444445,83.57530347101029,1,8,6.042222222222223,82.63944444444445,107.95694444444445
17840,82.67861111111111,82.68033207291062,1,1,0.001388888888888889,82.67861111111111,106.68
17841,82.67972222222222,82.70519245685475,1,8,0.16444444444444445,82.67972222222222,106.70027777777777
17842,82.69472222222223,82.72363438045375,1,8,0.18666666666666668,82.69472222222223,106.71805555555555
17844,82.73055555555555,82.7501745200698,1,8,0.12666666666666668,82.73055555555555,106.74638888888889
17845,82.7311111111111,82.76380938530153,1,8,0.2111111111111111,82.7311111111111,106.7575
17847,82.77694444444444,100.89523026953657,1,8,116.97777777777777,82.77694444444444,121.39916666666667
17854,82.92444444444445,83.20874733372115,1,1,0.22944444444444445,82.92444444444445,107.15388888888889
17855,82.9325,82.99101270118285,1,1,0.04722222222222222,82.9325,106.97972222222222
17860,82.995,83.05626624006206,1,1,0.049444444444444444,82.995,107.04444444444445
17863,83.0736111111111,83.13350058173356,1,1,0.04833333333333333,83.0736111111111,107.12194444444444
17865,83.13916666666667,83.19802356020942,1,1,0.0475,83.13916666666667,107.18666666666667
17868,83.19583333333334,83.25331345743649,1,1,0.04638888888888889,83.19583333333334,107.24222222222222
17869,83.19833333333334,83.33222416133411,1,8,0.8644444444444445,83.19833333333334,107.30638888888889
17870,83.1986111111111,85.23244376575529,1,1,1.6413888888888888,83.1986111111111,108.84
17872,83.20138888888889,169.27357232887334,1,16,1111.4222222222222,83.20138888888889,181.6147222222222
17875,83.28277777777778,84.54217762264882,1,1,1.0163888888888888,83.28277777777778,108.29916666666666
17876,83.28361111111111,83.46500048477797,1,1,0.1463888888888889,83.28361111111111,107.43
17877,83.30472222222222,83.36598846228428,1,1,0.049444444444444444,83.30472222222222,107.35416666666667
17878,83.30638888888889,83.41721882877641,1,8,0.7155555555555555,83.30638888888889,107.39583333333333
17880,83.37,153.24070486717085,1,1,56.38861111111111,83.37,163.75861111111112
17881,83.39333333333333,83.39643106457243,1,1,0.0025,83.39333333333333,107.39583333333333
17882,83.39583333333333,83.51217035097926,1,8,0.7511111111111111,83.39583333333333,107.48972222222223
17885,83.4088888888889,83.46705739771184,1,1,0.04694444444444444,83.4088888888889,107.45583333333333
17886,83.41361111111111,83.4177414194299,1,1,0.0033333333333333335,83.41361111111111,107.41694444444444
17888,83.44055555555556,83.61471688966454,1,1,0.14055555555555554,83.44055555555556,107.58111111111111
17889,83.44805555555556,85.15180773705643,1,8,11.0,83.44805555555556,108.82305555555556
17890,83.45833333333333,153.40854663564085,1,1,56.452777777777776,83.45833333333333,163.9111111111111
17892,83.48972222222223,83.63049689742098,1,8,0.9088888888888889,83.48972222222223,107.60333333333334
17894,83.57583333333334,98.1176163467132,1,8,93.88666666666667,83.57583333333334,119.31166666666667
17896,83.60027777777778,83.64949728524336,1,1,0.03972222222222222,83.60027777777778,107.64
17897,83.60333333333334,83.73722416133411,1,8,0.8644444444444445,83.60333333333334,107.71138888888889
17900,83.63722222222222,83.70261877060307,1,1,0.05277777777777778,83.63722222222222,107.69
17901,83.65027777777777,89.32050271475664,1,8,36.60888888888889,83.65027777777777,112.22638888888889
17906,83.69805555555556,87.90443038588327,1,8,27.157777777777778,83.69805555555556,111.09277777777778
17907,83.6986111111111,87.9115255962769,1,8,27.2,83.6986111111111,111.09861111111111
17908,83.71111111111111,86.87148535970526,1,8,20.404444444444444,83.71111111111111,110.26166666666667
17909,83.71138888888889,83.84046102385108,1,8,0.8333333333333334,83.71138888888889,107.81555555555556
17911,83.725,84.03924762458793,1,1,0.2536111111111111,83.725,107.9786111111111
17915,83.81583333333333,83.92425392670158,1,8,0.7,83.81583333333333,107.90333333333334
17916,83.81861111111111,83.8203320729106,1,1,0.001388888888888889,83.81861111111111,107.82
17918,83.85583333333334,83.93981626914874,1,1,0.06777777777777778,83.85583333333334,107.92361111111111
17919,83.90333333333334,84.11914194299011,1,8,1.3933333333333333,83.90333333333334,108.0775
17920,83.94222222222223,83.94428737638162,1,1,0.0016666666666666668,83.94222222222223,107.94388888888889
17922,83.96,83.9617209617995,1,1,0.001388888888888889,83.96,107.96138888888889
17923,83.97666666666667,103.94911673453558,1,8,128.9488888888889,83.97666666666667,125.24972222222222
17924,83.97944444444444,84.04174326158619,1,1,0.050277777777777775,83.97944444444444,109.86472222222223
17925,83.985,98.91124587938725,1,8,96.36888888888889,83.985,121.99055555555556
17927,84.0338888888889,84.06314523948032,1,1,0.02361111111111111,84.0338888888889,108.0575
17928,84.0775,84.13704527826255,1,8,0.3844444444444444,84.0775,108.12555555555555
17930,84.11666666666666,84.11976439790577,1,1,0.0025,84.11666666666666,108.11916666666667
17931,84.12972222222223,84.13144318402172,1,1,0.001388888888888889,84.12972222222223,108.13111111111111
17932,84.17388888888888,84.72321989528797,1,1,0.44333333333333336,84.17388888888888,108.61722222222222
17933,84.69638888888889,84.74182228039557,1,1,0.03666666666666667,84.69638888888889,108.73305555555555
17934,84.72527777777778,84.74627351173163,1,16,0.27111111111111114,84.72527777777778,108.74222222222222
17935,84.76166666666667,84.80916521233274,1,1,0.03833333333333333,84.76166666666667,108.8
17936,84.7775,84.84461751018033,1,16,0.8666666666666667,84.7775,108.83166666666666
17937,84.84,86.86109753732791,1,1,1.6311111111111112,84.84,110.47111111111111
17938,84.88722222222222,84.90787376381617,1,16,0.26666666666666666,84.88722222222222,108.90388888888889
17940,84.90805555555555,84.9717311421369,1,1,0.05138888888888889,84.90805555555555,108.95944444444444
17941,84.93138888888889,84.97372454915649,1,1,0.034166666666666665,84.93138888888889,108.96555555555555
17942,84.96861111111112,85.03366346713206,1,16,0.84,84.96861111111112,109.02111111111111
17943,84.98694444444445,85.02996848943184,1,1,0.034722222222222224,84.98694444444445,109.02166666666666
17944,84.99083333333333,85.05313215047508,1,8,0.4022222222222222,84.99083333333333,109.0411111111111
17945,85.00138888888888,85.00173308124879,1,4,0.0011111111111111111,85.00138888888888,109.00166666666667
17946,85.03472222222223,85.07705788248983,1,1,0.034166666666666665,85.03472222222223,109.06888888888889
17947,85.04638888888888,85.0852826255575,1,1,0.03138888888888889,85.04638888888888,109.07777777777778
17948,85.06166666666667,85.08059724646112,1,16,0.24444444444444444,85.06166666666667,109.07694444444445
17950,85.08944444444444,85.13143591235215,1,1,0.03388888888888889,85.08944444444444,109.12333333333333
17952,85.09333333333333,85.11432906728719,1,16,0.27111111111111114,85.09333333333333,109.11027777777778
17953,85.12805555555556,85.12839974791545,1,4,0.0011111111111111111,85.12805555555556,109.12833333333333
17954,85.13444444444444,85.25560015512895,1,1,0.09777777777777778,85.13444444444444,109.23222222222222
17957,85.16972222222222,85.19829018809385,1,1,0.023055555555555555,85.16972222222222,109.19277777777778
17958,85.19527777777778,85.2648046344774,1,1,0.05611111111111111,85.19527777777778,109.25138888888888
17960,85.23638888888888,85.25772881520264,1,8,0.13777777777777778,85.23638888888888,109.25361111111111
17961,85.26944444444445,95.42311906146985,1,8,65.55555555555556,85.26944444444445,117.46388888888889
17962,85.27222222222223,85.29459472561567,1,8,0.14444444444444443,85.27222222222223,109.29027777777777
17966,85.45222222222222,85.47769245685477,1,1,0.020555555555555556,85.45222222222222,109.47277777777778
17967,85.45472222222222,85.45781995346132,1,1,0.0025,85.45472222222222,109.45722222222223
17968,85.455,85.56582993988754,1,8,0.7155555555555555,85.455,109.54444444444445
17969,85.4588888888889,85.45957727360869,1,1,0.0005555555555555556,85.4588888888889,109.45944444444444
17971,85.495,87.48546441729688,1,8,12.851111111111111,85.495,111.10138888888889
17972,85.4961111111111,85.51848361450456,1,1,0.018055555555555554,85.4961111111111,109.51416666666667
17974,85.57861111111112,85.60304876866394,1,1,0.01972222222222222,85.57861111111112,109.59833333333333
17977,85.60722222222222,85.6543765755284,1,1,0.03805555555555556,85.60722222222222,109.64527777777778
17979,85.65694444444445,85.70513137483033,1,1,0.03888888888888889,85.65694444444445,109.69583333333334
17981,85.6725,96.02442941632731,1,8,66.83555555555556,85.6725,118.02694444444444
17985,85.88361111111111,85.93351900329648,1,1,0.04027777777777778,85.88361111111111,109.92388888888888
17986,85.94083333333333,85.94358687221253,1,1,0.0022222222222222222,85.94083333333333,109.94305555555556
17987,85.97444444444444,100.3131539654838,1,16,185.1511111111111,85.97444444444444,121.54638888888888
17991,86.13527777777777,86.19860917199922,1,1,0.051111111111111114,86.13527777777777,110.18638888888889
17994,86.1763888888889,86.24729251502812,1,1,0.05722222222222222,86.1763888888889,110.23361111111112
17997,86.22611111111111,100.70215338375024,1,8,93.46222222222222,86.22611111111111,121.9088888888889
17998,86.22805555555556,86.27624248594144,1,1,0.03888888888888889,86.22805555555556,110.26694444444445
17999,86.29194444444444,86.29469798332364,1,1,0.0022222222222222222,86.29194444444444,110.29416666666667
18000,86.29888888888888,86.32608008532094,1,1,0.021944444444444444,86.29888888888888,110.32083333333334
18001,86.31222222222222,86.35318111305023,1,1,0.03305555555555555,86.31222222222222,110.34527777777778
18004,86.36638888888889,86.41423162691487,1,1,0.03861111111111111,86.36638888888889,110.405
18008,86.43583333333333,86.48092253248014,1,1,0.03638888888888889,86.43583333333333,110.47222222222223
18012,86.62555555555555,86.74085999612178,1,1,0.09305555555555556,86.62555555555555,110.71861111111112
18013,86.66722222222222,86.73193038588327,1,8,0.4177777777777778,86.66722222222222,110.73583333333333
18014,86.72444444444444,86.84491177040915,1,1,0.09722222222222222,86.72444444444444,110.82166666666667
18015,86.79277777777777,86.94972949389181,1,8,1.0133333333333334,86.79277777777777,110.91944444444445
18019,86.92,86.98677331782045,1,16,0.8622222222222222,86.92,110.9738888888889
18020,86.93722222222222,86.95615280201667,1,1,0.015277777777777777,86.93722222222222,110.9525
18022,86.96444444444444,87.03431549350397,1,1,0.05638888888888889,86.96444444444444,111.02083333333333
18024,86.98305555555555,87.00439548186931,1,8,0.13777777777777778,86.98305555555555,111.00027777777778
18027,87.0261111111111,87.09460539073106,1,1,0.05527777777777778,87.0261111111111,111.0813888888889
18028,87.03583333333333,87.03893106457242,1,1,0.0025,87.03583333333333,111.03833333333333
18029,87.04305555555555,172.57898729881714,1,8,552.2488888888889,87.04305555555555,180.07416666666666
18030,87.04694444444445,87.05107475276324,1,1,0.0033333333333333335,87.04694444444445,111.05027777777778
18031,87.0525,87.0531883847198,1,1,0.0005555555555555556,87.0525,111.05305555555556
18033,87.06333333333333,87.10188287764204,1,1,0.03111111111111111,87.06333333333333,111.09444444444445
18034,87.0963888888889,87.13390585611789,1,1,0.03027777777777778,87.0963888888889,111.12666666666667
18035,87.10305555555556,87.1684521039364,1,1,0.05277777777777778,87.10305555555556,111.15583333333333
18038,87.15,87.2267548962575,1,1,0.06194444444444445,87.15,111.21194444444444
18041,87.16555555555556,87.19997479154547,1,1,0.027777777777777776,87.16555555555556,111.19333333333333
18042,87.1675,87.1678441923599,1,1,0.0002777777777777778,87.1675,111.16777777777777
18043,87.16777777777777,87.21527632344386,1,16,0.6133333333333333,87.16777777777777,111.20611111111111
18045,87.1725,87.20588665891022,1,1,0.026944444444444444,87.1725,111.19944444444444
18047,87.21527777777777,87.286181403917,1,1,0.05722222222222222,87.21527777777777,111.2725
18049,87.28888888888889,87.31573589296102,1,1,0.021666666666666667,87.28888888888889,111.31055555555555
18050,87.30277777777778,87.30553131665698,1,1,0.0022222222222222222,87.30277777777778,111.305
18052,87.3163888888889,87.33738462284273,1,16,0.27111111111111114,87.3163888888889,111.33333333333333
18053,87.36138888888888,87.36414242776809,1,1,0.0022222222222222222,87.36138888888888,111.36361111111111
18054,87.36583333333333,87.43914630599186,1,1,0.059166666666666666,87.36583333333333,111.425
18055,87.39138888888888,87.45644124490984,1,1,0.0525,87.39138888888888,111.44388888888889
18056,87.39416666666666,87.45646548380842,1,1,0.050277777777777775,87.39416666666666,111.44444444444444
18059,87.43527777777778,87.5068697886368,1,1,0.057777777777777775,87.43527777777778,111.49305555555556
18060,87.46194444444444,87.49670787279426,1,8,0.22444444444444445,87.46194444444444,111.49
18061,87.49472222222222,87.51468537909638,1,16,0.2577777777777778,87.49472222222222,111.51083333333334
18062,87.51777777777778,87.5470341283692,1,8,0.18888888888888888,87.51777777777778,111.54138888888889
18063,87.53944444444444,87.5573424471592,1,16,0.2311111111111111,87.53944444444444,111.55388888888889
18064,87.5586111111111,87.63261246848944,1,1,0.059722222222222225,87.5586111111111,111.61833333333334
18065,87.56361111111111,94.94378369206903,1,8,47.64888888888889,87.56361111111111,117.51972222222223
18066,87.57972222222222,125.86217325964708,1,1,30.895555555555557,87.57972222222222,142.4752777777778
18069,87.62527777777778,87.6975581733566,1,1,0.058333333333333334,87.62527777777778,111.6836111111111
18070,87.63055555555556,87.75033449680046,1,8,0.7733333333333333,87.63055555555556,111.72722222222222
18071,87.63361111111111,87.64703461314718,1,8,0.08666666666666667,87.63361111111111,111.73805555555556
18073,87.65138888888889,87.67272881520263,1,16,0.27555555555555555,87.65138888888889,111.6686111111111
18075,87.66388888888889,87.76026274966064,1,16,1.2444444444444445,87.66388888888889,111.74166666666666
18078,87.68,87.70374927283305,1,16,0.30666666666666664,87.68,111.69916666666667
18081,87.71638888888889,87.78763670738802,1,16,0.92,87.71638888888889,111.77388888888889
18082,87.73027777777777,136.58046684118673,1,16,630.7866666666666,87.73027777777777,151.15444444444444
18083,87.7425,93.40997139809967,1,8,36.59111111111111,87.7425,116.3163888888889
18084,87.74277777777777,87.78442505332558,1,8,0.2688888888888889,87.74277777777777,111.77638888888889
18085,87.79,141.81064669381425,1,16,697.5511111111111,87.79,155.38694444444445
18092,87.94083333333333,87.95460102772931,1,8,0.08888888888888889,87.94083333333333,111.95194444444445
18094,87.94555555555556,88.52517548962574,1,1,0.4677777777777778,87.94555555555556,112.41333333333333
18096,87.98861111111111,88.00341138258676,1,8,0.09555555555555556,87.98861111111111,112.00055555555555
18101,88.05055555555556,88.10011925538103,1,8,0.32,88.05055555555556,112.09055555555555
18104,88.05944444444444,88.14067384138065,1,4,0.26222222222222225,88.05944444444444,112.125
18105,88.06277777777778,88.11027632344386,1,8,0.30666666666666664,88.06277777777778,112.11
18106,88.06583333333333,88.17115619546249,1,4,0.34,88.06583333333333,112.15083333333334
18108,88.12472222222222,88.18048138452589,1,8,0.36,88.12472222222222,112.16972222222222
18113,88.18805555555555,88.19115328679466,1,1,0.0025,88.18805555555555,112.19055555555556
18114,88.20333333333333,90.35969846810161,1,8,13.922222222222222,88.20333333333333,113.96666666666667
18115,88.20361111111112,88.25007707969749,1,8,0.3,88.20361111111112,112.24111111111111
18117,88.21638888888889,95.223801144076,1,8,45.242222222222225,88.21638888888889,122.52805555555555
18119,88.27333333333333,90.15744231142136,1,8,12.164444444444445,88.27333333333333,113.79388888888889
18120,88.27694444444444,117.26929949583091,1,1,23.398055555555555,88.27694444444444,135.675
18122,88.2825,88.36958066705448,1,4,0.2811111111111111,88.2825,112.35277777777777
18123,88.28694444444444,88.3884811906147,1,4,0.3277777777777778,88.28694444444444,112.36888888888889
18124,88.29444444444445,88.31544017839829,1,16,0.27111111111111114,88.29444444444445,112.31138888888889
18125,88.29472222222222,88.32879726585224,1,1,0.0275,88.29472222222222,112.32222222222222
18126,88.305,88.37315008726003,1,1,0.055,88.305,112.36
18127,88.32722222222222,88.38883265464418,1,1,0.04972222222222222,88.32722222222222,112.37694444444445
18128,88.32916666666667,88.36771621097537,1,1,0.03111111111111111,88.32916666666667,112.36027777777778
18133,88.41277777777778,102.53189257320147,1,8,91.15777777777778,88.41277777777778,123.8075
18137,88.46222222222222,88.5093765755284,1,8,0.30444444444444446,88.46222222222222,112.50027777777778
18139,88.51222222222222,88.5617859220477,1,8,0.32,88.51222222222222,112.55222222222223
18140,88.51694444444445,88.59817384138064,1,4,0.26222222222222225,88.51694444444445,112.5825
18141,88.52083333333333,88.62581200310258,1,4,0.3388888888888889,88.52083333333333,112.60555555555555
18143,88.56416666666667,88.61200940469264,1,1,0.03861111111111111,88.56416666666667,112.60277777777777
18145,88.62027777777777,88.66984147760326,1,1,0.04,88.62027777777777,112.66027777777778
18146,88.65305555555555,95.24709278650379,1,8,42.57333333333333,88.65305555555555,117.97472222222223
18147,88.65333333333334,88.75142815590459,1,4,0.31666666666666665,88.65333333333334,112.7325
18148,88.65833333333333,88.72200891991469,1,4,0.20555555555555555,88.65833333333333,112.70972222222223
18149,88.66416666666667,88.71304198177235,1,8,0.31555555555555553,88.66416666666667,112.70361111111112
18150,88.66777777777777,88.69462478184992,1,1,0.021666666666666667,88.66777777777777,112.68944444444445
18152,88.75083333333333,88.82104857475277,1,4,0.22666666666666666,88.75083333333333,112.8075
18153,88.75222222222222,88.82071650184217,1,1,0.05527777777777778,88.75222222222222,112.8075
18154,88.80361111111111,88.82082072910606,1,1,0.013888888888888888,88.80361111111111,112.8175
18159,88.88472222222222,179.24210054295133,1,32,2333.511111111111,88.88472222222222,185.99555555555557
18162,88.9336111111111,88.97112807834012,1,8,0.24222222222222223,88.9336111111111,112.96388888888889
18164,88.9563888888889,88.98426847004072,1,1,0.0225,88.9563888888889,112.97888888888889
18167,89.00722222222223,90.30345064960247,1,1,1.0461111111111112,89.00722222222223,114.05333333333333
18168,89.02277777777778,89.19590653480705,1,8,1.1177777777777778,89.02277777777778,113.1625
18169,89.025,89.04393057979445,1,1,0.015277777777777777,89.025,113.04027777777777
18172,89.05916666666667,89.1276609462866,1,1,0.05527777777777778,89.05916666666667,113.11444444444444
18173,89.10083333333333,89.11735456660848,1,1,0.013333333333333334,89.10083333333333,113.11416666666666
18175,89.10416666666667,89.13996267209617,1,8,0.2311111111111111,89.10416666666667,113.13305555555556
18179,89.13277777777778,89.19714174907892,1,1,0.051944444444444446,89.13277777777778,113.18472222222222
18183,89.17138888888888,89.18963108396353,1,1,0.014722222222222222,89.17138888888888,113.2025
18187,89.22416666666666,90.29529329067287,1,1,0.8644444444444445,89.22416666666666,114.0886111111111
18190,89.31222222222222,90.69002423889859,1,8,8.895555555555555,89.31222222222222,114.42416666666666
18192,89.34194444444445,89.51644997091333,1,8,1.1266666666666667,89.34194444444445,113.48555555555555
18203,89.61583333333333,89.68914630599186,1,1,0.059166666666666666,89.61583333333333,114.15333333333334
18209,89.74277777777777,100.18041109171999,1,8,67.38888888888889,89.74277777777777,122.16638888888889
18210,89.75722222222223,89.79405080473143,1,8,0.23777777777777778,89.75722222222223,113.78694444444444
18211,89.865,181.68863777389953,1,16,1185.6888888888889,89.865,187.98305555555555
18212,89.86666666666666,181.6462478184991,1,16,1185.12,89.86666666666666,187.98305555555555
18216,90.06055555555555,96.18683536940082,1,8,39.553333333333335,90.06055555555555,119.00472222222223
18220,90.13888888888889,90.2999709133217,1,8,1.04,90.13888888888889,114.2688888888889
18222,90.2688888888889,90.39245394609269,1,8,0.7977777777777778,90.2688888888889,114.36861111111111
18223,90.2875,90.3336217762265,1,1,0.03722222222222222,90.2875,114.32472222222222
18224,90.335,90.36494473531123,1,1,0.024166666666666666,90.335,114.35916666666667
18225,90.36861111111111,90.50697643979056,1,8,0.8933333333333333,90.36861111111111,114.48027777777777
18229,90.48027777777777,90.6351643397324,1,8,1.0,90.48027777777777,114.60527777777777
18230,90.60527777777777,90.75190372309483,1,8,0.9466666666666667,90.60527777777777,114.72361111111111
18233,90.7238888888889,90.86982644948614,1,8,0.9422222222222222,90.7238888888889,114.84166666666667
18234,90.74888888888889,91.15434748885012,1,1,0.32722222222222225,90.74888888888889,115.07611111111112
18235,90.75888888888889,91.47997188287765,1,1,0.5819444444444445,90.75888888888889,115.34083333333334
18237,90.84166666666667,90.97245976342835,1,8,0.8444444444444444,90.84166666666667,114.94722222222222
18238,90.86055555555555,90.97482741904209,1,1,0.09222222222222222,90.86055555555555,114.95277777777778
18241,90.92083333333333,90.97659249563701,1,1,0.045,90.92083333333333,114.96583333333334
18242,90.94722222222222,91.18437075819276,1,8,1.531111111111111,90.94722222222222,115.13861111111112
18243,90.97722222222222,91.06258192747723,1,1,0.06888888888888889,90.97722222222222,115.04611111111112
18246,91.06166666666667,91.08679270893931,1,16,0.3244444444444444,91.06166666666667,115.08194444444445
18247,91.06416666666667,91.1801594919527,1,1,0.09361111111111112,91.06416666666667,115.15777777777778
18249,91.13861111111112,91.22741273996509,1,8,0.5733333333333334,91.13861111111112,115.21027777777778
18250,91.21194444444444,91.29145287958114,1,1,0.06416666666666666,91.21194444444444,115.2761111111111
18251,91.24972222222222,91.27966695753345,1,1,0.024166666666666666,91.24972222222222,115.27388888888889
18252,91.34694444444445,91.44159734341672,1,1,0.0763888888888889,91.34694444444445,115.42333333333333
18253,91.34722222222223,91.38439499709132,1,1,0.03,91.34722222222223,115.37722222222222
18255,91.425,91.45804246655032,1,1,0.02666666666666667,91.425,115.45166666666667
18257,91.43666666666667,91.52305894900137,1,1,0.06972222222222223,91.43666666666667,115.50638888888889
18258,91.50194444444445,91.53774044987395,1,1,0.028888888888888888,91.50194444444445,115.53083333333333
18259,91.52166666666666,91.60048671708357,1,1,0.0636111111111111,91.52166666666666,115.58527777777778
18262,91.64555555555556,91.71267306573588,1,1,0.05416666666666667,91.64555555555556,115.69972222222222
18263,91.66055555555556,91.69118867558659,1,1,0.024722222222222222,91.66055555555556,115.68527777777778
18264,91.72722222222222,91.75544599573395,1,1,0.02277777777777778,91.72722222222222,115.75
18265,91.75555555555556,91.82473821989528,1,1,0.05583333333333333,91.75555555555556,115.81138888888889
18266,91.89527777777778,91.96549301919721,1,1,0.056666666666666664,91.89527777777778,115.95194444444445
18267,91.90055555555556,91.92636998254798,1,1,0.020833333333333332,91.90055555555556,115.92138888888888
18269,92.025,92.09521524141942,1,1,0.056666666666666664,92.025,116.08166666666666
18270,92.09305555555555,95.87917151444638,1,8,24.444444444444443,92.09305555555555,119.14861111111111
18271,92.14972222222222,92.22682131083963,1,1,0.06222222222222222,92.14972222222222,116.21194444444444
18272,92.24305555555556,92.31154983517548,1,1,0.05527777777777778,92.24305555555556,116.29833333333333
18274,92.36638888888889,92.43832509210782,1,1,0.058055555555555555,92.36638888888889,116.42444444444445
18277,92.64583333333333,92.66510810548769,1,8,0.12444444444444444,92.64583333333333,116.6613888888889
18278,92.67027777777778,94.64353257707968,1,8,12.74,92.67027777777778,118.26277777777777
18288,93.07111111111111,94.81960829939888,1,1,1.4111111111111112,93.07111111111111,118.48222222222222
18289,93.07555555555555,94.4643717277487,1,1,1.1208333333333333,93.07555555555555,118.19638888888889
18298,93.55111111111111,93.62373569904983,1,1,0.058611111111111114,93.55111111111111,117.60972222222222
18309,93.79888888888888,93.79923308124879,1,1,0.0002777777777777778,93.79888888888888,117.79916666666666
18310,93.80777777777777,93.80812197013768,1,1,0.0002777777777777778,93.80777777777777,117.80805555555555
18312,93.82222222222222,93.82256641458213,1,1,0.0002777777777777778,93.82222222222222,117.8225
18313,93.82611111111112,125.568218925732,1,1,25.61722222222222,93.82611111111112,143.44333333333333
18315,93.92055555555555,100.2175547799108,1,8,40.65555555555556,93.92055555555555,123.0025
18317,94.19638888888889,95.73217519875897,1,1,1.2394444444444443,94.19638888888889,119.43583333333333
18322,94.2786111111111,94.29823007562537,1,7,0.11083333333333334,94.2786111111111,118.29444444444445
18325,94.35166666666667,94.39641167345354,1,7,0.25277777777777777,94.35166666666667,118.38777777777777
18326,94.40416666666667,94.44925586581347,1,7,0.25472222222222224,94.40416666666667,118.44055555555556
18330,94.4825,96.16181452394802,1,1,1.3552777777777778,94.4825,119.83777777777777
18332,94.62833333333333,94.65242679852628,1,8,0.15555555555555556,94.62833333333333,118.64777777777778
18333,94.805,95.13921078146208,1,8,2.1577777777777776,94.805,119.07472222222222
18334,94.90805555555555,98.40677089393058,1,8,22.58888888888889,94.90805555555555,121.73166666666667
18335,95.08638888888889,95.15144124490983,1,1,0.0525,95.08638888888889,119.13888888888889
18336,95.30805555555555,95.37448468101609,1,1,0.05361111111111111,95.30805555555555,119.36166666666666
18338,95.43583333333333,96.91207436494085,1,1,1.1913888888888888,95.43583333333333,120.62722222222222
18339,95.52805555555555,95.85710345161915,1,8,2.1244444444444444,95.52805555555555,119.7936111111111
18340,95.58916666666667,104.37329988365327,1,1,7.089166666666666,95.58916666666667,126.67833333333333
18345,95.77055555555556,104.73538976148924,1,1,7.235,95.77055555555556,127.00555555555556
18346,95.8175,95.88014300950165,1,1,0.050555555555555555,95.8175,119.86805555555556
18347,95.83777777777777,97.71947740934652,1,1,1.5186111111111111,95.83777777777777,121.35638888888889
18348,95.88111111111111,95.93927961993407,1,1,0.04694444444444444,95.88111111111111,119.92805555555556
18349,96.03333333333333,119.52687124297071,1,8,151.6822222222222,96.03333333333333,138.9936111111111
18355,98.87305555555555,99.04997042854373,1,1,0.14277777777777778,98.87305555555555,123.01583333333333
18356,99.23583333333333,99.2878063796781,1,8,0.33555555555555555,99.23583333333333,128.8852777777778
18365,102.67833333333333,103.07208939305798,1,2,0.6355555555555555,102.67833333333333,126.9961111111111
18366,102.9961111111111,103.38814620903626,1,2,0.6327777777777778,102.9961111111111,127.3125
18367,103.00555555555556,103.46023366298236,1,2,0.7338888888888889,103.00555555555556,127.3725
18368,103.37305555555555,103.77920254023657,1,2,0.6555555555555556,103.37305555555555,127.70083333333334
18369,105.12555555555555,105.19886852821408,1,1,0.059166666666666666,105.12555555555555,129.18472222222223
18370,105.2025,105.31436251696722,1,1,0.09027777777777778,105.2025,129.2927777777778
18371,105.32083333333334,105.42890973434166,1,1,0.08722222222222223,105.32083333333334,129.40805555555556
18372,105.57166666666667,105.6377515997673,1,1,0.05333333333333334,105.57166666666667,129.625
18375,105.95666666666666,106.01070486717084,1,8,0.3488888888888889,105.95666666666666,130.03194444444443
18376,105.95722222222223,109.95880259840993,1,32,103.34222222222222,105.95722222222223,133.1911111111111
18379,105.99222222222222,106.0479813845259,1,16,0.72,105.99222222222222,130.03916666666666
18382,106.03916666666667,106.09182809773124,1,16,0.68,106.03916666666667,130.08166666666668
18383,106.08166666666666,107.5544657746752,1,16,19.017777777777777,106.08166666666666,131.27027777777778
18384,106.22416666666666,106.27648390537134,1,8,0.3377777777777778,106.22416666666666,130.26638888888888
18386,106.22888888888889,106.30185766918751,1,8,0.4711111111111111,106.22888888888889,130.2877777777778
18388,106.28805555555556,106.35035437269731,1,8,0.4022222222222222,106.28805555555556,130.33833333333334
18389,106.3386111111111,106.38817481093659,1,8,0.32,106.3386111111111,130.3786111111111
18390,106.34416666666667,116.94942165987977,1,8,68.47111111111111,106.34416666666667,138.90305555555557
18391,106.36305555555556,121.17193184021718,1,8,95.61111111111111,106.36305555555556,142.31444444444443
18392,106.37861111111111,106.42473288733761,1,8,0.29777777777777775,106.37861111111111,130.41583333333332
18393,106.38416666666667,106.48501502811712,1,8,0.6511111111111111,106.38416666666667,130.46555555555557
18395,106.41583333333334,106.45920157068063,1,8,0.28,106.41583333333334,130.45083333333332
18396,106.45111111111112,106.49723288733759,1,8,0.29777777777777775,106.45111111111112,130.48833333333334
18397,106.5325,106.62543193717278,1,8,0.6,106.5325,130.6075
18398,106.57111111111111,125.63695850300563,1,8,123.09555555555555,106.57111111111111,145.95805555555555
18401,106.62,114.12442602288152,1,8,48.45111111111111,106.62,136.67638888888888
18402,106.62444444444445,121.0939470622455,1,8,93.42,106.62444444444445,146.24416666666667
18403,106.62972222222223,106.69339780880357,1,1,0.05138888888888889,106.62972222222223,130.6811111111111
18406,106.81277777777778,109.20766821795617,1,8,15.462222222222222,106.81277777777778,132.74555555555557
18408,106.89527777777778,107.07976488268373,1,1,0.14888888888888888,106.89527777777778,131.04416666666665
18410,107.2286111111111,107.28023996509599,1,16,0.6666666666666666,107.2286111111111,131.27027777777778
18411,107.25444444444445,107.2785379096374,1,8,0.15555555555555556,107.25444444444445,131.27388888888888
18412,107.27027777777778,107.2981573589296,1,4,0.09,107.27027777777778,131.2927777777778
18414,107.2975,107.35394754702345,1,16,0.7288888888888889,107.2975,131.34305555555557
18415,107.32638888888889,107.35495685476052,1,8,0.18444444444444444,107.32638888888889,131.34944444444446
18418,107.34305555555555,107.39812633313943,1,16,0.7111111111111111,107.34305555555555,131.3875
18420,107.3875,107.42364019778942,1,4,0.11666666666666667,107.3875,131.41666666666666
18422,107.42027777777778,107.46984147760325,1,16,0.64,107.42027777777778,131.46027777777778
18424,107.44083333333333,108.19633556331199,1,8,4.877777777777778,107.44083333333333,180.7161111111111
18425,107.44083333333333,108.19461460151253,1,8,4.866666666666666,107.44083333333333,181.32444444444445
18426,107.44083333333333,108.1942704091526,1,8,4.864444444444445,107.44083333333333,181.9325
18427,107.44083333333333,108.19530298623229,1,8,4.871111111111111,107.44083333333333,182.2236111111111
18428,107.44083333333333,108.19530298623229,1,8,4.871111111111111,107.44083333333333,182.2236111111111
18429,107.44083333333333,108.19771233275158,1,8,4.886666666666667,107.44083333333333,182.54333333333332
18430,107.44111111111111,108.20108784176848,1,8,4.906666666666666,107.44111111111111,182.83694444444444
18431,107.44111111111111,108.19626914872988,1,8,4.875555555555556,107.44111111111111,182.83305555555555
18432,107.44111111111111,108.05859220477022,1,8,3.986666666666667,107.44111111111111,183.04166666666666
18433,107.44111111111111,108.10230463447743,1,8,4.268888888888889,107.44111111111111,183.36666666666667
18434,107.44111111111111,108.15531025790187,1,8,4.611111111111111,107.44111111111111,183.41333333333333
18435,107.44111111111111,108.18800853209231,1,8,4.822222222222222,107.44111111111111,183.64444444444445
18436,107.44111111111111,108.07889955400427,1,8,4.1177777777777775,107.44111111111111,183.8813888888889
18437,107.44111111111111,108.97139034322282,1,8,9.88,107.44111111111111,184.64833333333334
18438,107.44111111111111,108.49158619352335,1,8,6.782222222222222,107.44111111111111,184.4922222222222
18439,107.46027777777778,107.51052986232305,1,16,0.6488888888888888,107.46027777777778,131.50083333333333
18440,107.465,108.2160277293,1,8,4.848888888888889,107.465,184.4875
18441,107.465,108.23151638549544,1,8,4.948888888888889,107.465,185.10611111111112
18442,107.465,108.22325576885787,1,8,4.895555555555555,107.465,185.10416666666666
18443,107.465,108.21878126817916,1,8,4.866666666666666,107.465,185.25666666666666
18444,107.465,108.2170603063797,1,8,4.855555555555555,107.465,185.7111111111111
18445,107.465,108.21809288345939,1,8,4.862222222222222,107.465,185.7138888888889
18446,107.465,108.20879968974212,1,8,4.802222222222222,107.465,185.85694444444445
18447,107.465,108.2112090362614,1,8,4.817777777777778,107.465,186.31333333333333
18448,107.465,108.08695559433778,1,8,4.015555555555555,107.465,186.21583333333334
18449,107.465,108.1220632150475,1,8,4.242222222222222,107.465,186.38722222222222
18450,107.465,108.18229687802986,1,8,4.631111111111111,107.465,186.79472222222222
18451,107.465,108.2198138452589,1,8,4.873333333333333,107.465,186.9225
18452,107.465,108.09452782625559,1,8,4.064444444444445,107.465,186.89527777777778
18453,107.465,108.89202152414195,1,8,9.213333333333333,107.465,187.9463888888889
18454,107.465,108.42082218343998,1,8,6.171111111111111,107.465,187.66666666666666
18455,107.50083333333333,107.70012070971494,1,16,2.5733333333333333,107.50083333333333,131.66166666666666
18458,107.66194444444444,107.74592738025984,1,16,1.0844444444444445,107.66194444444444,131.72972222222222
18459,107.72972222222222,107.74865280201668,1,8,0.12222222222222222,107.72972222222222,131.745
18462,107.74944444444445,108.1418237347295,1,16,5.066666666666666,107.74944444444445,132.06916666666666
18463,107.79833333333333,112.36920787279426,1,8,29.511111111111113,107.79833333333333,135.48722222222221
18467,107.93388888888889,123.89236765561373,1,16,206.06666666666666,107.93388888888889,144.81305555555556
18470,108.03722222222223,108.092637192166,1,1,0.04472222222222222,108.03722222222223,132.1938888888889
18472,108.06916666666666,108.13249806088811,1,8,0.4088888888888889,108.06916666666666,132.12027777777777
18474,108.0963888888889,119.03103597052551,1,8,70.59777777777778,108.0963888888889,140.92111111111112
18475,108.12083333333334,108.36280056234244,1,8,1.5622222222222222,108.12083333333334,132.3161111111111
18477,108.21944444444445,108.26763137483033,1,1,0.03888888888888889,108.21944444444445,132.59055555555557
18482,108.53583333333333,128.85591768470042,1,8,131.19333333333333,108.53583333333333,148.935
18484,108.61083333333333,108.63320583672679,1,8,0.14444444444444443,108.61083333333333,132.6375
18486,108.63777777777777,108.65601997285243,1,8,0.11777777777777777,108.63777777777777,132.6525
18487,108.6525,108.67039800271475,1,8,0.11555555555555555,108.6525,132.66694444444445
18490,108.675,108.69358638743455,1,8,0.12,108.675,132.7072222222222
18491,108.6975,108.76014300950165,1,1,0.050555555555555555,108.6975,132.74805555555557
18493,108.70722222222223,108.72305507077758,1,8,0.10222222222222223,108.70722222222223,132.72
18494,108.72,108.73927477215435,1,8,0.12444444444444444,108.72,132.73555555555555
18497,108.74361111111111,108.76288588326547,1,8,0.12444444444444444,108.74361111111111,132.77666666666667
18499,108.77694444444444,108.7938098700795,1,8,0.10888888888888888,108.77694444444444,132.79055555555556
18500,108.7838888888889,108.78423308124879,1,8,0.0022222222222222222,108.7838888888889,132.78416666666666
18501,108.79055555555556,108.8122396742292,1,8,0.14,108.79055555555556,132.80805555555557
18503,108.80972222222222,108.8647929998061,1,1,0.044444444444444446,108.80972222222222,132.85416666666666
18505,108.81583333333333,108.83407552840798,1,8,0.11777777777777777,108.81583333333333,132.83416666666668
18508,108.83444444444444,108.8533750242389,1,8,0.12222222222222222,108.83444444444444,132.84972222222223
18509,108.84972222222223,108.87140634089587,1,8,0.14,108.84972222222223,132.8672222222222
18512,108.87611111111111,108.89607426798526,1,8,0.1288888888888889,108.87611111111111,132.91083333333333
18516,108.91111111111111,108.92900911382587,1,8,0.11555555555555555,108.91111111111111,132.92555555555555
18517,108.92555555555556,108.9434535582703,1,8,0.11555555555555555,108.92555555555556,132.94
18518,108.93833333333333,108.98411091719993,1,1,0.036944444444444446,108.93833333333333,132.9752777777778
18523,108.9486111111111,108.96685330618577,1,8,0.11777777777777777,108.9486111111111,132.96777777777777
18525,108.96777777777778,108.98498739577273,1,8,0.1111111111111111,108.96777777777778,132.98166666666665
18526,108.98194444444445,108.9998424471592,1,8,0.11555555555555555,108.98194444444445,132.9963888888889
18528,108.9875,109.03844046926507,1,1,0.04111111111111111,108.9875,133.0286111111111
18529,108.99277777777777,118.79744134186542,1,16,126.60444444444444,108.99277777777777,140.90555555555557
18532,109.00555555555556,109.02758386658911,1,8,0.14222222222222222,109.00555555555556,133.02916666666667
18534,109.01277777777777,109.10777486910995,1,16,1.2266666666666666,109.01277777777777,133.08944444444444
18536,109.02916666666667,109.04947401590071,1,8,0.13111111111111112,109.02916666666667,133.04555555555555
18537,109.04555555555555,109.06448613535001,1,8,0.12222222222222222,109.04555555555555,133.06083333333333
18539,109.06888888888889,109.08919623812294,1,8,0.13111111111111112,109.06888888888889,133.08527777777778
18541,109.08555555555556,109.10517452006981,1,8,0.12666666666666668,109.08555555555556,133.1013888888889
18542,109.09833333333333,118.69854663564088,1,16,123.96444444444444,109.09833333333333,140.8461111111111
18543,109.10138888888889,109.12617073880163,1,8,0.16,109.10138888888889,133.1213888888889
18546,109.12972222222223,109.15415987977508,1,8,0.15777777777777777,109.12972222222223,133.15583333333333
18549,109.15583333333333,109.18268033740546,1,8,0.17333333333333334,109.15583333333333,133.1775
18551,109.1775,109.19849573395385,1,8,0.13555555555555557,109.1775,133.19444444444446
18553,109.19666666666667,111.43426119837115,1,32,57.78666666666667,109.19666666666667,136.40027777777777
18555,109.2025,109.22074219507466,1,8,0.11777777777777777,109.2025,133.23444444444445
18558,109.23472222222222,109.2508992631375,1,8,0.10444444444444445,109.23472222222222,133.24777777777777
18559,109.24777777777778,109.26808512701183,1,8,0.13111111111111112,109.24777777777778,133.26416666666665
18562,109.27333333333333,109.29191972076788,1,8,0.12,109.27333333333333,133.29305555555555
18565,109.29305555555555,109.3171490207485,1,8,0.15555555555555556,109.29305555555555,133.3125
18566,109.31277777777778,109.33342931937173,1,8,0.13333333333333333,109.31277777777778,133.32944444444445
18570,109.33694444444444,109.3637914485166,1,8,0.17333333333333334,109.33694444444444,133.35861111111112
18572,109.35861111111112,109.37995103742486,1,8,0.13777777777777778,109.35861111111112,133.37583333333333
18573,109.37583333333333,109.3926987589684,1,8,0.10888888888888888,109.37583333333333,133.38944444444445
18575,109.39861111111111,109.41823007562536,1,8,0.12666666666666668,109.39861111111111,133.41444444444446
18577,109.41444444444444,109.43991467907699,1,8,0.16444444444444445,109.41444444444444,133.435
18578,109.41805555555555,114.15896112080668,1,8,30.608888888888888,109.41805555555555,137.24416666666667
18579,109.43527777777778,109.45902705061083,1,8,0.15333333333333332,109.43527777777778,133.45444444444445
18580,109.44472222222223,109.54488219895288,1,16,1.2933333333333332,109.44472222222223,135.75583333333333
18584,109.46305555555556,109.48060936591041,1,8,0.11333333333333333,109.46305555555556,133.5038888888889
18587,109.5038888888889,109.52488462284273,1,8,0.13555555555555557,109.5038888888889,133.52083333333334
18588,109.52083333333333,109.53976391312779,1,8,0.12222222222222222,109.52083333333333,133.5361111111111
18591,109.54472222222222,109.56606214853596,1,8,0.13777777777777778,109.54472222222222,133.57833333333335
18594,109.57861111111112,109.59788588326546,1,8,0.12444444444444444,109.57861111111112,133.59416666666667
18595,109.59444444444445,109.613030831879,1,8,0.12,109.59444444444445,133.60944444444445
18599,109.61916666666667,109.63499951522202,1,8,0.10222222222222223,109.61916666666667,133.6575
18603,109.65777777777778,109.67498739577273,1,8,0.1111111111111111,109.65777777777778,133.67166666666665
18604,109.67166666666667,109.69128563118092,1,8,0.12666666666666668,109.67166666666667,133.6875
18607,109.69694444444444,109.7144982547993,1,8,0.11333333333333333,109.69694444444444,133.71722222222223
18609,109.71722222222222,109.73615280201668,1,8,0.12222222222222222,109.71722222222222,133.7325
18610,109.7325,109.79961751018033,1,1,0.05416666666666667,109.7325,133.78666666666666
18611,109.7325,109.74798865619547,1,8,0.1,109.7325,133.745
18614,109.75194444444445,109.7681214853597,1,8,0.10444444444444445,109.75194444444445,133.765
18616,109.765,109.78048865619547,1,8,0.1,109.765,133.7775
18617,109.7775,109.79367704091526,1,8,0.10444444444444445,109.7775,133.79055555555556
18618,109.78277777777778,109.83853694008145,1,1,0.045,109.78277777777778,133.83166666666668
18622,109.80055555555556,109.81948613535,1,8,0.12222222222222222,109.80055555555556,133.8227777777778
18625,109.82277777777777,109.84101997285244,1,8,0.11777777777777777,109.82277777777777,133.8375
18627,109.8375,109.85952831103354,1,8,0.14222222222222222,109.8375,133.8552777777778
18630,109.86583333333333,109.88441972076788,1,8,0.12,109.86583333333333,133.89777777777778
18633,109.89777777777778,109.91498739577273,1,8,0.1111111111111111,109.89777777777778,133.91166666666666
18634,109.91194444444444,109.930530831879,1,8,0.12,109.91194444444444,133.92694444444444
18638,109.93666666666667,109.95525305410122,1,8,0.12,109.93666666666667,133.9561111111111
18640,109.95611111111111,109.97573007562536,1,8,0.12666666666666668,109.95611111111111,133.97194444444443
18641,109.97222222222223,109.99390634089588,1,8,0.14,109.97222222222223,133.9897222222222
18644,109.99833333333333,110.01932906728719,1,8,0.13555555555555557,109.99833333333333,134.03333333333333
18646,110.03361111111111,110.05254169090556,1,8,0.12222222222222222,110.03361111111111,134.04888888888888
18648,110.04916666666666,110.06809724646112,1,8,0.12222222222222222,110.04916666666666,134.06444444444443
18651,110.0725,110.09039800271476,1,8,0.11555555555555555,110.0725,134.08916666666667
18653,110.08916666666667,110.10740886174132,1,8,0.11777777777777777,110.08916666666667,134.1038888888889
18654,110.10388888888889,110.12247527632344,1,8,0.12,110.10388888888889,134.11888888888888
18658,110.14944444444444,110.20348264494862,1,8,0.3488888888888889,110.14944444444444,134.19583333333333
18660,110.19583333333334,110.2450528407989,1,8,0.31777777777777777,110.19583333333334,134.23555555555555
18661,110.23138888888889,110.43239722707,1,1,0.1622222222222222,110.23138888888889,134.3936111111111
18662,110.23583333333333,112.42696189645142,1,8,14.146666666666667,110.23583333333333,136.00416666666666
18664,110.30083333333333,113.3724059530735,1,8,19.83111111111111,110.30083333333333,137.05916666666667
18665,110.33666666666667,110.41376575528407,1,1,0.06222222222222222,110.33666666666667,134.45583333333335
18667,110.44916666666667,110.48461847973627,1,8,0.2288888888888889,110.44916666666667,134.4777777777778
18669,110.48861111111111,110.536798041497,1,1,0.03888888888888889,110.48861111111111,134.5275
18671,110.54638888888888,110.58459424083769,1,1,0.030833333333333334,110.54638888888888,134.57722222222222
18673,110.58166666666666,110.61436494085709,1,1,0.02638888888888889,110.58166666666666,134.60805555555555
18674,110.5963888888889,110.63941293387629,1,8,0.2777777777777778,110.5963888888889,134.63111111111112
18675,110.59916666666666,110.64907455885204,1,8,0.32222222222222224,110.59916666666666,134.64222222222222
18676,110.63166666666666,110.75178980027147,1,8,0.7755555555555556,110.63166666666666,134.72861111111112
18677,110.64222222222222,110.694195268567,1,8,0.33555555555555555,110.64222222222222,134.68416666666667
18678,110.66638888888889,110.79614940857087,1,1,0.10472222222222222,110.66638888888889,134.7711111111111
18679,110.68416666666667,112.8587739965096,1,8,14.04,110.68416666666667,136.43916666666667
18680,110.70277777777778,110.74476924568548,1,8,0.27111111111111114,110.70277777777778,134.73666666666668
18681,110.73694444444445,110.85224888501067,1,8,0.7444444444444445,110.73694444444445,134.83
18682,110.8625,110.9086217762265,1,1,0.03722222222222222,110.8625,134.8997222222222
18686,111.05638888888889,111.07394269924374,1,8,0.11333333333333333,111.05638888888889,138.42111111111112
18692,111.16944444444445,111.20799398875315,1,1,0.03111111111111111,111.16944444444445,135.20055555555555
18693,111.17555555555556,111.21961217762265,1,1,0.035555555555555556,111.17555555555556,135.2111111111111
18698,111.27111111111111,111.34545666084934,1,16,0.96,111.27111111111111,135.3311111111111
18699,111.2786111111111,111.31819323249951,1,1,0.03194444444444444,111.2786111111111,135.31055555555557
18700,111.29805555555555,111.34417733178205,1,8,0.29777777777777775,111.29805555555555,135.33527777777778
18708,111.3711111111111,111.41860965677719,1,8,0.30666666666666664,111.3711111111111,135.40944444444443
18710,111.40638888888888,111.51446528989722,1,1,0.08722222222222223,111.40638888888888,135.4936111111111
18716,111.45916666666666,111.48188336242002,1,1,0.018333333333333333,111.45916666666666,135.4775
18717,111.46833333333333,111.54680919139034,1,1,0.06333333333333334,111.46833333333333,135.53166666666667
18721,111.49138888888889,111.6111678301338,1,8,0.7733333333333333,111.49138888888889,135.58805555555554
18722,111.50222222222222,111.54455788248981,1,1,0.034166666666666665,111.50222222222222,135.5702777777778
18724,111.53083333333333,111.7562793290673,1,1,0.18194444444444444,111.53083333333333,135.76
18727,111.57083333333334,111.59010810548769,1,1,0.015555555555555555,111.57083333333334,135.58638888888888
18729,111.61166666666666,111.81095404304827,1,8,1.2866666666666666,111.61166666666666,135.7725
18732,111.64472222222223,111.68361595889083,1,1,0.03138888888888889,111.64472222222223,135.7927777777778
18737,111.80444444444444,111.92628853984874,1,8,0.7866666666666666,111.80444444444444,135.90277777777777
18744,111.90694444444445,116.37662643009502,1,16,57.715555555555554,111.90694444444445,139.51416666666665
18746,111.91361111111111,111.92290430482839,1,1,0.0075,111.91361111111111,135.92111111111112
18747,111.9225,112.01715289897227,1,16,1.2222222222222223,111.9225,135.9988888888889
18748,111.92527777777778,111.98344628660074,1,8,0.37555555555555553,111.92527777777778,135.97222222222223
18749,111.95277777777778,111.96551289509405,1,1,0.010277777777777778,111.95277777777778,135.96305555555554
18750,111.97833333333334,111.99416618188869,1,1,0.012777777777777779,111.97833333333334,135.9911111111111
18752,111.99944444444445,112.04591041303082,1,8,0.3,111.99944444444445,136.03694444444446
18754,112.00416666666666,112.08539606360287,1,4,0.26222222222222225,112.00416666666666,136.06972222222223
18755,112.00777777777778,112.01948031801435,1,1,0.009444444444444445,112.00777777777778,136.01722222222222
18758,112.05972222222222,112.2300974403723,1,8,1.1,112.05972222222222,136.19722222222222
18760,112.07444444444444,112.127105875509,1,8,0.34,112.07444444444444,136.1186111111111
18767,112.10944444444445,112.15178010471205,1,1,0.034166666666666665,112.10944444444445,136.1436111111111
18768,112.11861111111111,112.17196092689548,1,8,0.34444444444444444,112.11861111111111,136.16166666666666
18769,112.13944444444445,112.22411576497964,1,1,0.06833333333333333,112.13944444444445,136.21305555555554
18770,112.15527777777778,112.67845016482453,1,1,0.4222222222222222,112.15527777777778,136.64194444444445
18771,112.16166666666666,112.21191875121194,1,4,0.1622222222222222,112.16166666666666,136.20222222222222
18774,112.20777777777778,112.26388113244136,1,8,0.3622222222222222,112.20777777777778,136.25611111111112
18776,112.25611111111111,112.31049350397518,1,8,0.3511111111111111,112.25611111111111,136.3
18821,112.30027777777778,112.58802259065348,1,8,1.8577777777777778,112.30027777777778,136.5325
18823,112.33111111111111,112.47050901687027,1,1,0.1125,112.33111111111111,136.755
18914,112.43944444444445,112.48591041303082,1,4,0.15,112.43944444444445,136.47694444444446
18915,112.44027777777778,112.6385325770797,1,1,0.16,112.44027777777778,136.6002777777778
18917,112.48722222222223,112.55433973240258,1,8,0.43333333333333335,112.48722222222223,136.54333333333332
18919,112.53277777777778,112.6422309482257,1,8,0.7066666666666667,112.53277777777778,136.6211111111111
18920,112.54333333333334,112.60769730463448,1,8,0.41555555555555557,112.54333333333334,136.59527777777777
18921,112.55416666666666,112.64262410316074,1,1,0.07138888888888889,112.55416666666666,136.62555555555556
18922,112.59527777777778,112.64174374636416,1,4,0.15,112.59527777777778,136.6327777777778
18924,112.62138888888889,112.64582654644174,1,8,0.15777777777777777,112.62138888888889,136.64111111111112
18925,112.62166666666667,115.53525499321312,1,1,2.3513888888888888,112.62166666666667,138.97305555555556
18927,112.63916666666667,112.7114470622455,1,8,0.4666666666666667,112.63916666666667,136.69916666666666
18928,112.645,113.1781539654838,1,8,3.442222222222222,112.645,137.07527777777779
18929,112.67277777777778,115.52337890246267,1,1,2.3005555555555555,112.67277777777778,138.97333333333333
18930,112.69916666666667,112.76318644560791,1,8,0.41333333333333333,112.69916666666667,136.75083333333333
18931,112.71166666666667,115.59186833430289,1,1,2.3244444444444445,112.71166666666667,139.0361111111111
18932,112.72361111111111,116.08705885204576,1,1,2.7144444444444447,112.72361111111111,139.43805555555556
18933,112.74083333333333,176.49317481093658,1,1,51.450833333333335,112.74083333333333,188.21
18934,112.74361111111111,115.75254072134963,1,1,2.4283333333333332,112.74361111111111,139.17194444444445
18935,112.74722222222222,124.79326643397323,1,8,77.77333333333333,112.74722222222222,146.4688888888889
18936,112.75083333333333,113.04752714756641,1,8,1.9155555555555555,112.75083333333333,136.99027777777778
18937,112.85166666666667,112.9600872600349,1,8,0.7,112.85166666666667,136.93916666666667
18940,112.97777777777777,113.08103548574753,1,8,0.6666666666666666,112.97777777777777,137.0611111111111
18941,112.99027777777778,113.1000751405856,1,8,0.7088888888888889,112.99027777777778,137.07888888888888
18942,113.07527777777777,113.14377205739773,1,8,0.44222222222222224,113.07527777777777,137.13055555555556
18943,113.07888888888888,113.10504750824121,1,8,0.1688888888888889,113.07888888888888,137.1
18945,113.10472222222222,113.62479687802985,1,8,3.3577777777777778,113.10472222222222,137.52694444444444
18946,113.12416666666667,113.22088471979832,1,8,0.6244444444444445,113.12416666666667,137.20222222222222
18949,113.13638888888889,113.3835190032965,1,8,1.5955555555555556,113.13638888888889,137.3375
18951,113.34333333333333,113.4039111886756,1,8,0.39111111111111113,113.34333333333333,137.3947222222222
18952,113.395,113.45316850882296,1,8,0.37555555555555553,113.395,137.44194444444443
18953,113.44222222222223,113.60571359317433,1,8,1.0555555555555556,113.44222222222223,137.57416666666666
18954,113.49722222222222,113.5478184991274,1,1,0.04083333333333333,113.49722222222222,137.53805555555556
18956,113.52694444444444,113.59750387822378,1,8,0.45555555555555555,113.52694444444444,137.58388888888888
18957,113.54333333333334,113.59152026371922,1,1,0.03888888888888889,113.54333333333334,137.5822222222222
18962,113.56666666666666,119.58968877254217,1,8,38.88666666666666,113.56666666666666,142.4275
18963,113.57416666666667,113.58690178398294,1,4,0.04111111111111111,113.57416666666667,137.58444444444444
18966,113.58888888888889,113.65497382198951,1,8,0.4266666666666667,113.58888888888889,137.64333333333335
18967,113.58888888888889,113.83808415745588,1,8,1.6088888888888888,113.58888888888889,137.79111111111112
18968,113.59416666666667,113.68813118091914,1,8,0.6066666666666667,113.59416666666667,137.67
18970,113.59861111111111,113.67123569904983,1,1,0.058611111111111114,113.59861111111111,137.65722222222223
18979,113.64361111111111,113.70212381229396,1,8,0.37777777777777777,113.64361111111111,137.69083333333333
18982,113.67611111111111,117.84359220477022,1,8,26.906666666666666,113.67611111111111,141.03944444444446
18984,113.68972222222222,113.76165842544115,1,1,0.058055555555555555,113.68972222222222,137.74777777777777
18985,113.69111111111111,113.96061372891216,1,8,1.74,113.69111111111111,137.9086111111111
18991,113.79611111111112,113.85014931161528,1,8,0.3488888888888889,113.79611111111112,137.8413888888889
18993,113.83333333333333,113.90905565251116,1,1,0.06111111111111111,113.83333333333333,137.89444444444445
18994,113.84166666666667,113.88193717277487,1,8,0.26,113.84166666666667,137.87416666666667
18997,113.87416666666667,113.99463399263138,1,8,0.7777777777777778,113.87416666666667,137.9713888888889
19002,113.9088888888889,113.92403335272445,1,4,0.04888888888888889,113.9088888888889,137.92111111111112
19004,113.92694444444444,113.9868339150669,1,8,0.38666666666666666,113.92694444444444,137.97805555555556
19006,113.9713888888889,113.98687754508434,1,4,0.05,113.9713888888889,137.98388888888888
19008,113.97805555555556,114.04448468101609,1,8,0.4288888888888889,113.97805555555556,138.03166666666667
19011,113.98861111111111,115.55158861741323,1,1,1.261388888888889,113.98861111111111,139.25
19012,113.98916666666666,114.052842253248,1,8,0.4111111111111111,113.98916666666666,138.0427777777778
19013,114.03166666666667,114.0980957921272,1,8,0.4288888888888889,114.03166666666667,138.08527777777778
19014,114.04277777777777,114.09612759356214,1,8,0.34444444444444444,114.04277777777777,138.08583333333334
19017,114.08527777777778,114.09594774093465,1,4,0.034444444444444444,114.08527777777778,138.0938888888889
19018,114.08611111111111,114.32911091719991,1,8,1.568888888888889,114.08611111111111,138.28222222222223
19022,114.10055555555556,114.15321698662014,1,8,0.34,114.10055555555556,138.1436111111111
19023,114.14361111111111,114.20556573589296,1,8,0.4,114.14361111111111,138.19361111111112
19028,114.19388888888889,114.2320942408377,1,4,0.12333333333333334,114.19388888888889,138.22472222222223
19030,114.22944444444444,159.947483032771,1,8,295.1711111111111,114.22944444444444,175.12583333333333
19031,114.22972222222222,114.28651396160558,1,8,0.36666666666666664,114.22972222222222,138.27555555555554
19036,114.27555555555556,114.33234729493891,1,8,0.36666666666666664,114.27555555555556,138.3213888888889
19037,114.2825,114.30280734923404,1,4,0.06555555555555556,114.2825,138.29888888888888
19040,114.30388888888889,114.36033643591234,1,8,0.36444444444444446,114.30388888888889,138.3513888888889
19041,114.32138888888889,114.35752908667831,1,4,0.11666666666666667,114.32138888888889,138.35055555555556
19042,114.35138888888889,114.40886901299204,1,8,0.3711111111111111,114.35138888888889,138.39777777777778
19044,114.3575,114.41635689354275,1,8,0.38,114.3575,138.40694444444443
19045,114.39805555555556,114.4610427574171,1,8,0.4066666666666667,114.39805555555556,138.4488888888889
19046,114.40722222222222,114.4588510762071,1,8,0.3333333333333333,114.40722222222222,138.4488888888889
19047,114.44888888888889,114.46093562148536,1,4,0.03888888888888889,114.44888888888889,138.4586111111111
19048,114.44916666666667,114.47911140197789,1,4,0.09666666666666666,114.44916666666667,138.47333333333333
19050,114.4636111111111,114.51902608105489,1,8,0.35777777777777775,114.4636111111111,138.51083333333332
19052,114.47944444444444,114.54621776226489,1,8,0.4311111111111111,114.47944444444444,138.53416666666666
19053,114.48083333333334,114.55793242195074,1,1,0.06222222222222222,114.48083333333334,138.54305555555555
19054,114.51083333333334,114.57795084351366,1,8,0.43333333333333335,114.51083333333334,138.565
19055,114.5125,114.51284419235989,1,1,0.0002777777777777778,114.5125,138.51277777777779
19056,114.51388888888889,114.51423308124879,1,8,0.0022222222222222222,114.51388888888889,138.51416666666665
19057,114.53444444444445,114.5926129532674,1,8,0.37555555555555553,114.53444444444445,138.58138888888888
19058,114.565,114.6073356602676,1,4,0.13666666666666666,114.565,138.59916666666666
19059,114.58166666666666,114.62985359705254,1,4,0.15555555555555556,114.58166666666666,138.62055555555557
19061,114.60388888888889,114.65448516579406,1,8,0.32666666666666666,114.60388888888889,138.6475
19062,114.62527777777778,114.68310209424084,1,8,0.37333333333333335,114.62527777777778,138.67194444444445
19063,114.6475,114.70945462478186,1,8,0.4,114.6475,138.6975
19065,114.67194444444445,114.7373409928253,1,8,0.4222222222222222,114.67194444444445,138.72472222222223
19066,114.6975,114.7391472755478,1,4,0.13444444444444445,114.6975,138.73111111111112
19067,114.725,114.7621727748691,1,4,0.12,114.725,138.755
19069,114.73583333333333,114.7878063796781,1,8,0.33555555555555555,114.73583333333333,138.78055555555557
19071,114.75916666666667,114.81871194492923,1,8,0.3844444444444444,114.75916666666667,138.80916666666667
19072,114.78083333333333,114.83108541787861,1,8,0.3244444444444444,114.78083333333333,138.8213888888889
19073,114.80944444444444,114.868989722707,1,8,0.3844444444444444,114.80944444444444,138.8575
19074,114.82138888888889,114.87542708939306,1,4,0.17444444444444446,114.82138888888889,138.865
19075,114.8575,114.91325916230367,1,4,0.18,114.8575,138.9025
19077,114.87166666666667,114.92742582897034,1,8,0.36,114.87166666666667,138.91805555555555
19079,114.90722222222222,114.95781849912738,1,8,0.32666666666666666,114.90722222222222,138.95055555555555
19080,114.91833333333334,114.96755284079892,1,8,0.31777777777777777,114.91833333333334,138.95805555555555
19081,114.92083333333333,114.98726245879386,1,2,0.10722222222222222,114.92083333333333,138.97444444444446
19085,114.95055555555555,115.00218440954043,1,8,0.3333333333333333,114.95055555555555,138.9922222222222
19086,114.95805555555556,114.99385156098506,1,4,0.11555555555555555,114.95805555555556,138.98694444444445
19088,114.99111111111111,115.05444250533256,1,8,0.4088888888888889,114.99111111111111,139.04333333333332
19089,114.99222222222222,115.0448836532868,1,4,0.17,114.99222222222222,139.0363888888889
19091,115.0425,115.10204527826255,1,8,0.3844444444444444,115.0425,139.0913888888889
19092,115.0436111111111,115.09627254217567,1,8,0.34,115.0436111111111,139.08694444444444
19094,115.08722222222222,115.12405080473143,1,4,0.11888888888888889,115.08722222222222,139.11694444444444
19095,115.09138888888889,115.10515658328487,1,8,0.08888888888888889,115.09138888888889,139.1025
19097,115.10694444444445,115.42704333915069,1,8,2.066666666666667,115.10694444444445,139.3672222222222
19099,115.12138888888889,115.17886901299207,1,8,0.3711111111111111,115.12138888888889,139.16944444444445
19101,115.16972222222222,115.23270942408377,1,8,0.4066666666666667,115.16972222222222,139.22055555555556
19105,115.22055555555555,115.26151444638356,1,4,0.1322222222222222,115.22055555555555,139.2536111111111
19107,115.2575,115.30740789218537,1,8,0.32222222222222224,115.2575,139.30083333333334
19108,115.30083333333333,115.35383895675781,1,8,0.3422222222222222,115.30083333333333,139.3436111111111
19110,115.34361111111112,115.39076546441729,1,4,0.15222222222222223,115.34361111111112,139.38166666666666
19111,115.36722222222222,115.39544599573395,1,8,0.18222222222222223,115.36722222222222,139.39
19112,115.3861111111111,115.44634477409346,1,8,0.3888888888888889,115.3861111111111,139.43472222222223
19114,115.39527777777778,115.49681452394803,1,8,0.6555555555555556,115.39527777777778,139.48
19115,115.40277777777777,115.40346616249758,1,1,0.0005555555555555556,115.40277777777777,139.40333333333334
19116,115.40444444444445,115.40478863680434,1,8,0.0022222222222222222,115.40444444444445,139.40472222222223
19117,115.43472222222222,115.4460805700989,1,8,0.07333333333333333,115.43472222222222,139.4438888888889
19119,115.45027777777777,115.6471558076401,1,8,1.271111111111111,115.45027777777777,139.61027777777778
19120,115.48027777777777,115.49645481869305,1,8,0.10444444444444445,115.48027777777777,139.49333333333334
19121,115.49722222222222,115.56261877060307,1,8,0.4222222222222222,115.49722222222222,139.55
19122,115.55472222222222,115.62080715532285,1,8,0.4266666666666667,115.55472222222222,139.60805555555555
19124,115.61027777777778,115.6419434748885,1,8,0.20444444444444446,115.61027777777778,139.63583333333332
19126,115.6125,115.68099427961995,1,8,0.44222222222222224,115.6125,139.66944444444445
19128,115.64361111111111,115.72621727748691,1,8,0.5333333333333333,115.64361111111111,139.71083333333334
19130,115.67388888888888,115.7530531316657,1,8,0.5111111111111111,115.67388888888888,139.73777777777778
19131,115.71083333333333,115.7232242582897,1,8,0.08,115.71083333333333,139.72083333333333
19133,115.72694444444444,115.79406195462477,1,8,0.43333333333333335,115.72694444444444,139.7825
19135,115.7425,115.80824074074076,1,8,0.42444444444444446,115.7425,139.79833333333335
19153,115.78861111111111,115.85263089005237,1,8,0.41333333333333333,115.78861111111111,139.84194444444444
19156,115.8025,115.86720816366105,1,8,0.4177777777777778,115.8025,139.85666666666665
19160,115.8463888888889,115.91625993794842,1,8,0.45111111111111113,115.8463888888889,139.90583333333333
19164,115.86305555555556,115.93154983517549,1,8,0.44222222222222224,115.86305555555556,139.91861111111112
19165,115.90944444444445,115.9738084157456,1,8,0.41555555555555557,115.90944444444445,139.96138888888888
19166,115.91583333333334,116.03939839053714,1,8,0.7977777777777778,115.91583333333334,140.15666666666667
19169,115.96555555555555,116.04403141361256,1,8,0.5066666666666667,115.96555555555555,140.03083333333333
19172,115.99666666666667,124.68408183052162,1,1,7.011111111111111,115.99666666666667,147.0077777777778
19174,116.03694444444444,116.10440614698467,1,8,0.43555555555555553,116.03694444444444,140.0925
19176,116.04638888888888,138.74828437075817,1,32,586.2844444444445,116.04638888888888,158.36805555555554
19179,116.09777777777778,116.16007659491953,1,8,0.4022222222222222,116.09777777777778,140.15083333333334
19183,116.18555555555555,116.21618867558658,1,1,0.024722222222222222,116.18555555555555,140.21027777777778
19186,116.24583333333334,134.79091768470042,1,1,14.966666666666667,116.24583333333334,155.2125
19187,116.25194444444445,116.37378853984876,1,8,0.7866666666666666,116.25194444444445,140.3813888888889
19192,116.48444444444445,117.27746364165213,1,16,10.24,116.48444444444445,141.12444444444444
19194,116.49833333333333,116.55856699631569,1,8,0.3888888888888889,116.49833333333333,140.54694444444445
19197,116.57638888888889,116.59772881520264,1,1,0.017222222222222222,116.57638888888889,140.5936111111111
19198,116.5975,116.62090508047315,1,1,0.01888888888888889,116.5975,140.61638888888888
19200,116.6125,116.84827176653093,1,1,0.19027777777777777,116.6125,140.80277777777778
19201,116.63444444444444,116.6544076013186,1,1,0.01611111111111111,116.63444444444444,140.65055555555554
19206,116.77277777777778,116.77312197013768,1,8,0.0022222222222222222,116.77277777777778,140.77305555555554
19207,116.79444444444445,116.79478863680436,1,8,0.0022222222222222222,116.79444444444445,140.80305555555555
19208,116.81777777777778,116.85357378320728,1,1,0.028888888888888888,116.81777777777778,140.84666666666666
19209,116.86444444444444,116.99867946480512,1,1,0.10833333333333334,116.86444444444444,140.97277777777776
19211,117.00916666666667,117.2466593949971,1,8,1.5333333333333334,117.00916666666667,141.20083333333332
19214,117.13,117.24564863292612,1,1,0.09333333333333334,117.13,141.24583333333334
19215,117.14833333333333,118.67172871824702,1,1,1.2294444444444443,117.14833333333333,142.4752777777778
19580,117.86916666666667,126.47741758774482,1,1,6.947222222222222,117.86916666666667,148.8163888888889
19601,117.88694444444444,117.90140052356021,1,1,0.011666666666666667,117.88694444444444,141.8986111111111
19651,117.93166666666667,117.94474597634284,1,1,0.010555555555555556,117.93166666666667,141.94222222222223
19954,118.20166666666667,118.6859453170448,1,1,0.3908333333333333,118.20166666666667,142.5925
19955,118.20166666666667,118.95888985844483,1,1,0.6111111111111112,118.20166666666667,142.81277777777777
19956,118.20166666666667,118.95888985844483,1,1,0.6111111111111112,118.20166666666667,142.81277777777777
19957,118.20166666666667,118.96749466744231,1,1,0.6180555555555556,118.20166666666667,142.81972222222223
19958,118.20166666666667,118.96852724452201,1,1,0.6188888888888889,118.20166666666667,142.82055555555556
19959,118.20166666666667,118.96749466744231,1,1,0.6180555555555556,118.20166666666667,142.81972222222223
19960,118.20166666666667,118.96852724452201,1,1,0.6188888888888889,118.20166666666667,142.82055555555556
19974,118.2136111111111,118.9646388404111,1,1,0.6061111111111112,118.2136111111111,142.81972222222223
19975,118.2136111111111,118.9646388404111,1,1,0.6061111111111112,118.2136111111111,142.81972222222223
19976,118.2136111111111,118.92918702734147,1,1,0.5775,118.2136111111111,142.79111111111112
19977,118.2136111111111,118.92849864262168,1,1,0.5769444444444445,118.2136111111111,142.79055555555556
19978,118.2136111111111,118.92987541206128,1,1,0.5780555555555555,118.2136111111111,142.79166666666666
19979,118.2136111111111,118.92849864262168,1,1,0.5769444444444445,118.2136111111111,142.79055555555556
19980,118.2136111111111,118.93090798914098,1,1,0.5788888888888889,118.2136111111111,142.7925
19981,118.2136111111111,118.93056379678107,1,1,0.5786111111111111,118.2136111111111,142.79222222222222
19984,118.21472222222222,119.20221010277294,1,1,0.7969444444444445,118.21472222222222,143.01166666666666
19985,118.21472222222222,119.20289848749273,1,1,0.7975,118.21472222222222,143.01222222222222
19986,118.21472222222222,118.84941293387628,1,1,0.5122222222222222,118.21472222222222,142.72694444444446
19987,118.21472222222222,118.84941293387628,1,1,0.5122222222222222,118.21472222222222,142.72694444444446
19988,118.21472222222222,118.84941293387628,1,1,0.5122222222222222,118.21472222222222,142.72694444444446
19989,118.21472222222222,118.84941293387628,1,1,0.5122222222222222,118.21472222222222,142.72694444444446
19990,118.21472222222222,118.84941293387628,1,1,0.5122222222222222,118.21472222222222,142.72694444444446
19991,118.21472222222222,118.84941293387628,1,1,0.5122222222222222,118.21472222222222,142.72694444444446
20264,118.65805555555555,118.70383313942214,1,1,0.036944444444444446,118.65805555555555,142.695
20265,118.66944444444445,118.75239480318015,1,1,0.06694444444444445,118.66944444444445,142.76194444444445
20267,118.70611111111111,118.74741419429901,1,1,0.03333333333333333,118.70611111111111,142.73944444444444
20268,118.72166666666666,118.75677428737639,1,1,0.028333333333333332,118.72166666666666,142.75
20270,118.72694444444444,119.06459714950553,1,1,0.2725,118.72694444444444,142.99944444444444
20271,118.72694444444444,119.16888743455497,1,1,0.3566666666666667,118.72694444444444,143.0836111111111
20272,118.72694444444444,119.16923162691488,1,1,0.35694444444444445,118.72694444444444,143.08388888888888
20273,118.72694444444444,119.16888743455497,1,1,0.3566666666666667,118.72694444444444,143.0836111111111
20274,118.72694444444444,119.16923162691488,1,1,0.35694444444444445,118.72694444444444,143.08388888888888
20278,118.77583333333334,118.81575964708163,1,1,0.03222222222222222,118.77583333333334,142.80805555555557
20279,118.77805555555555,118.81522833042466,1,1,0.03,118.77805555555555,142.80805555555557
20281,118.79055555555556,119.31579309676168,1,1,0.42388888888888887,118.79055555555556,143.21444444444444
20282,118.7911111111111,119.31566026759744,1,1,0.42333333333333334,118.7911111111111,143.21444444444444
20283,118.79166666666667,119.3155274384332,1,1,0.42277777777777775,118.79166666666667,143.21444444444444
20284,118.79222222222222,119.31539460926895,1,1,0.4222222222222222,118.79222222222222,143.21444444444444
20285,118.7925,119.31532819468683,1,1,0.42194444444444446,118.7925,143.21444444444444
20290,118.86722222222222,121.64588714368819,1,1,2.2425,118.86722222222222,145.10972222222222
20292,118.88666666666667,118.95240740740742,1,8,0.42444444444444446,118.88666666666667,142.9825
20295,118.94416666666666,118.94451085902656,1,4,0.0011111111111111111,118.94416666666666,142.94444444444446
20296,118.94611111111111,118.94679949583092,1,6,0.0033333333333333335,118.94611111111111,142.94666666666666
20297,118.94805555555556,118.94839974791546,1,7,0.0019444444444444444,118.94805555555556,142.94833333333332
20300,118.95138888888889,130.7843780298623,1,1,9.549722222222222,118.95138888888889,152.5011111111111
20304,119.08611111111111,119.14840992825286,1,1,0.050277777777777775,119.08611111111111,143.1363888888889
20311,119.41333333333333,119.4670273414776,1,1,0.043333333333333335,119.41333333333333,143.45666666666668
20314,119.67388888888888,119.71588035679659,1,1,0.03388888888888889,119.67388888888888,143.70777777777778
20315,119.73416666666667,120.40568596082993,1,1,0.5419444444444445,119.73416666666667,144.2761111111111
20317,119.8625,143.58148390537136,1,8,153.13777777777779,119.8625,163.00472222222223
20322,120.58638888888889,120.6245942408377,1,8,0.24666666666666667,120.58638888888889,148.96583333333334
20324,120.61777777777777,121.08174907892186,1,1,0.37444444444444447,120.61777777777777,144.9922222222222
20325,120.6725,123.49281219701376,1,1,2.276111111111111,120.6725,146.94861111111112
20326,120.72666666666667,123.47194492922242,1,1,2.2155555555555555,120.72666666666667,146.94222222222223
20328,120.76333333333334,123.51756059724646,1,1,2.222777777777778,120.76333333333334,146.98611111111111
20329,120.78888888888889,123.55206515415941,1,1,2.23,120.78888888888889,147.01888888888888
20331,120.84972222222223,123.59431210005816,1,1,2.215,120.84972222222223,147.06472222222223
20332,120.88083333333333,123.64366540624394,1,1,2.229722222222222,120.88083333333333,147.3411111111111
20335,120.9275,123.63009840992824,1,1,2.181111111111111,120.9275,149.12333333333333
20336,120.96777777777778,126.48518130696141,1,2,8.905555555555555,120.96777777777778,149.42055555555555
20339,121.26333333333334,121.31909249563701,1,2,0.09,121.26333333333334,145.30833333333334
20341,121.30833333333334,121.38646499903044,1,2,0.12611111111111112,121.30833333333334,145.3713888888889
20345,121.46111111111111,121.51308415745589,1,2,0.08388888888888889,121.46111111111111,145.50305555555556
20347,121.50333333333333,121.55978088035678,1,2,0.09111111111111111,121.50333333333333,145.54888888888888
20352,123.115,176.56807349234052,1,32,1380.4444444444443,123.115,190.2538888888889
20357,123.3086111111111,154.3000353887919,1,1,25.011388888888888,123.3086111111111,172.32
20358,123.31944444444444,142.39492922241612,1,1,15.394722222222223,123.31944444444444,162.71416666666667
20359,123.32388888888889,161.7784361062633,1,1,31.034444444444443,123.32388888888889,178.35833333333332
20360,123.35305555555556,151.40197934845838,1,1,22.636666666666667,123.35305555555556,169.9897222222222
20361,123.35722222222222,130.8840207484972,1,1,6.0744444444444445,123.35722222222222,153.43166666666667
20362,123.36305555555556,166.06115037812683,1,1,34.45916666666667,123.36305555555556,181.82222222222222
20363,123.36694444444444,158.7585238510762,1,1,28.5625,123.36694444444444,175.92944444444444
20364,123.38305555555556,140.17138210199727,1,1,13.54888888888889,123.38305555555556,160.93194444444444
20365,123.38944444444445,168.26834205933682,1,1,36.219166666666666,123.38944444444445,183.60861111111112
20366,123.39361111111111,166.63139955400425,1,1,34.89472222222222,123.39361111111111,182.28833333333333
20367,123.39777777777778,156.6181917781656,1,1,26.810277777777777,123.39777777777778,174.20805555555555
20368,123.40305555555555,168.9637982354082,1,1,36.769444444444446,123.40305555555555,184.1725
20369,123.40694444444445,165.34850445995733,1,1,33.84861111111111,123.40694444444445,181.25555555555556
20370,123.41111111111111,152.0995443087066,1,1,23.15277777777778,123.41111111111111,170.5638888888889
20371,124.63166666666666,124.67882101997284,1,8,0.30444444444444446,124.63166666666666,149.0038888888889
20372,124.8163888888889,125.31374684894318,1,2,0.8027777777777778,124.8163888888889,149.21777777777777
20381,125.21777777777778,125.70549835175488,1,2,0.7872222222222223,125.21777777777778,149.61138888888888
20383,125.53111111111112,125.9520583672678,1,8,2.7177777777777776,125.53111111111112,149.87083333333334
20385,128.5011111111111,128.9241235214272,1,2,0.6827777777777778,128.5011111111111,152.8425
20387,128.8425,129.25036794648048,1,2,0.6583333333333333,128.8425,153.17166666666665
20388,128.87555555555556,128.91651444638353,1,8,0.2644444444444444,128.87555555555556,152.9086111111111
20407,129.5911111111111,129.6344793484584,1,8,0.28,129.5911111111111,153.6261111111111
20410,129.6327777777778,129.67786697692455,1,8,0.2911111111111111,129.6327777777778,153.66916666666665
20426,130.18027777777777,133.00127835951133,1,1,2.276666666666667,130.18027777777777,156.45694444444445
20429,130.22166666666666,133.03888113244133,1,1,2.2736111111111112,130.22166666666666,156.49527777777777
20430,130.23611111111111,133.1280153189839,1,1,2.3338888888888887,130.23611111111111,156.57
20432,130.24555555555557,133.05244425053323,1,1,2.265277777777778,130.24555555555557,156.51083333333332
20433,130.27527777777777,133.0752826255575,1,1,2.2597222222222224,130.27527777777777,156.535
20437,130.37944444444443,133.31368431258485,1,1,2.3680555555555554,130.37944444444443,156.7475
20439,130.42416666666668,133.32811760713594,1,1,2.343611111111111,130.42416666666668,158.80055555555555
20440,130.52138888888888,133.4060650572038,1,1,2.3280555555555558,130.52138888888888,158.82333333333332
20441,130.54666666666665,141.94975955012603,1,8,73.62222222222222,130.54666666666665,163.74944444444444
20442,130.55027777777778,142.06316802404498,1,8,74.33111111111111,130.55027777777778,163.84166666666667
20444,130.5925,130.69128320729106,1,8,0.6377777777777778,130.5925,154.67222222222222
20451,131.0911111111111,131.15513089005236,1,8,0.41333333333333333,131.0911111111111,155.14277777777778
20452,131.2125,131.70022057397713,1,2,0.7872222222222223,131.2125,155.60611111111112
20454,131.3875,131.4281146984681,1,8,0.26222222222222225,131.3875,155.47861111111112
20455,131.445,131.56168121000582,1,16,1.5066666666666666,131.445,155.53916666666666
20458,131.50666666666666,131.5796354469653,1,16,0.9422222222222222,131.50666666666666,155.56555555555556
20461,131.5475,131.56987250339344,1,16,0.28888888888888886,131.5475,155.5661111111111
20462,131.5675,131.8180720380066,1,8,1.6177777777777778,131.5675,155.7697222222222
20463,131.56861111111112,131.58823007562535,1,8,0.12666666666666668,131.56861111111112,155.58444444444444
20464,131.57305555555556,131.62606117898002,1,16,0.6844444444444444,131.57305555555556,155.61583333333334
20465,131.57444444444445,134.0767229009114,1,8,16.155555555555555,131.57444444444445,157.5938888888889
20467,131.5825,131.64927331782044,1,16,0.8622222222222222,131.5825,155.6363888888889
20469,131.60611111111112,132.101403917006,1,2,0.7994444444444444,131.60611111111112,156.00583333333333
20472,131.64194444444445,131.66569371727746,1,8,0.15333333333333332,131.64194444444445,155.6611111111111
20476,131.88416666666666,132.13370612759354,1,8,1.6111111111111112,131.88416666666666,156.08555555555554
20477,131.88944444444445,134.37554585999612,1,8,16.051111111111112,131.88944444444445,157.89583333333334
20482,132.1627777777778,132.3503626139228,1,8,1.211111111111111,132.1627777777778,156.31416666666667
20483,132.33916666666667,132.5274398875315,1,8,1.2155555555555555,132.33916666666667,156.4911111111111
20484,132.34166666666667,132.4493988753151,1,16,1.3911111111111112,132.34166666666667,156.4286111111111
20485,132.3761111111111,132.4676662788443,1,16,1.1822222222222223,132.3761111111111,156.5025
20487,132.6952777777778,136.1492481093659,1,1,2.7875,132.6952777777778,159.48277777777778
20489,132.72194444444443,136.09055507077758,1,1,2.718611111111111,132.72194444444443,159.44055555555556
20491,132.76,132.8529319371728,1,16,1.2,132.76,156.835
20492,132.8225,133.0197222222222,1,8,1.2733333333333334,132.8225,156.98166666666665
20493,132.84666666666666,132.90758871436884,1,1,0.049166666666666664,132.84666666666666,156.89583333333334
20494,132.85,132.95601124684896,1,16,1.3688888888888888,132.85,156.93555555555557
20495,132.9986111111111,133.18688433197593,1,8,1.2155555555555555,132.9986111111111,157.15055555555554
20496,133.16666666666666,133.22690032964903,1,1,0.04861111111111111,133.16666666666666,157.21527777777777
20499,133.42916666666667,133.47391167345356,1,1,0.03611111111111111,133.42916666666667,157.46527777777777
20501,133.46722222222223,133.49854372697305,1,16,0.40444444444444444,133.46722222222223,157.4925
20502,133.52277777777778,137.73397130114407,1,16,54.37777777777778,133.52277777777778,160.92138888888888
20503,133.5263888888889,133.56941293387627,1,1,0.034722222222222224,133.5263888888889,157.5611111111111
20504,133.55333333333334,134.03967713787085,1,2,0.785,133.55333333333334,157.94583333333333
20506,133.56944444444446,133.58080279232112,1,1,0.009166666666666667,133.56944444444446,157.57861111111112
20507,133.59166666666667,133.60577855342254,1,1,0.01138888888888889,133.59166666666667,157.60305555555556
20508,133.6125,133.62282577079696,1,1,0.008333333333333333,133.6125,157.62083333333334
20511,133.62527777777777,133.63491516385497,1,1,0.0077777777777777776,133.62527777777777,157.63305555555556
20512,133.6525,133.66316996315686,1,1,0.008611111111111111,133.6525,157.6611111111111
20514,133.66722222222222,133.67617122357962,1,1,0.007222222222222222,133.66722222222222,157.67444444444445
20515,133.68777777777777,133.70188966453364,1,1,0.01138888888888889,133.68777777777777,157.69916666666666
20516,133.7111111111111,133.74828388598021,1,1,0.03,133.7111111111111,157.7411111111111
20517,133.71583333333334,133.99875945317044,1,2,0.45666666666666667,133.71583333333334,157.94416666666666
20518,133.73527777777778,133.74457097149505,1,1,0.0075,133.73527777777778,157.74277777777777
20519,133.75555555555556,133.7651929416327,1,1,0.0077777777777777776,133.75555555555556,157.76333333333332
20520,133.77194444444444,133.78261440760133,1,1,0.008611111111111111,133.77194444444444,157.78055555555557
20521,133.79166666666666,133.80095986038395,1,1,0.0075,133.79166666666666,157.79916666666668
20522,133.8075,133.81713738607715,1,1,0.0077777777777777776,133.8075,157.81527777777777
20523,133.83805555555554,133.84872551871243,1,1,0.008611111111111111,133.83805555555554,157.84666666666666
20525,133.86694444444444,133.87899117704092,1,1,0.009722222222222222,133.86694444444444,157.87666666666667
20526,133.89083333333335,133.89978233469068,1,1,0.007222222222222222,133.89083333333335,157.89805555555554
20527,133.90722222222223,133.91617122357962,1,1,0.007222222222222222,133.90722222222223,157.91444444444446
20528,133.94,133.95066996315688,1,1,0.008611111111111111,133.94,157.94861111111112
20529,133.9463888888889,134.30813505914293,1,2,0.5838888888888889,133.9463888888889,158.23833333333334
20530,133.96972222222223,133.97798283885982,1,1,0.006666666666666667,133.96972222222223,157.9763888888889
20531,133.98611111111111,133.99574849718826,1,1,0.0077777777777777776,133.98611111111111,157.99388888888888
20532,134.01083333333332,134.0311406825674,1,1,0.01638888888888889,134.01083333333332,158.02722222222224
20533,134.0313888888889,134.04068208260617,1,1,0.0075,134.0313888888889,158.0388888888889
20534,134.04361111111112,134.05221592010858,1,1,0.006944444444444444,134.04361111111112,158.05055555555555
20535,134.0547222222222,134.0647038006593,1,1,0.008055555555555555,134.0547222222222,158.06277777777777
20536,134.065,134.07429319371727,1,1,0.0075,134.065,158.0725
20537,134.08138888888888,134.09033789024627,1,1,0.007222222222222222,134.08138888888888,158.0886111111111
20538,134.09194444444444,134.10054925344193,1,1,0.006944444444444444,134.09194444444444,158.0988888888889
20539,134.10222222222222,134.1101386464999,1,1,0.006388888888888889,134.10222222222222,158.10861111111112
20540,134.11277777777778,134.12138258677524,1,1,0.006944444444444444,134.11277777777778,158.1197222222222
20541,134.14027777777778,134.14888258677524,1,1,0.006944444444444444,134.14027777777778,158.1472222222222
20543,134.16722222222222,134.1758270312197,1,1,0.006944444444444444,134.16722222222222,158.17416666666668
20544,134.19166666666666,134.20440178398295,1,1,0.010277777777777778,134.19166666666666,158.20194444444445
20545,134.2111111111111,134.22040430482838,1,1,0.0075,134.2111111111111,158.2186111111111
20546,134.23583333333335,134.5311503781268,1,2,0.4766666666666667,134.23583333333335,158.52388888888888
20547,134.24,134.29162885398486,1,1,0.041666666666666664,134.24,158.32722222222222
20548,134.2422222222222,134.27767403529182,1,1,0.02861111111111111,134.2422222222222,158.31416666666667
20549,134.31694444444443,134.35893591235214,1,1,0.03388888888888889,134.31694444444443,158.35083333333333
20550,134.3527777777778,134.39580182276515,1,1,0.034722222222222224,134.3527777777778,158.3875
20551,134.355,134.40008919914678,1,8,0.2911111111111111,134.355,158.40722222222223
20553,134.39083333333335,134.42559676168315,1,1,0.028055555555555556,134.39083333333335,158.4188888888889
20554,134.40722222222223,134.44990207484972,1,8,0.27555555555555555,134.40722222222223,158.44166666666666
20555,134.42083333333332,134.45800610820243,1,1,0.03,134.42083333333332,158.45083333333332
20556,134.44166666666666,137.64162303664924,1,8,20.66,134.44166666666666,161.02416666666667
20557,134.45277777777778,134.48926216792708,1,1,0.029444444444444443,134.45277777777778,158.48222222222222
20559,134.4777777777778,153.746010277293,1,1,15.550277777777778,134.4777777777778,174.02805555555557
20560,134.48777777777778,134.5297692456855,1,1,0.03388888888888889,134.48777777777778,158.52166666666668
20561,134.5338888888889,134.57347101027727,1,1,0.03194444444444444,134.5338888888889,158.56583333333333
20562,134.56944444444446,134.60627302695366,1,1,0.029722222222222223,134.56944444444446,158.59916666666666
20563,134.58083333333335,136.88141506689936,1,1,1.8566666666666667,134.58083333333335,160.4375
20564,134.58138888888888,134.87705012604226,1,2,0.4772222222222222,134.58138888888888,158.82
20565,134.5836111111111,134.64109123521428,1,1,0.04638888888888889,134.5836111111111,158.63
20566,134.6627777777778,134.7250765949195,1,1,0.050277777777777775,134.6627777777778,158.71305555555554
20567,134.6975,134.74293339150668,1,1,0.03666666666666667,134.6975,158.73416666666665
20568,134.71722222222223,134.75405080473143,1,1,0.029722222222222223,134.71722222222223,158.74694444444444
20572,134.86055555555555,141.2828407989141,1,1,5.183055555555556,134.86055555555555,164.04361111111112
20573,134.86694444444444,136.01723531122747,1,1,0.9283333333333333,134.86694444444444,159.79527777777778
20574,134.88611111111112,134.93223288733762,1,1,0.03722222222222222,134.88611111111112,158.92333333333335
20575,134.89,134.95367558658137,1,1,0.05138888888888889,134.89,158.9413888888889
20576,134.90166666666667,141.34804537521813,1,1,5.2025,134.90166666666667,164.10416666666666
20577,134.94555555555556,141.32860286988557,1,1,5.151388888888889,134.94555555555556,164.09694444444443
20579,135.07,135.1119914679077,1,1,0.03388888888888889,135.07,159.1038888888889
20580,135.105,135.17900135737833,1,1,0.059722222222222225,135.105,159.16472222222222
20581,135.10916666666665,135.14427428737636,1,1,0.028333333333333332,135.10916666666665,159.15694444444443
20582,135.11305555555555,135.12510228815202,1,1,0.009722222222222222,135.11305555555555,159.17444444444445
20583,135.1161111111111,135.13297653674618,1,1,0.01361111111111111,135.1161111111111,159.12972222222223
20586,135.17138888888888,135.18309142912548,1,1,0.009444444444444445,135.17138888888888,159.1838888888889
20587,135.18305555555557,136.16710151250726,1,2,1.5883333333333334,135.18305555555557,159.97722222222222
20588,135.19305555555556,135.23435863874346,1,1,0.03333333333333333,135.19305555555556,159.2263888888889
20592,135.24,136.16174713980996,1,2,1.4877777777777779,135.24,159.98388888888888
20594,135.25611111111112,135.2643717277487,1,1,0.006666666666666667,135.25611111111112,159.26277777777779
20595,135.2711111111111,163.60984487104906,1,1,22.870555555555555,135.2711111111111,182.14166666666668
20596,135.2747222222222,135.3748821989529,1,16,1.2933333333333332,135.2747222222222,159.35555555555555
20597,135.28805555555556,135.29734874927283,1,1,0.0075,135.28805555555556,159.29555555555555
20598,135.29916666666668,135.31155759162303,1,1,0.01,135.29916666666668,159.30916666666667
20599,135.31416666666667,135.32759016870273,1,1,0.010833333333333334,135.31416666666667,159.325
20600,135.32777777777778,152.27167927089394,1,1,13.674444444444445,135.32777777777778,173.00222222222223
20604,135.35444444444445,160.07537230948225,1,1,19.950833333333332,135.35444444444445,179.30527777777777
20605,135.36583333333334,168.09233129726584,1,1,26.411666666666665,135.36583333333334,185.7775
20606,135.36638888888888,135.37843562148535,1,1,0.009722222222222222,135.36638888888888,159.3761111111111
20607,135.38333333333333,135.39675683536942,1,1,0.010833333333333334,135.38333333333333,159.39416666666668
20608,135.38611111111112,174.6047653674617,1,1,31.65111111111111,135.38611111111112,191.03722222222223
20610,135.4597222222222,135.47176895481869,1,1,0.009722222222222222,135.4597222222222,159.46944444444443
20612,135.49388888888888,135.51591719992243,1,16,0.28444444444444444,135.49388888888888,159.51166666666666
20615,135.52972222222223,135.62712866007368,1,16,1.2577777777777779,135.52972222222223,159.60833333333332
20616,135.5547222222222,163.65871679270896,1,1,22.68111111111111,135.5547222222222,182.23583333333335
20617,135.5888888888889,135.6267500484778,1,1,0.030555555555555555,135.5888888888889,159.61944444444444
20619,135.67472222222221,135.6902108784177,1,1,0.0125,135.67472222222221,159.68722222222223
20620,135.7097222222222,135.8057518906341,1,16,1.24,135.7097222222222,159.78722222222223
20621,135.72194444444443,135.7350237541206,1,1,0.010555555555555556,135.72194444444443,159.7325
20622,135.75166666666667,135.76440178398295,1,1,0.010277777777777778,135.75166666666667,159.76194444444445
20623,135.76083333333332,135.79938287764205,1,1,0.03111111111111111,135.76083333333332,159.79194444444445
20624,135.78027777777777,135.79094774093466,1,1,0.008611111111111111,135.78027777777777,159.7888888888889
20625,135.82638888888889,135.83568208260616,1,1,0.0075,135.82638888888889,159.83388888888888
20627,135.8436111111111,167.3915944347489,1,1,25.460555555555555,135.8436111111111,185.30416666666667
20628,135.85111111111112,135.86178107426798,1,1,0.008611111111111111,135.85111111111112,159.85972222222222
20629,135.86527777777778,135.88179901105292,1,8,0.10666666666666667,135.86527777777778,159.8786111111111
20630,135.87083333333334,135.8815032964902,1,1,0.008611111111111111,135.87083333333334,159.87944444444443
20631,135.87444444444444,135.88339344580183,1,1,0.007222222222222222,135.87444444444444,159.88166666666666
20632,135.88833333333332,162.62691681210006,1,1,21.579166666666666,135.88833333333332,181.4675
20633,135.88916666666665,135.90499951522202,1,8,0.10222222222222223,135.88916666666665,159.90194444444444
20634,135.89194444444445,135.90192602288153,1,1,0.008055555555555555,135.89194444444445,159.9
20635,135.9011111111111,135.91040430482838,1,1,0.0075,135.9011111111111,159.9086111111111
20636,135.90777777777777,159.4123298429319,1,1,18.969166666666666,135.90777777777777,178.87694444444443
20637,135.915,142.58510374248593,1,8,43.06444444444445,135.915,165.29805555555555
20638,135.9225,170.28115813457438,1,1,27.72888888888889,135.9225,187.6513888888889
20639,135.92527777777778,135.93560354857473,1,1,0.008333333333333333,135.92527777777778,159.9336111111111
20640,135.92527777777778,135.93594774093467,1,1,0.008611111111111111,135.92527777777778,159.9338888888889
20641,135.93555555555557,162.71337696335078,1,1,21.610833333333332,135.93555555555557,181.54638888888888
20642,135.94166666666666,135.95371339926314,1,1,0.009722222222222222,135.94166666666666,159.95138888888889
20643,135.94583333333333,135.96097779716888,1,1,0.012222222222222223,135.94583333333333,159.95805555555555
20645,135.9638888888889,151.8845064960248,1,1,12.848611111111111,135.9638888888889,172.8125
20646,135.97,135.98376769439597,1,1,0.011111111111111112,135.97,159.98111111111112
20648,135.9802777777778,135.999896742292,1,16,0.25333333333333335,135.9802777777778,159.9961111111111
20649,135.9925,136.0014490013574,1,1,0.007222222222222222,135.9925,159.99972222222223
20652,136.01916666666668,136.03431113050223,1,1,0.012222222222222223,136.01916666666668,160.0313888888889
20657,136.05555555555554,136.06553713399262,1,1,0.008055555555555555,136.05555555555554,160.0636111111111
20659,136.06222222222223,145.2346044211751,1,16,118.44,136.06222222222223,168.3238888888889
20660,136.06416666666667,136.16019633507855,1,16,1.24,136.06416666666667,160.14166666666668
20663,136.0911111111111,136.10487880550707,1,1,0.011111111111111112,136.0911111111111,160.10222222222222
20664,136.10194444444446,143.88929658716307,1,16,100.55555555555556,136.10194444444446,166.38666666666666
20665,136.10972222222222,136.17477457824316,1,1,0.0525,136.10972222222222,160.16222222222223
20667,136.12305555555557,136.13406971107233,1,1,0.008888888888888889,136.12305555555557,160.13194444444446
20669,136.15277777777777,136.16379193329453,1,1,0.008888888888888889,136.15277777777777,160.16166666666666
20671,136.1611111111111,148.36513961605587,1,8,78.79333333333334,136.1611111111111,170.0102777777778
20673,136.19083333333333,136.34812924180727,1,16,2.031111111111111,136.19083333333333,160.3177777777778
20674,136.19333333333333,148.82003005623426,1,8,81.52222222222223,136.19333333333333,170.38361111111112
20677,136.19833333333332,136.20934748885009,1,1,0.008888888888888889,136.19833333333332,160.2072222222222
20692,136.29972222222221,136.30901541593948,1,1,0.0075,136.29972222222221,160.3072222222222
20696,136.3163888888889,136.32843562148537,1,1,0.009722222222222222,136.3163888888889,160.32611111111112
20698,136.33277777777778,136.3530851270118,1,1,0.01638888888888889,136.33277777777778,160.34916666666666
20705,136.38722222222222,136.40752957145625,1,1,0.01638888888888889,136.38722222222222,160.4036111111111
20708,136.4075,136.46945462478186,1,1,0.05,136.4075,160.4575
20709,136.4127777777778,138.19018712429707,1,8,11.475555555555555,136.4127777777778,161.84722222222223
20710,136.42472222222221,136.5634317432616,1,1,0.11194444444444444,136.42472222222221,160.53666666666666
20712,136.43472222222223,136.4502108784177,1,1,0.0125,136.43472222222223,160.44722222222222
20714,136.4572222222222,136.471678301338,1,1,0.011666666666666667,136.4572222222222,160.4688888888889
20717,136.485,136.49980027147566,1,1,0.011944444444444445,136.485,160.49694444444444
20721,136.54805555555555,136.6003727942602,1,1,0.042222222222222223,136.54805555555555,160.59027777777777
20725,136.58944444444444,136.6476129532674,1,1,0.04694444444444444,136.58944444444444,160.6363888888889
20726,136.6,136.61342350203608,1,1,0.010833333333333334,136.6,160.61083333333335
20727,136.62583333333333,138.51992388985843,1,8,12.22888888888889,136.62583333333333,162.1663888888889
20728,136.6352777777778,136.65007804925344,1,1,0.011944444444444445,136.6352777777778,160.6472222222222
20730,136.65277777777777,136.74639809967033,1,16,1.208888888888889,136.65277777777777,163.81444444444443
20731,136.66805555555555,136.6859535582703,1,1,0.014444444444444444,136.66805555555555,160.6825
20732,136.67388888888888,136.73136901299205,1,1,0.04638888888888889,136.67388888888888,160.72027777777777
20734,136.6863888888889,136.70118916036455,1,1,0.011944444444444445,136.6863888888889,160.69833333333332
20735,136.6952777777778,136.72005962769052,1,1,0.02,136.6952777777778,160.71527777777777
20737,136.7136111111111,136.98517888307154,1,2,0.43833333333333335,136.7136111111111,160.93277777777777
20738,136.73527777777778,136.75351997285244,1,1,0.014722222222222222,136.73527777777778,160.75
20739,136.74444444444444,136.7602772929998,1,1,0.012777777777777779,136.74444444444444,160.75722222222223
20741,136.76083333333332,136.79662933876284,1,1,0.028888888888888888,136.76083333333332,160.78972222222222
20742,136.77138888888888,136.79823589296103,1,1,0.021666666666666667,136.77138888888888,160.79305555555555
20744,136.81,136.83719119643203,1,1,0.021944444444444444,136.81,160.83194444444445
20745,136.81166666666667,136.82199243746362,1,1,0.008333333333333333,136.81166666666667,160.82
20748,136.8525,136.90825916230366,1,1,0.045,136.8525,160.8975
20750,136.88,138.74345743649408,1,8,12.03111111111111,136.88,162.39416666666668
20753,136.94611111111112,137.6169420205546,1,1,0.5413888888888889,136.94611111111112,161.4875
20754,136.94611111111112,137.6169420205546,1,1,0.5413888888888889,136.94611111111112,161.4875
20755,136.94611111111112,137.619007174714,1,1,0.5430555555555555,136.94611111111112,161.48916666666668
20756,136.94611111111112,137.61763040527438,1,1,0.5419444444444445,136.94611111111112,161.48805555555555
20757,136.94611111111112,137.61763040527438,1,1,0.5419444444444445,136.94611111111112,161.48805555555555
20758,136.94611111111112,137.6169420205546,1,1,0.5413888888888889,136.94611111111112,161.4875
20759,136.94611111111112,137.6169420205546,1,1,0.5413888888888889,136.94611111111112,161.4875
20760,136.94611111111112,137.1058163661043,1,1,0.1288888888888889,136.94611111111112,161.075
20763,136.95527777777778,137.036507174714,1,1,0.06555555555555556,136.95527777777778,161.02083333333334
20767,137.02444444444444,137.05163564087647,1,4,0.08777777777777777,137.02444444444444,161.04638888888888
20768,137.04722222222222,137.08990207484973,1,8,0.27555555555555555,137.04722222222222,161.08166666666668
20772,137.075,137.2415891021912,1,1,0.13444444444444445,137.075,161.20944444444444
20773,137.08166666666668,137.12228136513477,1,8,0.26222222222222225,137.08166666666668,161.11444444444444
20776,137.11444444444444,137.1454217568354,1,4,0.1,137.11444444444444,161.13944444444445
20777,137.14027777777778,137.180548283886,1,8,0.26,137.14027777777778,161.17277777777778
20778,137.1472222222222,137.21709327128175,1,1,0.05638888888888889,137.1472222222222,161.20361111111112
20780,137.17277777777778,137.21580182276517,1,8,0.2777777777777778,137.17277777777778,161.2075
20781,137.20333333333335,144.28027244522008,1,24,137.07333333333332,137.20333333333335,166.91472222222222
20782,137.2075,137.59161867364747,1,8,2.48,137.2075,161.5175
20784,137.20944444444444,137.38463835563311,1,1,0.1413888888888889,137.20944444444444,161.35083333333333
20786,137.23111111111112,137.33540139616053,1,1,0.08416666666666667,137.23111111111112,161.31527777777777
20787,137.2588888888889,137.3700630211363,1,8,0.7177777777777777,137.2588888888889,161.3486111111111
20789,137.35111111111112,137.518732790382,1,1,0.13527777777777777,137.35111111111112,161.48638888888888
20796,137.48638888888888,137.646438336242,1,1,0.12916666666666668,137.48638888888888,161.61555555555555
20797,137.4875,137.86886513476827,1,1,0.30777777777777776,137.4875,161.79527777777778
20798,137.4875,137.86886513476827,1,1,0.30777777777777776,137.4875,161.79527777777778
20799,137.4875,137.86886513476827,1,1,0.30777777777777776,137.4875,161.79527777777778
20800,137.4875,137.86886513476827,1,1,0.30777777777777776,137.4875,161.79527777777778
20802,137.5175,137.62729736280784,1,8,0.7088888888888889,137.5175,161.60611111111112
20805,137.60611111111112,137.62435330618578,1,8,0.11777777777777777,137.60611111111112,161.62083333333334
20806,137.61555555555555,137.6399932131084,1,8,0.15777777777777777,137.61555555555555,161.6352777777778
20807,137.62166666666667,138.3461915842544,1,8,4.677777777777778,137.62166666666667,162.20638888888888
20809,137.7186111111111,137.8056917781656,1,1,0.07027777777777777,137.7186111111111,161.7888888888889
20810,137.7386111111111,137.80710539073104,1,1,0.05527777777777778,137.7386111111111,161.7938888888889
20820,137.94805555555556,138.0392665309288,1,1,0.07361111111111111,137.94805555555556,162.0522222222222
20824,138.05694444444444,138.14333672677913,1,1,0.06972222222222223,138.05694444444444,162.12666666666667
20825,138.1275,138.20941778165601,1,1,0.0661111111111111,138.1275,162.19361111111112
20831,138.19583333333333,138.28188142330814,1,1,0.06944444444444445,138.19583333333333,162.26527777777778
20833,138.20638888888888,138.26765512895093,1,8,0.39555555555555555,138.20638888888888,162.25583333333333
20834,138.20944444444444,142.30843125848364,1,16,52.92888888888889,138.20944444444444,171.63194444444446
20835,138.22722222222222,140.59870758192747,1,8,15.311111111111112,138.22722222222222,164.14111111111112
20837,138.25666666666666,138.49897808803567,1,8,1.5644444444444445,138.25666666666666,162.45222222222222
20845,138.39833333333334,138.4534041109172,1,1,0.044444444444444446,138.39833333333334,162.4427777777778
20850,138.48416666666665,138.61633653286796,1,1,0.10666666666666667,138.48416666666665,162.59083333333334
20851,138.49055555555555,138.56593368237347,1,1,0.060833333333333336,138.49055555555555,162.55138888888888
20853,138.51055555555556,140.88789218537906,1,8,15.348888888888888,138.51055555555556,164.4361111111111
20854,138.5225,141.43333478766726,1,8,18.793333333333333,138.5225,164.9325
20855,138.60111111111112,139.08091526081057,1,1,0.38722222222222225,138.60111111111112,162.98833333333334
20856,138.6172222222222,138.88500387822376,1,2,0.43222222222222223,138.6172222222222,162.90027777777777
20857,138.63111111111112,138.7629367849525,1,1,0.1063888888888889,138.63111111111112,162.79055555555556
20858,138.90277777777777,139.03288248981968,1,1,0.105,138.90277777777777,163.0077777777778
20860,139.03083333333333,139.93984535582703,1,8,5.868888888888889,139.03083333333333,163.76444444444445
20861,139.0675,139.08574219507466,1,1,0.014722222222222222,139.0675,163.0822222222222
20862,139.11388888888888,139.16242001163468,1,1,0.03916666666666667,139.11388888888888,163.15305555555557
20864,139.1172222222222,139.16403238316852,1,1,0.03777777777777778,139.1172222222222,163.155
20866,139.16555555555556,139.20651444638358,1,1,0.03305555555555555,139.16555555555556,163.19861111111112
20869,139.18972222222223,139.1921315687415,1,1,0.0019444444444444444,139.18972222222223,163.19166666666666
20870,139.19722222222222,141.1074898196626,1,1,1.5416666666666667,139.19722222222222,164.73888888888888
20871,139.21583333333334,139.21721010277292,1,1,0.0011111111111111111,139.21583333333334,163.21694444444444
20873,139.22083333333333,141.1799762458794,1,1,1.5811111111111111,139.22083333333333,164.80194444444444
20874,139.23944444444444,141.1958338181113,1,1,1.5788888888888888,139.23944444444444,164.81833333333333
20875,139.24777777777777,141.15838956757804,1,1,1.5419444444444443,139.24777777777777,164.78972222222222
20876,139.26638888888888,141.15393979057592,1,1,1.5233333333333334,139.26638888888888,164.78972222222222
20877,139.28444444444443,141.18507465580763,1,1,1.5338888888888889,139.28444444444443,164.81833333333333
20883,139.85083333333333,139.89764349427963,1,1,0.03777777777777778,139.85083333333333,163.88861111111112
20888,140.04833333333335,140.09376672484004,1,1,0.03666666666666667,140.04833333333335,164.085
20891,140.1486111111111,140.14895530347098,1,8,0.0022222222222222222,140.1486111111111,164.14888888888888
20893,140.17277777777778,140.22165309288343,1,1,0.03944444444444444,140.17277777777778,164.2122222222222
20894,140.23916666666668,140.28356748109366,1,1,0.035833333333333335,140.23916666666668,164.275
20896,140.32472222222222,140.3746301144076,1,1,0.04027777777777778,140.32472222222222,164.365
20898,140.3925,140.4348356602676,1,1,0.034166666666666665,140.3925,164.42666666666668
20903,140.47833333333332,140.52514349427963,1,1,0.03777777777777778,140.47833333333332,164.51611111111112
20906,140.545,152.91389664533645,1,8,79.85777777777778,140.545,174.52722222222224
20907,140.55777777777777,140.57911770409152,1,1,0.017222222222222222,140.55777777777777,164.575
20908,140.55833333333334,140.5999806088811,1,1,0.03361111111111111,140.55833333333334,164.59194444444444
20909,140.56416666666667,155.1579227263913,1,8,94.22222222222223,140.56416666666667,176.34194444444444
20910,140.57972222222222,140.64477457824316,1,1,0.0525,140.57972222222222,164.63222222222223
20911,140.63,140.70606651153773,1,1,0.06138888888888889,140.63,164.6913888888889
20912,140.69583333333333,140.7970258871437,1,8,0.6533333333333333,140.69583333333333,164.7775
20914,140.7511111111111,155.21372988171416,1,8,93.37555555555555,140.7511111111111,176.42305555555555
20915,140.79944444444445,153.39206612371532,1,8,81.30222222222223,140.79944444444445,174.9622222222222
20916,140.82694444444445,140.93846276905174,1,8,0.72,140.82694444444445,174.6172222222222
20918,140.84916666666666,144.90581782043824,1,8,26.191111111111113,140.84916666666666,168.12305555555557
20922,140.9425,155.6391695753345,1,8,94.88666666666667,140.9425,176.80333333333334
20925,140.98166666666665,155.34722319177817,1,8,92.74888888888889,140.98166666666665,176.57527777777779
20926,140.99194444444444,153.45274044987397,1,8,80.45111111111112,140.99194444444444,175.04833333333335
20927,140.99694444444444,141.08781122745785,1,1,0.07333333333333333,140.99694444444444,165.0702777777778
20933,141.12194444444444,141.19732257126236,1,1,0.060833333333333336,141.12194444444444,165.18472222222223
20934,141.1688888888889,142.12952976536747,1,1,0.7752777777777777,141.1688888888889,165.94416666666666
20936,141.29472222222222,141.36906777196043,1,1,0.06,141.29472222222222,165.35472222222222
20937,141.29527777777778,142.07728281946868,1,8,5.0488888888888885,141.29527777777778,165.92638888888888
20938,141.40944444444443,141.48585514834204,1,1,0.06166666666666667,141.40944444444443,165.4711111111111
20939,141.44333333333333,143.38974112856312,1,1,1.5708333333333333,141.44333333333333,167.01416666666665
20940,141.46333333333334,143.42454140003878,1,1,1.5827777777777778,141.46333333333334,167.04611111111112
20941,141.5225,141.59787812681793,1,1,0.060833333333333336,141.5225,165.58333333333334
20942,141.65222222222224,141.73069808027924,1,1,0.06333333333333334,141.65222222222224,165.71555555555557
20952,141.74916666666667,150.79626284661623,1,8,58.41111111111111,141.74916666666667,173.05055555555555
20953,141.79111111111112,161.19254605390734,1,8,125.26222222222222,141.79111111111112,190.275
20955,141.82833333333335,141.8809947643979,1,1,0.0425,141.82833333333335,165.87083333333334
20956,141.8538888888889,155.7193339150669,1,8,89.52,141.8538888888889,187.53194444444443
20957,141.8725,141.94374781849913,1,1,0.0575,141.8725,165.93
20958,141.87333333333333,156.5393697886368,1,8,94.68888888888888,141.87333333333333,188.25916666666666
20962,141.9488888888889,142.0232344386271,1,1,0.06,141.9488888888889,166.0088888888889
20966,141.95777777777778,142.75114116734537,1,8,5.122222222222222,141.95777777777778,166.59805555555556
20970,142.0311111111111,142.10201473725036,1,1,0.05722222222222222,142.0311111111111,166.08833333333334
20971,142.10444444444445,142.17844580182276,1,1,0.059722222222222225,142.10444444444445,166.16416666666666
20972,142.12527777777777,144.90704043048282,1,8,17.96,142.12527777777777,168.37027777777777
20978,142.26361111111112,142.31627254217568,1,1,0.0425,142.26361111111112,166.3061111111111
20980,142.3336111111111,142.4162172774869,1,1,0.06666666666666667,142.3336111111111,166.40027777777777
20981,142.34416666666667,142.4095632150475,1,1,0.05277777777777778,142.34416666666667,166.39694444444444
20982,142.34694444444443,142.36208890828,1,1,0.012222222222222223,142.34694444444443,166.35916666666665
20984,142.41,142.42204673259647,1,1,0.009722222222222222,142.41,166.41972222222222
20988,142.46777777777777,142.48464320341284,1,8,0.10888888888888888,142.46777777777777,166.48444444444445
20990,142.47472222222223,142.54011877060307,1,1,0.05277777777777778,142.47472222222223,166.5275
20992,142.48444444444445,142.5009656777196,1,8,0.10666666666666667,142.48444444444445,166.49777777777777
20994,142.5275,142.62249709133215,1,1,0.07666666666666666,142.5275,166.60416666666666
20995,142.59027777777777,142.65119982547995,1,1,0.049166666666666664,142.59027777777777,166.63944444444445
20997,142.66944444444445,142.78887919332948,1,1,0.09638888888888889,142.66944444444445,166.76583333333335
20999,142.7763888888889,142.89582363777387,1,1,0.09638888888888889,142.7763888888889,166.87277777777777
21000,142.78055555555557,166.61484390149315,1,1,19.235277777777778,142.78055555555557,186.01583333333335
21001,142.82722222222222,142.8275664145821,1,8,0.0022222222222222222,142.82722222222222,166.8275
21002,142.82888888888888,157.33762943571844,1,8,93.67333333333333,142.82888888888888,178.53805555555556
21005,142.86583333333334,142.94671853790962,1,1,0.06527777777777778,142.86583333333334,166.9311111111111
21006,142.8925,143.0136557106845,1,1,0.09777777777777778,142.8925,166.99027777777778
21008,142.92361111111111,170.15163612565445,1,1,21.974166666666665,142.92361111111111,188.89777777777778
21013,143.01305555555555,143.1190668024045,1,1,0.08555555555555555,143.01305555555555,167.0986111111111
21017,143.08833333333334,143.25044793484585,1,1,0.13083333333333333,143.08833333333334,167.21916666666667
21021,143.10666666666665,143.15967229009112,1,8,0.3422222222222222,143.10666666666665,167.15
21022,143.11166666666668,173.19752084545277,1,1,24.280555555555555,143.11166666666668,191.39222222222222
21024,143.15027777777777,143.19846470816367,1,8,0.3111111111111111,143.15027777777777,167.18916666666667
21025,143.15194444444444,148.92577128175296,1,2,9.319444444444445,143.15194444444444,171.81166666666667
21028,143.285,171.71115861935235,1,1,22.941111111111113,143.285,190.22611111111112
21031,143.29527777777778,143.42916860577856,1,1,0.10805555555555556,143.29527777777778,167.40333333333334
21033,143.3161111111111,143.360856117898,1,1,0.03611111111111111,143.3161111111111,167.35222222222222
21034,143.32333333333332,166.334657746752,1,1,18.57111111111111,143.32333333333332,185.89444444444445
21035,143.34527777777777,157.22586726779136,1,32,358.4711111111111,143.34527777777777,178.5475
21037,143.42111111111112,167.88286212914485,1,1,19.741666666666667,143.42111111111112,187.1627777777778
21038,143.42888888888888,143.5531423308125,1,1,0.10027777777777777,143.42888888888888,167.52916666666667
21039,143.435,173.7638539848749,1,1,24.476666666666667,143.435,191.91166666666666
21042,143.48194444444445,169.80508774481285,1,1,21.24388888888889,143.48194444444445,188.72583333333333
21045,143.55972222222223,143.6860408183052,1,1,0.10194444444444445,143.55972222222223,167.66166666666666
21046,143.58138888888888,172.26775693232497,1,1,23.15111111111111,143.58138888888888,190.7325
21049,143.73833333333334,143.89872697304634,1,1,0.12944444444444445,143.73833333333334,167.86777777777777
21053,144.08638888888888,144.10772881520265,1,8,0.13777777777777778,144.08638888888888,168.10361111111112
21054,144.20777777777778,144.22705254993213,1,8,0.12444444444444444,144.20777777777778,168.22333333333333
21055,144.2097222222222,144.22693184021716,1,1,0.013888888888888888,144.2097222222222,168.2236111111111
21056,144.24333333333334,144.26914776032575,1,8,0.16666666666666666,144.24333333333334,168.26416666666665
21057,144.26277777777779,144.30855536164435,1,1,0.036944444444444446,144.26277777777779,168.29972222222221
21060,144.35805555555555,151.70862759356217,1,8,47.45777777777778,144.35805555555555,174.2902777777778
21064,144.4297222222222,147.38667878611594,1,1,2.386388888888889,144.4297222222222,170.8161111111111
21065,144.43055555555554,147.38647954236959,1,1,2.3855555555555554,144.43055555555554,170.8161111111111
21066,144.43138888888888,147.3862802986232,1,1,2.3847222222222224,144.43138888888888,170.8161111111111
21068,144.57166666666666,146.5074044987396,1,8,12.497777777777777,144.57166666666666,170.1338888888889
21069,144.5886111111111,155.72357814620904,1,8,71.89111111111112,144.5886111111111,178.99666666666667
21070,144.58972222222224,144.6747377351173,1,1,0.06861111111111111,144.58972222222224,168.65833333333333
21072,144.77944444444444,146.6928097731239,1,8,12.353333333333333,144.77944444444444,170.32361111111112
21073,144.82305555555556,147.13533982935814,1,8,14.928888888888888,144.82305555555556,172.0
21074,144.83277777777778,146.29284176847003,1,1,1.1783333333333332,144.83277777777778,171.50194444444443
21075,144.84,146.26908667830133,1,1,1.1533333333333333,144.84,171.47694444444446
21076,144.85611111111112,147.61894318402173,1,1,2.229722222222222,144.85611111111112,172.55333333333334
21078,145.05,147.45556040333528,1,8,15.53111111111111,145.05,173.9413888888889
21079,145.06083333333333,150.2326677331782,1,1,4.1738888888888885,145.06083333333333,174.4986111111111
21080,145.21333333333334,145.23501745200696,1,16,0.28,145.21333333333334,169.23083333333332
21081,145.24138888888888,145.28269197207678,1,16,0.5333333333333333,145.24138888888888,169.2747222222222
21082,147.81166666666667,148.03022881520263,1,2,0.3527777777777778,147.81166666666667,171.98805555555555
21092,151.5925,163.09196674423112,1,8,74.24444444444444,151.5925,184.9361111111111
21093,152.01611111111112,162.20730269536554,1,8,65.79777777777778,152.01611111111112,185.31583333333333
21098,152.74333333333334,152.7970273414776,1,8,0.3466666666666667,152.74333333333334,176.78972222222222
21100,152.79,152.83784273802598,1,8,0.3088888888888889,152.79,176.82861111111112
21104,153.70333333333335,154.48878029862325,1,24,15.213333333333333,153.70333333333335,178.3386111111111
21107,154.3386111111111,154.36442553810355,1,4,0.08333333333333333,154.3386111111111,178.35944444444445
21110,154.36416666666668,154.41441875121197,1,8,0.3244444444444444,154.36416666666668,178.4075
21112,154.40777777777777,154.46043920884236,1,8,0.34,154.40777777777777,178.45027777777779
21113,154.45055555555555,154.48428640682567,1,4,0.10888888888888888,154.45055555555555,178.4777777777778
21114,154.48166666666665,154.53191875121195,1,8,0.3244444444444444,154.48166666666665,178.5222222222222
21116,154.5225,154.54934700407213,1,8,0.17333333333333334,154.5225,178.54416666666665
21117,154.54444444444445,154.67179561760713,1,24,2.466666666666667,154.54444444444445,178.64805555555554
21119,154.64805555555554,154.7137962962963,1,24,1.2733333333333334,154.64805555555554,178.70111111111112
21120,154.70111111111112,154.7200416909056,1,8,0.12222222222222222,154.70111111111112,178.7163888888889
21123,154.72194444444443,154.93327855342253,1,24,4.093333333333334,154.72194444444443,178.89444444444445
21125,154.89444444444445,154.9550222997867,1,8,0.39111111111111113,154.89444444444445,178.94333333333333
21127,154.9477777777778,155.1852705061082,1,8,1.5333333333333334,154.9477777777778,179.13944444444445
21130,155.12027777777777,155.1206219701377,1,8,0.0022222222222222222,155.12027777777777,179.12055555555557
21131,155.12277777777777,155.79911576497966,1,8,4.366666666666666,155.12277777777777,179.66861111111112
21134,155.1436111111111,155.1938631956564,1,8,0.3244444444444444,155.1436111111111,179.18722222222223
21136,155.1875,155.23603112274577,1,8,0.31333333333333335,155.1875,179.22666666666666
21137,155.20583333333335,155.8026628853985,1,1,0.4816666666666667,155.20583333333335,179.6875
21138,155.20583333333335,155.8026628853985,1,1,0.4816666666666667,155.20583333333335,179.6875
21139,155.20583333333335,155.81057930967617,1,1,0.4880555555555556,155.20583333333335,179.6938888888889
21140,155.20583333333335,155.59270554585999,1,1,0.31222222222222223,155.20583333333335,179.51805555555555
21141,155.20583333333335,155.82469119643204,1,1,0.49944444444444447,155.20583333333335,179.70527777777778
21142,155.20583333333335,155.99196868334303,1,1,0.6344444444444445,155.20583333333335,179.84027777777777
21143,155.20583333333335,155.98680579794453,1,1,0.6302777777777778,155.20583333333335,179.8361111111111
21144,155.20583333333335,155.98680579794453,1,1,0.6302777777777778,155.20583333333335,179.8361111111111
21145,155.2075,155.88280541012216,1,1,0.545,155.2075,179.7525
21146,155.2075,155.88280541012216,1,1,0.545,155.2075,179.7525
21147,155.2075,155.88280541012216,1,1,0.545,155.2075,179.7525
21148,155.2075,155.88280541012216,1,1,0.545,155.2075,179.7525
21149,155.2075,155.88280541012216,1,1,0.545,155.2075,179.7525
21150,155.2075,155.48216550319955,1,1,0.22166666666666668,155.2075,179.42916666666667
21151,155.2075,155.48216550319955,1,1,0.22166666666666668,155.2075,179.42916666666667
21152,155.2075,155.48216550319955,1,1,0.22166666666666668,155.2075,179.42916666666667
21153,155.22666666666666,155.293784176847,1,24,1.3,155.22666666666666,179.28333333333333
21155,155.28333333333333,155.29297071941053,1,4,0.03111111111111111,155.28333333333333,179.29111111111112
21158,155.29472222222222,155.3453184991274,1,8,0.32666666666666666,155.29472222222222,179.33805555555554
21160,155.33805555555554,155.3951914872988,1,8,0.3688888888888889,155.33805555555554,179.38416666666666
21161,155.38416666666666,155.50188045375216,1,24,2.28,155.38416666666666,179.4802777777778
21163,155.42916666666667,155.67526420399454,1,1,0.1986111111111111,155.42916666666667,179.62777777777777
21164,155.42916666666667,155.62191438821017,1,1,0.15555555555555556,155.42916666666667,179.5847222222222
21165,155.42916666666667,155.62191438821017,1,1,0.15555555555555556,155.42916666666667,179.5847222222222
21168,155.4802777777778,155.49094774093464,1,4,0.034444444444444444,155.4802777777778,179.48888888888888
21171,155.4925,155.54240789218537,1,8,0.32222222222222224,155.4925,179.53277777777777
21175,155.51833333333335,155.8990100833818,1,1,0.30722222222222223,155.51833333333335,179.82555555555555
21177,155.53277777777777,155.5782111692845,1,8,0.29333333333333333,155.53277777777777,179.56944444444446
21179,155.56972222222223,155.6189417296878,1,24,0.9533333333333334,155.56972222222223,179.61194444444445
21180,155.57166666666666,170.19502326934264,1,8,94.41333333333333,155.57166666666666,191.37333333333333
21183,155.5847222222222,155.77540478960637,1,1,0.15388888888888888,155.5847222222222,179.7386111111111
21184,155.5847222222222,155.77540478960637,1,1,0.15388888888888888,155.5847222222222,179.7386111111111
21186,155.61222222222221,155.62185960829942,1,4,0.03111111111111111,155.61222222222221,179.62
21189,155.6238888888889,155.67138743455502,1,8,0.30666666666666664,155.6238888888889,179.66444444444446
21190,155.62777777777777,155.8704333915067,1,1,0.19583333333333333,155.62777777777777,179.82361111111112
21192,155.6525,155.66489092495635,1,8,0.08,155.6525,179.6625
21193,155.66472222222222,155.7139417296878,1,8,0.31777777777777777,155.66472222222222,179.70444444444445
21194,155.67916666666667,169.92873036649215,1,8,92.0,155.67916666666667,191.17916666666667
21195,155.68777777777777,156.28873763816173,1,1,0.485,155.68777777777777,180.17277777777778
21196,155.68777777777777,156.28150959860386,1,1,0.4791666666666667,155.68777777777777,180.16694444444445
21197,155.68916666666667,169.86507320147373,1,8,91.52444444444444,155.68916666666667,191.12972222222223
21198,155.6913888888889,156.54464174907892,1,1,0.6886111111111111,155.6913888888889,180.38
21199,155.6938888888889,156.29037424859413,1,1,0.48138888888888887,155.6938888888889,180.17527777777778
21201,155.70444444444445,155.73404498739575,1,4,0.09555555555555556,155.70444444444445,179.72833333333332
21202,155.70555555555555,156.3133992631375,1,1,0.4905555555555556,155.70555555555555,180.19611111111112
21203,155.73194444444445,155.77772202831102,1,8,0.29555555555555557,155.73194444444445,179.76888888888888
21205,155.7386111111111,155.95304295132829,1,1,0.17305555555555555,155.7386111111111,179.91166666666666
21206,155.7386111111111,155.95304295132829,1,1,0.17305555555555555,155.7386111111111,179.91166666666666
21208,155.76888888888888,155.81604324219506,1,8,0.30444444444444446,155.76888888888888,179.80694444444444
21209,155.80694444444444,155.83757756447548,1,4,0.09888888888888889,155.80694444444444,179.83166666666668
21210,155.82555555555555,156.15838956757804,1,1,0.26861111111111113,155.82555555555555,180.09416666666667
21211,155.835,155.8842195074656,1,8,0.31777777777777777,155.835,179.87472222222223
21213,155.8361111111111,156.44739674229203,1,1,0.49333333333333335,155.8361111111111,180.32944444444445
21214,155.8361111111111,156.1692893154935,1,1,0.2688888888888889,155.8361111111111,180.105
21215,155.87472222222223,155.9204998060888,1,8,0.29555555555555557,155.87472222222223,179.91166666666666
21217,155.91194444444446,155.94223337211557,1,4,0.09777777777777778,155.91194444444446,179.9363888888889
21218,155.94,155.98921950746558,1,8,0.31777777777777777,155.94,179.97972222222222
21220,155.98,156.0274985456661,1,8,0.30666666666666664,155.98,180.01833333333335
21221,156.01833333333335,156.05137579988363,1,4,0.10666666666666667,156.01833333333335,180.045
21223,156.04833333333335,156.09514349427965,1,8,0.3022222222222222,156.04833333333335,180.08916666666667
21225,156.08944444444444,156.1162914485166,1,8,0.17333333333333334,156.08944444444444,180.11111111111111
21228,156.11111111111111,156.14071165406241,1,4,0.09555555555555556,156.11111111111111,180.135
21230,156.1197222222222,156.13899699437658,1,1,0.015555555555555555,156.1197222222222,180.1352777777778
21231,156.1211111111111,156.138664921466,1,1,0.014166666666666666,156.1211111111111,180.1352777777778
21232,156.1225,156.13833284855536,1,1,0.012777777777777779,156.1225,180.1352777777778
21233,156.13555555555556,156.14243940275355,1,1,0.005555555555555556,156.13555555555556,184.94166666666666
21234,156.13861111111112,156.1898957727361,1,8,0.33111111111111113,156.13861111111112,180.18
21236,156.16194444444446,156.2569415357766,1,1,0.07666666666666666,156.16194444444446,180.2386111111111
21237,156.1625,156.25680870661236,1,1,0.07611111111111112,156.1625,180.2386111111111
21238,156.1627777777778,156.25674229203025,1,1,0.07583333333333334,156.1627777777778,180.2386111111111
21239,156.18,156.20719119643203,1,8,0.17555555555555555,156.18,180.20194444444445
21240,156.20222222222222,156.23801822765174,1,4,0.11555555555555555,156.20222222222222,180.23111111111112
21241,156.23555555555555,156.28546344774094,1,8,0.32222222222222224,156.23555555555555,180.27583333333334
21243,156.27583333333334,156.32023414776032,1,8,0.2866666666666667,156.27583333333334,180.31166666666667
21245,156.31166666666667,156.34470913321698,1,4,0.10666666666666667,156.31166666666667,180.33833333333334
21249,156.3436111111111,156.42724985456658,1,1,0.0675,156.3436111111111,180.4111111111111
21250,156.34416666666667,156.43813118091913,1,24,1.82,156.34416666666667,180.42222222222222
21251,156.34416666666667,156.42711702540234,1,1,0.06694444444444445,156.34416666666667,180.4111111111111
21252,156.34472222222223,156.4269841962381,1,1,0.06638888888888889,156.34472222222223,180.4111111111111
21254,156.42222222222222,156.43598991661818,1,8,0.08888888888888889,156.42222222222222,180.43333333333334
21258,156.43694444444444,156.53194153577658,1,24,1.84,156.43694444444444,180.51638888888888
21261,156.51666666666668,156.5469555943378,1,8,0.19555555555555557,156.51666666666668,180.54111111111112
21265,156.54527777777778,156.6082649796393,1,24,1.22,156.54527777777778,180.59833333333333
21267,156.57694444444445,164.20114940857087,1,4,24.612222222222222,156.57694444444445,191.1275
21268,156.59833333333333,156.60797071941053,1,8,0.06222222222222222,156.59833333333333,180.60611111111112
21270,156.60944444444445,156.67139906922628,1,8,0.4,156.60944444444445,180.65944444444443
21273,156.66333333333333,156.7252879581152,1,8,0.4,156.66333333333333,180.71333333333334
21276,156.69416666666666,159.25633459375607,1,1,2.0677777777777777,156.69416666666666,182.76194444444445
21277,156.70361111111112,159.26543484584062,1,1,2.0675,156.70361111111112,182.7711111111111
21279,156.71666666666667,156.7789654838084,1,8,0.4022222222222222,156.71666666666667,180.76694444444445
21282,156.77027777777778,156.83292078727942,1,8,0.40444444444444444,156.77027777777778,180.82083333333333
21284,156.82472222222222,156.88702103936396,1,8,0.4022222222222222,156.82472222222222,180.875
21287,156.8788888888889,156.9439412449098,1,8,0.42,156.8788888888889,180.93138888888888
21289,156.93527777777777,156.99826497963934,1,8,0.4066666666666667,156.93527777777777,180.98611111111111
21293,157.28555555555556,157.35542660461508,1,1,0.05638888888888889,157.28555555555556,181.34194444444444
21294,157.42027777777778,157.4918697886368,1,1,0.057777777777777775,157.42027777777778,181.47805555555556
21296,157.70555555555555,158.5935718440954,1,1,0.7166666666666667,157.70555555555555,182.42222222222222
21297,157.99194444444444,158.07214126430097,1,1,0.06472222222222222,157.99194444444444,185.00611111111112
21299,158.20111111111112,158.29541981772348,1,1,0.07611111111111112,158.20111111111112,182.27722222222224
21300,158.28527777777776,158.37855390731045,1,1,0.07527777777777778,158.28527777777776,182.36055555555555
21301,158.28833333333333,160.67152123327517,1,8,15.386666666666667,158.28833333333333,184.21166666666667
21302,158.29222222222222,161.3520923017258,1,1,2.4694444444444446,158.29222222222222,184.76166666666666
21303,158.4063888888889,160.77546490207484,1,8,15.295555555555556,158.4063888888889,184.31833333333333
21304,158.42111111111112,162.24612080667055,1,8,24.695555555555554,158.42111111111112,185.50805555555556
21305,158.43666666666667,162.9968712429707,1,1,3.680277777777778,158.43666666666667,186.11694444444444
21306,158.44833333333332,162.15494085708747,1,8,23.93111111111111,158.44833333333332,185.43972222222223
21307,158.4688888888889,161.45269245685475,1,1,2.4080555555555554,158.4688888888889,184.87694444444443
21308,158.48194444444445,162.8734947643979,1,1,3.5441666666666665,158.48194444444445,186.0261111111111
21309,158.67111111111112,159.5057775838666,1,1,0.6736111111111112,158.67111111111112,183.34472222222223
21310,158.79583333333332,159.64461169284468,1,8,5.48,158.79583333333332,183.48083333333332
21314,159.1027777777778,159.139606360287,1,1,0.029722222222222223,159.1027777777778,184.9711111111111
21323,159.72944444444445,160.7768217956176,1,8,6.762222222222222,159.72944444444445,184.57472222222222
21326,159.98694444444445,160.17280831879,1,1,0.15,159.98694444444445,185.0913888888889
21327,160.03083333333333,160.0838389567578,1,1,0.042777777777777776,160.03083333333333,184.07361111111112
21332,160.34916666666666,168.15372842738026,1,16,100.77777777777777,160.34916666666666,190.64777777777778
21334,160.5875,161.50855875509018,1,8,5.946666666666666,160.5875,185.33083333333335
21339,161.0036111111111,161.0476677331782,1,1,0.035555555555555556,161.0036111111111,185.03916666666666
21343,161.04472222222222,161.08189499709133,1,1,0.03,161.04472222222222,185.07472222222222
21344,161.09583333333333,161.13438287764203,1,1,0.03111111111111111,161.09583333333333,185.12694444444443
21345,161.11888888888888,162.01310063990695,1,1,0.7216666666666667,161.11888888888888,185.84055555555557
21347,161.14138888888888,161.18510131859608,1,1,0.035277777777777776,161.14138888888888,185.17666666666668
21349,161.18444444444444,161.2374500678689,1,1,0.042777777777777776,161.18444444444444,185.22722222222222
21353,161.22805555555556,161.36263476827614,1,1,0.10861111111111112,161.22805555555556,185.33666666666667
21354,161.23111111111112,161.2782654644173,1,1,0.03805555555555556,161.23111111111112,185.26916666666668
21356,161.25055555555556,161.5224675198759,1,1,0.21944444444444444,161.25055555555556,185.47
21358,161.28222222222223,161.3314417296878,1,1,0.03972222222222222,161.28222222222223,185.32194444444445
21359,161.33083333333335,161.383150572038,1,1,0.042222222222222223,161.33083333333335,185.37305555555557
21361,161.3786111111111,161.4274864262168,1,1,0.03944444444444444,161.3786111111111,185.41805555555555
21362,161.3852777777778,161.69160897808803,1,1,0.24722222222222223,161.3852777777778,185.6325
21363,161.43055555555554,161.47736571650185,1,1,0.03777777777777778,161.43055555555554,185.46833333333333
21369,161.51416666666665,161.5871354469653,1,1,0.058888888888888886,161.51416666666665,185.57305555555556
21370,161.52777777777777,161.8082945510956,1,1,0.2263888888888889,161.52777777777777,185.75416666666666
21371,161.53555555555556,162.44560015512897,1,8,5.875555555555556,161.53555555555556,186.27
21377,161.57666666666665,161.64619352336632,1,1,0.05611111111111111,161.57666666666665,185.6327777777778
21385,161.94222222222223,163.86935524529767,1,1,1.5552777777777778,161.94222222222223,187.4975
21386,162.36583333333334,162.414708648439,1,1,0.03944444444444444,162.36583333333334,186.40527777777777
21387,162.4275,162.48566850882298,1,1,0.04694444444444444,162.4275,186.47444444444446
21388,162.48277777777778,162.56676071359317,1,1,0.06777777777777778,162.48277777777778,186.55055555555555
21390,162.57444444444445,162.65326449486136,1,1,0.0636111111111111,162.57444444444445,186.63805555555555
21391,162.65472222222223,162.76451958503006,1,1,0.08861111111111111,162.65472222222223,186.74333333333334
21392,162.69472222222223,163.2478393445802,1,8,3.571111111111111,162.69472222222223,187.14111111111112
21393,162.7536111111111,162.86306428155905,1,1,0.08833333333333333,162.7536111111111,186.84194444444444
21394,162.85583333333332,162.97354712041883,1,1,0.095,162.85583333333332,186.95083333333332
21398,162.96194444444444,163.08482111692842,1,1,0.09916666666666667,162.96194444444444,187.0611111111111
21399,163.1275,163.12784419235987,1,8,0.0022222222222222222,163.1275,187.12777777777777
21400,163.17111111111112,163.72491661818884,1,8,3.5755555555555554,163.17111111111112,187.61805555555554
21401,163.23055555555555,163.34758095792125,1,1,0.09444444444444444,163.23055555555555,187.325
21403,163.2888888888889,163.35256447547022,1,1,0.05138888888888889,163.2888888888889,187.34027777777777
21404,163.4061111111111,163.52761101415553,1,1,0.09805555555555556,163.4061111111111,187.50416666666666
21405,163.40916666666666,163.4738748303277,1,1,0.052222222222222225,163.40916666666666,187.46138888888888
21406,163.42194444444445,163.42228863680432,1,8,0.0022222222222222222,163.42194444444445,187.42222222222222
21408,163.49388888888888,163.56272736086873,1,1,0.05555555555555555,163.49388888888888,187.54944444444445
21412,163.60722222222222,163.68776323443862,1,1,0.065,163.60722222222222,187.67222222222222
21413,163.63194444444446,165.07307785534223,1,1,1.1630555555555555,163.63194444444446,188.795
21414,163.69222222222223,164.12969071165406,1,4,1.4122222222222223,163.69222222222223,188.04527777777778
21415,163.69583333333333,164.2379363001745,1,8,3.5,163.69583333333333,188.13333333333333
21417,163.75027777777777,163.83839102191197,1,1,0.07111111111111111,163.75027777777777,187.8213888888889
21427,164.30777777777777,164.3494250533256,1,1,0.03361111111111111,164.30777777777777,188.3413888888889
21429,164.46555555555557,165.12227457824318,1,8,4.24,164.46555555555557,188.99555555555557
21430,164.51361111111112,164.5607654644173,1,1,0.03805555555555556,164.51361111111112,188.55166666666668
21431,164.61805555555554,164.67691244909832,1,1,0.0475,164.61805555555554,188.66555555555556
21432,164.68444444444444,165.0296693814233,1,1,0.2786111111111111,164.68444444444444,188.96305555555554
21433,164.68777777777777,164.7562720573977,1,1,0.05527777777777778,164.68777777777777,188.74305555555554
21434,164.77194444444444,164.8304571456273,1,1,0.04722222222222222,164.77194444444444,188.81916666666666
21436,164.89944444444444,164.9593339150669,1,1,0.04833333333333333,164.89944444444444,188.9477777777778
21438,164.97722222222222,165.04261877060307,1,1,0.05277777777777778,164.97722222222222,189.03
21439,165.06055555555557,165.11803567965873,1,1,0.04638888888888889,165.06055555555557,189.10694444444445
21440,165.0661111111111,165.63093077370564,1,8,3.6466666666666665,165.0661111111111,189.52194444444444
21443,165.17805555555555,165.241386949777,1,1,0.051111111111111114,165.17805555555555,189.22916666666666
21444,165.1797222222222,165.1969318402172,1,40,0.5555555555555556,165.1797222222222,189.19361111111112
21445,165.29444444444445,165.35639906922628,1,1,0.05,165.29444444444445,189.34444444444443
21450,165.61888888888888,166.1978204382393,1,8,3.7377777777777776,165.61888888888888,190.0861111111111
21452,165.70694444444445,166.04184361062633,1,4,1.0811111111111111,165.70694444444445,190.00722222222223
21463,166.11916666666667,166.71943814233083,1,1,0.48444444444444446,166.11916666666667,190.60361111111112
21468,166.21027777777778,166.78473482644947,1,1,0.4636111111111111,166.21027777777778,190.67388888888888
21471,166.31722222222223,166.88686057785534,1,1,0.4597222222222222,166.31722222222223,190.77694444444444
21472,166.3486111111111,166.4838787085515,1,1,0.10916666666666666,166.3486111111111,190.45777777777778
21476,166.5011111111111,166.5145346131472,1,8,0.08666666666666667,166.5011111111111,190.51194444444445
21481,166.64027777777778,167.13970089199145,1,4,1.6122222222222222,166.64027777777778,191.04333333333332
21483,166.73611111111111,166.7756932324995,1,8,0.25555555555555554,166.73611111111111,190.76805555555555
21486,166.78694444444446,166.8371965289897,1,1,0.04055555555555555,166.78694444444446,190.8275
21489,166.8136111111111,166.8535374248594,1,8,0.2577777777777778,166.8136111111111,190.84583333333333
21491,166.84833333333333,167.29199728524335,1,1,0.35805555555555557,166.84833333333333,191.20638888888888
21493,166.87166666666667,167.01072038006595,1,1,0.11222222222222222,166.87166666666667,191.15555555555557
21501,166.91861111111112,167.46518857863097,1,8,3.528888888888889,166.91861111111112,191.35972222222222
21507,167.0222222222222,167.02256641458214,1,1,0.0002777777777777778,167.0222222222222,191.0225
21508,167.02777777777777,167.03879193329453,1,1,0.008888888888888889,167.02777777777777,191.03666666666666
21510,167.055,167.29283692069032,1,4,0.7677777777777778,167.055,191.24694444444444
21513,167.09527777777777,167.10285000969557,1,1,0.006111111111111111,167.09527777777777,191.1013888888889
21521,167.2938888888889,167.5399864262168,1,4,0.7944444444444444,167.2938888888889,191.4925
21523,167.36305555555555,167.47767161140197,1,1,0.0925,167.36305555555555,191.45555555555555
21533,167.51194444444445,167.76010713593172,1,4,0.8011111111111111,167.51194444444445,191.7122222222222
21534,167.51472222222222,167.60283546635642,1,1,0.07111111111111111,167.51472222222222,191.58583333333334
21542,167.67694444444444,167.79156050029087,1,1,0.0925,167.67694444444444,191.76944444444445
