source_row,start_s,end_s,start_h,end_h,mode,gpus,work_gpu_h,release_h,deadline_h
15763,9.0,22445.0,0.0025,6.2347222222222225,5,8,49.85777777777778,0.0025,6.301666666666667
15764,158.0,402.0,0.04388888888888889,0.11166666666666666,5,16,1.0844444444444445,0.04388888888888889,0.11166666666666666
15765,250.0,20235.32286213,0.06944444444444445,5.620923017258334,1,8,35.84222222222222,0.06944444444444445,10.781944444444445
15766,414.0,644.0,0.115,0.17888888888888888,5,16,1.0222222222222221,0.115,0.17888888888888888
15769,687.0,934.0,0.19083333333333333,0.2594444444444444,5,16,1.0977777777777777,0.19083333333333333,0.2594444444444444
15771,724.0,906.0,0.2011111111111111,0.25166666666666665,5,8,0.40444444444444444,0.2011111111111111,0.25166666666666665
15772,826.0,1230.0,0.22944444444444445,0.3416666666666667,5,1,0.11222222222222222,0.22944444444444445,0.3416666666666667
15773,830.0,1112.0,0.23055555555555557,0.3088888888888889,5,1,0.07833333333333334,0.23055555555555557,0.3088888888888889
15775,970.0,1203.0,0.26944444444444443,0.33416666666666667,5,16,1.0355555555555556,0.26944444444444443,0.33416666666666667
15776,985.0,1169.0,0.27361111111111114,0.32472222222222225,5,8,0.4088888888888889,0.27361111111111114,0.32472222222222225
15779,1140.0,1901.0,0.31666666666666665,0.5280555555555555,5,1,0.21138888888888888,0.31666666666666665,0.5280555555555555
15780,1218.0,1459.0,0.3383333333333333,0.4052777777777778,5,16,1.0711111111111111,0.3383333333333333,0.4052777777777778
15781,1260.0,1572.0,0.35,0.43666666666666665,5,8,0.6933333333333334,0.35,0.43666666666666665
15782,1478.0,1707.0,0.41055555555555556,0.4741666666666667,5,16,1.0177777777777777,0.41055555555555556,0.4741666666666667
15784,1711.0,2312.86781609,0.4752777777777778,0.6424632822472222,4,1,0.1638888888888889,0.4752777777777778,0.6472222222222223
15785,1719.0,1972.0,0.4775,0.5477777777777778,5,16,1.1244444444444444,0.4775,0.5477777777777778
15786,1983.0,2221.0,0.5508333333333333,0.6169444444444444,5,16,1.0577777777777777,0.5508333333333333,0.6169444444444444
15787,2180.0,108254.0,0.6055555555555555,30.070555555555554,5,1,29.465,0.6055555555555555,30.070555555555554
15788,2185.0,145017.0,0.6069444444444444,40.2825,5,1,39.675555555555555,0.6069444444444444,40.2825
15789,2232.0,2468.0,0.62,0.6855555555555556,5,16,1.048888888888889,0.62,0.6855555555555556
15790,2234.0,56997.0,0.6205555555555555,15.8325,5,1,15.211944444444445,0.6205555555555555,15.8325
15791,2373.0,120388.0,0.6591666666666667,33.44111111111111,5,1,32.78194444444444,0.6591666666666667,33.44111111111111
15792,2421.0,163152.0,0.6725,45.32,5,1,44.6475,0.6725,45.32
15794,2478.0,2657.0,0.6883333333333334,0.7380555555555556,5,1,0.04972222222222222,0.6883333333333334,0.7380555555555556
15795,2505.0,2762.0,0.6958333333333333,0.7672222222222222,5,16,1.1422222222222222,0.6958333333333333,0.7672222222222222
15796,2775.0,3015.0,0.7708333333333334,0.8375,5,16,1.0666666666666667,0.7708333333333334,0.8375
15798,3029.0,3421.0,0.8413888888888889,0.9502777777777778,5,16,1.7422222222222221,0.8413888888888889,0.9502777777777778
15800,3444.0,3690.0,0.9566666666666667,1.025,5,16,1.0933333333333333,0.9566666666666667,1.025
15803,3724.0,3976.0,1.0344444444444445,1.1044444444444443,5,16,1.12,1.0344444444444445,1.1044444444444443
15804,3756.0,5027.0,1.0433333333333332,1.396388888888889,5,1,0.35305555555555557,1.0433333333333332,1.396388888888889
15805,3963.0,4529.94814815,1.1008333333333333,1.2583189300416666,3,1,0.14972222222222223,1.1008333333333333,1.261388888888889
15806,3997.0,4237.0,1.1102777777777777,1.1769444444444443,5,16,1.0666666666666667,1.1102777777777777,1.1769444444444443
15807,4285.0,4540.0,1.1902777777777778,1.261111111111111,5,16,1.1333333333333333,1.1902777777777778,1.261111111111111
15808,4560.0,4788.0,1.2666666666666666,1.33,5,16,1.0133333333333334,1.2666666666666666,1.33
15811,4685.0,5112.0,1.301388888888889,1.42,5,1,0.11861111111111111,1.301388888888889,1.42
15812,4806.0,5079.0,1.335,1.4108333333333334,5,16,1.2133333333333334,1.335,1.4108333333333334
15813,5107.0,5341.0,1.418611111111111,1.4836111111111112,5,16,1.04,1.418611111111111,1.4836111111111112
15814,5129.0,5494.0,1.4247222222222222,1.5261111111111112,5,1,0.10138888888888889,1.4247222222222222,1.5261111111111112
15815,5377.0,5619.0,1.493611111111111,1.5608333333333333,5,16,1.0755555555555556,1.493611111111111,1.5608333333333333
15817,5644.0,5879.0,1.5677777777777777,1.6330555555555555,5,16,1.0444444444444445,1.5677777777777777,1.6330555555555555
15818,5790.0,6460.0,1.6083333333333334,1.7944444444444445,5,1,0.18611111111111112,1.6083333333333334,1.7944444444444445
15820,5896.0,6152.0,1.6377777777777778,1.708888888888889,5,16,1.1377777777777778,1.6377777777777778,1.708888888888889
15821,6165.0,6402.0,1.7125,1.7783333333333333,5,16,1.0533333333333332,1.7125,1.7783333333333333
15822,6418.0,6650.0,1.7827777777777778,1.8472222222222223,5,16,1.031111111111111,1.7827777777777778,1.8472222222222223
15825,6691.0,6936.0,1.8586111111111112,1.9266666666666667,5,16,1.0888888888888888,1.8586111111111112,1.9266666666666667
15826,6973.0,7206.0,1.9369444444444444,2.0016666666666665,5,16,1.0355555555555556,1.9369444444444444,2.0016666666666665
15827,7218.0,7482.0,2.005,2.078333333333333,5,16,1.1733333333333333,2.005,2.078333333333333
15829,7510.0,7753.0,2.0861111111111112,2.153611111111111,5,16,1.08,2.0861111111111112,2.153611111111111
15830,7779.0,8043.0,2.160833333333333,2.234166666666667,5,16,1.1733333333333333,2.160833333333333,2.234166666666667
15831,8062.0,8292.0,2.2394444444444446,2.3033333333333332,5,16,1.0222222222222221,2.2394444444444446,2.3033333333333332
15832,8311.0,8568.0,2.308611111111111,2.38,5,16,1.1422222222222222,2.308611111111111,2.38
15833,8582.0,8816.0,2.383888888888889,2.448888888888889,5,16,1.04,2.383888888888889,2.448888888888889
15834,8635.0,8947.2513089,2.3986111111111112,2.4853475858055556,1,4,0.28,2.3986111111111112,10.554166666666667
15835,8657.0,19457.0,2.4047222222222224,5.404722222222222,5,1,3.0,2.4047222222222224,5.404722222222222
15836,8837.0,9076.0,2.4547222222222222,2.5211111111111113,5,16,1.0622222222222222,2.4547222222222222,2.5211111111111113
15837,9103.0,9347.0,2.528611111111111,2.596388888888889,5,16,1.0844444444444445,2.528611111111111,2.596388888888889
15838,9362.0,9600.0,2.6005555555555557,2.6666666666666665,5,16,1.0577777777777777,2.6005555555555557,2.6666666666666665
15839,9623.0,9892.0,2.6730555555555555,2.747777777777778,5,16,1.1955555555555555,2.6730555555555555,2.747777777777778
15840,9903.0,10135.0,2.7508333333333335,2.8152777777777778,5,16,1.031111111111111,2.7508333333333335,2.8152777777777778
15841,10163.0,10416.0,2.8230555555555554,2.8933333333333335,5,16,1.1244444444444444,2.8230555555555554,2.8933333333333335
15842,10445.0,10671.0,2.901388888888889,2.964166666666667,5,16,1.0044444444444445,2.901388888888889,2.964166666666667
15843,10685.0,10951.0,2.9680555555555554,3.0419444444444443,5,16,1.1822222222222223,2.9680555555555554,3.0419444444444443
15844,10964.0,11207.0,3.0455555555555556,3.1130555555555555,5,16,1.08,3.0455555555555556,3.1130555555555555
15847,11228.0,11475.0,3.118888888888889,3.1875,5,16,1.0977777777777777,3.118888888888889,3.1875
15848,11514.0,11760.0,3.1983333333333333,3.2666666666666666,5,16,1.0933333333333333,3.1983333333333333,3.2666666666666666
15849,11779.0,12026.0,3.2719444444444443,3.3405555555555555,5,16,1.0977777777777777,3.2719444444444443,3.3405555555555555
15850,12046.0,12462.0,3.346111111111111,3.4616666666666664,5,16,1.8488888888888888,3.346111111111111,3.4616666666666664
15853,12473.0,12741.0,3.464722222222222,3.5391666666666666,5,16,1.191111111111111,3.464722222222222,3.5391666666666666
15854,12769.0,13028.0,3.5469444444444442,3.618888888888889,5,16,1.1511111111111112,3.5469444444444442,3.618888888888889
15856,13041.0,13293.0,3.6225,3.6925,5,16,1.12,3.6225,3.6925
15857,13329.0,13587.0,3.7025,3.7741666666666664,5,16,1.1466666666666667,3.7025,3.7741666666666664
15859,13612.0,14011.0,3.781111111111111,3.8919444444444444,5,16,1.7733333333333334,3.781111111111111,3.8919444444444444
15860,14036.0,14284.0,3.898888888888889,3.9677777777777776,5,16,1.1022222222222222,3.898888888888889,3.9677777777777776
15861,14197.0,30612.0,3.943611111111111,8.503333333333334,5,24,109.43333333333334,3.943611111111111,8.503333333333334
15862,14304.0,14587.0,3.973333333333333,4.051944444444445,5,16,1.2577777777777779,3.973333333333333,4.051944444444445
15863,14625.0,15156.0,4.0625,4.21,5,16,2.36,4.0625,4.21
15864,15174.0,15441.0,4.215,4.289166666666667,5,16,1.1866666666666668,4.215,4.289166666666667
15865,15452.0,15719.0,4.292222222222223,4.366388888888889,5,16,1.1866666666666668,4.292222222222223,4.366388888888889
15866,15739.0,16002.0,4.371944444444445,4.445,5,16,1.1688888888888889,4.371944444444445,4.445
15867,16024.0,16282.0,4.4511111111111115,4.522777777777778,5,16,1.1466666666666667,4.4511111111111115,4.522777777777778
15868,16314.0,16585.0,4.531666666666666,4.606944444444444,5,16,1.2044444444444444,4.531666666666666,4.606944444444444
15869,16603.0,16848.0,4.611944444444444,4.68,5,16,1.0888888888888888,4.611944444444444,4.68
15870,16914.0,17312.0,4.698333333333333,4.808888888888889,5,16,1.768888888888889,4.698333333333333,4.808888888888889
15871,17347.0,17630.0,4.818611111111111,4.897222222222222,5,16,1.2577777777777779,4.818611111111111,4.897222222222222
15872,17644.0,17904.0,4.901111111111111,4.973333333333334,5,16,1.1555555555555554,4.901111111111111,4.973333333333334
15873,17925.0,18209.0,4.979166666666667,5.058055555555556,5,16,1.2622222222222221,4.979166666666667,5.058055555555556
15874,18225.0,18479.0,5.0625,5.133055555555556,5,16,1.1288888888888888,5.0625,5.133055555555556
15875,18508.0,18901.0,5.141111111111111,5.250277777777778,5,16,1.7466666666666666,5.141111111111111,5.250277777777778
15884,18927.0,19192.0,5.2575,5.331111111111111,5,16,1.1777777777777778,5.2575,5.331111111111111
15885,19279.0,19558.0,5.355277777777777,5.432777777777778,5,16,1.24,5.355277777777777,5.432777777777778
15886,19635.0,19891.0,5.454166666666667,5.525277777777778,5,16,1.1377777777777778,5.454166666666667,5.525277777777778
15887,20003.0,20398.0,5.556388888888889,5.666111111111111,5,16,1.7555555555555555,5.556388888888889,5.666111111111111
15888,20499.0,20764.0,5.694166666666667,5.767777777777778,5,16,1.1777777777777778,5.694166666666667,5.767777777777778
15889,20836.0,21230.0,5.7877777777777775,5.897222222222222,5,16,1.751111111111111,5.7877777777777775,5.897222222222222
15890,21300.0,21692.0,5.916666666666667,6.025555555555556,5,16,1.7422222222222221,5.916666666666667,6.025555555555556
15891,21798.0,22056.0,6.055,6.126666666666667,5,16,1.1466666666666667,6.055,6.126666666666667
15892,22133.0,22406.0,6.148055555555556,6.223888888888889,5,16,1.2133333333333334,6.148055555555556,6.223888888888889
15893,22488.0,22741.0,6.246666666666667,6.316944444444444,5,16,1.1244444444444444,6.246666666666667,6.316944444444444
15894,22686.0,22806.19197208,6.301666666666667,6.3350533255777774,1,4,0.10777777777777778,6.301666666666667,10.80888888888889
15895,22834.0,23119.0,6.342777777777778,6.421944444444445,5,16,1.2666666666666666,6.342777777777778,6.421944444444445
15896,23227.0,23497.0,6.451944444444444,6.526944444444444,5,16,1.2,6.451944444444444,6.526944444444444
15897,23592.0,23976.0,6.553333333333334,6.66,5,16,1.7066666666666668,6.553333333333334,6.66
15898,24082.0,24485.0,6.689444444444445,6.801388888888889,5,16,1.791111111111111,6.689444444444445,6.801388888888889
15899,24587.0,24853.0,6.829722222222222,6.903611111111111,5,16,1.1822222222222223,6.829722222222222,6.903611111111111
15900,24956.0,25198.0,6.932222222222222,6.999444444444444,5,16,1.0755555555555556,6.932222222222222,6.999444444444444
15901,25297.0,25562.0,7.026944444444444,7.100555555555555,5,16,1.1777777777777778,7.026944444444444,7.100555555555555
15902,25633.0,26026.0,7.120277777777778,7.229444444444445,5,16,1.7466666666666666,7.120277777777778,7.229444444444445
15903,26109.0,26371.0,7.2525,7.325277777777778,5,16,1.1644444444444444,7.2525,7.325277777777778
15904,26466.0,26740.0,7.351666666666667,7.427777777777778,5,16,1.2177777777777778,7.351666666666667,7.427777777777778
15905,26837.0,27230.0,7.454722222222222,7.563888888888889,5,16,1.7466666666666666,7.454722222222222,7.563888888888889
15906,27313.0,27571.0,7.586944444444445,7.658611111111111,5,16,1.1466666666666667,7.586944444444445,7.658611111111111
15907,27651.0,27934.0,7.680833333333333,7.759444444444444,5,16,1.2577777777777779,7.680833333333333,7.759444444444444
15908,28012.0,28416.0,7.7811111111111115,7.8933333333333335,5,16,1.7955555555555556,7.7811111111111115,7.8933333333333335
15909,28509.0,28773.0,7.9191666666666665,7.9925,5,16,1.1733333333333333,7.9191666666666665,7.9925
15910,28850.0,29138.0,8.01388888888889,8.09388888888889,5,16,1.28,8.01388888888889,8.09388888888889
15911,29230.0,29486.0,8.119444444444444,8.190555555555555,5,16,1.1377777777777778,8.119444444444444,8.190555555555555
15912,29577.0,29837.0,8.215833333333334,8.288055555555555,5,16,1.1555555555555554,8.215833333333334,8.288055555555555
15913,29919.0,30203.0,8.310833333333333,8.389722222222222,5,16,1.2622222222222221,8.310833333333333,8.389722222222222
15914,30326.0,30749.0,8.42388888888889,8.54138888888889,5,16,1.88,8.42388888888889,8.54138888888889
15915,30840.0,31110.0,8.566666666666666,8.641666666666667,5,16,1.2,8.566666666666666,8.641666666666667
15916,31201.0,31466.0,8.666944444444445,8.740555555555556,5,16,1.1777777777777778,8.666944444444445,8.740555555555556
15917,31492.0,73685.0,8.747777777777777,20.468055555555555,5,8,93.76222222222222,8.747777777777777,20.468055555555555
15918,31602.0,31985.0,8.778333333333334,8.884722222222223,5,16,1.7022222222222223,8.778333333333334,8.884722222222223
15920,32063.0,32319.0,8.90638888888889,8.9775,5,16,1.1377777777777778,8.90638888888889,8.9775
15922,32419.0,32715.0,9.005277777777778,9.0875,5,16,1.3155555555555556,9.005277777777778,9.0875
15923,32796.0,33057.0,9.11,9.1825,5,16,1.16,9.11,9.1825
15925,33175.0,33498.0,9.215277777777779,9.305,5,16,1.4355555555555555,9.215277777777779,9.305
15926,33450.0,33534.0,9.291666666666666,9.315,5,1,0.023333333333333334,9.291666666666666,9.315
15928,33529.0,33810.0,9.313611111111111,9.391666666666667,5,16,1.248888888888889,9.313611111111111,9.391666666666667
15930,33603.0,33852.0,9.334166666666667,9.403333333333334,5,2,0.13833333333333334,9.334166666666667,9.403333333333334
15933,33828.0,34091.0,9.396666666666667,9.469722222222222,5,16,1.1688888888888889,9.396666666666667,9.469722222222222
15935,33972.0,34073.0,9.436666666666667,9.464722222222223,5,8,0.22444444444444445,9.436666666666667,9.464722222222223
15937,34035.0,34140.0,9.454166666666667,9.483333333333333,5,8,0.23333333333333334,9.454166666666667,9.483333333333333
15938,34038.0,35513.0,9.455,9.864722222222222,5,1,0.4097222222222222,9.455,9.864722222222222
15939,34063.0,252266.0,9.461944444444445,70.07388888888889,5,4,242.4477777777778,9.461944444444445,71.1661111111111
15940,34081.0,34191.0,9.466944444444444,9.4975,5,8,0.24444444444444444,9.466944444444444,9.4975
15941,34115.0,34385.0,9.47638888888889,9.551388888888889,5,16,1.2,9.47638888888889,9.551388888888889
15942,34125.0,35430.0,9.479166666666666,9.841666666666667,5,1,0.3625,9.479166666666666,9.841666666666667
15943,34165.0,35406.0,9.490277777777777,9.835,5,1,0.3447222222222222,9.490277777777777,9.835
15944,34221.0,36100.70331588,9.505833333333333,10.027973143299999,1,1,0.42138888888888887,9.505833333333333,10.044166666666667
15945,34392.0,34598.92844677,9.553333333333333,9.61081345743611,1,1,0.04638888888888889,9.553333333333333,9.885833333333334
15946,34423.0,34795.0,9.561944444444444,9.665277777777778,5,16,1.6533333333333333,9.561944444444444,9.665277777777778
15947,34460.0,34674.0,9.572222222222223,9.631666666666666,5,8,0.47555555555555556,9.572222222222223,9.631666666666666
15948,34724.0,34971.0,9.645555555555555,9.714166666666667,5,8,0.5488888888888889,9.645555555555555,9.714166666666667
15949,34739.0,35051.0,9.649722222222222,9.73638888888889,5,8,0.6933333333333334,9.649722222222222,9.73638888888889
15950,34806.0,35081.0,9.668333333333333,9.744722222222222,5,16,1.2222222222222223,9.668333333333333,9.744722222222222
15954,35100.0,35500.0,9.75,9.86111111111111,5,16,1.7777777777777777,9.75,9.86111111111111
15956,35523.0,35789.0,9.8675,9.94138888888889,5,16,1.1822222222222223,9.8675,9.94138888888889
15957,35736.0,36067.0,9.926666666666666,10.018611111111111,5,8,0.7355555555555555,9.926666666666666,10.018611111111111
15958,35766.0,35982.0,9.935,9.995,5,8,0.48,9.935,9.995
15959,35798.0,36042.0,9.943888888888889,10.011666666666667,5,8,0.5422222222222223,9.943888888888889,10.011666666666667
15960,35809.0,36066.0,9.946944444444444,10.018333333333333,5,16,1.1422222222222222,9.946944444444444,10.018333333333333
15961,35937.0,38344.68888889,9.9825,10.65130246913611,3,1,0.6358333333333334,9.9825,10.68388888888889
15962,36115.0,36382.0,10.031944444444445,10.106111111111112,5,8,0.5933333333333334,10.031944444444445,10.106111111111112
15963,36129.0,36507.0,10.035833333333333,10.140833333333333,5,16,1.68,10.035833333333333,10.140833333333333
15964,36141.0,36332.0,10.039166666666667,10.092222222222222,5,8,0.42444444444444446,10.039166666666667,10.092222222222222
15966,36168.0,36453.0,10.046666666666667,10.125833333333333,5,8,0.6333333333333333,10.046666666666667,10.125833333333333
15971,36358.0,36457.0,10.099444444444444,10.126944444444444,5,1,0.0275,10.099444444444444,10.126944444444444
15974,36441.0,36533.0,10.1225,10.148055555555555,5,1,0.025555555555555557,10.1225,10.148055555555555
15975,36527.0,36798.0,10.14638888888889,10.221666666666666,5,16,1.2044444444444444,10.14638888888889,10.221666666666666
15978,36582.0,36919.0,10.161666666666667,10.255277777777778,5,1,0.09361111111111112,10.161666666666667,10.255277777777778
15979,36599.0,36923.0,10.16638888888889,10.256388888888889,5,1,0.09,10.16638888888889,10.256388888888889
15981,36912.0,37620.0,10.253333333333334,10.45,5,8,1.5733333333333333,10.253333333333334,10.45
15982,37003.0,37659.0,10.278611111111111,10.460833333333333,5,8,1.4577777777777778,10.278611111111111,10.460833333333333
15983,37038.0,511004.0,10.288333333333334,141.94555555555556,5,16,2106.5155555555557,10.288333333333334,141.94555555555556
15984,37115.0,37807.0,10.309722222222222,10.501944444444444,5,8,1.5377777777777777,10.309722222222222,10.501944444444444
15985,37203.0,37940.0,10.334166666666667,10.53888888888889,5,8,1.6377777777777778,10.334166666666667,10.53888888888889
15986,37210.0,37425.0,10.33611111111111,10.395833333333334,5,1,0.059722222222222225,10.33611111111111,10.395833333333334
15987,37722.0,37954.0,10.478333333333333,10.542777777777777,5,1,0.06444444444444444,10.478333333333333,10.542777777777777
15988,37966.0,67196.0,10.546111111111111,18.665555555555557,5,8,64.95555555555555,10.546111111111111,18.665555555555557
15989,37969.0,66912.0,10.546944444444444,18.586666666666666,5,8,64.31777777777778,10.546944444444444,18.586666666666666
15990,37978.0,66630.0,10.549444444444445,18.508333333333333,5,8,63.67111111111111,10.549444444444445,18.508333333333333
15991,37978.0,77154.0,10.549444444444445,21.43166666666667,5,8,87.05777777777777,10.549444444444445,21.43166666666667
15992,38221.0,38388.0,10.616944444444444,10.663333333333334,5,1,0.04638888888888889,10.616944444444444,10.663333333333334
15994,38440.0,203029.42528736,10.677777777777777,56.397062579822226,4,4,179.2711111111111,10.677777777777777,56.801944444444445
15995,38584.0,39278.0,10.717777777777778,10.910555555555556,5,1,0.19277777777777777,10.717777777777778,10.910555555555556
15996,38815.0,38893.0,10.781944444444445,10.803611111111111,5,4,0.08666666666666667,10.781944444444445,10.803611111111111
15998,38908.0,39171.0,10.807777777777778,10.880833333333333,5,8,0.5844444444444444,10.807777777777778,10.882222222222222
15999,38931.0,39258.12041885,10.814166666666667,10.905033449680555,1,8,0.5866666666666667,10.814166666666667,10.955555555555556
16000,39176.0,39454.79581152,10.882222222222222,10.9596655032,1,8,0.5,10.882222222222222,11.018055555555556
16001,39178.0,40043.93457944,10.882777777777777,11.123315160955556,2,1,0.2175,10.882777777777777,11.135555555555555
16002,39239.0,39412.0,10.899722222222222,10.947777777777778,5,1,0.04805555555555555,10.899722222222222,10.947777777777778
16003,39440.0,39775.79406632,10.955555555555556,11.048831685088889,1,8,0.6022222222222222,10.955555555555556,11.093333333333334
16004,39645.0,41038.97905759,11.0125,11.39971640488611,1,1,0.3125,11.0125,11.452222222222222
16005,39665.0,39812.45200698,11.018055555555556,11.059014446383333,1,4,0.1322222222222222,11.018055555555556,11.126388888888888
16006,39703.0,39941.0,11.028611111111111,11.094722222222222,5,2,0.1322222222222222,11.028611111111111,11.094722222222222
16007,39936.0,40055.0,11.093333333333334,11.126388888888888,5,4,0.1322222222222222,11.093333333333334,11.126388888888888
16008,39972.0,40170.0,11.103333333333333,11.158333333333333,5,8,0.44,11.103333333333333,11.158333333333333
16009,39980.0,40108.0,11.105555555555556,11.141111111111112,5,16,0.5688888888888889,11.105555555555556,11.141111111111112
16010,40054.0,122751.0,11.126111111111111,34.0975,5,1,22.97138888888889,11.126111111111111,34.42777777777778
16011,40063.0,40314.0,11.12861111111111,11.198333333333334,5,8,0.5577777777777778,11.12861111111111,11.198333333333334
16012,40063.0,40388.88132635,11.12861111111111,11.219133701763889,1,8,0.5844444444444444,11.12861111111111,11.27138888888889
16013,40108.0,40308.0,11.141111111111112,11.196666666666667,5,16,0.8888888888888888,11.141111111111112,11.196666666666667
16015,40192.0,40236.0,11.164444444444445,11.176666666666666,5,8,0.09777777777777778,11.164444444444445,11.176666666666666
16017,40299.0,40367.0,11.194166666666666,11.213055555555556,5,8,0.1511111111111111,11.194166666666666,11.213055555555556
16018,40308.0,40506.0,11.196666666666667,11.251666666666667,5,1,0.055,11.196666666666667,11.251666666666667
16019,40315.0,40576.44851658,11.198611111111111,11.27123569905,1,8,0.4688888888888889,11.198611111111111,11.33
16020,40367.0,40418.0,11.213055555555556,11.227222222222222,5,8,0.11333333333333333,11.213055555555556,11.227222222222222
16022,40577.0,40905.35951134,11.27138888888889,11.362599864261112,1,8,0.5888888888888889,11.27138888888889,11.403611111111111
16023,40661.0,106759.0,11.294722222222223,29.655277777777776,5,8,146.88444444444445,11.294722222222223,29.655277777777776
16025,40788.0,42896.98753894,11.33,11.915829871927777,2,8,4.237777777777778,11.33,11.933333333333334
16028,41054.0,44305.37870855,11.403888888888888,12.30704964126389,1,8,5.831111111111111,11.403888888888888,12.662222222222223
16038,42781.0,45101.0,11.883611111111112,12.528055555555556,5,1,0.6444444444444445,11.883611111111112,12.528055555555556
16039,42960.0,43679.91273997,11.933333333333334,12.133309094436111,1,8,1.291111111111111,11.933333333333334,12.823611111111111
16041,43146.0,43393.7258567,11.985,12.053812737972223,2,4,0.24888888888888888,11.985,12.055277777777778
16043,43358.0,46584.0,12.043888888888889,12.94,5,1,0.8961111111111111,12.043888888888889,12.94
16052,45585.0,46511.84118674,12.6625,12.919955885205555,1,8,1.6622222222222223,12.6625,13.03138888888889
16053,46165.0,46220.7591623,12.823611111111111,12.839099767305555,1,8,0.1,12.823611111111111,13.043888888888889
16055,46666.0,46768.0,12.962777777777777,12.991111111111111,5,1,0.028333333333333332,12.962777777777777,12.991111111111111
16056,46794.0,46926.0,12.998333333333333,13.035,5,1,0.03666666666666667,12.998333333333333,13.035
16057,46914.0,46972.23734729,13.031666666666666,13.047843707580556,1,8,0.10444444444444445,13.031666666666666,13.056944444444444
16058,46967.0,50574.0,13.046388888888888,14.048333333333334,5,8,8.015555555555556,13.046388888888888,14.05888888888889
16059,47018.0,53180.0069808,13.060555555555556,14.772224161333332,1,8,11.051111111111112,13.060555555555556,15.440277777777778
16060,47072.0,47226.0,13.075555555555555,13.118333333333334,5,1,0.042777777777777776,13.075555555555555,13.118333333333334
16061,47127.0,47281.88656195,13.090833333333334,13.133857378319444,1,1,0.034722222222222224,13.090833333333334,13.161388888888888
16062,47397.0,47536.0,13.165833333333333,13.204444444444444,5,1,0.03861111111111111,13.165833333333333,13.204444444444444
16066,47686.0,124608.0,13.24611111111111,34.61333333333334,5,1,21.36722222222222,13.24611111111111,34.61333333333334
16068,47723.0,49199.0,13.256388888888889,13.66638888888889,5,1,0.41,13.256388888888889,13.66638888888889
16070,48222.0,51187.0,13.395,14.21861111111111,5,1,0.8236111111111111,13.395,14.21861111111111
16072,48443.0,52973.0,13.456388888888888,14.714722222222223,5,1,1.2583333333333333,13.456388888888888,14.714722222222223
16076,48783.0,51682.0,13.550833333333333,14.356111111111112,5,1,0.8052777777777778,13.550833333333333,14.356111111111112
16077,49030.0,49053.54275742,13.619444444444444,13.625984099283333,1,1,0.005277777777777778,13.619444444444444,20.892222222222223
16152,50612.0,50828.84118674,14.05888888888889,14.119122551872222,1,8,0.3888888888888889,14.05888888888889,15.488888888888889
16168,53249.0,54683.0,14.79138888888889,15.189722222222223,5,1,0.3983333333333333,14.79138888888889,15.189722222222223
16170,54994.0,56473.0,15.276111111111112,15.686944444444444,5,1,0.41083333333333333,15.276111111111112,15.686944444444444
16172,55586.0,55817.71029668,15.440555555555555,15.504919526855556,1,8,0.41555555555555557,15.440555555555555,15.540833333333333
16173,55784.0,56549.29595016,15.495555555555555,15.708137763933333,2,8,1.5377777777777777,15.495555555555555,15.733055555555556
16174,55959.0,56812.73472949,15.544166666666667,15.781315202636112,1,8,1.531111111111111,15.544166666666667,15.924444444444445
16177,56502.0,56655.0,15.695,15.7375,5,4,0.17,15.695,15.737777777777778
16178,56584.0,58055.0,15.717777777777778,16.12638888888889,5,1,0.4086111111111111,15.717777777777778,16.12638888888889
16179,56632.0,56756.0,15.731111111111112,15.765555555555556,5,4,0.13777777777777778,15.731111111111112,15.765555555555556
16183,57219.0,57333.0,15.894166666666667,15.925833333333333,5,4,0.12666666666666668,15.894166666666667,15.926111111111112
16195,60335.0,61136.0,16.759722222222223,16.982222222222223,5,1,0.2225,16.759722222222223,16.982222222222223
16196,61281.0,290884.0,17.0225,80.80111111111111,5,1,63.77861111111111,17.0225,80.80111111111111
16197,61516.0,317485.0,17.087777777777777,88.19027777777778,5,1,71.1025,17.087777777777777,88.19027777777778
16198,61617.0,241113.0,17.115833333333335,66.97583333333333,5,1,49.86,17.115833333333335,66.97583333333333
16199,61752.0,278861.0,17.153333333333332,77.46138888888889,5,1,60.308055555555555,17.153333333333332,77.46138888888889
16200,61852.0,279219.0,17.18111111111111,77.56083333333333,5,1,60.37972222222222,17.18111111111111,77.56083333333333
16201,61924.0,288216.0,17.20111111111111,80.06,5,1,62.85888888888889,17.20111111111111,80.06
16202,61996.0,324000.0,17.22111111111111,90.0,5,1,72.77888888888889,17.22111111111111,90.0
16203,62075.0,317687.0,17.243055555555557,88.24638888888889,5,1,71.00333333333333,17.243055555555557,88.24638888888889
16220,68144.0,68414.0,18.92888888888889,19.003888888888888,5,8,0.6,18.92888888888889,19.003888888888888
16221,68176.0,68364.0,18.93777777777778,18.99,5,8,0.4177777777777778,18.93777777777778,18.99
16222,68205.0,68415.0,18.945833333333333,19.004166666666666,5,8,0.4666666666666667,18.945833333333333,19.004166666666666
16223,68493.0,68729.0,19.025833333333335,19.09138888888889,5,8,0.5244444444444445,19.025833333333335,19.09138888888889
16224,68518.0,68726.0,19.032777777777778,19.090555555555557,5,8,0.4622222222222222,19.032777777777778,19.090555555555557
16225,68546.0,68834.0,19.040555555555557,19.120555555555555,5,8,0.64,19.040555555555557,19.120555555555555
16227,69002.0,69273.0,19.16722222222222,19.2425,5,8,0.6022222222222222,19.16722222222222,19.2425
16228,69025.0,69248.0,19.17361111111111,19.235555555555557,5,8,0.4955555555555556,19.17361111111111,19.235555555555557
16229,69046.0,69276.0,19.179444444444446,19.243333333333332,5,8,0.5111111111111111,19.179444444444446,19.243333333333332
16231,69514.0,69760.0,19.309444444444445,19.377777777777776,5,8,0.5466666666666666,19.309444444444445,19.377777777777776
16232,69533.0,69731.0,19.314722222222223,19.369722222222222,5,8,0.44,19.314722222222223,19.369722222222222
16233,69560.0,69843.0,19.322222222222223,19.400833333333335,5,8,0.6288888888888889,19.322222222222223,19.400833333333335
16256,74611.0,74799.0,20.725277777777777,20.7775,5,16,0.8355555555555556,20.725277777777777,20.7775
16261,74755.0,74965.0,20.76527777777778,20.823611111111113,5,8,0.4666666666666667,20.76527777777778,20.823611111111113
16262,74799.0,75007.0,20.7775,20.835277777777776,5,2,0.11555555555555555,20.7775,20.835277777777776
16268,75532.0,76239.0,20.98111111111111,21.1775,5,1,0.1963888888888889,20.98111111111111,21.1775
16280,76786.0,76952.03839442,21.329444444444444,21.375566220672223,1,4,0.14888888888888888,21.329444444444444,21.376666666666665
16281,76925.0,76995.62827225,21.368055555555557,21.387674520069446,1,4,0.06333333333333334,21.368055555555557,21.3925
16282,76960.0,77065.0,21.377777777777776,21.406944444444445,5,4,0.11666666666666667,21.377777777777776,21.406944444444445
16285,77308.0,77405.0,21.474444444444444,21.50138888888889,5,4,0.10777777777777778,21.474444444444444,21.50138888888889
16286,77311.0,77423.0,21.475277777777777,21.50638888888889,5,4,0.12444444444444444,21.475277777777777,21.506666666666668
16305,78239.0,117504.0,21.733055555555556,32.64,5,8,87.25555555555556,21.733055555555556,32.64
16307,78265.0,78332.0,21.740277777777777,21.75888888888889,5,8,0.14888888888888888,21.740277777777777,21.75888888888889
16312,78695.0,78747.0,21.85972222222222,21.874166666666667,5,4,0.057777777777777775,21.85972222222222,21.874166666666667
16319,79367.0,79982.0,22.046388888888888,22.217222222222222,5,1,0.17083333333333334,22.046388888888888,22.217222222222222
16470,80180.0,85143.0,22.272222222222222,23.650833333333335,5,1,1.378611111111111,22.272222222222222,23.650833333333335
16495,80268.0,80861.0,22.296666666666667,22.461388888888887,5,1,0.16472222222222221,22.296666666666667,22.461388888888887
16552,83292.0,84029.0,23.136666666666667,23.34138888888889,5,1,0.20472222222222222,23.136666666666667,23.34138888888889
16554,84211.0,146559.0,23.391944444444444,40.71083333333333,5,2,34.63777777777778,23.391944444444444,40.71083333333333
16556,85329.0,85462.0,23.7025,23.739444444444445,5,1,0.036944444444444446,23.7025,23.739444444444445
16558,85404.0,85568.0,23.723333333333333,23.76888888888889,5,1,0.04555555555555556,23.723333333333333,23.76888888888889
16559,85415.0,85568.0,23.726388888888888,23.76888888888889,5,1,0.0425,23.726388888888888,23.76888888888889
16560,85424.0,85568.0,23.72888888888889,23.76888888888889,5,1,0.04,23.72888888888889,23.76888888888889
16561,85520.0,86207.0,23.755555555555556,23.94638888888889,5,1,0.19083333333333333,23.755555555555556,23.94638888888889
16562,85612.0,85696.0,23.781111111111112,23.804444444444446,5,1,0.023333333333333334,23.781111111111112,23.804444444444446
16563,85620.0,85696.0,23.783333333333335,23.804444444444446,5,1,0.021111111111111112,23.783333333333335,23.804444444444446
16564,85626.0,85710.0,23.785,23.808333333333334,5,1,0.023333333333333334,23.785,23.808333333333334
16565,86558.0,86615.0,24.04388888888889,24.059722222222224,5,1,0.015833333333333335,24.04388888888889,24.059722222222224
16566,86559.0,86614.0,24.044166666666666,24.059444444444445,5,1,0.015277777777777777,24.044166666666666,24.059444444444445
16567,86562.0,86614.0,24.045,24.059444444444445,5,1,0.014444444444444444,24.045,24.059444444444445
16568,86713.0,87394.0,24.086944444444445,24.27611111111111,5,1,0.18916666666666668,24.086944444444445,24.27611111111111
16571,88250.0,89015.0,24.51388888888889,24.726388888888888,5,1,0.2125,24.51388888888889,24.726388888888888
16573,89187.0,262338.0,24.774166666666666,72.87166666666667,5,32,1539.12,24.774166666666666,72.90333333333334
16574,89947.0,90626.0,24.985277777777778,25.17388888888889,5,1,0.18861111111111112,24.985277777777778,25.17388888888889
16580,93614.0,94073.70331588,26.003888888888888,26.131584254411113,1,1,0.10305555555555555,26.003888888888888,26.136111111111113
16581,94952.0,95126.0,26.375555555555554,26.42388888888889,5,1,0.04833333333333333,26.375555555555554,26.42388888888889
16582,94998.0,149452.0,26.388333333333332,41.51444444444444,5,32,484.03555555555556,26.388333333333332,41.51444444444444
16583,95134.0,95817.0,26.426111111111112,26.615833333333335,5,1,0.1897222222222222,26.426111111111112,26.615833333333335
16595,113130.0,113314.0,31.425,31.476111111111113,5,8,0.4088888888888889,31.425,31.476111111111113
16596,113315.0,113434.0,31.476388888888888,31.509444444444444,5,8,0.2644444444444444,31.476388888888888,31.509444444444444
16597,113434.0,119208.0,31.509444444444444,33.11333333333334,5,8,12.831111111111111,31.509444444444444,33.11333333333334
16599,117839.0,156313.0,32.73305555555555,43.42027777777778,5,8,85.49777777777778,32.73305555555555,43.42027777777778
16600,117882.0,152777.0,32.745,42.43805555555556,5,8,77.54444444444445,32.745,42.43805555555556
16601,117927.0,132282.0,32.7575,36.745,5,8,31.9,32.7575,36.745
16602,117959.0,134917.0,32.76638888888889,37.47694444444444,5,8,37.684444444444445,32.76638888888889,37.47694444444444
16603,119208.0,119272.0,33.11333333333334,33.13111111111111,5,4,0.07111111111111111,33.11333333333334,33.13111111111111
16605,119490.0,119625.0,33.19166666666667,33.229166666666664,5,8,0.3,33.19166666666667,33.229166666666664
16606,119625.0,119765.0,33.229166666666664,33.268055555555556,5,8,0.3111111111111111,33.229166666666664,33.268055555555556
16608,119765.0,119849.0,33.268055555555556,33.29138888888889,5,4,0.09333333333333334,33.268055555555556,33.29138888888889
16609,119982.0,120113.0,33.32833333333333,33.36472222222222,5,8,0.2911111111111111,33.32833333333333,33.36472222222222
16610,120115.0,120166.0,33.36527777777778,33.379444444444445,5,8,0.11333333333333333,33.36527777777778,33.379444444444445
16611,120167.0,120810.0,33.37972222222222,33.55833333333333,5,8,1.4288888888888889,33.37972222222222,33.55833333333333
16612,120811.0,121181.0,33.55861111111111,33.66138888888889,5,8,0.8222222222222222,33.55861111111111,33.66138888888889
16616,121182.0,121232.0,33.66166666666667,33.675555555555555,5,8,0.1111111111111111,33.66166666666667,33.675555555555555
16617,121402.0,122681.0,33.72277777777778,34.07805555555556,5,8,2.8422222222222224,33.72277777777778,34.07805555555556
16621,122305.0,126862.0,33.97361111111111,35.239444444444445,5,1,1.2658333333333334,33.97361111111111,35.239444444444445
16622,122681.0,122852.0,34.07805555555556,34.12555555555556,5,8,0.38,34.07805555555556,34.12555555555556
16623,122782.0,123099.20767888,34.10611111111111,34.194224355244444,1,8,0.5688888888888889,34.10611111111111,34.196666666666665
16624,122782.0,122970.34205934,34.10611111111111,34.15842834981667,1,8,0.3377777777777778,34.10611111111111,34.23888888888889
16625,122782.0,122915.82198953,34.10611111111111,34.14328388598056,1,8,0.24,34.10611111111111,34.26888888888889
16626,122782.0,122923.2565445,34.10611111111111,34.14534904013889,1,8,0.25333333333333335,34.10611111111111,34.300555555555555
16627,122862.0,123730.60383944,34.12833333333333,34.36961217762222,1,8,1.5577777777777777,34.12833333333333,34.49527777777778
16629,123162.0,123455.0,34.211666666666666,34.293055555555554,5,8,0.6511111111111111,34.211666666666666,34.293055555555554
16633,123590.0,123873.0,34.330555555555556,34.409166666666664,5,8,0.6288888888888889,34.330555555555556,34.409166666666664
16639,124752.0,125435.0,34.653333333333336,34.84305555555556,5,8,1.5177777777777777,34.653333333333336,34.84305555555556
16643,125959.0,127603.0,34.98861111111111,35.445277777777775,5,8,3.6533333333333333,34.98861111111111,35.445277777777775
16645,126376.0,126515.34579439,35.10444444444445,35.143151609552774,2,3,0.105,35.10444444444445,35.14388888888889
16647,126563.0,126687.96884735,35.15638888888889,35.191102457597225,2,2,0.06277777777777778,35.15638888888889,35.194722222222225
16649,126964.0,127611.0,35.26777777777778,35.4475,5,8,1.4377777777777778,35.26777777777778,35.4475
16654,127424.0,129157.0,35.39555555555555,35.87694444444445,5,8,3.851111111111111,35.39555555555555,35.87694444444445
16657,127958.0,200019.0,35.54388888888889,55.560833333333335,5,4,80.06777777777778,35.54388888888889,55.560833333333335
16659,128531.0,128588.0,35.70305555555556,35.71888888888889,5,1,0.015833333333333335,35.70305555555556,35.71888888888889
16664,129257.0,177080.0,35.90472222222222,49.18888888888889,5,1,13.284166666666666,35.90472222222222,49.18888888888889
16667,129700.0,177591.0,36.02777777777778,49.33083333333333,5,1,13.303055555555556,36.02777777777778,49.33083333333333
16668,129707.0,131089.0,36.02972222222222,36.41361111111111,5,1,0.3838888888888889,36.02972222222222,36.41361111111111
16669,129721.0,177462.0,36.033611111111114,49.295,5,1,13.261388888888888,36.033611111111114,49.295
16670,129790.0,309762.0,36.05277777777778,86.045,5,32,1599.7511111111112,36.05277777777778,86.045
16672,129810.0,177197.0,36.05833333333333,49.22138888888889,5,1,13.163055555555555,36.05833333333333,49.22138888888889
16673,129867.0,177918.0,36.07416666666666,49.42166666666667,5,1,13.3475,36.07416666666666,49.42166666666667
16674,129884.0,176857.0,36.07888888888889,49.12694444444445,5,1,13.048055555555555,36.07888888888889,49.12694444444445
16675,129899.0,177810.0,36.08305555555555,49.391666666666666,5,1,13.30861111111111,36.08305555555555,49.391666666666666
16676,129921.0,177104.0,36.089166666666664,49.19555555555556,5,1,13.106388888888889,36.089166666666664,49.19555555555556
16677,129937.0,176399.0,36.09361111111111,48.999722222222225,5,1,12.90611111111111,36.09361111111111,48.999722222222225
16678,129953.0,176281.0,36.098055555555554,48.966944444444444,5,1,12.86888888888889,36.098055555555554,48.966944444444444
16680,130039.0,131655.0,36.121944444444445,36.57083333333333,5,8,3.591111111111111,36.121944444444445,36.57083333333333
16683,130195.0,176917.0,36.165277777777774,49.14361111111111,5,1,12.978333333333333,36.165277777777774,49.14361111111111
16684,130243.0,176934.0,36.17861111111111,49.14833333333333,5,1,12.969722222222222,36.17861111111111,49.14833333333333
16685,130258.0,177137.0,36.18277777777778,49.20472222222222,5,1,13.021944444444445,36.18277777777778,49.20472222222222
16686,130436.0,177299.0,36.23222222222222,49.249722222222225,5,1,13.0175,36.23222222222222,49.249722222222225
16687,130457.0,177082.0,36.238055555555555,49.18944444444445,5,1,12.95138888888889,36.238055555555555,49.18944444444445
16688,130486.0,176419.0,36.24611111111111,49.00527777777778,5,1,12.759166666666667,36.24611111111111,49.00527777777778
16689,130611.0,178938.0,36.280833333333334,49.705,5,1,13.424166666666666,36.280833333333334,49.705
16694,130803.0,177373.0,36.33416666666667,49.27027777777778,5,1,12.936111111111112,36.33416666666667,49.27027777777778
16697,130828.0,177809.0,36.34111111111111,49.39138888888889,5,1,13.050277777777778,36.34111111111111,49.39138888888889
16699,130846.0,177697.0,36.346111111111114,49.360277777777775,5,1,13.014166666666666,36.346111111111114,49.360277777777775
16703,131212.0,131917.0,36.44777777777778,36.64361111111111,5,80,15.666666666666666,36.44777777777778,36.64361111111111
16704,132037.0,132133.0,36.676944444444445,36.70361111111111,5,16,0.4266666666666667,36.676944444444445,36.70361111111111
16706,132239.0,132355.0,36.73305555555555,36.765277777777776,5,1,0.03222222222222222,36.73305555555555,36.765277777777776
16707,132380.0,132495.0,36.772222222222226,36.80416666666667,5,1,0.03194444444444444,36.772222222222226,36.80416666666667
16708,132385.0,143992.0,36.77361111111111,39.99777777777778,5,16,51.586666666666666,36.77361111111111,39.99777777777778
16709,132480.0,132646.0,36.8,36.846111111111114,5,8,0.3688888888888889,36.8,36.846111111111114
16710,132498.0,132680.0,36.805,36.855555555555554,5,8,0.40444444444444444,36.805,36.855555555555554
16711,132520.0,132764.0,36.81111111111111,36.87888888888889,5,8,0.5422222222222223,36.81111111111111,36.87888888888889
16712,132550.0,132675.0,36.81944444444444,36.854166666666664,5,1,0.034722222222222224,36.81944444444444,36.854166666666664
16713,132692.0,132811.0,36.85888888888889,36.89194444444445,5,1,0.03305555555555555,36.85888888888889,36.89194444444445
16714,132811.0,136906.0,36.89194444444445,38.029444444444444,5,80,91.0,36.89194444444445,38.029444444444444
16719,134156.0,134335.0,37.26555555555556,37.31527777777778,5,16,0.7955555555555556,37.26555555555556,37.31527777777778
16720,134170.0,134678.0,37.269444444444446,37.410555555555554,5,1,0.1411111111111111,37.269444444444446,37.410555555555554
16721,134373.0,134563.0,37.325833333333335,37.37861111111111,5,16,0.8444444444444444,37.325833333333335,37.37861111111111
16723,134742.0,134801.0,37.428333333333335,37.444722222222225,5,8,0.13111111111111112,37.428333333333335,37.444722222222225
16724,134754.0,134801.0,37.431666666666665,37.444722222222225,5,8,0.10444444444444445,37.431666666666665,37.444722222222225
16725,134767.0,134827.0,37.43527777777778,37.45194444444444,5,8,0.13333333333333333,37.43527777777778,37.45194444444444
16726,134895.0,135099.0,37.47083333333333,37.5275,5,16,0.9066666666666666,37.47083333333333,37.5275
16727,135302.0,135595.0,37.583888888888886,37.665277777777774,5,8,0.6511111111111111,37.583888888888886,37.665277777777774
16728,135310.0,135570.0,37.58611111111111,37.65833333333333,5,8,0.5777777777777777,37.58611111111111,37.65833333333333
16729,135320.0,135603.0,37.58888888888889,37.6675,5,8,0.6288888888888889,37.58888888888889,37.6675
16730,135630.0,135827.0,37.675,37.72972222222222,5,8,0.43777777777777777,37.675,37.72972222222222
16731,135821.0,137711.0,37.72805555555556,38.253055555555555,5,8,4.2,37.72805555555556,38.253055555555555
16735,136378.0,136486.0,37.882777777777775,37.91277777777778,5,16,0.48,37.882777777777775,37.91277777777778
16737,136563.0,138120.0,37.93416666666667,38.36666666666667,5,8,3.46,37.93416666666667,38.36666666666667
16738,136762.0,136864.0,37.989444444444445,38.01777777777778,5,1,0.028333333333333332,37.989444444444445,38.01777777777778
16739,136913.0,398140.0,38.03138888888889,110.59444444444445,5,32,2322.0177777777776,38.03138888888889,110.59444444444445
16740,136917.0,137007.0,38.0325,38.0575,5,1,0.025,38.0325,38.0575
16741,136973.0,388250.0,38.04805555555556,107.84722222222223,5,32,2233.5733333333333,38.04805555555556,107.84722222222223
16745,137119.0,137214.0,38.08861111111111,38.115,5,1,0.02638888888888889,38.08861111111111,38.115
16749,137296.0,137664.0,38.13777777777778,38.24,5,16,1.6355555555555557,38.13777777777778,38.24
16752,137666.0,137783.0,38.24055555555555,38.27305555555556,5,16,0.52,38.24055555555555,38.27305555555556
16754,137862.0,138101.0,38.295,38.36138888888889,5,8,0.5311111111111111,38.295,38.36138888888889
16755,137877.0,185145.0,38.299166666666665,51.42916666666667,5,1,13.13,38.299166666666665,51.42916666666667
16756,137878.0,138035.0,38.29944444444445,38.34305555555556,5,8,0.3488888888888889,38.29944444444445,38.34305555555556
16757,137894.0,138077.0,38.30388888888889,38.35472222222222,5,8,0.4066666666666667,38.30388888888889,38.35472222222222
16758,137924.0,138702.0,38.312222222222225,38.528333333333336,5,16,3.457777777777778,38.312222222222225,38.528333333333336
16760,138389.0,138512.0,38.44138888888889,38.47555555555556,5,2,0.06833333333333333,38.44138888888889,38.47555555555556
16761,138400.0,138520.0,38.44444444444444,38.477777777777774,5,2,0.06666666666666667,38.44444444444444,38.477777777777774
16765,138726.0,138964.0,38.535,38.60111111111111,5,16,1.0577777777777777,38.535,38.60111111111111
16766,138842.0,227709.0,38.56722222222222,63.2525,5,1,24.685277777777777,38.56722222222222,63.2525
16771,139051.0,210323.0,38.625277777777775,58.42305555555556,5,1,19.797777777777778,38.625277777777775,58.42305555555556
16772,139086.0,208179.03664921,38.635,57.82751018033611,1,1,15.489166666666666,38.635,64.75944444444444
16776,139131.0,143481.0,38.6475,39.85583333333334,5,16,19.333333333333332,38.6475,39.85583333333334
16778,139203.0,195702.0,38.6675,54.361666666666665,5,1,15.694166666666666,38.6675,54.361666666666665
16779,139302.0,139350.0,38.695,38.708333333333336,5,8,0.10666666666666667,38.695,38.708333333333336
16786,139506.0,139610.0,38.751666666666665,38.78055555555556,5,1,0.028888888888888888,38.751666666666665,38.78055555555556
16787,139625.0,139692.0,38.78472222222222,38.803333333333335,5,8,0.14888888888888888,38.78472222222222,38.803333333333335
16788,139632.0,139739.0,38.78666666666667,38.81638888888889,5,1,0.029722222222222223,38.78666666666667,38.81638888888889
16789,139648.0,165107.0,38.791111111111114,45.863055555555555,5,8,56.57555555555555,38.791111111111114,45.863055555555555
16790,139650.0,165107.0,38.791666666666664,45.863055555555555,5,8,56.57111111111111,38.791666666666664,45.863055555555555
16791,139654.0,166114.0,38.79277777777778,46.14277777777778,5,8,58.8,38.79277777777778,46.14277777777778
16792,139656.0,165594.0,38.79333333333334,45.998333333333335,5,8,57.64,38.79333333333334,45.998333333333335
16795,139825.0,140569.0,38.84027777777778,39.04694444444444,5,1,0.20666666666666667,38.84027777777778,39.04694444444444
16796,139931.0,140144.0,38.86972222222222,38.92888888888889,5,8,0.47333333333333333,38.86972222222222,38.92888888888889
16797,139961.0,143501.0,38.878055555555555,39.86138888888889,5,16,15.733333333333333,38.878055555555555,39.86138888888889
16799,140231.0,417694.0,38.95305555555556,116.0261111111111,5,32,2466.337777777778,38.95305555555556,116.03805555555556
16805,141679.0,143804.0,39.35527777777778,39.94555555555556,5,16,9.444444444444445,39.35527777777778,39.94638888888889
16808,141831.0,142621.0,39.3975,39.61694444444444,5,1,0.21944444444444444,39.3975,39.61694444444444
16817,142456.0,142555.0,39.57111111111111,39.59861111111111,5,1,0.0275,39.57111111111111,39.59861111111111
16824,143433.0,156247.0,39.8425,43.401944444444446,5,1,3.5594444444444444,39.8425,43.401944444444446
16826,143470.0,143535.24922118,39.852777777777774,39.87090256143889,2,16,0.26222222222222225,39.852777777777774,39.87222222222222
16828,143580.0,182453.0,39.88333333333333,50.68138888888889,5,16,172.76888888888888,39.88333333333333,50.68138888888889
16830,143698.0,154756.0,39.916111111111114,42.98777777777778,5,1,3.0716666666666668,39.916111111111114,42.98777777777778
16831,143710.0,143816.0,39.919444444444444,39.94888888888889,5,16,0.4711111111111111,39.919444444444444,39.94888888888889
16833,143753.0,143912.0,39.93138888888889,39.97555555555556,5,40,1.7666666666666666,39.93138888888889,39.97555555555556
16834,143812.0,154641.0,39.94777777777778,42.95583333333333,5,1,3.0080555555555555,39.94777777777778,42.95583333333333
16835,143817.0,145986.0,39.94916666666666,40.55166666666667,5,16,9.64,39.94916666666666,40.55166666666667
16836,143828.0,156028.10471204,39.952222222222225,43.34114019778889,1,1,2.735,39.952222222222225,43.44583333333333
16837,143969.0,267294.0,39.99138888888889,74.24833333333333,5,40,1370.2777777777778,39.99138888888889,74.24833333333333
16838,144014.0,156231.45200698,40.00388888888889,43.39762555749444,1,1,2.738888888888889,40.00388888888889,43.44972222222222
16839,144063.0,156089.63176265,40.0175,43.35823104518056,1,1,2.696111111111111,40.0175,45.65222222222222
16840,144077.0,155942.54973822,40.021388888888886,43.31737492728333,1,1,2.66,40.021388888888886,45.647777777777776
16842,144099.0,155498.65095986,40.0275,43.194069711072224,1,1,2.5555555555555554,40.0275,45.9575
16843,144114.0,156224.89005236,40.031666666666666,43.39580279232222,1,1,2.715,40.031666666666666,46.16111111111111
16844,144161.0,144313.0,40.04472222222222,40.08694444444444,5,1,0.042222222222222223,40.04472222222222,40.08694444444444
16847,144382.0,144484.0,40.10611111111111,40.13444444444445,5,1,0.028333333333333332,40.10611111111111,40.13444444444445
16849,145072.0,145180.0,40.297777777777775,40.327777777777776,5,1,0.03,40.297777777777775,40.327777777777776
16850,145239.0,285650.0,40.344166666666666,79.34722222222223,5,1,39.003055555555555,40.344166666666666,79.34722222222223
16851,145387.0,352638.0,40.38527777777778,97.955,5,1,57.569722222222225,40.38527777777778,97.955
16854,145476.0,402142.0,40.41,111.70611111111111,5,1,71.29611111111112,40.41,111.70611111111111
16855,145541.0,352099.45925926,40.42805555555555,97.80540534979444,3,1,54.54888888888889,40.42805555555555,99.46444444444444
16857,145998.0,147864.0,40.555,41.07333333333333,5,16,8.293333333333333,40.555,41.07611111111111
16858,146037.0,146231.0,40.56583333333333,40.61972222222222,5,8,0.4311111111111111,40.56583333333333,40.61972222222222
16861,146468.0,162308.0,40.68555555555555,45.08555555555556,5,4,17.6,40.68555555555555,45.08583333333333
16863,146744.0,147979.0,40.76222222222222,41.10527777777778,5,8,2.7444444444444445,40.76222222222222,41.10527777777778
16864,146824.0,148713.0,40.784444444444446,41.30916666666667,5,16,8.395555555555555,40.784444444444446,41.30916666666667
16866,147098.0,147158.0,40.86055555555556,40.87722222222222,5,1,0.016666666666666666,40.86055555555556,40.87722222222222
16868,147200.0,147719.0,40.888888888888886,41.033055555555556,5,2,0.28833333333333333,40.888888888888886,41.033055555555556
16871,147886.0,149958.0,41.07944444444445,41.655,5,16,9.20888888888889,41.07944444444445,41.655
16875,148507.0,148780.0,41.25194444444445,41.327777777777776,5,8,0.6066666666666667,41.25194444444445,41.327777777777776
16877,149223.0,149489.0,41.450833333333335,41.52472222222222,5,8,0.5911111111111111,41.450833333333335,41.52472222222222
16879,149627.0,149883.0,41.56305555555556,41.634166666666665,5,8,0.5688888888888889,41.56305555555556,41.634166666666665
16882,149789.0,149833.0,41.60805555555555,41.62027777777778,5,1,0.012222222222222223,41.60805555555555,41.62027777777778
16883,149841.0,149894.0,41.6225,41.63722222222222,5,1,0.014722222222222222,41.6225,41.63722222222222
16887,149916.0,158548.0,41.64333333333333,44.041111111111114,5,8,19.182222222222222,41.64333333333333,44.041111111111114
16889,149964.0,150017.0,41.656666666666666,41.67138888888889,5,1,0.014722222222222222,41.656666666666666,41.67138888888889
16891,149976.0,151805.0,41.66,42.168055555555554,5,16,8.12888888888889,41.66,42.16972222222222
16893,150159.0,150208.0,41.71083333333333,41.724444444444444,5,1,0.01361111111111111,41.71083333333333,41.724444444444444
16895,150338.0,150384.0,41.760555555555555,41.77333333333333,5,1,0.012777777777777779,41.760555555555555,41.77333333333333
16896,150395.0,150440.0,41.77638888888889,41.78888888888889,5,1,0.0125,41.77638888888889,41.78888888888889
16903,151267.0,151319.0,42.01861111111111,42.033055555555556,5,1,0.014444444444444444,42.01861111111111,42.033055555555556
16905,151377.0,153176.16230366,42.049166666666665,42.54893397323889,1,32,12.906666666666666,42.049166666666665,52.60611111111111
16906,151583.0,151643.0,42.10638888888889,42.12305555555555,5,1,0.016666666666666666,42.10638888888889,42.12305555555555
16907,151624.0,166367.0,42.117777777777775,46.213055555555556,5,8,32.76222222222222,42.117777777777775,46.213055555555556
16909,151679.0,151880.0,42.13305555555556,42.18888888888889,5,16,0.8933333333333333,42.13305555555556,42.18888888888889
16910,151789.0,151841.0,42.16361111111111,42.17805555555555,5,1,0.014444444444444444,42.16361111111111,42.17805555555555
16912,151823.0,154094.79597701,42.17305555555556,42.80410999361389,4,16,9.897777777777778,42.17305555555556,42.81944444444444
16914,151892.0,151953.0,42.19222222222222,42.20916666666667,5,1,0.016944444444444446,42.19222222222222,42.20916666666667
16917,152148.0,152191.0,42.263333333333335,42.27527777777778,5,1,0.011944444444444445,42.263333333333335,42.27527777777778
16918,152259.0,152302.0,42.29416666666667,42.306111111111115,5,1,0.011944444444444445,42.29416666666667,42.306111111111115
16919,152371.0,152414.0,42.32527777777778,42.33722222222222,5,1,0.011944444444444445,42.32527777777778,42.33722222222222
16920,152494.0,152553.0,42.35944444444444,42.37583333333333,5,1,0.01638888888888889,42.35944444444444,42.37583333333333
16921,152841.0,192801.0,42.45583333333333,53.55583333333333,5,8,88.8,42.45583333333333,53.55583333333333
16922,152909.0,153102.0,42.47472222222222,42.528333333333336,5,16,0.8577777777777778,42.47472222222222,42.528333333333336
16924,154160.0,156202.0,42.82222222222222,43.38944444444444,5,16,9.075555555555555,42.82222222222222,43.38944444444444
16926,155384.0,156188.0,43.16222222222222,43.385555555555555,5,1,0.22333333333333333,43.16222222222222,43.385555555555555
16928,156213.0,158176.0,43.3925,43.937777777777775,5,16,8.724444444444444,43.3925,43.937777777777775
16929,156960.0,157386.0,43.6,43.718333333333334,5,8,0.9466666666666667,43.6,43.718333333333334
16931,157739.0,184047.0,43.81638888888889,51.12416666666667,5,1,7.307777777777778,43.81638888888889,51.12416666666667
16932,157966.0,158513.0,43.879444444444445,44.03138888888889,5,16,2.431111111111111,43.879444444444445,44.03138888888889
16933,158109.0,158110.0,43.91916666666667,43.919444444444444,5,1,0.0002777777777777778,43.91916666666667,43.919444444444444
16936,158186.0,160165.0,43.940555555555555,44.49027777777778,5,16,8.795555555555556,43.940555555555555,44.49027777777778
16939,158358.0,158524.0,43.98833333333334,44.034444444444446,5,1,0.04611111111111111,43.98833333333334,44.034444444444446
16943,158854.0,172316.0,44.12611111111111,47.86555555555555,5,8,29.915555555555557,44.12611111111111,47.86555555555555
16944,158870.0,159013.0,44.13055555555555,44.17027777777778,5,1,0.03972222222222222,44.13055555555555,44.17027777777778
16946,158940.0,159003.0,44.15,44.1675,5,4,0.07,44.15,44.1675
16947,159024.0,175252.0,44.17333333333333,48.681111111111115,5,4,18.031111111111112,44.17333333333333,48.681111111111115
16948,159100.0,159282.0,44.19444444444444,44.245,5,1,0.050555555555555555,44.19444444444444,44.245
16952,159948.0,185164.0,44.43,51.434444444444445,5,1,7.004444444444444,44.43,51.434444444444445
16954,160144.0,160287.0,44.48444444444444,44.524166666666666,5,1,0.03972222222222222,44.48444444444444,44.524166666666666
16956,160177.0,162129.0,44.493611111111115,45.035833333333336,5,16,8.675555555555556,44.493611111111115,45.043055555555554
16957,160330.0,160460.0,44.53611111111111,44.57222222222222,5,1,0.03611111111111111,44.53611111111111,44.57222222222222
16958,160508.0,160652.0,44.58555555555556,44.62555555555556,5,1,0.04,44.58555555555556,44.62555555555556
16959,160667.0,160800.0,44.62972222222222,44.666666666666664,5,1,0.036944444444444446,44.62972222222222,44.666666666666664
16962,161379.0,161514.0,44.8275,44.865,5,4,0.15,44.8275,44.86527777777778
16964,162166.0,164143.0,45.04611111111111,45.59527777777778,5,16,8.786666666666667,45.04611111111111,45.59527777777778
16965,162604.0,163661.0,45.16777777777778,45.46138888888889,5,1,0.2936111111111111,45.16777777777778,45.46138888888889
16968,162748.0,163037.0,45.20777777777778,45.28805555555556,5,1,0.08027777777777778,45.20777777777778,45.28805555555556
16970,162998.0,163556.0,45.27722222222222,45.43222222222222,5,1,0.155,45.27722222222222,45.43222222222222
16973,163463.0,163886.0,45.40638888888889,45.52388888888889,5,8,0.94,45.40638888888889,45.52388888888889
16974,164155.0,166087.0,45.59861111111111,46.13527777777778,5,16,8.586666666666666,45.59861111111111,46.13527777777778
16975,164249.0,415612.0,45.624722222222225,115.44777777777777,5,1,69.82305555555556,45.624722222222225,115.84361111111112
16977,164981.0,166634.0,45.82805555555556,46.28722222222222,5,8,3.6733333333333333,45.82805555555556,46.28722222222222
16978,165039.0,165467.0,45.844166666666666,45.963055555555556,5,8,0.9511111111111111,45.844166666666666,45.963055555555556
16987,166115.0,409287.0,46.143055555555556,113.69083333333333,5,1,67.54777777777778,46.143055555555556,113.69083333333333
16989,166503.0,166715.0,46.25083333333333,46.30972222222222,5,8,0.4711111111111111,46.25083333333333,46.30972222222222
16990,166522.0,166675.0,46.25611111111111,46.298611111111114,5,8,0.34,46.25611111111111,46.298611111111114
16991,166539.0,166783.0,46.26083333333333,46.32861111111111,5,8,0.5422222222222223,46.26083333333333,46.32861111111111
16994,166852.0,167101.0,46.34777777777778,46.41694444444445,5,8,0.5533333333333333,46.34777777777778,46.41694444444445
16995,166869.0,167028.0,46.3525,46.39666666666667,5,8,0.35333333333333333,46.3525,46.39666666666667
16996,166886.0,167094.0,46.35722222222222,46.415,5,8,0.4622222222222222,46.35722222222222,46.415
16998,166960.0,166991.0,46.37777777777778,46.38638888888889,5,1,0.008611111111111111,46.37777777777778,46.38638888888889
16999,167007.0,167280.0,46.39083333333333,46.46666666666667,5,1,0.07583333333333334,46.39083333333333,46.46666666666667
17007,167721.0,167906.0,46.589166666666664,46.64055555555556,5,1,0.05138888888888889,46.589166666666664,46.64055555555556
17012,168311.0,209667.0,46.753055555555555,58.240833333333335,5,8,91.90222222222222,46.753055555555555,58.240833333333335
17013,168340.0,211941.0,46.76111111111111,58.8725,5,8,96.89111111111112,46.76111111111111,58.8725
17014,168361.0,214400.0,46.76694444444445,59.55555555555556,5,8,102.30888888888889,46.76694444444445,59.55555555555556
17016,169919.0,170134.0,47.19972222222222,47.25944444444445,5,1,0.059722222222222225,47.19972222222222,47.25944444444445
17022,170279.0,371785.0,47.29972222222222,103.27361111111111,5,1,55.97388888888889,47.29972222222222,103.27361111111111
17023,170294.0,170524.0,47.30388888888889,47.367777777777775,5,1,0.06388888888888888,47.30388888888889,47.367777777777775
17028,170719.0,382551.0,47.42194444444444,106.26416666666667,5,1,58.84222222222222,47.42194444444444,106.27333333333333
17029,170755.0,170991.0,47.43194444444445,47.4975,5,1,0.06555555555555556,47.43194444444445,47.4975
17030,170803.0,196338.0,47.445277777777775,54.538333333333334,5,8,56.74444444444445,47.445277777777775,54.538333333333334
17031,170877.0,200218.0,47.465833333333336,55.61611111111111,5,8,65.20222222222222,47.465833333333336,55.61611111111111
17032,171012.0,171241.0,47.50333333333333,47.566944444444445,5,1,0.0636111111111111,47.50333333333333,47.566944444444445
17033,171023.0,198542.0,47.506388888888885,55.150555555555556,5,1,7.644166666666667,47.506388888888885,55.150555555555556
17034,171027.0,349032.54973822,47.5075,96.95348603839444,1,1,39.905,47.5075,119.25222222222222
17035,171044.0,202443.0,47.51222222222222,56.23416666666667,5,1,8.721944444444444,47.51222222222222,56.23416666666667
17040,171659.0,171897.0,47.683055555555555,47.74916666666667,5,1,0.0661111111111111,47.683055555555555,47.74916666666667
17042,171875.0,190919.0,47.74305555555556,53.033055555555556,5,8,42.32,47.74305555555556,53.128055555555555
17044,171933.0,172162.0,47.759166666666665,47.82277777777778,5,1,0.0636111111111111,47.759166666666665,47.82277777777778
17045,172241.0,172487.0,47.844722222222224,47.91305555555556,5,1,0.06833333333333333,47.844722222222224,47.91305555555556
17046,172387.0,193449.0,47.88527777777778,53.73583333333333,5,1,5.850555555555555,47.88527777777778,53.73583333333333
17047,172400.0,172975.0,47.888888888888886,48.048611111111114,5,1,0.1597222222222222,47.888888888888886,48.048611111111114
17048,172553.0,172766.0,47.93138888888889,47.99055555555555,5,1,0.059166666666666666,47.93138888888889,47.99055555555555
17049,172830.0,173973.0,48.00833333333333,48.325833333333335,5,1,0.3175,48.00833333333333,48.325833333333335
17050,173095.0,173210.0,48.081944444444446,48.11388888888889,5,4,0.12777777777777777,48.081944444444446,48.11388888888889
17052,173577.0,174083.0,48.215833333333336,48.35638888888889,5,1,0.14055555555555554,48.215833333333336,48.35638888888889
17054,175644.0,176156.0,48.79,48.93222222222222,5,4,0.5688888888888889,48.79,48.93222222222222
17056,176497.0,176981.0,49.026944444444446,49.16138888888889,5,4,0.5377777777777778,49.026944444444446,49.16138888888889
17062,184047.0,185246.0,51.12416666666667,51.45722222222222,5,2,0.6661111111111111,51.12416666666667,51.45722222222222
17064,185246.0,186335.0,51.45722222222222,51.75972222222222,5,2,0.605,51.45722222222222,51.75972222222222
17066,189393.0,190702.0,52.60916666666667,52.97277777777778,5,32,11.635555555555555,52.60916666666667,52.975833333333334
17067,190725.0,357969.0,52.979166666666664,99.43583333333333,5,32,1486.6133333333332,52.979166666666664,99.43583333333333
17080,202843.0,202896.0,56.34527777777778,56.36,5,1,0.014722222222222222,56.34527777777778,56.36
17081,202914.0,202968.0,56.365,56.38,5,1,0.015,56.365,56.38
17082,202981.0,203022.0,56.38361111111111,56.395,5,1,0.01138888888888889,56.38361111111111,56.395
17084,203086.0,203122.0,56.41277777777778,56.422777777777775,5,1,0.01,56.41277777777778,56.422777777777775
17085,203258.0,203259.0,56.46055555555556,56.46083333333333,5,1,0.0002777777777777778,56.46055555555556,56.46083333333333
17086,203852.0,259614.0,56.62555555555556,72.115,5,8,123.91555555555556,56.62555555555556,72.115
17087,203854.0,264372.0,56.62611111111111,73.43666666666667,5,8,134.48444444444445,56.62611111111111,73.43666666666667
17088,203863.0,227108.0,56.62861111111111,63.08555555555556,5,8,51.65555555555556,56.62861111111111,63.08555555555556
17089,203865.0,203866.0,56.62916666666667,56.629444444444445,5,1,0.0002777777777777778,56.62916666666667,56.629444444444445
17090,203866.0,227106.0,56.629444444444445,63.085,5,8,51.644444444444446,56.629444444444445,63.085
17091,203871.0,227869.0,56.630833333333335,63.29694444444444,5,8,53.32888888888889,56.630833333333335,63.29694444444444
17092,203893.0,228937.0,56.636944444444445,63.59361111111111,5,8,55.653333333333336,56.636944444444445,63.611111111111114
17093,204055.0,204116.0,56.68194444444445,56.69888888888889,5,1,0.016944444444444446,56.68194444444445,56.69888888888889
17094,204126.0,204169.0,56.70166666666667,56.71361111111111,5,1,0.011944444444444445,56.70166666666667,56.71361111111111
17099,207488.0,207542.0,57.635555555555555,57.650555555555556,5,1,0.015,57.635555555555555,57.650555555555556
17100,207591.0,207864.0,57.66416666666667,57.74,5,1,0.07583333333333334,57.66416666666667,57.74
17101,208214.0,208273.0,57.83722222222222,57.853611111111114,5,1,0.01638888888888889,57.83722222222222,57.853611111111114
17102,208856.0,209167.0,58.01555555555556,58.10194444444444,5,1,0.08638888888888889,58.01555555555556,58.10194444444444
17104,209179.0,271575.0,58.10527777777778,75.4375,5,4,69.32888888888888,58.10527777777778,75.4375
17107,209416.0,209784.0,58.17111111111111,58.27333333333333,5,1,0.10222222222222223,58.17111111111111,58.27333333333333
17110,210062.0,210547.0,58.35055555555556,58.485277777777775,5,8,1.0777777777777777,58.35055555555556,58.485277777777775
17111,210160.0,210678.0,58.37777777777778,58.52166666666667,5,1,0.1438888888888889,58.37777777777778,58.52166666666667
17113,210700.0,213390.0,58.52777777777778,59.275,5,8,5.977777777777778,58.52777777777778,59.275
17114,210959.0,211243.0,58.59972222222222,58.67861111111111,5,8,0.6311111111111111,58.59972222222222,58.67861111111111
17123,212775.0,213068.0,59.104166666666664,59.18555555555555,5,1,0.08138888888888889,59.104166666666664,59.18555555555555
17124,212864.0,213024.0,59.12888888888889,59.17333333333333,5,1,0.044444444444444446,59.12888888888889,59.17333333333333
17125,213056.0,213526.0,59.18222222222222,59.312777777777775,5,1,0.13055555555555556,59.18222222222222,59.312777777777775
17126,213060.0,213217.0,59.18333333333333,59.22694444444444,5,1,0.043611111111111114,59.18333333333333,59.22694444444444
17129,213148.0,213334.0,59.20777777777778,59.25944444444445,5,1,0.051666666666666666,59.20777777777778,59.25944444444445
17130,213161.0,213335.0,59.21138888888889,59.25972222222222,5,1,0.04833333333333333,59.21138888888889,59.25972222222222
17131,213196.0,213330.0,59.221111111111114,59.25833333333333,5,1,0.03722222222222222,59.221111111111114,59.25833333333333
17132,213222.0,213429.0,59.22833333333333,59.285833333333336,5,1,0.0575,59.22833333333333,59.285833333333336
17133,213234.0,213429.0,59.23166666666667,59.285833333333336,5,1,0.05416666666666667,59.23166666666667,59.285833333333336
17134,213250.0,213430.0,59.236111111111114,59.28611111111111,5,1,0.05,59.236111111111114,59.28611111111111
17135,213332.0,213393.0,59.25888888888889,59.27583333333333,5,8,0.13555555555555557,59.25888888888889,59.27583333333333
17136,213353.0,213498.0,59.264722222222225,59.305,5,1,0.04027777777777778,59.264722222222225,59.305
17137,213397.0,213432.0,59.276944444444446,59.28666666666667,5,1,0.009722222222222222,59.276944444444446,59.28666666666667
17138,213418.0,213453.0,59.28277777777778,59.2925,5,1,0.009722222222222222,59.28277777777778,59.2925
17139,213443.0,213475.0,59.289722222222224,59.298611111111114,5,1,0.008888888888888889,59.289722222222224,59.298611111111114
17140,213451.0,213479.0,59.29194444444445,59.29972222222222,5,1,0.0077777777777777776,59.29194444444445,59.29972222222222
17141,213462.0,213488.0,59.295,59.30222222222222,5,1,0.007222222222222222,59.295,59.30222222222222
17142,213471.0,213497.0,59.2975,59.304722222222225,5,1,0.007222222222222222,59.2975,59.304722222222225
17143,213477.0,213507.0,59.299166666666665,59.3075,5,1,0.008333333333333333,59.299166666666665,59.3075
17144,213491.0,213524.0,59.30305555555555,59.312222222222225,5,1,0.009166666666666667,59.30305555555555,59.312222222222225
17146,213809.0,213845.0,59.39138888888889,59.40138888888889,5,1,0.01,59.39138888888889,59.40138888888889
17148,213862.0,213894.0,59.40611111111111,59.415,5,1,0.008888888888888889,59.40611111111111,59.415
17149,213882.0,214326.0,59.41166666666667,59.535,5,1,0.12333333333333334,59.41166666666667,59.535
17150,214007.0,214161.0,59.44638888888889,59.48916666666667,5,1,0.042777777777777776,59.44638888888889,59.48916666666667
17151,214083.0,214301.0,59.4675,59.528055555555554,5,1,0.06055555555555556,59.4675,59.528055555555554
17152,214096.0,214301.0,59.471111111111114,59.528055555555554,5,1,0.05694444444444444,59.471111111111114,59.528055555555554
17153,214098.0,253657.0,59.471666666666664,70.46027777777778,5,8,87.9088888888889,59.471666666666664,70.46027777777778
17155,214112.0,214300.0,59.47555555555556,59.52777777777778,5,1,0.052222222222222225,59.47555555555556,59.52777777777778
17156,214136.0,214279.0,59.48222222222222,59.52194444444444,5,1,0.03972222222222222,59.48222222222222,59.52194444444444
17157,214157.0,214300.0,59.488055555555555,59.52777777777778,5,1,0.03972222222222222,59.488055555555555,59.52777777777778
17158,214202.0,220107.51483421,59.50055555555556,61.140976342836105,1,8,10.591111111111111,59.50055555555556,62.63388888888889
17159,214202.0,226321.56369983,59.50055555555556,62.867101027730556,1,8,21.735555555555557,59.50055555555556,65.35083333333333
17160,214202.0,227643.67539267,59.50055555555556,63.234354275741666,1,8,24.106666666666666,59.50055555555556,68.36416666666666
17161,214202.0,225837.07853403,59.50055555555556,62.73252181500833,1,8,20.866666666666667,59.50055555555556,70.9725
17162,214202.0,225322.85514834,59.50055555555556,62.589681985649996,1,8,19.944444444444443,59.50055555555556,73.46555555555555
17163,214202.0,215560.04537522,59.50055555555556,59.87779038200556,1,8,2.4355555555555557,59.50055555555556,73.77
17164,214202.0,218794.07678883,59.50055555555556,60.776132441341666,1,8,8.235555555555555,59.50055555555556,74.79944444444445
17165,214202.0,218654.05933682,59.50055555555556,60.73723870467222,1,8,7.984444444444445,59.50055555555556,75.24638888888889
17166,214202.0,218828.77137871,59.50055555555556,60.78576982741944,1,8,8.297777777777778,59.50055555555556,75.28555555555556
17167,214202.0,218755.66492147,59.50055555555556,60.76546247818611,1,8,8.166666666666666,59.50055555555556,75.26916666666666
17168,214202.0,221608.05584642,59.50055555555556,61.55779329067222,1,8,13.282222222222222,59.50055555555556,75.90861111111111
17169,214202.0,221324.30366492,59.50055555555556,61.478973240255556,1,8,12.773333333333333,59.50055555555556,75.845
17170,214202.0,221017.008726,59.50055555555556,61.393613535,1,8,12.222222222222221,59.50055555555556,76.32722222222222
17171,214202.0,221021.96509599,59.50055555555556,61.39499030444166,1,8,12.231111111111112,59.50055555555556,76.77527777777777
17172,214202.0,220818.7539267,59.50055555555556,61.33854275741667,1,8,11.866666666666667,59.50055555555556,76.7525
17173,214202.0,214610.90052356,59.50055555555556,59.61413903432222,1,8,0.7333333333333333,59.50055555555556,75.37722222222222
17174,214265.0,229068.0,59.518055555555556,63.63,5,8,32.89555555555555,59.518055555555556,63.63
17175,214294.0,214449.0,59.52611111111111,59.56916666666667,5,1,0.043055555555555555,59.52611111111111,59.56916666666667
17176,214303.0,214360.0,59.52861111111111,59.544444444444444,5,4,0.06333333333333334,59.52861111111111,59.544444444444444
17177,214310.0,214481.0,59.53055555555556,59.57805555555556,5,1,0.0475,59.53055555555556,59.57805555555556
17178,214331.0,214523.0,59.53638888888889,59.58972222222222,5,1,0.05333333333333334,59.53638888888889,59.58972222222222
17179,214340.0,214523.0,59.53888888888889,59.58972222222222,5,1,0.050833333333333335,59.53888888888889,59.58972222222222
17180,214351.0,214839.0,59.54194444444445,59.6775,5,1,0.13555555555555557,59.54194444444445,59.6775
17182,214367.0,214508.0,59.54638888888889,59.58555555555556,5,1,0.03916666666666667,59.54638888888889,59.58555555555556
17183,214384.0,214523.0,59.55111111111111,59.58972222222222,5,1,0.03861111111111111,59.55111111111111,59.58972222222222
17184,214397.0,214579.0,59.554722222222225,59.60527777777778,5,1,0.050555555555555555,59.554722222222225,59.60527777777778
17185,214406.0,214579.0,59.55722222222222,59.60527777777778,5,1,0.04805555555555555,59.55722222222222,59.60527777777778
17186,214438.0,214467.0,59.56611111111111,59.57416666666666,5,1,0.008055555555555555,59.56611111111111,59.57416666666666
17187,214457.0,214490.0,59.57138888888889,59.580555555555556,5,1,0.009166666666666667,59.57138888888889,59.580555555555556
17188,214472.0,214500.0,59.57555555555555,59.583333333333336,5,1,0.0077777777777777776,59.57555555555555,59.583333333333336
17189,214481.0,214515.0,59.57805555555556,59.5875,5,1,0.009444444444444445,59.57805555555556,59.5875
17190,214504.0,214535.0,59.58444444444444,59.59305555555556,5,1,0.008611111111111111,59.58444444444444,59.59305555555556
17191,214514.0,214542.0,59.58722222222222,59.595,5,1,0.0077777777777777776,59.58722222222222,59.595
17192,214524.0,214552.0,59.59,59.59777777777778,5,1,0.0077777777777777776,59.59,59.59777777777778
17193,214538.0,214568.0,59.59388888888889,59.602222222222224,5,1,0.008333333333333333,59.59388888888889,59.602222222222224
17194,214550.0,214577.0,59.59722222222222,59.60472222222222,5,1,0.0075,59.59722222222222,59.60472222222222
17195,214561.0,214596.0,59.60027777777778,59.61,5,1,0.009722222222222222,59.60027777777778,59.61
17196,214570.0,214597.0,59.602777777777774,59.610277777777775,5,1,0.0075,59.602777777777774,59.610277777777775
17197,214583.0,214620.0,59.60638888888889,59.61666666666667,5,1,0.010277777777777778,59.60638888888889,59.61666666666667
17198,214594.0,214621.0,59.60944444444444,59.61694444444444,5,1,0.0075,59.60944444444444,59.61694444444444
17199,214602.0,214629.0,59.611666666666665,59.619166666666665,5,1,0.0075,59.611666666666665,59.619166666666665
17200,214610.0,214637.0,59.61388888888889,59.62138888888889,5,1,0.0075,59.61388888888889,59.62138888888889
17201,214958.0,215464.0,59.71055555555556,59.85111111111111,5,1,0.14055555555555554,59.71055555555556,59.85111111111111
17202,215127.0,215329.0,59.7575,59.81361111111111,5,16,0.8977777777777778,59.7575,59.81361111111111
17203,215255.0,215427.0,59.793055555555554,59.840833333333336,5,1,0.04777777777777778,59.793055555555554,59.840833333333336
17205,215441.0,216282.0,59.844722222222224,60.07833333333333,5,8,1.8688888888888888,59.844722222222224,60.07833333333333
17206,215478.0,215584.1682243,59.855,59.88449117341666,2,2,0.05333333333333334,59.855,59.88472222222222
17207,215576.0,258242.0,59.882222222222225,71.73388888888888,5,16,189.62666666666667,59.882222222222225,71.73388888888888
17208,215584.0,215619.0,59.88444444444445,59.89416666666666,5,1,0.009722222222222222,59.88444444444445,59.89416666666666
17210,215660.0,215762.0,59.90555555555556,59.93388888888889,5,1,0.028333333333333332,59.90555555555556,59.93388888888889
17216,216138.0,216633.0,60.038333333333334,60.17583333333334,5,1,0.1375,60.038333333333334,60.17583333333334
17217,216396.0,312859.0,60.11,86.90527777777778,5,4,107.18111111111111,60.11,86.90527777777778
17218,216407.0,216528.0,60.113055555555555,60.14666666666667,5,1,0.03361111111111111,60.113055555555555,60.14666666666667
17220,216608.0,216785.0,60.16888888888889,60.21805555555556,5,1,0.049166666666666664,60.16888888888889,60.21805555555556
17222,217023.0,217212.0,60.284166666666664,60.336666666666666,5,16,0.84,60.284166666666664,60.336666666666666
17223,217266.0,217399.0,60.35166666666667,60.38861111111111,5,1,0.036944444444444446,60.35166666666667,60.38861111111111
17224,217433.0,217747.0,60.39805555555556,60.485277777777775,5,16,1.3955555555555557,60.39805555555556,60.485277777777775
17225,217446.0,217695.0,60.401666666666664,60.47083333333333,5,8,0.5533333333333333,60.401666666666664,60.47083333333333
17226,217492.0,217605.0,60.41444444444444,60.44583333333333,5,1,0.03138888888888889,60.41444444444444,60.44583333333333
17229,217582.0,217703.0,60.43944444444445,60.473055555555554,5,1,0.03361111111111111,60.43944444444445,60.473055555555554
17230,217649.0,217877.92523364,60.45805555555555,60.52164589823334,2,16,0.92,60.45805555555555,60.528333333333336
17233,218023.0,218123.0,60.56194444444444,60.58972222222222,5,1,0.027777777777777776,60.56194444444444,60.58972222222222
17235,218102.0,218451.0,60.583888888888886,60.68083333333333,5,16,1.551111111111111,60.583888888888886,60.68083333333333
17236,218105.0,218224.0,60.584722222222226,60.617777777777775,5,1,0.03305555555555555,60.584722222222226,60.617777777777775
17237,218135.0,218318.0,60.59305555555556,60.64388888888889,5,16,0.8133333333333334,60.59305555555556,60.64388888888889
17239,218283.0,218506.39563863,60.634166666666665,60.696221010730554,2,16,0.8977777777777778,60.634166666666665,60.7
17240,218348.0,218454.0,60.65222222222222,60.681666666666665,5,1,0.029444444444444443,60.65222222222222,60.681666666666665
17242,219099.0,219478.0,60.86083333333333,60.96611111111111,5,16,1.6844444444444444,60.86083333333333,60.96611111111111
17243,219116.0,219234.0,60.86555555555555,60.89833333333333,5,1,0.03277777777777778,60.86555555555555,60.89833333333333
17245,219285.0,219391.0,60.9125,60.941944444444445,5,1,0.029444444444444443,60.9125,60.941944444444445
17246,219494.0,219526.0,60.970555555555556,60.97944444444445,5,1,0.008888888888888889,60.970555555555556,60.97944444444445
17248,219874.0,219911.0,61.07611111111111,61.08638888888889,5,1,0.010277777777777778,61.07611111111111,61.08638888888889
17251,220114.0,221908.0,61.14277777777778,61.64111111111111,5,1,0.49833333333333335,61.14277777777778,61.64111111111111
17252,220239.0,220371.0,61.1775,61.214166666666664,5,1,0.03666666666666667,61.1775,61.214166666666664
17253,220263.0,220790.0,61.18416666666667,61.330555555555556,5,2,0.2927777777777778,61.18416666666667,61.330555555555556
17256,220503.0,220640.0,61.25083333333333,61.28888888888889,5,1,0.03805555555555556,61.25083333333333,61.28888888888889
17257,220546.0,220654.0,61.26277777777778,61.29277777777778,5,1,0.03,61.26277777777778,61.29277777777778
17261,220825.0,220932.0,61.34027777777778,61.37,5,1,0.029722222222222223,61.34027777777778,61.37
17264,220940.0,262060.0,61.37222222222222,72.79444444444445,5,8,91.37777777777778,61.37222222222222,72.79444444444445
17266,221002.0,221098.0,61.38944444444444,61.416111111111114,5,1,0.02666666666666667,61.38944444444444,61.416111111111114
17267,221177.0,221270.0,61.43805555555556,61.46388888888889,5,1,0.025833333333333333,61.43805555555556,61.46388888888889
17268,221354.0,221452.0,61.48722222222222,61.51444444444444,5,1,0.02722222222222222,61.48722222222222,61.51444444444444
17269,221472.0,222546.0,61.52,61.818333333333335,5,2,0.5966666666666667,61.52,61.818333333333335
17270,221494.0,221628.0,61.52611111111111,61.56333333333333,5,1,0.03722222222222222,61.52611111111111,61.56333333333333
17271,221526.0,221628.0,61.535,61.56333333333333,5,1,0.028333333333333332,61.535,61.56333333333333
17272,221693.0,221789.0,61.58138888888889,61.60805555555555,5,1,0.02666666666666667,61.58138888888889,61.60805555555555
17273,221699.0,221853.0,61.58305555555555,61.62583333333333,5,16,0.6844444444444444,61.58305555555555,61.62583333333333
17274,221772.0,221869.0,61.60333333333333,61.63027777777778,5,1,0.026944444444444444,61.60333333333333,61.63027777777778
17275,221866.0,221958.0,61.629444444444445,61.655,5,1,0.025555555555555557,61.629444444444445,61.655
17276,221962.0,222066.0,61.65611111111111,61.685,5,1,0.028888888888888888,61.65611111111111,61.685
17278,221992.0,222161.7556719,61.66444444444444,61.71159879775,1,1,0.03805555555555556,61.66444444444444,61.73111111111111
17280,222053.0,222159.0,61.68138888888889,61.71083333333333,5,1,0.029444444444444443,61.68138888888889,61.71083333333333
17281,222144.0,222247.0,61.70666666666666,61.735277777777775,5,1,0.02861111111111111,61.70666666666666,61.735277777777775
17282,222292.0,222395.0,61.74777777777778,61.77638888888889,5,1,0.02861111111111111,61.74777777777778,61.77638888888889
17283,222307.0,223119.0,61.75194444444445,61.9775,5,1,0.22555555555555556,61.75194444444445,61.9775
17284,222365.0,222506.5576324,61.768055555555556,61.80737712011111,2,1,0.035555555555555556,61.768055555555556,61.81194444444444
17285,222462.0,222559.0,61.795,61.82194444444445,5,1,0.026944444444444444,61.795,61.82194444444445
17287,222622.0,222712.0,61.839444444444446,61.864444444444445,5,1,0.025,61.839444444444446,61.864444444444445
17288,222694.0,222821.0,61.85944444444444,61.89472222222222,5,2,0.07055555555555555,61.85944444444444,61.89472222222222
17290,222802.0,222887.0,61.88944444444444,61.91305555555556,5,1,0.02361111111111111,61.88944444444444,61.91305555555556
17291,222870.0,223609.0,61.90833333333333,62.11361111111111,5,2,0.41055555555555556,61.90833333333333,62.11361111111111
17293,222959.0,223084.0,61.933055555555555,61.967777777777776,5,1,0.034722222222222224,61.933055555555555,61.967777777777776
17294,223228.0,230792.0,62.007777777777775,64.10888888888888,5,1,2.101111111111111,62.007777777777775,64.10888888888888
17295,223248.0,230935.0,62.013333333333335,64.14861111111111,5,1,2.1352777777777776,62.013333333333335,64.14861111111111
17296,223263.0,230942.0,62.0175,64.15055555555556,5,1,2.1330555555555555,62.0175,64.15055555555556
17297,223274.0,223782.0,62.02055555555555,62.16166666666667,5,1,0.1411111111111111,62.02055555555555,62.16166666666667
17298,223312.0,223470.60383944,62.03111111111111,62.07516773317778,1,1,0.035555555555555556,62.03111111111111,62.149166666666666
17299,223332.0,230961.0,62.03666666666667,64.15583333333333,5,1,2.1191666666666666,62.03666666666667,64.15583333333333
17300,223380.0,231228.0,62.05,64.23,5,1,2.18,62.05,64.23
17301,223448.0,252862.0,62.068888888888885,70.23944444444444,5,8,65.36444444444444,62.068888888888885,70.23944444444444
17302,223520.0,230206.14310646,62.08888888888889,63.946150862905554,1,8,11.991111111111111,62.08888888888889,76.87611111111111
17303,223520.0,236407.80104712,62.08888888888889,65.6688336242,1,8,23.113333333333333,62.08888888888889,78.73416666666667
17304,223520.0,234656.96335079,62.08888888888889,65.18248981966389,1,8,19.973333333333333,62.08888888888889,78.40527777777778
17305,223520.0,234256.73647469,62.08888888888889,65.07131568741389,1,8,19.255555555555556,62.08888888888889,78.73416666666667
17306,223520.0,234462.42582897,62.08888888888889,65.12845161915834,1,8,19.624444444444446,62.08888888888889,79.20555555555555
17307,223520.0,224876.80628272,62.08888888888889,62.465779522977776,1,8,2.433333333333333,62.08888888888889,77.07944444444445
17308,223520.0,227615.20069808,62.08888888888889,63.22644463835556,1,8,7.344444444444444,62.08888888888889,77.79416666666667
17309,223520.0,227555.72425829,62.08888888888889,63.20992340508055,1,8,7.237777777777778,62.08888888888889,77.98416666666667
17310,223520.0,227635.02617801,62.08888888888889,63.23195171611389,1,8,7.38,62.08888888888889,78.71666666666667
17311,223520.0,227663.52530541,62.08888888888889,63.239868140391664,1,8,7.431111111111111,62.08888888888889,78.91305555555556
17312,223520.0,229600.22687609,62.08888888888889,63.777840798913886,1,8,10.904444444444444,62.08888888888889,79.76833333333333
17313,223520.0,229418.08027923,62.08888888888889,63.727244522008334,1,8,10.577777777777778,62.08888888888889,80.03888888888889
17314,223520.0,229527.12041885,62.08888888888889,63.75753344968056,1,8,10.773333333333333,62.08888888888889,80.08083333333333
17315,223520.0,229779.89528796,62.08888888888889,63.827748691100005,1,8,11.226666666666667,62.08888888888889,80.1375
17316,223520.0,229514.72949389,62.08888888888889,63.75409152608055,1,8,10.751111111111111,62.08888888888889,80.25694444444444
17317,223520.0,223938.81326353,62.08888888888889,62.205225906536114,1,8,0.7511111111111111,62.08888888888889,79.29944444444445
17318,223563.0,231432.0,62.100833333333334,64.28666666666666,5,1,2.1858333333333335,62.100833333333334,64.28666666666666
17319,223582.0,231488.0,62.10611111111111,64.30222222222223,5,1,2.196111111111111,62.10611111111111,64.30222222222223
17320,223600.0,231397.0,62.111111111111114,64.27694444444444,5,1,2.1658333333333335,62.111111111111114,64.27694444444444
17321,223972.0,224072.0,62.214444444444446,62.242222222222225,5,1,0.027777777777777776,62.214444444444446,62.242222222222225
17322,223976.0,224112.0,62.215555555555554,62.25333333333333,5,1,0.03777777777777778,62.215555555555554,62.25333333333333
17325,224172.0,224261.0,62.27,62.29472222222222,5,1,0.024722222222222222,62.27,62.29472222222222
17329,224305.0,224395.0,62.30694444444445,62.331944444444446,5,1,0.025,62.30694444444445,62.331944444444446
17331,224443.0,224588.0,62.34527777777778,62.385555555555555,5,1,0.04027777777777778,62.34527777777778,62.385555555555555
17332,224556.0,224775.0,62.376666666666665,62.4375,5,1,0.060833333333333336,62.376666666666665,62.4375
17333,224565.0,224823.0,62.37916666666667,62.450833333333335,5,1,0.07166666666666667,62.37916666666667,62.450833333333335
17336,224727.0,224822.0,62.424166666666665,62.45055555555555,5,1,0.02638888888888889,62.424166666666665,62.45055555555555
17339,224852.0,224957.0,62.458888888888886,62.488055555555555,5,1,0.029166666666666667,62.458888888888886,62.488055555555555
17342,225086.0,225207.0,62.52388888888889,62.5575,5,1,0.03361111111111111,62.52388888888889,62.5575
17343,225094.0,225199.0,62.52611111111111,62.555277777777775,5,8,0.23333333333333334,62.52611111111111,62.555277777777775
17347,225223.0,225320.0,62.56194444444444,62.58888888888889,5,1,0.026944444444444444,62.56194444444444,62.58888888888889
17348,225224.0,255733.0,62.562222222222225,71.03694444444444,5,8,67.79777777777778,62.562222222222225,71.03694444444444
17349,225331.0,225426.0,62.591944444444444,62.61833333333333,5,1,0.02638888888888889,62.591944444444444,62.61833333333333
17350,225422.0,225710.0,62.617222222222225,62.69722222222222,5,1,0.08,62.617222222222225,62.69722222222222
17351,225422.0,226225.0,62.617222222222225,62.84027777777778,5,1,0.22305555555555556,62.617222222222225,62.84027777777778
17352,225462.0,225511.0,62.62833333333333,62.64194444444445,5,1,0.01361111111111111,62.62833333333333,62.64194444444445
17353,225550.0,225639.0,62.65277777777778,62.6775,5,1,0.024722222222222222,62.65277777777778,62.6775
17355,225763.0,225858.0,62.71194444444444,62.73833333333334,5,1,0.02638888888888889,62.71194444444444,62.73833333333334
17360,225835.0,225884.0,62.731944444444444,62.745555555555555,5,1,0.01361111111111111,62.731944444444444,62.745555555555555
17361,225942.0,270282.0,62.76166666666666,75.07833333333333,5,16,197.06666666666666,62.76166666666666,75.07833333333333
17362,225954.0,226039.0,62.765,62.78861111111111,5,1,0.02361111111111111,62.765,62.78861111111111
17365,226009.0,226058.0,62.780277777777776,62.79388888888889,5,1,0.01361111111111111,62.780277777777776,62.79388888888889
17366,226028.0,256746.0,62.785555555555554,71.31833333333333,5,8,68.26222222222222,62.785555555555554,71.31833333333333
17367,226112.0,257463.0,62.80888888888889,71.5175,5,8,69.66888888888889,62.80888888888889,71.5175
17368,226298.0,226395.0,62.86055555555556,62.8875,5,1,0.026944444444444444,62.86055555555556,62.8875
17371,226532.0,226625.0,62.925555555555555,62.951388888888886,5,1,0.025833333333333333,62.925555555555555,62.951388888888886
17373,226836.0,226960.0,63.01,63.044444444444444,5,1,0.034444444444444444,63.01,63.044444444444444
17375,226941.0,227011.0,63.03916666666667,63.05861111111111,5,1,0.019444444444444445,63.03916666666667,63.05861111111111
17378,227188.0,227377.0,63.10777777777778,63.16027777777778,5,8,0.42,63.10777777777778,63.16027777777778
17379,227198.0,227291.0,63.11055555555556,63.13638888888889,5,1,0.025833333333333333,63.11055555555556,63.13638888888889
17380,227200.0,227365.0,63.111111111111114,63.15694444444444,5,8,0.36666666666666664,63.111111111111114,63.15694444444444
17381,227248.0,227562.72949389,63.12444444444444,63.21186930385833,1,8,0.5644444444444444,63.12444444444444,63.2275
17382,227311.0,227417.0,63.14194444444445,63.17138888888889,5,1,0.029444444444444443,63.14194444444445,63.17138888888889
17383,227422.0,227528.0,63.172777777777775,63.202222222222225,5,1,0.029444444444444443,63.172777777777775,63.202222222222225
17384,227490.0,228482.0,63.19166666666667,63.46722222222222,5,1,0.27555555555555555,63.19166666666667,63.46722222222222
17385,227515.0,227759.0,63.19861111111111,63.26638888888889,5,8,0.5422222222222223,63.19861111111111,63.26638888888889
17386,227531.0,227741.64572426,63.20305555555556,63.26156825673888,1,8,0.37777777777777777,63.20305555555556,63.27472222222222
17387,227563.0,227660.0,63.21194444444444,63.23888888888889,5,1,0.026944444444444444,63.21194444444444,63.23888888888889
17389,227646.0,227867.79755672,63.235,63.29661043242222,1,8,0.3977777777777778,63.235,63.31611111111111
17390,227667.0,227754.0,63.240833333333335,63.265,5,1,0.024166666666666666,63.240833333333335,63.265
17391,227758.0,227847.0,63.26611111111111,63.29083333333333,5,1,0.024722222222222222,63.26611111111111,63.29083333333333
17392,227817.0,227904.0,63.2825,63.306666666666665,5,1,0.024166666666666666,63.2825,63.306666666666665
17394,227919.0,228029.0,63.310833333333335,63.341388888888886,5,1,0.030555555555555555,63.310833333333335,63.341388888888886
17396,228015.0,228146.0,63.3375,63.37388888888889,5,1,0.03638888888888889,63.3375,63.37388888888889
17397,228143.0,228255.0,63.37305555555555,63.40416666666667,5,1,0.03111111111111111,63.37305555555555,63.40416666666667
17400,228234.0,228430.0,63.39833333333333,63.452777777777776,5,8,0.43555555555555553,63.39833333333333,63.452777777777776
17402,228246.0,228427.0,63.401666666666664,63.45194444444444,5,8,0.4022222222222222,63.401666666666664,63.45194444444444
17404,228250.0,228351.0,63.40277777777778,63.43083333333333,5,1,0.028055555555555556,63.40277777777778,63.43083333333333
17405,228259.0,228507.0,63.405277777777776,63.47416666666667,5,8,0.5511111111111111,63.405277777777776,63.47416666666667
17407,228320.0,228432.7574171,63.422222222222224,63.45354372697222,1,1,0.025277777777777777,63.422222222222224,63.45611111111111
17409,228445.0,228532.0,63.456944444444446,63.48111111111111,5,1,0.024166666666666666,63.456944444444446,63.48111111111111
17410,228534.0,288196.0,63.48166666666667,80.05444444444444,5,4,66.2911111111111,63.48166666666667,80.16111111111111
17411,228562.0,228682.0,63.489444444444445,63.522777777777776,5,1,0.03333333333333333,63.489444444444445,63.522777777777776
17413,228633.0,228752.0,63.509166666666665,63.54222222222222,5,1,0.03305555555555555,63.509166666666665,63.54222222222222
17417,228765.0,228863.0,63.545833333333334,63.573055555555555,5,1,0.02722222222222222,63.545833333333334,63.573055555555555
17419,228888.0,228968.0,63.58,63.602222222222224,5,1,0.022222222222222223,63.58,63.602222222222224
17421,228942.0,229043.0,63.595,63.62305555555555,5,1,0.028055555555555556,63.595,63.62305555555555
17422,229017.0,258759.58566978,63.615833333333335,71.87766268605,2,8,59.76444444444444,63.615833333333335,72.12833333333333
17423,229035.0,248283.06282723,63.62083333333333,68.96751745200834,1,8,34.52,63.62083333333333,68.97277777777778
17425,229057.0,229155.0,63.62694444444445,63.65416666666667,5,1,0.02722222222222222,63.62694444444445,63.65416666666667
17427,229218.0,229331.0,63.67166666666667,63.70305555555556,5,1,0.03138888888888889,63.67166666666667,63.70305555555556
17428,229221.0,229339.0,63.6725,63.70527777777778,5,1,0.03277777777777778,63.6725,63.70527777777778
17431,229340.0,229417.0,63.705555555555556,63.72694444444444,5,8,0.1711111111111111,63.705555555555556,63.72694444444444
17434,229423.0,229514.0,63.728611111111114,63.75388888888889,5,1,0.025277777777777777,63.728611111111114,63.75388888888889
17435,229427.0,229524.0,63.72972222222222,63.75666666666667,5,1,0.026944444444444444,63.72972222222222,63.75666666666667
17436,229492.0,229568.0,63.74777777777778,63.76888888888889,5,8,0.1688888888888889,63.74777777777778,63.76888888888889
17437,229601.0,229686.0,63.778055555555554,63.80166666666667,5,1,0.02361111111111111,63.778055555555554,63.80166666666667
17438,229605.0,229696.0,63.77916666666667,63.80444444444444,5,1,0.025277777777777777,63.77916666666667,63.80444444444444
17439,229749.0,229878.0,63.81916666666667,63.855,5,1,0.035833333333333335,63.81916666666667,63.855
17440,229752.0,229878.0,63.82,63.855,5,1,0.035,63.82,63.855
17445,230034.0,230124.0,63.89833333333333,63.92333333333333,5,1,0.025,63.89833333333333,63.92333333333333
17446,230050.0,230155.0,63.90277777777778,63.93194444444445,5,1,0.029166666666666667,63.90277777777778,63.93194444444445
17450,230237.0,230483.0,63.95472222222222,64.02305555555556,5,8,0.5466666666666666,63.95472222222222,64.02305555555556
17451,230242.0,230354.0,63.95611111111111,63.98722222222222,5,1,0.03111111111111111,63.95611111111111,63.98722222222222
17452,230246.0,230355.0,63.95722222222222,63.9875,5,1,0.03027777777777778,63.95722222222222,63.9875
17453,230252.0,230423.0,63.958888888888886,64.00638888888889,5,8,0.38,63.958888888888886,64.00638888888889
17456,230314.0,230509.0,63.97611111111111,64.03027777777778,5,8,0.43333333333333335,63.97611111111111,64.03027777777778
17460,230419.0,232159.0,64.00527777777778,64.48861111111111,5,8,3.8666666666666667,64.00527777777778,64.48861111111111
17462,230542.0,239855.0,64.03944444444444,66.62638888888888,5,8,20.695555555555554,64.03944444444444,66.62638888888888
17463,230554.0,230779.0,64.04277777777777,64.10527777777777,5,1,0.0625,64.04277777777777,64.10527777777777
17465,230943.0,231180.0,64.15083333333334,64.21666666666667,5,1,0.06583333333333333,64.15083333333334,64.21666666666667
17468,231164.0,231781.0,64.21222222222222,64.38361111111111,5,1,0.1713888888888889,64.21222222222222,64.38361111111111
17469,231610.0,231651.0,64.33611111111111,64.3475,5,1,0.01138888888888889,64.33611111111111,64.3475
17471,231859.0,317847.0,64.40527777777778,88.29083333333334,5,8,191.08444444444444,64.40527777777778,88.29083333333334
17472,231922.0,233670.0,64.42277777777778,64.90833333333333,5,1,0.4855555555555556,64.42277777777778,64.90833333333333
17473,232177.0,232413.0,64.49361111111111,64.55916666666667,5,1,0.06555555555555556,64.49361111111111,64.55916666666667
17474,232210.0,232284.0,64.50277777777778,64.52333333333333,5,1,0.020555555555555556,64.50277777777778,64.52333333333333
17476,232395.0,232463.0,64.55416666666666,64.57305555555556,5,1,0.01888888888888889,64.55416666666666,64.57305555555556
17478,232535.0,232618.0,64.59305555555555,64.61611111111111,5,1,0.023055555555555555,64.59305555555555,64.61611111111111
17485,233442.0,233588.0,64.845,64.88555555555556,5,1,0.04055555555555555,64.845,64.88555555555556
17486,233679.0,234241.0,64.91083333333333,65.06694444444445,5,1,0.15611111111111112,64.91083333333333,65.06694444444445
17487,233740.0,233818.0,64.92777777777778,64.94944444444444,5,8,0.17333333333333334,64.92777777777778,64.94944444444444
17488,233892.0,233960.0,64.97,64.9888888888889,5,8,0.1511111111111111,64.97,64.9888888888889
17491,233965.0,235741.0,64.99027777777778,65.48361111111112,5,1,0.49333333333333335,64.99027777777778,65.48361111111112
17493,234066.0,234138.0,65.01833333333333,65.03833333333333,5,1,0.02,65.01833333333333,65.03833333333333
17494,234174.0,234282.0,65.04833333333333,65.07833333333333,5,1,0.03,65.04833333333333,65.07833333333333
17495,234259.0,240251.2513089,65.07194444444444,66.73645869691667,1,8,10.746666666666666,65.07194444444444,66.80305555555556
17496,234296.0,234401.0,65.08222222222223,65.11138888888888,5,1,0.029166666666666667,65.08222222222223,65.11138888888888
17497,234340.0,234406.0,65.09444444444445,65.11277777777778,5,1,0.018333333333333333,65.09444444444445,65.11277777777778
17498,234411.0,235272.0,65.11416666666666,65.35333333333334,5,1,0.23916666666666667,65.11416666666666,65.35333333333334
17499,234414.0,234505.0,65.115,65.14027777777778,5,1,0.025277777777777777,65.115,65.14027777777778
17502,234491.0,234583.0,65.13638888888889,65.16194444444444,5,1,0.025555555555555557,65.13638888888889,65.16194444444444
17503,234563.0,234651.0,65.15638888888888,65.18083333333334,5,1,0.024444444444444446,65.15638888888888,65.18083333333334
17505,234585.0,235172.0,65.1625,65.32555555555555,5,1,0.16305555555555556,65.1625,65.32555555555555
17506,234659.0,234761.0,65.18305555555555,65.21138888888889,5,1,0.028333333333333332,65.18305555555555,65.21138888888889
17507,234714.0,234994.0,65.19833333333334,65.2761111111111,5,1,0.07777777777777778,65.19833333333334,65.2761111111111
17508,234750.0,234835.0,65.20833333333333,65.23194444444445,5,1,0.02361111111111111,65.20833333333333,65.23194444444445
17509,234756.0,243745.0,65.21,67.70694444444445,5,8,19.975555555555555,65.21,67.70694444444445
17513,234877.0,234969.0,65.24361111111111,65.26916666666666,5,1,0.025555555555555557,65.24361111111111,65.26916666666666
17514,234954.0,235038.0,65.265,65.28833333333333,5,1,0.023333333333333334,65.265,65.28833333333333
17516,235002.0,235296.0,65.27833333333334,65.36,5,1,0.08166666666666667,65.27833333333334,65.36
17517,235030.0,235119.0,65.28611111111111,65.31083333333333,5,1,0.024722222222222222,65.28611111111111,65.31083333333333
17518,235112.0,235207.0,65.30888888888889,65.33527777777778,5,1,0.02638888888888889,65.30888888888889,65.33527777777778
17519,235188.0,235221.0,65.33,65.33916666666667,5,1,0.009166666666666667,65.33,65.33916666666667
17521,235224.0,235335.0,65.34,65.37083333333334,5,1,0.030833333333333334,65.34,65.37083333333334
17524,235313.0,235407.0,65.36472222222223,65.39083333333333,5,1,0.026111111111111113,65.36472222222223,65.39083333333333
17525,235392.0,235492.0,65.38666666666667,65.41444444444444,5,1,0.027777777777777776,65.38666666666667,65.41444444444444
17526,235445.0,236085.0,65.40138888888889,65.57916666666667,5,1,0.17777777777777778,65.40138888888889,65.57916666666667
17527,235569.0,235688.0,65.43583333333333,65.46888888888888,5,1,0.03305555555555555,65.43583333333333,65.46888888888888
17528,235573.0,235689.0,65.43694444444445,65.46916666666667,5,1,0.03222222222222222,65.43694444444445,65.46916666666667
17532,235903.0,242744.0,65.5286111111111,67.42888888888889,5,1,1.9002777777777777,65.5286111111111,67.42888888888889
17533,235954.0,236079.0,65.54277777777777,65.5775,5,1,0.034722222222222224,65.54277777777777,65.5775
17534,235957.0,236079.0,65.5436111111111,65.5775,5,1,0.03388888888888889,65.5436111111111,65.5775
17538,236180.0,236301.0,65.60555555555555,65.63916666666667,5,1,0.03361111111111111,65.60555555555555,65.63916666666667
17539,236188.0,236301.0,65.60777777777778,65.63916666666667,5,1,0.03138888888888889,65.60777777777778,65.63916666666667
17540,236225.0,236439.0,65.61805555555556,65.6775,5,1,0.059444444444444446,65.61805555555556,65.6775
17541,236461.0,236603.0,65.6836111111111,65.72305555555556,5,1,0.03944444444444444,65.6836111111111,65.72305555555556
17542,236464.0,236603.0,65.68444444444444,65.72305555555556,5,1,0.03861111111111111,65.68444444444444,65.72305555555556
17544,236630.0,236829.0,65.73055555555555,65.78583333333333,5,1,0.05527777777777778,65.73055555555555,65.78583333333333
17545,236681.0,236801.0,65.74472222222222,65.77805555555555,5,1,0.03333333333333333,65.74472222222222,65.77805555555555
17546,236685.0,236801.0,65.74583333333334,65.77805555555555,5,1,0.03222222222222222,65.74583333333334,65.77805555555555
17547,236746.0,236820.0,65.76277777777777,65.78333333333333,5,8,0.16444444444444445,65.76277777777777,65.78333333333333
17548,236832.0,237016.0,65.78666666666666,65.83777777777777,5,8,0.4088888888888889,65.78666666666666,65.83777777777777
17549,236949.0,237015.0,65.81916666666666,65.8375,5,8,0.14666666666666667,65.81916666666666,65.8375
17550,237209.0,237280.0,65.89138888888888,65.91111111111111,5,8,0.15777777777777777,65.89138888888888,65.91111111111111
17551,237327.0,237405.0,65.92416666666666,65.94583333333334,5,1,0.021666666666666667,65.92416666666666,65.94583333333334
17552,237364.0,237553.0,65.93444444444444,65.98694444444445,5,1,0.0525,65.93444444444444,65.98694444444445
17553,237419.0,237596.0,65.94972222222222,65.99888888888889,5,8,0.3933333333333333,65.94972222222222,65.99888888888889
17554,237477.0,238058.0,65.96583333333334,66.12722222222222,5,1,0.1613888888888889,65.96583333333334,66.12722222222222
17555,237692.0,237779.0,66.02555555555556,66.04972222222223,5,1,0.024166666666666666,66.02555555555556,66.04972222222223
17556,237722.0,237844.0,66.0338888888889,66.06777777777778,5,1,0.03388888888888889,66.0338888888889,66.06777777777778
17559,237888.0,237967.0,66.08,66.10194444444444,5,1,0.021944444444444444,66.08,66.10194444444444
17560,237894.0,237999.0,66.08166666666666,66.11083333333333,5,1,0.029166666666666667,66.08166666666666,66.11083333333333
17561,238005.0,238660.0,66.1125,66.29444444444445,5,1,0.18194444444444444,66.1125,66.29444444444445
17562,238035.0,238107.0,66.12083333333334,66.14083333333333,5,1,0.02,66.12083333333334,66.14083333333333
17563,238179.0,238274.0,66.16083333333333,66.18722222222222,5,1,0.02638888888888889,66.16083333333333,66.18722222222222
17564,238200.0,238335.0,66.16666666666667,66.20416666666667,5,1,0.0375,66.16666666666667,66.20416666666667
17565,238452.0,238571.0,66.23666666666666,66.26972222222223,5,1,0.03305555555555555,66.23666666666666,66.26972222222223
17568,238791.0,239452.0,66.33083333333333,66.51444444444445,5,1,0.1836111111111111,66.33083333333333,66.51444444444445
17570,238870.0,239031.0,66.35277777777777,66.3975,5,1,0.04472222222222222,66.35277777777777,66.3975
17571,238957.0,254695.0,66.37694444444445,70.74861111111112,5,8,34.973333333333336,66.37694444444445,70.74861111111112
17572,239046.0,239157.0,66.40166666666667,66.4325,5,1,0.030833333333333334,66.40166666666667,66.4325
17573,239293.0,239430.0,66.47027777777778,66.50833333333334,5,1,0.03805555555555556,66.47027777777778,66.50833333333334
17574,239443.0,239593.0,66.51194444444444,66.55361111111111,5,1,0.041666666666666664,66.51194444444444,66.55361111111111
17576,240090.0,273174.0,66.69166666666666,75.88166666666666,5,16,147.04,66.69166666666666,75.88166666666666
17578,240223.0,240406.0,66.7286111111111,66.77944444444445,5,1,0.050833333333333335,66.7286111111111,66.77944444444445
17579,240271.0,240350.0,66.74194444444444,66.76388888888889,5,8,0.17555555555555555,66.74194444444444,66.76388888888889
17581,240527.0,240664.0,66.81305555555555,66.85111111111111,5,1,0.03805555555555556,66.81305555555555,66.85111111111111
17585,240907.0,241079.0,66.9186111111111,66.96638888888889,5,1,0.04777777777777778,66.9186111111111,66.96638888888889
17586,240987.0,241062.0,66.94083333333333,66.96166666666667,5,8,0.16666666666666666,66.94083333333333,66.96166666666667
17587,240994.0,250701.0,66.94277777777778,69.63916666666667,5,8,21.57111111111111,66.94277777777778,69.63916666666667
17588,241158.0,241201.0,66.98833333333333,67.00027777777778,5,1,0.011944444444444445,66.98833333333333,67.00027777777778
17591,241526.0,243241.0,67.09055555555555,67.56694444444445,5,1,0.47638888888888886,67.09055555555555,67.56694444444445
17592,241591.0,241712.0,67.10861111111112,67.14222222222222,5,1,0.03361111111111111,67.10861111111112,67.14222222222222
17594,241911.0,242070.0,67.1975,67.24166666666666,5,1,0.04416666666666667,67.1975,67.24166666666666
17595,241917.0,241919.0,67.19916666666667,67.19972222222222,5,1,0.0005555555555555556,67.19916666666667,67.19972222222222
17596,242056.0,242115.0,67.23777777777778,67.25416666666666,5,8,0.13111111111111112,67.23777777777778,67.25416666666666
17598,242106.0,242236.0,67.25166666666667,67.28777777777778,5,1,0.03611111111111111,67.25166666666667,67.28777777777778
17599,242293.0,242419.0,67.30361111111111,67.3386111111111,5,1,0.035,67.30361111111111,67.3386111111111
17600,242314.0,242363.0,67.30944444444444,67.32305555555556,5,8,0.10888888888888888,67.30944444444444,67.32305555555556
17601,242328.0,242372.0,67.31333333333333,67.32555555555555,5,1,0.012222222222222223,67.31333333333333,67.32555555555555
17602,242436.0,242513.0,67.34333333333333,67.36472222222223,5,8,0.1711111111111111,67.34333333333333,67.36472222222223
17603,242530.0,242581.0,67.36944444444444,67.38361111111111,5,1,0.014166666666666666,67.36944444444444,67.38361111111111
17605,242563.0,242636.0,67.37861111111111,67.39888888888889,5,8,0.1622222222222222,67.37861111111111,67.39888888888889
17606,242690.0,242761.0,67.41388888888889,67.4336111111111,5,8,0.15777777777777777,67.41388888888889,67.4336111111111
17607,242851.0,296079.0,67.45861111111111,82.24416666666667,5,8,118.28444444444445,67.45861111111111,82.24416666666667
17608,242950.0,295785.0,67.48611111111111,82.1625,5,8,117.41111111111111,67.48611111111111,82.1625
17611,243492.0,243550.0,67.63666666666667,67.65277777777777,5,1,0.01611111111111111,67.63666666666667,67.65277777777777
17615,243613.0,264974.0,67.67027777777778,73.60388888888889,5,8,47.46888888888889,67.67027777777778,73.60388888888889
17616,243631.0,243749.0,67.67527777777778,67.70805555555556,5,1,0.03277777777777778,67.67527777777778,67.70805555555556
17617,243754.0,243872.0,67.70944444444444,67.74222222222222,5,1,0.03277777777777778,67.70944444444444,67.74222222222222
17619,244091.0,244218.0,67.80305555555556,67.83833333333334,5,1,0.035277777777777776,67.80305555555556,67.83833333333334
17623,244379.0,244536.0,67.88305555555556,67.92666666666666,5,1,0.043611111111111114,67.88305555555556,67.92666666666666
17627,244848.0,411865.0,68.01333333333334,114.40694444444445,5,4,185.57444444444445,68.01333333333334,114.40694444444445
17628,244933.0,245102.0,68.03694444444444,68.0838888888889,5,8,0.37555555555555553,68.03694444444444,68.0838888888889
17629,244959.0,245157.0,68.04416666666667,68.09916666666666,5,1,0.055,68.04416666666667,68.09916666666666
17630,244980.0,309680.0,68.05,86.02222222222223,5,4,71.88888888888889,68.05,86.11861111111111
17631,245345.0,245495.0,68.15138888888889,68.19305555555556,5,1,0.041666666666666664,68.15138888888889,68.19305555555556
17633,245398.0,245563.0,68.1661111111111,68.21194444444444,5,8,0.36666666666666664,68.1661111111111,68.21194444444444
17639,245806.0,245909.0,68.27944444444445,68.30805555555555,5,1,0.02861111111111111,68.27944444444445,68.30805555555555
17641,246007.0,309118.47975078,68.33527777777778,85.86624437521667,2,8,126.81555555555556,68.33527777777778,85.94444444444444
17643,246085.0,246240.0,68.35694444444445,68.4,5,8,0.34444444444444444,68.35694444444445,68.4
17645,246361.0,246398.0,68.4336111111111,68.44388888888889,5,1,0.010277777777777778,68.4336111111111,68.44388888888889
17647,246443.0,246512.0,68.4563888888889,68.47555555555556,5,8,0.15333333333333332,68.4563888888889,68.47555555555556
17649,246576.0,248374.0,68.49333333333334,68.99277777777777,5,1,0.49944444444444447,68.49333333333334,68.99277777777777
17650,246647.0,254613.12565445,68.51305555555555,70.72586823734723,1,1,1.7858333333333334,68.51305555555555,70.76277777777777
17651,246662.0,263771.42222222,68.51722222222222,73.26983950617222,3,1,4.5183333333333335,68.51722222222222,73.49527777777777
17652,246763.0,246927.0,68.54527777777778,68.59083333333334,5,1,0.04555555555555556,68.54527777777778,68.59083333333334
17656,247420.0,256424.0,68.72777777777777,71.22888888888889,5,8,20.00888888888889,68.72777777777777,71.22888888888889
17663,248211.0,248250.0,68.9475,68.95833333333333,5,1,0.010833333333333334,68.9475,68.95833333333333
17665,248342.0,248378.0,68.98388888888888,68.99388888888889,5,1,0.01,68.98388888888888,68.99388888888889
17666,248676.0,248723.0,69.07666666666667,69.08972222222222,5,1,0.013055555555555556,69.07666666666667,69.08972222222222
17673,249979.0,391047.0,69.43861111111111,108.62416666666667,5,1,39.18555555555555,69.43861111111111,108.62416666666667
17675,250474.0,254997.0,69.57611111111112,70.8325,5,1,1.256388888888889,69.57611111111112,70.8325
17676,250492.0,255760.0,69.58111111111111,71.04444444444445,5,1,1.4633333333333334,69.58111111111111,71.04444444444445
17677,250494.0,251087.0,69.58166666666666,69.74638888888889,5,1,0.16472222222222221,69.58166666666666,69.74638888888889
17678,250507.0,254616.0,69.58527777777778,70.72666666666667,5,1,1.1413888888888888,69.58527777777778,70.72666666666667
17679,250527.0,254854.0,69.59083333333334,70.79277777777777,5,1,1.2019444444444445,69.59083333333334,70.79277777777777
17683,250629.0,250703.0,69.61916666666667,69.63972222222222,5,1,0.020555555555555556,69.61916666666667,69.63972222222222
17685,250682.0,256212.0,69.63388888888889,71.17,5,1,1.5361111111111112,69.63388888888889,71.17
17688,251146.0,251326.0,69.76277777777777,69.81277777777778,5,1,0.05,69.76277777777777,69.81277777777778
17690,251414.0,251565.0,69.83722222222222,69.87916666666666,5,1,0.041944444444444444,69.83722222222222,69.87916666666666
17691,251592.0,251702.0,69.88666666666667,69.91722222222222,5,1,0.030555555555555555,69.88666666666667,69.91722222222222
17693,251705.0,252446.0,69.91805555555555,70.12388888888889,5,8,1.6466666666666667,69.91805555555555,70.12388888888889
17694,251974.0,256466.0,69.99277777777777,71.24055555555556,5,8,9.982222222222223,69.99277777777777,71.24055555555556
17696,252160.0,252275.0,70.04444444444445,70.07638888888889,5,1,0.03194444444444444,70.04444444444445,70.07638888888889
17698,252426.0,261502.0,70.11833333333334,72.63944444444445,5,8,20.16888888888889,70.11833333333334,72.63944444444445
17699,252516.0,253327.0,70.14333333333333,70.36861111111111,5,1,0.22527777777777777,70.14333333333333,70.36861111111111
17702,252627.0,252738.0,70.17416666666666,70.205,5,1,0.030833333333333334,70.17416666666666,70.205
17703,252803.0,252891.0,70.22305555555556,70.2475,5,1,0.024444444444444446,70.22305555555556,70.2475
17705,253055.0,253650.0,70.29305555555555,70.45833333333333,5,1,0.16527777777777777,70.29305555555555,70.45833333333333
17709,253680.0,253744.0,70.46666666666667,70.48444444444445,5,1,0.017777777777777778,70.46666666666667,70.48444444444445
17710,253736.0,254599.0,70.48222222222222,70.72194444444445,5,8,1.9177777777777778,70.48222222222222,70.72194444444445
17711,253897.0,254430.0,70.52694444444444,70.675,5,1,0.14805555555555555,70.52694444444444,70.675
17712,253960.0,254039.0,70.54444444444445,70.5663888888889,5,1,0.021944444444444444,70.54444444444445,70.5663888888889
17715,254119.0,254206.0,70.5886111111111,70.61277777777778,5,1,0.024166666666666666,70.5886111111111,70.61277777777778
17716,254269.0,254435.0,70.63027777777778,70.6763888888889,5,8,0.3688888888888889,70.63027777777778,70.6763888888889
17717,254467.0,254533.0,70.68527777777778,70.70361111111112,5,1,0.018333333333333333,70.68527777777778,70.70361111111112
17718,254470.0,254548.0,70.68611111111112,70.70777777777778,5,1,0.021666666666666667,70.68611111111112,70.70777777777778
17719,254472.0,254548.0,70.68666666666667,70.70777777777778,5,1,0.021111111111111112,70.68666666666667,70.70777777777778
17720,254616.0,258730.0,70.72666666666667,71.86944444444444,5,1,1.1427777777777777,70.72666666666667,71.86944444444444
17721,254854.0,258973.0,70.79277777777777,71.93694444444445,5,1,1.1441666666666668,70.79277777777777,71.93694444444445
17722,254892.0,254978.0,70.80333333333333,70.82722222222222,5,1,0.02388888888888889,70.80333333333333,70.82722222222222
17723,254897.0,254975.0,70.80472222222222,70.82638888888889,5,1,0.021666666666666667,70.80472222222222,70.82638888888889
17724,254899.0,254975.0,70.80527777777777,70.82638888888889,5,1,0.021111111111111112,70.80527777777777,70.82638888888889
17725,254963.0,255770.0,70.82305555555556,71.04722222222222,5,8,1.7933333333333332,70.82305555555556,71.04722222222222
17726,254997.0,259593.0,70.8325,72.10916666666667,5,1,1.2766666666666666,70.8325,72.10916666666667
17729,255404.0,255483.0,70.94555555555556,70.9675,5,1,0.021944444444444444,70.94555555555556,70.9675
17730,255408.0,255490.0,70.94666666666667,70.96944444444445,5,1,0.02277777777777778,70.94666666666667,70.96944444444445
17731,255411.0,255490.0,70.9475,70.96944444444445,5,1,0.021944444444444444,70.9475,70.96944444444445
17732,255544.0,255628.0,70.98444444444445,71.00777777777778,5,1,0.023333333333333334,70.98444444444445,71.00777777777778
17733,255548.0,255628.0,70.98555555555555,71.00777777777778,5,1,0.022222222222222223,70.98555555555555,71.00777777777778
17734,255550.0,255617.0,70.98611111111111,71.00472222222223,5,1,0.01861111111111111,70.98611111111111,71.00472222222223
17735,255608.0,256106.0,71.00222222222222,71.14055555555555,5,1,0.13833333333333334,71.00222222222222,71.14055555555555
17736,255676.0,255848.0,71.02111111111111,71.06888888888889,5,8,0.38222222222222224,71.02111111111111,71.06888888888889
17737,255760.0,260878.0,71.04444444444445,72.4661111111111,5,1,1.4216666666666666,71.04444444444445,72.4661111111111
17739,256056.0,259683.0,71.12666666666667,72.13416666666667,5,1,1.0075,71.12666666666667,72.13416666666667
17740,256212.0,261704.0,71.17,72.69555555555556,5,1,1.5255555555555556,71.17,72.69555555555556
17743,256472.0,260836.0,71.24222222222222,72.45444444444445,5,8,9.697777777777778,71.24222222222222,72.45444444444445
17745,256903.0,257762.0,71.36194444444445,71.60055555555556,5,1,0.2386111111111111,71.36194444444445,71.60055555555556
17748,258258.0,274933.00740741,71.73833333333333,76.37027983539167,3,8,35.22888888888889,71.73833333333333,76.53194444444445
17749,258730.0,263150.0,71.86944444444444,73.09722222222223,5,1,1.2277777777777779,71.86944444444444,73.09722222222223
17750,258973.0,263486.0,71.93694444444445,73.19055555555556,5,1,1.253611111111111,71.93694444444445,73.19055555555556
17752,259593.0,264276.0,72.10916666666667,73.41,5,1,1.3008333333333333,72.10916666666667,73.41
17754,260487.0,260657.0,72.3575,72.40472222222222,5,1,0.04722222222222222,72.3575,72.40472222222222
17755,260843.0,265306.0,72.4563888888889,73.69611111111111,5,8,9.917777777777777,72.4563888888889,73.69611111111111
17756,260878.0,266304.0,72.4661111111111,73.97333333333333,5,1,1.5072222222222222,72.4661111111111,73.97333333333333
17757,261284.0,261516.24299065,72.57888888888888,72.64340083073611,2,16,0.9333333333333333,72.57888888888888,72.64416666666666
17759,261704.0,267129.0,72.69555555555556,74.2025,5,1,1.5069444444444444,72.69555555555556,74.2025
17760,262454.0,443213.0,72.90388888888889,123.11472222222223,5,32,1606.7466666666667,72.90388888888889,123.11472222222223
17764,264092.0,310595.894081,73.35888888888888,86.27663724472222,2,16,186.88888888888889,73.35888888888888,86.75888888888889
17765,265312.0,269961.0,73.69777777777777,74.98916666666666,5,8,10.331111111111111,73.69777777777777,74.98916666666666
17770,269968.0,274639.0,74.99111111111111,76.28861111111111,5,8,10.38,74.99111111111111,76.28861111111111
17771,274800.0,274929.0,76.33333333333333,76.36916666666667,5,1,0.035833333333333335,76.33333333333333,76.36916666666667
17772,274940.0,275066.0,76.37222222222222,76.40722222222222,5,1,0.035,76.37222222222222,76.40722222222222
17773,275081.0,275212.0,76.4113888888889,76.44777777777777,5,1,0.03638888888888889,76.4113888888889,76.44777777777777
17774,275222.0,275341.0,76.45055555555555,76.48361111111112,5,1,0.03305555555555555,76.45055555555555,76.48361111111112
17775,275430.0,275555.0,76.50833333333334,76.54305555555555,5,1,0.034722222222222224,76.50833333333334,76.54305555555555
17776,275590.0,275707.0,76.55277777777778,76.58527777777778,5,1,0.0325,76.55277777777778,76.58527777777778
17789,290446.0,366373.0,80.67944444444444,101.77027777777778,5,8,168.72666666666666,80.67944444444444,101.77027777777778
17791,290549.0,316695.0,80.70805555555556,87.97083333333333,5,8,58.102222222222224,80.70805555555556,87.97083333333333
17792,290576.0,317011.0,80.71555555555555,88.0586111111111,5,8,58.74444444444445,80.71555555555555,88.0586111111111
17793,290625.0,317295.0,80.72916666666667,88.1375,5,8,59.266666666666666,80.72916666666667,88.1375
17794,290671.0,316696.0,80.74194444444444,87.97111111111111,5,8,57.833333333333336,80.74194444444444,87.97111111111111
17795,290866.0,292649.0,80.79611111111112,81.29138888888889,5,8,3.962222222222222,80.79611111111112,81.29138888888889
17796,291340.0,291941.0,80.92777777777778,81.09472222222222,5,1,0.16694444444444445,80.92777777777778,81.09472222222222
17797,292043.0,317879.0,81.12305555555555,88.29972222222223,5,8,57.413333333333334,81.12305555555555,88.29972222222223
17798,292511.0,293072.0,81.25305555555556,81.4088888888889,5,1,0.15583333333333332,81.25305555555556,81.4088888888889
17799,292532.0,292725.0,81.25888888888889,81.3125,5,16,0.8577777777777778,81.25888888888889,81.3125
17800,292655.0,294420.0,81.29305555555555,81.78333333333333,5,8,3.922222222222222,81.29305555555555,81.78333333333333
17802,292935.0,293133.0,81.37083333333334,81.42583333333333,5,16,0.88,81.37083333333334,81.42583333333333
17803,293422.0,293992.0,81.50611111111111,81.66444444444444,5,1,0.15833333333333333,81.50611111111111,81.66444444444444
17804,293914.0,294347.0,81.64277777777778,81.76305555555555,5,8,0.9622222222222222,81.64277777777778,81.76305555555555
17805,294366.0,294975.0,81.76833333333333,81.9375,5,1,0.16916666666666666,81.76833333333333,81.9375
17806,294427.0,296262.0,81.78527777777778,82.295,5,8,4.0777777777777775,81.78527777777778,82.295
17807,294530.0,294876.0,81.81388888888888,81.91,5,8,0.7688888888888888,81.81388888888888,81.91
17811,295183.0,295772.0,81.99527777777777,82.1588888888889,5,1,0.16361111111111112,81.99527777777777,82.1588888888889
17813,295358.0,295699.0,82.04388888888889,82.13861111111112,5,8,0.7577777777777778,82.04388888888889,82.13861111111112
17814,295528.0,295732.0,82.0911111111111,82.14777777777778,5,16,0.9066666666666666,82.0911111111111,82.14777777777778
17816,295931.0,296503.0,82.20305555555555,82.36194444444445,5,1,0.15888888888888889,82.20305555555555,82.36194444444445
17817,296163.0,334342.0,82.2675,92.87277777777778,5,16,169.68444444444444,82.2675,92.87277777777778
17818,296343.0,499396.0,82.3175,138.7211111111111,5,1,56.40361111111111,82.3175,138.7211111111111
17820,296679.0,296746.0,82.41083333333333,82.42944444444444,5,8,0.14888888888888888,82.41083333333333,82.42944444444444
17821,296731.0,299858.46945899,82.42527777777778,83.29401929416389,1,1,0.7011111111111111,82.42527777777778,83.30027777777778
17822,296958.0,297092.0,82.48833333333333,82.52555555555556,5,8,0.29777777777777775,82.48833333333333,82.52555555555556
17823,297087.0,350615.0,82.52416666666667,97.39305555555555,5,8,118.95111111111112,82.52416666666667,97.39305555555555
17825,297096.0,297170.0,82.52666666666667,82.54722222222222,5,8,0.16444444444444445,82.52666666666667,82.54722222222222
17830,297239.0,349962.0,82.5663888888889,97.21166666666667,5,8,117.16222222222223,82.5663888888889,97.21166666666667
17832,297298.0,297307.0,82.58277777777778,82.58527777777778,5,1,0.0025,82.58277777777778,82.58527777777778
17833,297325.0,297509.0,82.59027777777777,82.64138888888888,5,1,0.051111111111111114,82.59027777777777,82.64138888888888
17839,297502.0,300871.09249564,82.63944444444445,83.57530347101111,1,8,6.042222222222223,82.63944444444445,83.95694444444445
17840,297643.0,297648.0,82.67861111111111,82.68,5,1,0.001388888888888889,82.67861111111111,82.68
17841,297647.0,297721.0,82.67972222222222,82.70027777777777,5,8,0.16444444444444445,82.67972222222222,82.70027777777777
17842,297701.0,297785.0,82.69472222222223,82.71805555555555,5,8,0.18666666666666668,82.69472222222223,82.71805555555555
17844,297830.0,297887.0,82.73055555555555,82.74638888888889,5,8,0.12666666666666668,82.73055555555555,82.74638888888889
17845,297832.0,297927.0,82.7311111111111,82.7575,5,8,0.2111111111111111,82.7311111111111,82.7575
17847,297997.0,350637.0,82.77694444444444,97.39916666666667,5,8,116.97777777777777,82.77694444444444,97.39916666666667
17854,298528.0,299354.0,82.92444444444445,83.15388888888889,5,1,0.22944444444444445,82.92444444444445,83.15388888888889
17855,298557.0,298727.0,82.9325,82.97972222222222,5,1,0.04722222222222222,82.9325,82.97972222222222
17860,298782.0,298960.0,82.995,83.04444444444445,5,1,0.049444444444444444,82.995,83.04444444444445
17863,299065.0,299239.0,83.0736111111111,83.12194444444444,5,1,0.04833333333333333,83.0736111111111,83.12194444444444
17865,299301.0,299472.0,83.13916666666667,83.18666666666667,5,1,0.0475,83.13916666666667,83.18666666666667
17868,299505.0,299672.0,83.19583333333334,83.24222222222222,5,1,0.04638888888888889,83.19583333333334,83.24222222222222
17869,299514.0,299903.0,83.19833333333334,83.30638888888889,5,8,0.8644444444444445,83.19833333333334,83.30638888888889
17870,299515.0,305424.0,83.1986111111111,84.84,5,1,1.6413888888888888,83.1986111111111,84.84
17872,299525.0,562561.59259259,83.20138888888889,156.26710905349722,3,16,1111.4222222222222,83.20138888888889,157.6147222222222
17875,299818.0,303477.0,83.28277777777778,84.29916666666666,5,1,1.0163888888888888,83.28277777777778,84.29916666666666
17876,299821.0,300348.0,83.28361111111111,83.43,5,1,0.1463888888888889,83.28361111111111,83.43
17877,299897.0,300075.0,83.30472222222222,83.35416666666667,5,1,0.049444444444444444,83.30472222222222,83.35416666666667
17878,299903.0,300225.0,83.30638888888889,83.39583333333333,5,8,0.7155555555555555,83.30638888888889,83.39583333333333
17880,300132.0,503131.0,83.37,139.75861111111112,5,1,56.38861111111111,83.37,139.75861111111112
17881,300216.0,300225.0,83.39333333333333,83.39583333333333,5,1,0.0025,83.39333333333333,83.39583333333333
17882,300225.0,300563.0,83.39583333333333,83.48972222222223,5,8,0.7511111111111111,83.39583333333333,83.48972222222223
17885,300272.0,300441.0,83.4088888888889,83.45583333333333,5,1,0.04694444444444444,83.4088888888889,83.45583333333333
17886,300289.0,300301.0,83.41361111111111,83.41694444444444,5,1,0.0033333333333333335,83.41361111111111,83.41694444444444
17888,300386.0,300892.0,83.44055555555556,83.58111111111111,5,1,0.14055555555555554,83.44055555555556,83.58111111111111
17889,300413.0,305363.0,83.44805555555556,84.82305555555556,5,8,11.0,83.44805555555556,84.82305555555556
17890,300450.0,503680.0,83.45833333333333,139.9111111111111,5,1,56.452777777777776,83.45833333333333,139.9111111111111
17892,300563.0,300972.0,83.48972222222223,83.60333333333334,5,8,0.9088888888888889,83.48972222222223,83.60333333333334
17894,300873.0,343122.0,83.57583333333334,95.31166666666667,5,8,93.88666666666667,83.57583333333334,95.31166666666667
17896,300961.0,301104.0,83.60027777777778,83.64,5,1,0.03972222222222222,83.60027777777778,83.64
17897,300972.0,301361.0,83.60333333333334,83.71138888888889,5,8,0.8644444444444445,83.60333333333334,83.71138888888889
17900,301094.0,301284.0,83.63722222222222,83.69,5,1,0.05277777777777778,83.63722222222222,83.69
17901,301141.0,317615.0,83.65027777777777,88.22638888888889,5,8,36.60888888888889,83.65027777777777,88.22638888888889
17906,301313.0,313534.0,83.69805555555556,87.09277777777778,5,8,27.157777777777778,83.69805555555556,87.09277777777778
17907,301315.0,313555.0,83.6986111111111,87.09861111111111,5,8,27.2,83.6986111111111,87.09861111111111
17908,301360.0,310542.0,83.71111111111111,86.26166666666667,5,8,20.404444444444444,83.71111111111111,86.26166666666667
17909,301361.0,301736.0,83.71138888888889,83.81555555555556,5,8,0.8333333333333334,83.71138888888889,83.81555555555556
17911,301410.0,302323.0,83.725,83.9786111111111,5,1,0.2536111111111111,83.725,83.9786111111111
17915,301737.0,302052.0,83.81583333333333,83.90333333333334,5,8,0.7,83.81583333333333,83.90333333333334
17916,301747.0,301752.0,83.81861111111111,83.82,5,1,0.001388888888888889,83.81861111111111,83.82
17918,301881.0,302125.0,83.85583333333334,83.92361111111111,5,1,0.06777777777777778,83.85583333333334,83.92361111111111
17919,302052.0,302679.0,83.90333333333334,84.0775,5,8,1.3933333333333333,83.90333333333334,84.0775
17920,302192.0,302198.0,83.94222222222223,83.94388888888889,5,1,0.0016666666666666668,83.94222222222223,83.94388888888889
17922,302256.0,302261.0,83.96,83.96138888888889,5,1,0.001388888888888889,83.96,83.96138888888889
17923,302316.0,363351.80740741,83.97666666666667,100.93105761316944,3,8,128.9488888888889,83.97666666666667,101.24972222222222
17924,302326.0,302550.27574171,83.97944444444444,84.0417432615861,1,1,0.050277777777777775,83.97944444444444,85.86472222222223
17925,302346.0,350305.2834891,83.985,97.30702319141666,2,8,96.36888888888889,83.985,97.99055555555556
17927,302522.0,302607.0,84.0338888888889,84.0575,5,1,0.02361111111111111,84.0338888888889,84.0575
17928,302679.0,302852.0,84.0775,84.12555555555555,5,8,0.3844444444444444,84.0775,84.12555555555555
17930,302820.0,302829.0,84.11666666666666,84.11916666666667,5,1,0.0025,84.11666666666666,84.11916666666667
17931,302867.0,302872.0,84.12972222222223,84.13111111111111,5,1,0.001388888888888889,84.12972222222223,84.13111111111111
17932,303026.0,304622.0,84.17388888888888,84.61722222222222,5,1,0.44333333333333336,84.17388888888888,84.61722222222222
17933,304907.0,305039.0,84.69638888888889,84.73305555555555,5,1,0.03666666666666667,84.69638888888889,84.73305555555555
17934,305011.0,305072.0,84.72527777777778,84.74222222222222,5,16,0.27111111111111114,84.72527777777778,84.74222222222222
17935,305142.0,305280.0,84.76166666666667,84.8,5,1,0.03833333333333333,84.76166666666667,84.8
17936,305199.0,305394.0,84.7775,84.83166666666666,5,16,0.8666666666666667,84.7775,84.83166666666666
17937,305424.0,311296.0,84.84,86.47111111111111,5,1,1.6311111111111112,84.84,86.47111111111111
17938,305594.0,305654.0,84.88722222222222,84.90388888888889,5,16,0.26666666666666666,84.88722222222222,84.90388888888889
17940,305669.0,305854.0,84.90805555555555,84.95944444444444,5,1,0.05138888888888889,84.90805555555555,84.95944444444444
17941,305753.0,305876.0,84.93138888888889,84.96555555555555,5,1,0.034166666666666665,84.93138888888889,84.96555555555555
17942,305887.0,306076.0,84.96861111111112,85.02111111111111,5,16,0.84,84.96861111111112,85.02111111111111
17943,305953.0,306078.0,84.98694444444445,85.02166666666666,5,1,0.034722222222222224,84.98694444444445,85.02166666666666
17944,305967.0,306148.0,84.99083333333333,85.0411111111111,5,8,0.4022222222222222,84.99083333333333,85.0411111111111
17945,306005.0,306006.0,85.00138888888888,85.00166666666667,5,4,0.0011111111111111111,85.00138888888888,85.00166666666667
17946,306125.0,306248.0,85.03472222222223,85.06888888888889,5,1,0.034166666666666665,85.03472222222223,85.06888888888889
17947,306167.0,306280.0,85.04638888888888,85.07777777777778,5,1,0.03138888888888889,85.04638888888888,85.07777777777778
17948,306222.0,306277.0,85.06166666666667,85.07694444444445,5,16,0.24444444444444444,85.06166666666667,85.07694444444445
17950,306322.0,306444.0,85.08944444444444,85.12333333333333,5,1,0.03388888888888889,85.08944444444444,85.12333333333333
17952,306336.0,306397.0,85.09333333333333,85.11027777777778,5,16,0.27111111111111114,85.09333333333333,85.11027777777778
17953,306461.0,306462.0,85.12805555555556,85.12833333333333,5,4,0.0011111111111111111,85.12805555555556,85.12833333333333
17954,306484.0,306836.0,85.13444444444444,85.23222222222222,5,1,0.09777777777777778,85.13444444444444,85.23222222222222
17957,306611.0,306694.0,85.16972222222222,85.19277777777778,5,1,0.023055555555555555,85.16972222222222,85.19277777777778
17958,306703.0,306905.0,85.19527777777778,85.25138888888888,5,1,0.05611111111111111,85.19527777777778,85.25138888888888
17960,306851.0,306913.0,85.23638888888888,85.25361111111111,5,8,0.13777777777777778,85.23638888888888,85.25361111111111
17961,306970.0,336470.0,85.26944444444445,93.46388888888889,5,8,65.55555555555556,85.26944444444445,93.46388888888889
17962,306980.0,307045.0,85.27222222222223,85.29027777777777,5,8,0.14444444444444443,85.27222222222223,85.29027777777777
17966,307628.0,307702.0,85.45222222222222,85.47277777777778,5,1,0.020555555555555556,85.45222222222222,85.47277777777778
17967,307637.0,307646.0,85.45472222222222,85.45722222222223,5,1,0.0025,85.45472222222222,85.45722222222223
17968,307638.0,307960.0,85.455,85.54444444444445,5,8,0.7155555555555555,85.455,85.54444444444445
17969,307652.0,307654.0,85.4588888888889,85.45944444444444,5,1,0.0005555555555555556,85.4588888888889,85.45944444444444
17971,307782.0,313565.0,85.495,87.10138888888889,5,8,12.851111111111111,85.495,87.10138888888889
17972,307786.0,307851.0,85.4961111111111,85.51416666666667,5,1,0.018055555555555554,85.4961111111111,85.51416666666667
17974,308083.0,308154.0,85.57861111111112,85.59833333333333,5,1,0.01972222222222222,85.57861111111112,85.59833333333333
17977,308186.0,308323.0,85.60722222222222,85.64527777777778,5,1,0.03805555555555556,85.60722222222222,85.64527777777778
17979,308365.0,308505.0,85.65694444444445,85.69583333333334,5,1,0.03888888888888889,85.65694444444445,85.69583333333334
17981,308421.0,338497.0,85.6725,94.02694444444444,5,8,66.83555555555556,85.6725,94.02694444444444
17985,309181.0,309326.0,85.88361111111111,85.92388888888888,5,1,0.04027777777777778,85.88361111111111,85.92388888888888
17986,309387.0,309395.0,85.94083333333333,85.94305555555556,5,1,0.0022222222222222222,85.94083333333333,85.94305555555556
17987,309508.0,351167.0,85.97444444444444,97.54638888888888,5,16,185.1511111111111,85.97444444444444,97.54638888888888
17991,310087.0,310271.0,86.13527777777777,86.18638888888889,5,1,0.051111111111111114,86.13527777777777,86.18638888888889
17994,310235.0,310441.0,86.1763888888889,86.23361111111112,5,1,0.05722222222222222,86.1763888888889,86.23361111111112
17997,310414.0,352472.0,86.22611111111111,97.9088888888889,5,8,93.46222222222222,86.22611111111111,97.9088888888889
17998,310421.0,310561.0,86.22805555555556,86.26694444444445,5,1,0.03888888888888889,86.22805555555556,86.26694444444445
17999,310651.0,310659.0,86.29194444444444,86.29416666666667,5,1,0.0022222222222222222,86.29194444444444,86.29416666666667
18000,310676.0,310755.0,86.29888888888888,86.32083333333334,5,1,0.021944444444444444,86.29888888888888,86.32083333333334
18001,310724.0,310843.0,86.31222222222222,86.34527777777778,5,1,0.03305555555555555,86.31222222222222,86.34527777777778
18004,310919.0,311058.0,86.36638888888889,86.405,5,1,0.03861111111111111,86.36638888888889,86.405
18008,311169.0,311300.0,86.43583333333333,86.47222222222223,5,1,0.03638888888888889,86.43583333333333,86.47222222222223
18012,311852.0,312187.0,86.62555555555555,86.71861111111112,5,1,0.09305555555555556,86.62555555555555,86.71861111111112
18013,312002.0,312234.94938918,86.66722222222222,86.73193038588333,1,8,0.4177777777777778,86.66722222222222,86.73583333333333
18014,312208.0,312558.0,86.72444444444444,86.82166666666667,5,1,0.09722222222222222,86.72444444444444,86.82166666666667
18015,312454.0,312910.0,86.79277777777777,86.91944444444445,5,8,1.0133333333333334,86.79277777777777,86.91944444444445
18019,312912.0,313106.0,86.92,86.9738888888889,5,16,0.8622222222222222,86.92,86.9738888888889
18020,312974.0,313029.0,86.93722222222222,86.9525,5,1,0.015277777777777777,86.93722222222222,86.9525
18022,313072.0,313275.0,86.96444444444444,87.02083333333333,5,1,0.05638888888888889,86.96444444444444,87.02083333333333
18024,313139.0,313201.0,86.98305555555555,87.00027777777778,5,8,0.13777777777777778,86.98305555555555,87.00027777777778
18027,313294.0,313493.0,87.0261111111111,87.0813888888889,5,1,0.05527777777777778,87.0261111111111,87.0813888888889
18028,313329.0,313338.0,87.03583333333333,87.03833333333333,5,1,0.0025,87.03583333333333,87.03833333333333
18029,313355.0,561867.0,87.04305555555555,156.07416666666666,5,8,552.2488888888889,87.04305555555555,156.07416666666666
18030,313369.0,313381.0,87.04694444444445,87.05027777777778,5,1,0.0033333333333333335,87.04694444444445,87.05027777777778
18031,313389.0,313391.0,87.0525,87.05305555555556,5,1,0.0005555555555555556,87.0525,87.05305555555556
18033,313428.0,313540.0,87.06333333333333,87.09444444444445,5,1,0.03111111111111111,87.06333333333333,87.09444444444445
18034,313547.0,313656.0,87.0963888888889,87.12666666666667,5,1,0.03027777777777778,87.0963888888889,87.12666666666667
18035,313571.0,313761.0,87.10305555555556,87.15583333333333,5,1,0.05277777777777778,87.10305555555556,87.15583333333333
18038,313740.0,313963.0,87.15,87.21194444444444,5,1,0.06194444444444445,87.15,87.21194444444444
18041,313796.0,313896.0,87.16555555555556,87.19333333333333,5,1,0.027777777777777776,87.16555555555556,87.19333333333333
18042,313803.0,313804.0,87.1675,87.16777777777777,5,1,0.0002777777777777778,87.1675,87.16777777777777
18043,313804.0,313942.0,87.16777777777777,87.20611111111111,5,16,0.6133333333333333,87.16777777777777,87.20611111111111
18045,313821.0,313918.0,87.1725,87.19944444444444,5,1,0.026944444444444444,87.1725,87.19944444444444
18047,313975.0,314181.0,87.21527777777777,87.2725,5,1,0.05722222222222222,87.21527777777777,87.2725
18049,314240.0,314318.0,87.28888888888889,87.31055555555555,5,1,0.021666666666666667,87.28888888888889,87.31055555555555
18050,314290.0,314298.0,87.30277777777778,87.305,5,1,0.0022222222222222222,87.30277777777778,87.305
18052,314339.0,314400.0,87.3163888888889,87.33333333333333,5,16,0.27111111111111114,87.3163888888889,87.33333333333333
18053,314501.0,314509.0,87.36138888888888,87.36361111111111,5,1,0.0022222222222222222,87.36138888888888,87.36361111111111
18054,314517.0,314730.0,87.36583333333333,87.425,5,1,0.059166666666666666,87.36583333333333,87.425
18055,314609.0,314798.0,87.39138888888888,87.44388888888889,5,1,0.0525,87.39138888888888,87.44388888888889
18056,314619.0,314800.0,87.39416666666666,87.44444444444444,5,1,0.050277777777777775,87.39416666666666,87.44444444444444
18059,314767.0,314975.0,87.43527777777778,87.49305555555556,5,1,0.057777777777777775,87.43527777777778,87.49305555555556
18060,314863.0,314964.0,87.46194444444444,87.49,5,8,0.22444444444444445,87.46194444444444,87.49
18061,314981.0,315039.0,87.49472222222222,87.51083333333334,5,16,0.2577777777777778,87.49472222222222,87.51083333333334
18062,315064.0,315149.0,87.51777777777778,87.54138888888889,5,8,0.18888888888888888,87.51777777777778,87.54138888888889
18063,315142.0,315194.0,87.53944444444444,87.55388888888889,5,16,0.2311111111111111,87.53944444444444,87.55388888888889
18064,315211.0,315426.0,87.5586111111111,87.61833333333334,5,1,0.059722222222222225,87.5586111111111,87.61833333333334
18065,315229.0,336671.0,87.56361111111111,93.51972222222223,5,8,47.64888888888889,87.56361111111111,93.51972222222223
18066,315287.0,426511.0,87.57972222222222,118.47527777777778,5,1,30.895555555555557,87.57972222222222,118.47527777777778
18069,315451.0,315661.0,87.62527777777778,87.6836111111111,5,1,0.058333333333333334,87.62527777777778,87.6836111111111
18070,315470.0,315818.0,87.63055555555556,87.72722222222222,5,8,0.7733333333333333,87.63055555555556,87.72722222222222
18071,315481.0,315529.32460733,87.63361111111111,87.64703461314723,1,8,0.08666666666666667,87.63361111111111,87.73805555555556
18073,315545.0,315607.0,87.65138888888889,87.6686111111111,5,16,0.27555555555555555,87.65138888888889,87.6686111111111
18075,315590.0,315870.0,87.66388888888889,87.74166666666666,5,16,1.2444444444444445,87.66388888888889,87.74166666666666
18078,315648.0,315717.0,87.68,87.69916666666667,5,16,0.30666666666666664,87.68,87.69916666666667
18081,315779.0,315986.0,87.71638888888889,87.77388888888889,5,16,0.92,87.71638888888889,87.77388888888889
18082,315829.0,457756.0,87.73027777777777,127.15444444444445,5,16,630.7866666666666,87.73027777777777,127.15444444444445
18083,315873.0,332339.0,87.7425,92.3163888888889,5,8,36.59111111111111,87.7425,92.3163888888889
18084,315874.0,315995.0,87.74277777777777,87.77638888888889,5,8,0.2688888888888889,87.74277777777777,87.77638888888889
18085,316044.0,472993.0,87.79,131.38694444444445,5,16,697.5511111111111,87.79,131.38694444444445
18092,316587.0,316627.0,87.94083333333333,87.95194444444445,5,8,0.08888888888888889,87.94083333333333,87.95194444444445
18094,316604.0,318288.0,87.94555555555556,88.41333333333333,5,1,0.4677777777777778,87.94555555555556,88.41333333333333
18096,316759.0,316802.0,87.98861111111111,88.00055555555555,5,8,0.09555555555555556,87.98861111111111,88.00055555555555
18101,316982.0,317126.0,88.05055555555556,88.09055555555555,5,8,0.32,88.05055555555556,88.09055555555555
18104,317014.0,317250.0,88.05944444444444,88.125,5,4,0.26222222222222225,88.05944444444444,88.125
18105,317026.0,317178.61682243,88.06277777777778,88.10517133956388,2,8,0.30666666666666664,88.06277777777778,88.11
18106,317037.0,317343.0,88.06583333333333,88.15083333333334,5,4,0.34,88.06583333333333,88.15083333333334
18108,317249.0,317411.0,88.12472222222222,88.16972222222222,5,8,0.36,88.12472222222222,88.16972222222222
18113,317477.0,317486.0,88.18805555555555,88.19055555555556,5,1,0.0025,88.18805555555555,88.19055555555556
18114,317532.0,323797.0,88.20333333333333,89.94361111111111,5,8,13.922222222222222,88.20333333333333,89.96666666666667
18115,317533.0,317668.0,88.20361111111112,88.24111111111111,5,8,0.3,88.20361111111112,88.24111111111111
18117,317579.0,342805.68411867,88.21638888888889,95.223801144075,1,8,45.242222222222225,88.21638888888889,98.52805555555555
18119,317784.0,323258.0,88.27333333333333,89.79388888888889,5,8,12.164444444444445,88.27333333333333,89.79388888888889
18120,317797.0,402030.0,88.27694444444444,111.675,5,1,23.398055555555555,88.27694444444444,111.675
18122,317817.0,318070.0,88.2825,88.35277777777777,5,4,0.2811111111111111,88.2825,88.35277777777777
18123,317833.0,318128.0,88.28694444444444,88.36888888888889,5,4,0.3277777777777778,88.28694444444444,88.36888888888889
18124,317860.0,317921.0,88.29444444444445,88.31138888888889,5,16,0.27111111111111114,88.29444444444445,88.31138888888889
18125,317861.0,317960.0,88.29472222222222,88.32222222222222,5,1,0.0275,88.29472222222222,88.32222222222222
18126,317898.0,318096.0,88.305,88.36,5,1,0.055,88.305,88.36
18127,317978.0,318157.0,88.32722222222222,88.37694444444445,5,1,0.04972222222222222,88.32722222222222,88.37694444444445
18128,317985.0,318097.0,88.32916666666667,88.36027777777778,5,1,0.03111111111111111,88.32916666666667,88.36027777777778
18133,318286.0,359307.0,88.41277777777778,99.8075,5,8,91.15777777777778,88.41277777777778,99.8075
18137,318464.0,318601.0,88.46222222222222,88.50027777777778,5,8,0.30444444444444446,88.46222222222222,88.50027777777778
18139,318644.0,318788.0,88.51222222222222,88.55222222222223,5,8,0.32,88.51222222222222,88.55222222222223
18140,318661.0,318897.0,88.51694444444445,88.5825,5,4,0.26222222222222225,88.51694444444445,88.5825
18141,318675.0,318980.0,88.52083333333333,88.60555555555555,5,4,0.3388888888888889,88.52083333333333,88.60555555555555
18143,318831.0,318970.0,88.56416666666667,88.60277777777777,5,1,0.03861111111111111,88.56416666666667,88.60277777777777
18145,319033.0,319177.0,88.62027777777777,88.66027777777778,5,1,0.04,88.62027777777777,88.66027777777778
18146,319151.0,338309.0,88.65305555555555,93.97472222222223,5,8,42.57333333333333,88.65305555555555,93.97472222222223
18147,319152.0,319437.0,88.65333333333334,88.7325,5,4,0.31666666666666665,88.65333333333334,88.7325
18148,319170.0,319355.0,88.65833333333333,88.70972222222223,5,4,0.20555555555555555,88.65833333333333,88.70972222222223
18149,319191.0,319333.0,88.66416666666667,88.70361111111112,5,8,0.31555555555555553,88.66416666666667,88.70361111111112
18150,319204.0,319282.0,88.66777777777777,88.68944444444445,5,1,0.021666666666666667,88.66777777777777,88.68944444444445
18152,319503.0,319707.0,88.75083333333333,88.8075,5,4,0.22666666666666666,88.75083333333333,88.8075
18153,319508.0,319707.0,88.75222222222222,88.8075,5,1,0.05527777777777778,88.75222222222222,88.8075
18154,319693.0,319743.0,88.80361111111111,88.8175,5,1,0.013888888888888888,88.80361111111111,88.8175
18159,319985.0,582505.0,88.88472222222222,161.80694444444444,5,32,2333.511111111111,88.88472222222222,161.99555555555557
18162,320161.0,320270.0,88.9336111111111,88.96388888888889,5,8,0.24222222222222223,88.9336111111111,88.96388888888889
18164,320243.0,320324.0,88.9563888888889,88.97888888888889,5,1,0.0225,88.9563888888889,88.97888888888889
18167,320426.0,324192.0,89.00722222222223,90.05333333333333,5,1,1.0461111111111112,89.00722222222223,90.05333333333333
18168,320482.0,320985.0,89.02277777777778,89.1625,5,8,1.1177777777777778,89.02277777777778,89.1625
18169,320490.0,320545.0,89.025,89.04027777777777,5,1,0.015277777777777777,89.025,89.04027777777777
18172,320613.0,320812.0,89.05916666666667,89.11444444444444,5,1,0.05527777777777778,89.05916666666667,89.11444444444444
18173,320763.0,320811.0,89.10083333333333,89.11416666666666,5,1,0.013333333333333334,89.10083333333333,89.11416666666666
18175,320775.0,320879.0,89.10416666666667,89.13305555555556,5,8,0.2311111111111111,89.10416666666667,89.13305555555556
18179,320878.0,321065.0,89.13277777777778,89.18472222222222,5,1,0.051944444444444446,89.13277777777778,89.18472222222222
18183,321017.0,321082.67190227,89.17138888888888,89.18963108396389,1,1,0.014722222222222222,89.17138888888888,89.2025
18187,321207.0,324319.0,89.22416666666666,90.0886111111111,5,1,0.8644444444444445,89.22416666666666,90.0886111111111
18190,321524.0,325527.0,89.31222222222222,90.42416666666666,5,8,8.895555555555555,89.31222222222222,90.42416666666666
18192,321631.0,322138.0,89.34194444444445,89.48277777777778,5,8,1.1266666666666667,89.34194444444445,89.48555555555555
18203,322617.0,322880.92670157,89.61583333333333,89.68914630599167,1,1,0.059166666666666666,89.61583333333333,90.15333333333334
18209,323074.0,353399.0,89.74277777777777,98.16638888888889,5,8,67.38888888888889,89.74277777777777,98.16638888888889
18210,323126.0,323233.0,89.75722222222223,89.78694444444444,5,8,0.23777777777777778,89.75722222222223,89.78694444444444
18211,323514.0,590294.0,89.865,163.97055555555556,5,16,1185.6888888888889,89.865,163.98305555555555
18212,323520.0,590172.0,89.86666666666666,163.93666666666667,5,16,1185.12,89.86666666666666,163.98305555555555
18216,324218.0,342017.0,90.06055555555555,95.00472222222223,5,8,39.553333333333335,90.06055555555555,95.00472222222223
18220,324500.0,324968.0,90.13888888888889,90.2688888888889,5,8,1.04,90.13888888888889,90.2688888888889
18222,324968.0,325327.0,90.2688888888889,90.36861111111111,5,8,0.7977777777777778,90.2688888888889,90.36861111111111
18223,325035.0,325169.0,90.2875,90.32472222222222,5,1,0.03722222222222222,90.2875,90.32472222222222
18224,325206.0,325293.0,90.335,90.35916666666667,5,1,0.024166666666666666,90.335,90.35916666666667
18225,325327.0,325729.0,90.36861111111111,90.48027777777777,5,8,0.8933333333333333,90.36861111111111,90.48027777777777
18229,325729.0,326179.0,90.48027777777777,90.60527777777777,5,8,1.0,90.48027777777777,90.60527777777777
18230,326179.0,326605.0,90.60527777777777,90.72361111111111,5,8,0.9466666666666667,90.60527777777777,90.72361111111111
18233,326606.0,327030.0,90.7238888888889,90.84166666666667,5,8,0.9422222222222222,90.7238888888889,90.84166666666667
18234,326696.0,327874.0,90.74888888888889,91.07611111111112,5,1,0.32722222222222225,90.74888888888889,91.07611111111112
18235,326732.0,328827.0,90.75888888888889,91.34083333333334,5,1,0.5819444444444445,90.75888888888889,91.34083333333334
18237,327030.0,327410.0,90.84166666666667,90.94722222222222,5,8,0.8444444444444444,90.84166666666667,90.94722222222222
18238,327098.0,327430.0,90.86055555555555,90.95277777777778,5,1,0.09222222222222222,90.86055555555555,90.95277777777778
18241,327315.0,327477.0,90.92083333333333,90.96583333333334,5,1,0.045,90.92083333333333,90.96583333333334
18242,327410.0,328099.0,90.94722222222222,91.13861111111112,5,8,1.531111111111111,90.94722222222222,91.13861111111112
18243,327518.0,327766.0,90.97722222222222,91.04611111111112,5,1,0.06888888888888889,90.97722222222222,91.04611111111112
18246,327822.0,327895.0,91.06166666666667,91.08194444444445,5,16,0.3244444444444444,91.06166666666667,91.08194444444445
18247,327831.0,328168.0,91.06416666666667,91.15777777777778,5,1,0.09361111111111112,91.06416666666667,91.15777777777778
18249,328099.0,328357.0,91.13861111111112,91.21027777777778,5,8,0.5733333333333334,91.13861111111112,91.21027777777778
18250,328363.0,328594.0,91.21194444444444,91.2761111111111,5,1,0.06416666666666666,91.21194444444444,91.2761111111111
18251,328499.0,328586.0,91.24972222222222,91.27388888888889,5,1,0.024166666666666666,91.24972222222222,91.27388888888889
18252,328849.0,329124.0,91.34694444444445,91.42333333333333,5,1,0.0763888888888889,91.34694444444445,91.42333333333333
18253,328850.0,328958.0,91.34722222222223,91.37722222222222,5,1,0.03,91.34722222222223,91.37722222222222
18255,329130.0,329226.0,91.425,91.45166666666667,5,1,0.02666666666666667,91.425,91.45166666666667
18257,329172.0,329423.0,91.43666666666667,91.50638888888889,5,1,0.06972222222222223,91.43666666666667,91.50638888888889
18258,329407.0,329511.0,91.50194444444445,91.53083333333333,5,1,0.028888888888888888,91.50194444444445,91.53083333333333
18259,329478.0,329707.0,91.52166666666666,91.58527777777778,5,1,0.0636111111111111,91.52166666666666,91.58527777777778
18262,329924.0,330119.0,91.64555555555556,91.69972222222222,5,1,0.05416666666666667,91.64555555555556,91.69972222222222
18263,329978.0,330067.0,91.66055555555556,91.68527777777778,5,1,0.024722222222222222,91.66055555555556,91.68527777777778
18264,330218.0,330300.0,91.72722222222222,91.75,5,1,0.02277777777777778,91.72722222222222,91.75
18265,330320.0,330521.0,91.75555555555556,91.81138888888889,5,1,0.05583333333333333,91.75555555555556,91.81138888888889
18266,330823.0,331027.0,91.89527777777778,91.95194444444445,5,1,0.056666666666666664,91.89527777777778,91.95194444444445
18267,330842.0,330917.0,91.90055555555556,91.92138888888888,5,1,0.020833333333333332,91.90055555555556,91.92138888888888
18269,331290.0,331494.0,92.025,92.08166666666666,5,1,0.056666666666666664,92.025,92.08166666666666
18270,331535.0,342535.0,92.09305555555555,95.14861111111111,5,8,24.444444444444443,92.09305555555555,95.14861111111111
18271,331739.0,331963.0,92.14972222222222,92.21194444444444,5,1,0.06222222222222222,92.14972222222222,92.21194444444444
18272,332075.0,332274.0,92.24305555555556,92.29833333333333,5,1,0.05527777777777778,92.24305555555556,92.29833333333333
18274,332519.0,332728.0,92.36638888888889,92.42444444444445,5,1,0.058055555555555555,92.36638888888889,92.42444444444445
18277,333525.0,333581.0,92.64583333333333,92.6613888888889,5,8,0.12444444444444444,92.64583333333333,92.6613888888889
18278,333613.0,339346.0,92.67027777777778,94.26277777777777,5,8,12.74,92.67027777777778,94.26277777777777
18288,335056.0,340136.0,93.07111111111111,94.48222222222222,5,1,1.4111111111111112,93.07111111111111,94.48222222222222
18289,335072.0,339107.0,93.07555555555555,94.19638888888889,5,1,1.1208333333333333,93.07555555555555,94.19638888888889
18298,336784.0,336995.0,93.55111111111111,93.60972222222222,5,1,0.058611111111111114,93.55111111111111,93.60972222222222
18309,337676.0,337677.0,93.79888888888888,93.79916666666666,5,1,0.0002777777777777778,93.79888888888888,93.79916666666666
18310,337708.0,337709.0,93.80777777777777,93.80805555555555,5,1,0.0002777777777777778,93.80777777777777,93.80805555555555
18312,337760.0,337761.0,93.82222222222222,93.8225,5,1,0.0002777777777777778,93.82222222222222,93.8225
18313,337774.0,429996.0,93.82611111111112,119.44333333333333,5,1,25.61722222222222,93.82611111111112,119.44333333333333
18315,338114.0,356409.0,93.92055555555555,99.0025,5,8,40.65555555555556,93.92055555555555,99.0025
18317,339107.0,343569.0,94.19638888888889,95.43583333333333,5,1,1.2394444444444443,94.19638888888889,95.43583333333333
18322,339403.0,339460.0,94.2786111111111,94.29444444444445,5,7,0.11083333333333334,94.2786111111111,94.29444444444445
18325,339666.0,339796.0,94.35166666666667,94.38777777777777,5,7,0.25277777777777777,94.35166666666667,94.38777777777777
18326,339855.0,339986.0,94.40416666666667,94.44055555555556,5,7,0.25472222222222224,94.40416666666667,94.44055555555556
18330,340137.0,345016.0,94.4825,95.83777777777777,5,1,1.3552777777777778,94.4825,95.83777777777777
18332,340662.0,340732.0,94.62833333333333,94.64777777777778,5,8,0.15555555555555556,94.62833333333333,94.64777777777778
18333,341298.0,342269.0,94.805,95.07472222222222,5,8,2.1577777777777776,94.805,95.07472222222222
18334,341669.0,351834.0,94.90805555555555,97.73166666666667,5,8,22.58888888888889,94.90805555555555,97.73166666666667
18335,342311.0,342500.0,95.08638888888889,95.13888888888889,5,1,0.0525,95.08638888888889,95.13888888888889
18336,343109.0,343302.0,95.30805555555555,95.36166666666666,5,1,0.05361111111111111,95.30805555555555,95.36166666666666
18338,343569.0,347858.0,95.43583333333333,96.62722222222222,5,1,1.1913888888888888,95.43583333333333,96.62722222222222
18339,343901.0,344857.0,95.52805555555555,95.7936111111111,5,8,2.1244444444444444,95.52805555555555,95.7936111111111
18340,344121.0,369642.0,95.58916666666667,102.67833333333333,5,1,7.089166666666666,95.58916666666667,102.67833333333333
18345,344774.0,370820.0,95.77055555555556,103.00555555555556,5,1,7.235,95.77055555555556,103.00555555555556
18346,344943.0,345125.0,95.8175,95.86805555555556,5,1,0.050555555555555555,95.8175,95.86805555555556
18347,345016.0,350483.0,95.83777777777777,97.35638888888889,5,1,1.5186111111111111,95.83777777777777,97.35638888888889
18348,345172.0,345341.0,95.88111111111111,95.92805555555556,5,1,0.04694444444444444,95.88111111111111,95.92805555555556
18349,345720.0,413977.0,96.03333333333333,114.99361111111111,5,8,151.6822222222222,96.03333333333333,114.99361111111111
18355,355943.0,356457.0,98.87305555555555,99.01583333333333,5,1,0.14277777777777778,98.87305555555555,99.01583333333333
18356,357249.0,357436.10296684,99.23583333333333,99.28780637967778,1,8,0.33555555555555555,99.23583333333333,104.88527777777777
18365,369642.0,370786.0,102.67833333333333,102.9961111111111,5,2,0.6355555555555555,102.67833333333333,102.9961111111111
18366,370786.0,371925.0,102.9961111111111,103.3125,5,2,0.6327777777777778,102.9961111111111,103.3125
18367,370820.0,372141.0,103.00555555555556,103.3725,5,2,0.7338888888888889,103.00555555555556,103.3725
18368,372143.0,373323.0,103.37305555555555,103.70083333333334,5,2,0.6555555555555556,103.37305555555555,103.70083333333334
18369,378452.0,378665.0,105.12555555555555,105.18472222222222,5,1,0.059166666666666666,105.12555555555555,105.18472222222222
18370,378729.0,379054.0,105.2025,105.29277777777777,5,1,0.09027777777777778,105.2025,105.29277777777777
18371,379155.0,379469.0,105.32083333333334,105.40805555555555,5,1,0.08722222222222223,105.32083333333334,105.40805555555555
18372,380058.0,380250.0,105.57166666666667,105.625,5,1,0.05333333333333334,105.57166666666667,105.625
18375,381444.0,381638.53752182,105.95666666666666,106.01070486717222,1,8,0.3488888888888889,105.95666666666666,106.03194444444445
18376,381446.0,393072.0,105.95722222222223,109.18666666666667,5,32,103.34222222222222,105.95722222222223,109.19111111111111
18379,381572.0,381737.25862069,105.99222222222222,106.0381273946361,4,16,0.72,105.99222222222222,106.03916666666667
18382,381741.0,381894.0,106.03916666666667,106.08166666666666,5,16,0.68,106.03916666666667,106.08166666666666
18383,381894.0,386173.0,106.08166666666666,107.27027777777778,5,16,19.017777777777777,106.08166666666666,107.27027777777778
18384,382407.0,382559.0,106.22416666666666,106.26638888888888,5,8,0.3377777777777778,106.22416666666666,106.26638888888888
18386,382424.0,382636.0,106.22888888888889,106.28777777777778,5,8,0.4711111111111111,106.22888888888889,106.28777777777778
18388,382637.0,382818.0,106.28805555555556,106.33833333333334,5,8,0.4022222222222222,106.28805555555556,106.33833333333334
18389,382819.0,382963.0,106.3386111111111,106.37861111111111,5,8,0.32,106.3386111111111,106.37861111111111
18390,382839.0,413651.0,106.34416666666667,114.90305555555555,5,8,68.47111111111111,106.34416666666667,114.90305555555555
18391,382907.0,425932.0,106.36305555555556,118.31444444444445,5,8,95.61111111111111,106.36305555555556,118.31444444444445
18392,382963.0,383097.0,106.37861111111111,106.41583333333334,5,8,0.29777777777777775,106.37861111111111,106.41583333333334
18393,382983.0,383276.0,106.38416666666667,106.46555555555555,5,8,0.6511111111111111,106.38416666666667,106.46555555555555
18395,383097.0,383223.0,106.41583333333334,106.45083333333334,5,8,0.28,106.41583333333334,106.45083333333334
18396,383224.0,383358.0,106.45111111111112,106.48833333333333,5,8,0.29777777777777775,106.45111111111112,106.48833333333333
18397,383517.0,383787.0,106.5325,106.6075,5,8,0.6,106.5325,106.6075
18398,383656.0,439049.0,106.57111111111111,121.95805555555556,5,8,123.09555555555555,106.57111111111111,121.95805555555556
18401,383832.0,405635.0,106.62,112.6763888888889,5,8,48.45111111111111,106.62,112.6763888888889
18402,383848.0,435938.20942408,106.62444444444445,121.09394706224444,1,8,93.42,106.62444444444445,122.24416666666667
18403,383867.0,384052.0,106.62972222222223,106.68111111111111,5,1,0.05138888888888889,106.62972222222223,106.68111111111111
18406,384526.0,391484.0,106.81277777777778,108.74555555555555,5,8,15.462222222222222,106.81277777777778,108.74555555555555
18408,384823.0,385359.0,106.89527777777778,107.04416666666667,5,1,0.14888888888888888,106.89527777777778,107.04416666666667
18410,386023.0,386173.0,107.2286111111111,107.27027777777778,5,16,0.6666666666666666,107.2286111111111,107.27027777777778
18411,386116.0,386186.0,107.25444444444445,107.27388888888889,5,8,0.15555555555555556,107.25444444444445,107.27388888888889
18412,386173.0,386254.0,107.27027777777778,107.29277777777777,5,4,0.09,107.27027777777778,107.29277777777777
18414,386271.0,386435.0,107.2975,107.34305555555555,5,16,0.7288888888888889,107.2975,107.34305555555555
18415,386375.0,386458.0,107.32638888888889,107.34944444444444,5,8,0.18444444444444444,107.32638888888889,107.34944444444444
18418,386435.0,386595.0,107.34305555555555,107.3875,5,16,0.7111111111111111,107.34305555555555,107.3875
18420,386595.0,386700.0,107.3875,107.41666666666667,5,4,0.11666666666666667,107.3875,107.41666666666667
18422,386713.0,386857.0,107.42027777777778,107.46027777777778,5,16,0.64,107.42027777777778,107.46027777777778
18424,386787.0,389506.80802792,107.44083333333333,108.19633556331112,1,8,4.877777777777778,107.44083333333333,156.7161111111111
18425,386787.0,389500.61256545,107.44083333333333,108.19461460151389,1,8,4.866666666666666,107.44083333333333,157.32444444444445
18426,386787.0,389499.37347295,107.44083333333333,108.19427040915278,1,8,4.864444444444445,107.44083333333333,157.9325
18427,386787.0,389503.09075044,107.44083333333333,108.19530298623334,1,8,4.871111111111111,107.44083333333333,158.2236111111111
18428,386787.0,389503.09075044,107.44083333333333,108.19530298623334,1,8,4.871111111111111,107.44083333333333,158.2236111111111
18429,386787.0,389511.76439791,107.44083333333333,108.19771233275277,1,8,4.886666666666667,107.44083333333333,158.54333333333332
18430,386788.0,389523.91623037,107.44111111111111,108.20108784176945,1,8,4.906666666666666,107.44111111111111,158.83694444444444
18431,386788.0,389506.56893543,107.44111111111111,108.19626914873056,1,8,4.875555555555556,107.44111111111111,158.83305555555555
18432,386788.0,389010.93193717,107.44111111111111,108.05859220476944,1,8,3.986666666666667,107.44111111111111,159.04166666666666
18433,386788.0,389168.29668412,107.44111111111111,108.10230463447779,1,8,4.268888888888889,107.44111111111111,159.36666666666667
18434,386788.0,389359.11692845,107.44111111111111,108.15531025790278,1,8,4.611111111111111,107.44111111111111,159.41333333333333
18435,386788.0,389476.83071553,107.44111111111111,108.18800853209167,1,8,4.822222222222222,107.44111111111111,159.64444444444445
18436,386788.0,389084.03839442,107.44111111111111,108.07889955400556,1,8,4.1177777777777775,107.44111111111111,159.8813888888889
18437,386788.0,392297.0052356,107.44111111111111,108.97139034322223,1,8,9.88,107.44111111111111,160.64833333333334
18438,386788.0,390569.71029668,107.44111111111111,108.49158619352222,1,8,6.782222222222222,107.44111111111111,160.4922222222222
18439,386857.0,387003.0,107.46027777777778,107.50083333333333,5,16,0.6488888888888888,107.46027777777778,107.50083333333333
18440,386874.0,389577.69982548,107.465,108.2160277293,1,8,4.848888888888889,107.465,160.4875
18441,386874.0,389633.45898778,107.465,108.23151638549443,1,8,4.948888888888889,107.465,161.10611111111112
18442,386874.0,389603.72076789,107.465,108.22325576885832,1,8,4.895555555555555,107.465,161.10416666666666
18443,386874.0,389587.61256544,107.465,108.21878126817778,1,8,4.866666666666666,107.465,161.25666666666666
18444,386874.0,389581.41710297,107.465,108.21706030638056,1,8,4.855555555555555,107.465,161.7111111111111
18445,386874.0,389585.13438045,107.465,108.21809288345834,1,8,4.862222222222222,107.465,161.7138888888889
18446,386874.0,389551.67888307,107.465,108.20879968974167,1,8,4.802222222222222,107.465,161.85694444444445
18447,386874.0,389560.35253054,107.465,108.21120903626112,1,8,4.817777777777778,107.465,162.31333333333333
18448,386874.0,389113.04013962,107.465,108.08695559433889,1,8,4.015555555555555,107.465,162.21583333333334
18449,386874.0,389239.42757417,107.465,108.12206321504722,1,8,4.242222222222222,107.465,162.38722222222222
18450,386874.0,389456.26876091,107.465,108.18229687803056,1,8,4.631111111111111,107.465,162.79472222222222
18451,386874.0,389591.32984293,107.465,108.21981384525834,1,8,4.873333333333333,107.465,162.9225
18452,386874.0,389140.30017452,107.465,108.09452782625556,1,8,4.064444444444445,107.465,162.89527777777778
18453,386874.0,392011.27748691,107.465,108.89202152414167,1,8,9.213333333333333,107.465,163.9463888888889
18454,386874.0,390314.95986038,107.465,108.42082218343889,1,8,6.171111111111111,107.465,163.66666666666666
18455,387003.0,387582.0,107.50083333333333,107.66166666666666,5,16,2.5733333333333333,107.50083333333333,107.66166666666666
18458,387583.0,387827.0,107.66194444444444,107.72972222222222,5,16,1.0844444444444445,107.66194444444444,107.72972222222222
18459,387827.0,387882.0,107.72972222222222,107.745,5,8,0.12222222222222222,107.72972222222222,107.745
18462,387898.0,389038.0,107.74944444444445,108.06611111111111,5,16,5.066666666666666,107.74944444444445,108.06916666666666
18463,388074.0,401354.0,107.79833333333333,111.48722222222223,5,8,29.511111111111113,107.79833333333333,111.48722222222223
18467,388562.0,434927.0,107.93388888888889,120.81305555555555,5,16,206.06666666666666,107.93388888888889,120.81305555555555
18470,388934.0,389133.4938918,108.03722222222223,108.09263719216666,1,1,0.04472222222222222,108.03722222222223,108.19388888888889
18472,389049.0,389233.0,108.06916666666666,108.12027777777777,5,8,0.4088888888888889,108.06916666666666,108.12027777777777
18474,389147.0,420916.0,108.0963888888889,116.92111111111112,5,8,70.59777777777778,108.0963888888889,116.92111111111112
18475,389235.0,389938.0,108.12083333333334,108.31611111111111,5,8,1.5622222222222222,108.12083333333334,108.31611111111111
18477,389590.0,389763.47294939,108.21944444444445,108.26763137483056,1,1,0.03888888888888889,108.21944444444445,108.59055555555555
18482,390729.0,449766.0,108.53583333333333,124.935,5,8,131.19333333333333,108.53583333333333,124.935
18484,390999.0,391079.54101222,108.61083333333333,108.63320583672778,1,8,0.14444444444444443,108.61083333333333,108.6375
18486,391096.0,391149.0,108.63777777777777,108.6525,5,8,0.11777777777777777,108.63777777777777,108.6525
18487,391149.0,391201.0,108.6525,108.66694444444444,5,8,0.11555555555555555,108.6525,108.66694444444444
18490,391230.0,391296.91099476,108.675,108.69358638743333,1,8,0.12,108.675,108.70722222222223
18491,391311.0,391493.0,108.6975,108.74805555555555,5,1,0.050555555555555555,108.6975,108.74805555555555
18493,391346.0,391392.0,108.70722222222223,108.72,5,8,0.10222222222222223,108.70722222222223,108.72
18494,391392.0,391448.0,108.72,108.73555555555555,5,8,0.12444444444444444,108.72,108.73555555555555
18497,391477.0,391546.38917976,108.74361111111111,108.76288588326666,1,8,0.12444444444444444,108.74361111111111,108.77666666666667
18499,391597.0,391646.0,108.77694444444444,108.79055555555556,5,8,0.10888888888888888,108.77694444444444,108.79055555555556
18500,391622.0,391623.0,108.7838888888889,108.78416666666666,5,8,0.0022222222222222222,108.7838888888889,108.78416666666666
18501,391646.0,391709.0,108.79055555555556,108.80805555555555,5,8,0.14,108.79055555555556,108.80805555555555
18503,391715.0,391875.0,108.80972222222222,108.85416666666667,5,1,0.044444444444444446,108.80972222222222,108.85416666666667
18505,391737.0,391802.67190227,108.81583333333333,108.83407552840833,1,8,0.11777777777777777,108.81583333333333,108.83416666666666
18508,391804.0,391859.0,108.83444444444444,108.84972222222223,5,8,0.12222222222222222,108.83444444444444,108.84972222222223
18509,391859.0,391922.0,108.84972222222223,108.86722222222222,5,8,0.14,108.84972222222223,108.86722222222222
18512,391954.0,392025.86736475,108.87611111111111,108.89607426798611,1,8,0.1288888888888889,108.87611111111111,108.91083333333333
18516,392080.0,392132.0,108.91111111111111,108.92555555555556,5,8,0.11555555555555555,108.91111111111111,108.92555555555556
18517,392132.0,392184.0,108.92555555555556,108.94,5,8,0.11555555555555555,108.92555555555556,108.94
18518,392178.0,392311.0,108.93833333333333,108.97527777777778,5,1,0.036944444444444446,108.93833333333333,108.97527777777778
18523,392215.0,392280.67190227,108.9486111111111,108.96685330618611,1,8,0.11777777777777777,108.9486111111111,108.96777777777778
18525,392284.0,392334.0,108.96777777777778,108.98166666666667,5,8,0.1111111111111111,108.96777777777778,108.98166666666667
18526,392335.0,392387.0,108.98194444444445,108.99638888888889,5,8,0.11555555555555555,108.98194444444445,108.99638888888889
18528,392355.0,392503.0,108.9875,109.0286111111111,5,1,0.04111111111111111,108.9875,109.0286111111111
18529,392374.0,420860.0,108.99277777777777,116.90555555555555,5,16,126.60444444444444,108.99277777777777,116.90555555555555
18532,392420.0,392499.30191972,109.00555555555556,109.0275838665889,1,8,0.14222222222222222,109.00555555555556,109.02916666666667
18534,392446.0,392722.0,109.01277777777777,109.08944444444444,5,16,1.2266666666666666,109.01277777777777,109.08944444444444
18536,392505.0,392564.0,109.02916666666667,109.04555555555555,5,8,0.13111111111111112,109.02916666666667,109.04555555555555
18537,392564.0,392619.0,109.04555555555555,109.06083333333333,5,8,0.12222222222222222,109.04555555555555,109.06083333333333
18539,392648.0,392707.0,109.06888888888889,109.08527777777778,5,8,0.13111111111111112,109.06888888888889,109.08527777777778
18541,392708.0,392765.0,109.08555555555556,109.10138888888889,5,8,0.12666666666666668,109.08555555555556,109.10138888888889
18542,392754.0,420646.0,109.09833333333333,116.84611111111111,5,16,123.96444444444444,109.09833333333333,116.84611111111111
18543,392765.0,392837.0,109.10138888888889,109.12138888888889,5,8,0.16,109.10138888888889,109.12138888888889
18546,392867.0,392954.97556719,109.12972222222223,109.154159879775,1,8,0.15777777777777777,109.12972222222223,109.15583333333333
18549,392961.0,393039.0,109.15583333333333,109.1775,5,8,0.17333333333333334,109.15583333333333,109.1775
18551,393039.0,393100.0,109.1775,109.19444444444444,5,8,0.13555555555555557,109.1775,109.19444444444444
18553,393108.0,401163.34031414,109.19666666666667,111.43426119837223,1,32,57.78666666666667,109.19666666666667,112.40027777777777
18555,393129.0,393194.67190227,109.2025,109.220742195075,1,8,0.11777777777777777,109.2025,109.23444444444445
18558,393245.0,393292.0,109.23472222222222,109.24777777777778,5,8,0.10444444444444445,109.23472222222222,109.24777777777778
18559,393292.0,393351.0,109.24777777777778,109.26416666666667,5,8,0.13111111111111112,109.24777777777778,109.26416666666667
18562,393384.0,393450.91099476,109.27333333333333,109.29191972076667,1,8,0.12,109.27333333333333,109.29305555555555
18565,393455.0,393525.0,109.29305555555555,109.3125,5,8,0.15555555555555556,109.29305555555555,109.3125
18566,393526.0,393586.0,109.31277777777778,109.32944444444445,5,8,0.13333333333333333,109.31277777777778,109.32944444444445
18570,393613.0,393691.0,109.33694444444444,109.35861111111112,5,8,0.17333333333333334,109.33694444444444,109.35861111111112
18572,393691.0,393753.0,109.35861111111112,109.37583333333333,5,8,0.13777777777777778,109.35861111111112,109.37583333333333
18573,393753.0,393802.0,109.37583333333333,109.38944444444445,5,8,0.10888888888888888,109.37583333333333,109.38944444444445
18575,393835.0,393892.0,109.39861111111111,109.41444444444444,5,8,0.12666666666666668,109.39861111111111,109.41444444444444
18577,393892.0,393966.0,109.41444444444444,109.435,5,8,0.16444444444444445,109.41444444444444,109.435
18578,393905.0,407679.0,109.41805555555555,113.24416666666667,5,8,30.608888888888888,109.41805555555555,113.24416666666667
18579,393967.0,394036.0,109.43527777777778,109.45444444444445,5,8,0.15333333333333332,109.43527777777778,109.45444444444445
18580,394001.0,394361.57591623,109.44472222222223,109.54488219895278,1,16,1.2933333333333332,109.44472222222223,111.75583333333333
18584,394067.0,394130.19371728,109.46305555555556,109.4806093659111,1,8,0.11333333333333333,109.46305555555556,109.5038888888889
18587,394214.0,394275.0,109.5038888888889,109.52083333333333,5,8,0.13555555555555557,109.5038888888889,109.52083333333333
18588,394275.0,394330.0,109.52083333333333,109.53611111111111,5,8,0.12222222222222222,109.52083333333333,109.53611111111111
18591,394361.0,394437.82373473,109.54472222222222,109.56606214853612,1,8,0.13777777777777778,109.54472222222222,109.57833333333333
18594,394483.0,394539.0,109.57861111111112,109.59416666666667,5,8,0.12444444444444444,109.57861111111112,109.59416666666667
18595,394540.0,394594.0,109.59444444444445,109.60944444444445,5,8,0.12,109.59444444444445,109.60944444444445
18599,394629.0,394685.9982548,109.61916666666667,109.63499951522222,1,8,0.10222222222222223,109.61916666666667,109.6575
18603,394768.0,394818.0,109.65777777777778,109.67166666666667,5,8,0.1111111111111111,109.65777777777778,109.67166666666667
18604,394818.0,394875.0,109.67166666666667,109.6875,5,8,0.12666666666666668,109.67166666666667,109.6875
18607,394909.0,394972.19371728,109.69694444444444,109.71449825479999,1,8,0.11333333333333333,109.69694444444444,109.71722222222222
18609,394982.0,395037.0,109.71722222222222,109.7325,5,8,0.12222222222222222,109.71722222222222,109.7325
18610,395037.0,395232.0,109.7325,109.78666666666666,5,1,0.05416666666666667,109.7325,109.78666666666666
18611,395037.0,395082.0,109.7325,109.745,5,8,0.1,109.7325,109.745
18614,395107.0,395154.0,109.75194444444445,109.765,5,8,0.10444444444444445,109.75194444444445,109.765
18616,395154.0,395199.0,109.765,109.7775,5,8,0.1,109.765,109.7775
18617,395199.0,395246.0,109.7775,109.79055555555556,5,8,0.10444444444444445,109.7775,109.79055555555556
18618,395218.0,395388.4,109.78277777777778,109.83011111111112,3,1,0.045,109.78277777777778,109.83166666666666
18622,395282.0,395350.15008726,109.80055555555556,109.81948613535,1,8,0.12222222222222222,109.80055555555556,109.82277777777777
18625,395362.0,395415.0,109.82277777777777,109.8375,5,8,0.11777777777777777,109.82277777777777,109.8375
18627,395415.0,395479.0,109.8375,109.85527777777777,5,8,0.14222222222222222,109.8375,109.85527777777777
18630,395517.0,395583.91099476,109.86583333333333,109.88441972076666,1,8,0.12,109.86583333333333,109.89777777777778
18633,395632.0,395682.0,109.89777777777778,109.91166666666666,5,8,0.1111111111111111,109.89777777777778,109.91166666666666
18634,395683.0,395737.0,109.91194444444444,109.92694444444444,5,8,0.12,109.91194444444444,109.92694444444444
18638,395772.0,395838.91099476,109.93666666666667,109.9552530541,1,8,0.12,109.93666666666667,109.95611111111111
18640,395842.0,395899.0,109.95611111111111,109.97194444444445,5,8,0.12666666666666668,109.95611111111111,109.97194444444445
18641,395900.0,395963.0,109.97222222222223,109.98972222222223,5,8,0.14,109.97222222222223,109.98972222222223
18644,395994.0,396069.58464223,109.99833333333333,110.01932906728611,1,8,0.13555555555555557,109.99833333333333,110.03333333333333
18646,396121.0,396176.0,110.03361111111111,110.04888888888888,5,8,0.12222222222222222,110.03361111111111,110.04888888888888
18648,396177.0,396232.0,110.04916666666666,110.06444444444445,5,8,0.12222222222222222,110.04916666666666,110.06444444444445
18651,396261.0,396318.50778816,110.0725,110.0884743856,2,8,0.11555555555555555,110.0725,110.08916666666667
18653,396321.0,396374.0,110.08916666666667,110.10388888888889,5,8,0.11777777777777777,110.08916666666667,110.10388888888889
18654,396374.0,396428.0,110.10388888888889,110.11888888888889,5,8,0.12,110.10388888888889,110.11888888888889
18658,396538.0,396703.14074074,110.14944444444444,110.19531687242778,3,8,0.3488888888888889,110.14944444444444,110.19583333333334
18660,396705.0,396848.0,110.19583333333334,110.23555555555555,5,8,0.31777777777777777,110.19583333333334,110.23555555555555
18661,396833.0,397417.0,110.23138888888889,110.39361111111111,5,1,0.1622222222222222,110.23138888888889,110.39361111111111
18662,396849.0,403215.0,110.23583333333333,112.00416666666666,5,8,14.146666666666667,110.23583333333333,112.00416666666666
18664,397083.0,406952.2211838,110.30083333333333,113.04228366216667,2,8,19.83111111111111,110.30083333333333,113.05916666666667
18665,397212.0,397489.55671902,110.33666666666667,110.41376575528334,1,1,0.06222222222222222,110.33666666666667,110.45583333333333
18667,397617.0,397720.0,110.44916666666667,110.47777777777777,5,8,0.2288888888888889,110.44916666666667,110.47777777777777
18669,397759.0,397899.0,110.48861111111111,110.5275,5,1,0.03888888888888889,110.48861111111111,110.5275
18671,397967.0,398078.0,110.54638888888888,110.57722222222222,5,1,0.030833333333333334,110.54638888888888,110.57722222222222
18673,398094.0,398189.0,110.58166666666666,110.60805555555555,5,1,0.02638888888888889,110.58166666666666,110.60805555555555
18674,398147.0,398272.0,110.5963888888889,110.63111111111111,5,8,0.2777777777777778,110.5963888888889,110.63111111111111
18675,398157.0,398309.51851852,110.59916666666666,110.6415329218111,3,8,0.32222222222222224,110.59916666666666,110.64222222222222
18676,398274.0,398623.0,110.63166666666666,110.7286111111111,5,8,0.7755555555555556,110.63166666666666,110.7286111111111
18677,398312.0,398463.0,110.64222222222222,110.68416666666667,5,8,0.33555555555555555,110.64222222222222,110.68416666666667
18678,398399.0,398776.0,110.66638888888889,110.77111111111111,5,1,0.10472222222222222,110.66638888888889,110.77111111111111
18679,398463.0,404781.0,110.68416666666667,112.43916666666667,5,8,14.04,110.68416666666667,112.43916666666667
18680,398530.0,398652.0,110.70277777777778,110.73666666666666,5,8,0.27111111111111114,110.70277777777778,110.73666666666666
18681,398653.0,398988.0,110.73694444444445,110.83,5,8,0.7444444444444445,110.73694444444445,110.83
18682,399105.0,399239.0,110.8625,110.89972222222222,5,1,0.03722222222222222,110.8625,110.89972222222222
18686,399803.0,399866.19371728,111.05638888888889,111.07394269924444,1,8,0.11333333333333333,111.05638888888889,114.42111111111112
18692,400210.0,400322.0,111.16944444444445,111.20055555555555,5,1,0.03111111111111111,111.16944444444445,111.20055555555555
18693,400232.0,400360.0,111.17555555555556,111.21111111111111,5,1,0.035555555555555556,111.17555555555556,111.21111111111111
18698,400576.0,400792.0,111.27111111111111,111.33111111111111,5,16,0.96,111.27111111111111,111.33111111111111
18699,400603.0,400718.0,111.2786111111111,111.31055555555555,5,1,0.03194444444444444,111.2786111111111,111.31055555555555
18700,400673.0,400807.0,111.29805555555555,111.33527777777778,5,8,0.29777777777777775,111.29805555555555,111.33527777777778
18708,400936.0,401074.0,111.3711111111111,111.40944444444445,5,8,0.30666666666666664,111.3711111111111,111.40944444444445
18710,401063.0,401377.0,111.40638888888888,111.49361111111111,5,1,0.08722222222222223,111.40638888888888,111.49361111111111
18716,401253.0,401319.0,111.45916666666666,111.4775,5,1,0.018333333333333333,111.45916666666666,111.4775
18717,401286.0,401514.0,111.46833333333333,111.53166666666667,5,1,0.06333333333333334,111.46833333333333,111.53166666666667
18721,401369.0,401717.0,111.49138888888889,111.58805555555556,5,8,0.7733333333333333,111.49138888888889,111.58805555555556
18722,401408.0,401560.40837696,111.50222222222222,111.5445578824889,1,1,0.034166666666666665,111.50222222222222,111.57027777777778
18724,401511.0,402322.60558464,111.53083333333333,111.75627932906667,1,1,0.18194444444444444,111.53083333333333,111.76
18727,401655.0,401711.0,111.57083333333334,111.58638888888889,5,1,0.015555555555555555,111.57083333333334,111.58638888888889
18729,401802.0,402381.0,111.61166666666666,111.7725,5,8,1.2866666666666666,111.61166666666666,111.7725
18732,401921.0,402061.01745201,111.64472222222223,111.68361595889166,1,1,0.03138888888888889,111.64472222222223,111.79277777777777
18737,402496.0,402850.0,111.80444444444444,111.90277777777777,5,8,0.7866666666666666,111.80444444444444,111.90277777777777
18744,402865.0,415851.0,111.90694444444445,115.51416666666667,5,16,57.715555555555554,111.90694444444445,115.51416666666667
18746,402889.0,402916.0,111.91361111111111,111.92111111111112,5,1,0.0075,111.91361111111111,111.92111111111112
18747,402921.0,403196.0,111.9225,111.99888888888889,5,16,1.2222222222222223,111.9225,111.99888888888889
18748,402931.0,403100.0,111.92527777777778,111.97222222222223,5,8,0.37555555555555553,111.92527777777778,111.97222222222223
18749,403030.0,403067.0,111.95277777777778,111.96305555555556,5,1,0.010277777777777778,111.95277777777778,111.96305555555556
18750,403122.0,403168.0,111.97833333333334,111.99111111111111,5,1,0.012777777777777779,111.97833333333334,111.99111111111111
18752,403198.0,403333.0,111.99944444444445,112.03694444444444,5,8,0.3,111.99944444444445,112.03694444444444
18754,403215.0,403451.0,112.00416666666666,112.06972222222223,5,4,0.26222222222222225,112.00416666666666,112.06972222222223
18755,403228.0,403262.0,112.00777777777778,112.01722222222222,5,1,0.009444444444444445,112.00777777777778,112.01722222222222
18758,403415.0,403910.0,112.05972222222222,112.19722222222222,5,8,1.1,112.05972222222222,112.19722222222222
18760,403468.0,403624.07758621,112.07444444444444,112.11779932950277,4,8,0.34,112.07444444444444,112.11861111111111
18767,403594.0,403717.0,112.10944444444445,112.14361111111111,5,1,0.034166666666666665,112.10944444444445,112.14361111111111
18768,403627.0,403782.0,112.11861111111111,112.16166666666666,5,8,0.34444444444444444,112.11861111111111,112.16166666666666
18769,403702.0,403960.75555556,112.13944444444445,112.21132098765555,3,1,0.06833333333333333,112.13944444444445,112.21305555555556
18770,403759.0,405439.99688474,112.15527777777778,112.62222135687223,2,1,0.4222222222222222,112.15527777777778,112.64194444444445
18771,403782.0,403928.0,112.16166666666666,112.20222222222222,5,4,0.1622222222222222,112.16166666666666,112.20222222222222
18774,403948.0,404119.45185185,112.20777777777778,112.25540329218056,3,8,0.3622222222222222,112.20777777777778,112.25611111111111
18776,404122.0,404280.0,112.25611111111111,112.3,5,8,0.3511111111111111,112.25611111111111,112.3
18821,404281.0,405117.0,112.30027777777778,112.5325,5,8,1.8577777777777778,112.30027777777778,112.5325
18823,404392.0,404893.83246073,112.33111111111111,112.47050901686944,1,1,0.1125,112.33111111111111,112.755
18914,404782.0,404917.0,112.43944444444445,112.47694444444444,5,4,0.15,112.43944444444445,112.47694444444444
18915,404785.0,405361.0,112.44027777777778,112.60027777777778,5,1,0.16,112.44027777777778,112.60027777777778
18917,404954.0,405152.92241379,112.48722222222223,112.542478448275,4,8,0.43333333333333335,112.48722222222223,112.54333333333334
18919,405118.0,405436.0,112.53277777777778,112.6211111111111,5,8,0.7066666666666667,112.53277777777778,112.6211111111111
18920,405156.0,405343.0,112.54333333333334,112.59527777777778,5,8,0.41555555555555557,112.54333333333334,112.59527777777778
18921,405195.0,405452.0,112.55416666666666,112.62555555555555,5,1,0.07138888888888889,112.55416666666666,112.62555555555555
18922,405343.0,405478.0,112.59527777777778,112.63277777777778,5,4,0.15,112.59527777777778,112.63277777777778
18924,405437.0,405508.0,112.62138888888889,112.64111111111112,5,8,0.15777777777777777,112.62138888888889,112.64111111111112
18925,405438.0,413903.0,112.62166666666667,114.97305555555556,5,1,2.3513888888888888,112.62166666666667,114.97305555555556
18927,405501.0,405715.22413793,112.63916666666667,112.69867337164723,4,8,0.4666666666666667,112.63916666666667,112.69916666666667
18928,405522.0,407071.0,112.645,113.07527777777777,5,8,3.442222222222222,112.645,113.07527777777777
18929,405622.0,413904.0,112.67277777777778,114.97333333333333,5,1,2.3005555555555555,112.67277777777778,114.97333333333333
18930,405717.0,405903.0,112.69916666666667,112.75083333333333,5,8,0.41333333333333333,112.69916666666667,112.75083333333333
18931,405762.0,414130.0,112.71166666666667,115.03611111111111,5,1,2.3244444444444445,112.71166666666667,115.03611111111111
18932,405805.0,415577.0,112.72361111111111,115.43805555555555,5,1,2.7144444444444447,112.72361111111111,115.43805555555555
18933,405867.0,591090.0,112.74083333333333,164.19166666666666,5,1,51.450833333333335,112.74083333333333,164.21
18934,405877.0,414619.0,112.74361111111111,115.17194444444445,5,1,2.4283333333333332,112.74361111111111,115.17194444444445
18935,405890.0,440888.0,112.74722222222222,122.46888888888888,5,8,77.77333333333333,112.74722222222222,122.46888888888888
18936,405903.0,406765.0,112.75083333333333,112.99027777777778,5,8,1.9155555555555555,112.75083333333333,112.99027777777778
18937,406266.0,406581.0,112.85166666666667,112.93916666666667,5,8,0.7,112.85166666666667,112.93916666666667
18940,406720.0,407020.0,112.97777777777777,113.06111111111112,5,8,0.6666666666666666,112.97777777777777,113.06111111111112
18941,406765.0,407084.0,112.99027777777778,113.07888888888888,5,8,0.7088888888888889,112.99027777777778,113.07888888888888
18942,407071.0,407270.0,113.07527777777777,113.13055555555556,5,8,0.44222222222222224,113.07527777777777,113.13055555555556
18943,407084.0,407160.0,113.07888888888888,113.1,5,8,0.1688888888888889,113.07888888888888,113.1
18945,407177.0,408688.0,113.10472222222222,113.52444444444444,5,8,3.3577777777777778,113.10472222222222,113.52694444444444
18946,407247.0,407528.0,113.12416666666667,113.20222222222222,5,8,0.6244444444444445,113.12416666666667,113.20222222222222
18949,407291.0,408009.0,113.13638888888889,113.33583333333333,5,8,1.5955555555555556,113.13638888888889,113.3375
18951,408036.0,408215.54022989,113.34333333333333,113.39320561941388,4,8,0.39111111111111113,113.34333333333333,113.39472222222223
18952,408222.0,408391.0,113.395,113.44194444444445,5,8,0.37555555555555553,113.395,113.44194444444445
18953,408392.0,408867.0,113.44222222222223,113.57416666666667,5,8,1.0555555555555556,113.44222222222223,113.57416666666667
18954,408590.0,408737.0,113.49722222222222,113.53805555555556,5,1,0.04083333333333333,113.49722222222222,113.53805555555556
18956,408697.0,408902.0,113.52694444444444,113.5838888888889,5,8,0.45555555555555555,113.52694444444444,113.5838888888889
18957,408756.0,408896.0,113.54333333333334,113.58222222222223,5,1,0.03888888888888889,113.54333333333334,113.58222222222223
18962,408840.0,426339.0,113.56666666666666,118.4275,5,8,38.88666666666666,113.56666666666666,118.4275
18963,408867.0,408904.0,113.57416666666667,113.58444444444444,5,4,0.04111111111111111,113.57416666666667,113.58444444444444
18966,408920.0,409115.86206897,113.58888888888889,113.64329501915833,4,8,0.4266666666666667,113.58888888888889,113.64333333333333
18967,408920.0,409644.0,113.58888888888889,113.79,5,8,1.6088888888888888,113.58888888888889,113.7911111111111
18968,408939.0,409212.0,113.59416666666667,113.67,5,8,0.6066666666666667,113.59416666666667,113.67
18970,408955.0,409166.0,113.59861111111111,113.65722222222222,5,1,0.058611111111111114,113.59861111111111,113.65722222222222
18979,409117.0,409287.0,113.64361111111111,113.69083333333333,5,8,0.37777777777777777,113.64361111111111,113.69083333333333
18982,409234.0,421342.0,113.67611111111111,117.03944444444444,5,8,26.906666666666666,113.67611111111111,117.03944444444444
18984,409283.0,409492.0,113.68972222222222,113.74777777777778,5,1,0.058055555555555555,113.68972222222222,113.74777777777778
18985,409288.0,410071.0,113.69111111111111,113.90861111111111,5,8,1.74,113.69111111111111,113.90861111111111
18991,409666.0,409826.15804598,113.79611111111112,113.84059945721665,4,8,0.3488888888888889,113.79611111111112,113.84138888888889
18993,409800.0,410020.0,113.83333333333333,113.89444444444445,5,1,0.06111111111111111,113.83333333333333,113.89444444444445
18994,409830.0,409947.0,113.84166666666667,113.87416666666667,5,8,0.26,113.84166666666667,113.87416666666667
18997,409947.0,410297.0,113.87416666666667,113.9713888888889,5,8,0.7777777777777778,113.87416666666667,113.9713888888889
19002,410072.0,410116.0,113.9088888888889,113.92111111111112,5,4,0.04888888888888889,113.9088888888889,113.92111111111112
19004,410137.0,410320.02222222,113.92694444444444,113.97778395061667,3,8,0.38666666666666666,113.92694444444444,113.97805555555556
19006,410297.0,410342.0,113.9713888888889,113.98388888888888,5,4,0.05,113.9713888888889,113.98388888888888
19008,410321.0,410514.0,113.97805555555556,114.03166666666667,5,8,0.4288888888888889,113.97805555555556,114.03166666666667
19011,410359.0,414900.0,113.98861111111111,115.25,5,1,1.261388888888889,113.98861111111111,115.25
19012,410361.0,410549.72126437,113.98916666666666,114.04158924010278,4,8,0.4111111111111111,113.98916666666666,114.04277777777777
19013,410514.0,410707.0,114.03166666666667,114.08527777777778,5,8,0.4288888888888889,114.03166666666667,114.08527777777778
19014,410554.0,410709.0,114.04277777777777,114.08583333333333,5,8,0.34444444444444444,114.04277777777777,114.08583333333333
19017,410707.0,410738.0,114.08527777777778,114.09388888888888,5,4,0.034444444444444444,114.08527777777778,114.09388888888888
19018,410710.0,411416.0,114.08611111111111,114.28222222222222,5,8,1.568888888888889,114.08611111111111,114.28222222222222
19022,410762.0,410915.0,114.10055555555556,114.14305555555555,5,8,0.34,114.10055555555556,114.14361111111111
19023,410917.0,411097.0,114.14361111111111,114.19361111111111,5,8,0.4,114.14361111111111,114.19361111111111
19028,411098.0,411209.0,114.19388888888889,114.22472222222223,5,4,0.12333333333333334,114.19388888888889,114.22472222222223
19030,411226.0,544053.0,114.22944444444444,151.12583333333333,5,8,295.1711111111111,114.22944444444444,151.12583333333333
19031,411227.0,411392.0,114.22972222222222,114.27555555555556,5,8,0.36666666666666664,114.22972222222222,114.27555555555556
19036,411392.0,411557.0,114.27555555555556,114.32138888888889,5,8,0.36666666666666664,114.27555555555556,114.32138888888889
19037,411417.0,411476.0,114.2825,114.29888888888888,5,4,0.06555555555555556,114.2825,114.29888888888888
19040,411494.0,411661.29885057,114.30388888888889,114.350360791825,4,8,0.36444444444444446,114.30388888888889,114.35138888888889
19041,411557.0,411662.0,114.32138888888889,114.35055555555556,5,4,0.11666666666666667,114.32138888888889,114.35055555555556
19042,411665.0,411832.0,114.35138888888889,114.39777777777778,5,8,0.3711111111111111,114.35138888888889,114.39777777777778
19044,411687.0,411861.43965517,114.3575,114.40595545976944,4,8,0.38,114.3575,114.40694444444445
19045,411833.0,412016.0,114.39805555555556,114.44888888888889,5,8,0.4066666666666667,114.39805555555556,114.44888888888889
19046,411866.0,412016.0,114.40722222222222,114.44888888888889,5,8,0.3333333333333333,114.40722222222222,114.44888888888889
19047,412016.0,412051.0,114.44888888888889,114.45861111111111,5,4,0.03888888888888889,114.44888888888889,114.45861111111111
19048,412017.0,412104.0,114.44916666666667,114.47333333333333,5,4,0.09666666666666666,114.44916666666667,114.47333333333333
19050,412069.0,412238.34814815,114.4636111111111,114.51065226337501,3,8,0.35777777777777775,114.4636111111111,114.51083333333334
19052,412126.0,412320.0,114.47944444444444,114.53333333333333,5,8,0.4311111111111111,114.47944444444444,114.53416666666666
19053,412131.0,412355.0,114.48083333333334,114.54305555555555,5,1,0.06222222222222222,114.48083333333334,114.54305555555555
19054,412239.0,412434.0,114.51083333333334,114.565,5,8,0.43333333333333335,114.51083333333334,114.565
19055,412245.0,412246.0,114.5125,114.51277777777777,5,1,0.0002777777777777778,114.5125,114.51277777777777
19056,412250.0,412251.0,114.51388888888889,114.51416666666667,5,8,0.0022222222222222222,114.51388888888889,114.51416666666667
19057,412324.0,412493.0,114.53444444444445,114.5813888888889,5,8,0.37555555555555553,114.53444444444445,114.5813888888889
19058,412434.0,412557.0,114.565,114.59916666666666,5,4,0.13666666666666666,114.565,114.59916666666666
19059,412494.0,412634.0,114.58166666666666,114.62055555555555,5,4,0.15555555555555556,114.58166666666666,114.62055555555555
19061,412574.0,412728.62222222,114.60388888888889,114.64683950617223,3,8,0.32666666666666666,114.60388888888889,114.6475
19062,412651.0,412819.0,114.62527777777778,114.67194444444445,5,8,0.37333333333333335,114.62527777777778,114.67194444444445
19063,412731.0,412911.0,114.6475,114.6975,5,8,0.4,114.6475,114.6975
19065,412819.0,413009.0,114.67194444444445,114.72472222222223,5,8,0.4222222222222222,114.67194444444445,114.72472222222223
19066,412911.0,413032.0,114.6975,114.7311111111111,5,4,0.13444444444444445,114.6975,114.7311111111111
19067,413010.0,413118.0,114.725,114.755,5,4,0.12,114.725,114.755
19069,413049.0,413207.82962963,114.73583333333333,114.77995267489723,3,8,0.33555555555555555,114.73583333333333,114.78055555555555
19071,413133.0,413309.47988506,114.75916666666667,114.80818885696111,4,8,0.3844444444444444,114.75916666666667,114.80916666666667
19072,413211.0,413357.0,114.78083333333333,114.82138888888889,5,8,0.3244444444444444,114.78083333333333,114.82138888888889
19073,413314.0,413487.0,114.80944444444444,114.8575,5,8,0.3844444444444444,114.80944444444444,114.8575
19074,413357.0,413514.0,114.82138888888889,114.865,5,4,0.17444444444444446,114.82138888888889,114.865
19075,413487.0,413649.0,114.8575,114.9025,5,4,0.18,114.8575,114.9025
19077,413538.0,413703.25862069,114.87166666666667,114.91757183908055,4,8,0.36,114.87166666666667,114.91805555555555
19079,413666.0,413820.62222222,114.90722222222222,114.95017283950556,3,8,0.32666666666666666,114.90722222222222,114.95055555555555
19080,413706.0,413849.0,114.91833333333334,114.95805555555556,5,8,0.31777777777777777,114.91833333333334,114.95805555555556
19081,413715.0,413908.0,114.92083333333333,114.97444444444444,5,2,0.10722222222222222,114.92083333333333,114.97444444444444
19085,413822.0,413972.0,114.95055555555555,114.99222222222222,5,8,0.3333333333333333,114.95055555555555,114.99222222222222
19086,413849.0,413953.0,114.95805555555556,114.98694444444445,5,4,0.11555555555555555,114.95805555555556,114.98694444444445
19088,413968.0,414155.70114943,114.99111111111111,115.04325031928612,4,8,0.4088888888888889,114.99111111111111,115.04333333333334
19089,413972.0,414128.07758621,114.99222222222222,115.03557710728055,4,4,0.17,114.99222222222222,115.0363888888889
19091,414153.0,414326.0,115.0425,115.09055555555555,5,8,0.3844444444444444,115.0425,115.09138888888889
19092,414157.0,414310.0,115.0436111111111,115.08611111111111,5,8,0.34,115.0436111111111,115.08694444444444
19094,414314.0,414421.0,115.08722222222222,115.11694444444444,5,4,0.11888888888888889,115.08722222222222,115.11694444444444
19095,414329.0,414369.0,115.09138888888889,115.1025,5,8,0.08888888888888889,115.09138888888889,115.1025
19097,414385.0,415315.0,115.10694444444445,115.36527777777778,5,8,2.066666666666667,115.10694444444445,115.36722222222222
19099,414437.0,414607.3591954,115.12138888888889,115.1687108876111,4,8,0.3711111111111111,115.12138888888889,115.16944444444445
19101,414611.0,414794.0,115.16972222222222,115.22055555555555,5,8,0.4066666666666667,115.16972222222222,115.22055555555555
19105,414794.0,414913.0,115.22055555555555,115.25361111111111,5,4,0.1322222222222222,115.22055555555555,115.25361111111111
19107,414927.0,415079.51851852,115.2575,115.29986625514444,3,8,0.32222222222222224,115.2575,115.30083333333333
19108,415083.0,415237.0,115.30083333333333,115.34361111111112,5,8,0.3422222222222222,115.30083333333333,115.34361111111112
19110,415237.0,415374.0,115.34361111111112,115.38166666666666,5,4,0.15222222222222223,115.34361111111112,115.38166666666666
19111,415322.0,415404.0,115.36722222222222,115.39,5,8,0.18222222222222223,115.36722222222222,115.39
19112,415390.0,415565.0,115.3861111111111,115.43472222222222,5,8,0.3888888888888889,115.3861111111111,115.43472222222222
19114,415423.0,415723.93390805,115.39527777777778,115.4788705300139,4,8,0.6555555555555556,115.39527777777778,115.48
19115,415450.0,415452.0,115.40277777777777,115.40333333333334,5,1,0.0005555555555555556,115.40277777777777,115.40333333333334
19116,415456.0,415457.0,115.40444444444445,115.40472222222222,5,8,0.0022222222222222222,115.40444444444445,115.40472222222222
19117,415565.0,415598.0,115.43472222222222,115.44388888888889,5,8,0.07333333333333333,115.43472222222222,115.44388888888889
19119,415621.0,416193.0,115.45027777777777,115.60916666666667,5,8,1.271111111111111,115.45027777777777,115.61027777777778
19120,415729.0,415776.0,115.48027777777777,115.49333333333334,5,8,0.10444444444444445,115.48027777777777,115.49333333333334
19121,415790.0,415980.0,115.49722222222222,115.55,5,8,0.4222222222222222,115.49722222222222,115.55
19122,415997.0,416189.0,115.55472222222222,115.60805555555555,5,8,0.4266666666666667,115.55472222222222,115.60805555555555
19124,416197.0,416289.0,115.61027777777778,115.63583333333334,5,8,0.20444444444444446,115.61027777777778,115.63583333333334
19126,416205.0,416408.00287356,115.6125,115.6688896871,4,8,0.44222222222222224,115.6125,115.66944444444445
19128,416317.0,416557.0,115.64361111111111,115.71027777777778,5,8,0.5333333333333333,115.64361111111111,115.71083333333333
19130,416426.0,416656.0,115.67388888888888,115.73777777777778,5,8,0.5111111111111111,115.67388888888888,115.73777777777778
19131,416559.0,416595.0,115.71083333333333,115.72083333333333,5,8,0.08,115.71083333333333,115.72083333333333
19133,416617.0,416815.92241379,115.72694444444444,115.78220067049723,4,8,0.43333333333333335,115.72694444444444,115.7825
19135,416673.0,416873.9037037,115.7425,115.79830658436111,3,8,0.42444444444444446,115.7425,115.79833333333333
19153,416839.0,417028.74137931,115.78861111111111,115.84131704980834,4,8,0.41333333333333333,115.78861111111111,115.84194444444445
19156,416889.0,417080.7816092,115.8025,115.85577266922222,4,8,0.4177777777777778,115.8025,115.85666666666667
19160,417047.0,417260.52592593,115.8463888888889,115.90570164609167,3,8,0.45111111111111113,115.8463888888889,115.90583333333333
19164,417107.0,417306.0,115.86305555555556,115.91833333333334,5,8,0.44222222222222224,115.86305555555556,115.9186111111111
19165,417274.0,417461.0,115.90944444444445,115.96138888888889,5,8,0.41555555555555557,115.90944444444445,115.96138888888889
19166,417297.0,417741.83420593,115.91583333333334,116.0393983905361,1,8,0.7977777777777778,115.91583333333334,116.15666666666667
19169,417476.0,417708.5862069,115.96555555555555,116.03016283525001,4,8,0.5066666666666667,115.96555555555555,116.03083333333333
19172,417588.0,442828.0,115.99666666666667,123.00777777777778,5,1,7.011111111111111,115.99666666666667,123.00777777777778
19174,417733.0,417932.94252874,116.03694444444444,116.0924840357611,4,8,0.43555555555555553,116.03694444444444,116.0925
19176,417767.0,483724.0,116.04638888888888,134.36777777777777,5,32,586.2844444444445,116.04638888888888,134.36805555555554
19179,417952.0,418142.38518519,116.09777777777778,116.15066255144167,3,8,0.4022222222222222,116.09777777777778,116.15083333333334
19183,418268.0,418357.0,116.18555555555555,116.21027777777778,5,1,0.024722222222222222,116.18555555555555,116.21027777777778
19186,418485.0,472365.0,116.24583333333334,131.2125,5,1,14.966666666666667,116.24583333333334,131.2125
19187,418507.0,418945.63874346,116.25194444444445,116.37378853985,1,8,0.7866666666666666,116.25194444444445,116.38138888888889
19192,419344.0,421648.0,116.48444444444445,117.12444444444445,5,16,10.24,116.48444444444445,117.12444444444445
19194,419394.0,419569.0,116.49833333333333,116.54694444444445,5,8,0.3888888888888889,116.49833333333333,116.54694444444445
19197,419675.0,419737.0,116.57638888888889,116.59361111111112,5,1,0.017222222222222222,116.57638888888889,116.59361111111112
19198,419751.0,419819.0,116.5975,116.61638888888889,5,1,0.01888888888888889,116.5975,116.61638888888889
19200,419805.0,420490.0,116.6125,116.80277777777778,5,1,0.19027777777777777,116.6125,116.80277777777778
19201,419884.0,419942.0,116.63444444444444,116.65055555555556,5,1,0.01611111111111111,116.63444444444444,116.65055555555556
19206,420382.0,420383.0,116.77277777777778,116.77305555555556,5,8,0.0022222222222222222,116.77277777777778,116.77305555555556
19207,420460.0,420461.2390925,116.79444444444445,116.79478863680556,1,8,0.0022222222222222222,116.79444444444445,116.80305555555556
19208,420544.0,420648.0,116.81777777777778,116.84666666666666,5,1,0.028888888888888888,116.81777777777778,116.84666666666666
19209,420712.0,421102.0,116.86444444444444,116.97277777777778,5,1,0.10833333333333334,116.86444444444444,116.97277777777778
19211,421233.0,421923.0,117.00916666666667,117.20083333333334,5,8,1.5333333333333334,117.00916666666667,117.20083333333334
19214,421668.0,422084.33507853,117.13,117.245648632925,1,1,0.09333333333333334,117.13,117.24583333333334
19215,421734.0,426389.4962963,117.14833333333333,118.44152674897224,3,1,1.2294444444444443,117.14833333333333,118.47527777777778
19580,424329.0,449339.0,117.86916666666667,124.8163888888889,5,1,6.947222222222222,117.86916666666667,124.8163888888889
19601,424393.0,424435.0,117.88694444444444,117.89861111111111,5,1,0.011666666666666667,117.88694444444444,117.89861111111111
19651,424554.0,424592.0,117.93166666666667,117.94222222222223,5,1,0.010555555555555556,117.93166666666667,117.94222222222223
19954,425526.0,426933.0,118.20166666666667,118.5925,5,1,0.3908333333333333,118.20166666666667,118.5925
19955,425526.0,427726.0,118.20166666666667,118.81277777777778,5,1,0.6111111111111112,118.20166666666667,118.81277777777778
19956,425526.0,427726.0,118.20166666666667,118.81277777777778,5,1,0.6111111111111112,118.20166666666667,118.81277777777778
19957,425526.0,427751.0,118.20166666666667,118.81972222222223,5,1,0.6180555555555556,118.20166666666667,118.81972222222223
19958,425526.0,427754.0,118.20166666666667,118.82055555555556,5,1,0.6188888888888889,118.20166666666667,118.82055555555556
19959,425526.0,427751.0,118.20166666666667,118.81972222222223,5,1,0.6180555555555556,118.20166666666667,118.81972222222223
19960,425526.0,427754.0,118.20166666666667,118.82055555555556,5,1,0.6188888888888889,118.20166666666667,118.82055555555556
19974,425569.0,427751.0,118.2136111111111,118.81972222222223,5,1,0.6061111111111112,118.2136111111111,118.81972222222223
19975,425569.0,427751.0,118.2136111111111,118.81972222222223,5,1,0.6061111111111112,118.2136111111111,118.81972222222223
19976,425569.0,427648.0,118.2136111111111,118.7911111111111,5,1,0.5775,118.2136111111111,118.7911111111111
19977,425569.0,427646.0,118.2136111111111,118.79055555555556,5,1,0.5769444444444445,118.2136111111111,118.79055555555556
19978,425569.0,427650.0,118.2136111111111,118.79166666666667,5,1,0.5780555555555555,118.2136111111111,118.79166666666667
19979,425569.0,427646.0,118.2136111111111,118.79055555555556,5,1,0.5769444444444445,118.2136111111111,118.79055555555556
19980,425569.0,427653.0,118.2136111111111,118.7925,5,1,0.5788888888888889,118.2136111111111,118.7925
19981,425569.0,427652.0,118.2136111111111,118.79222222222222,5,1,0.5786111111111111,118.2136111111111,118.79222222222222
19984,425573.0,428442.0,118.21472222222222,119.01166666666667,5,1,0.7969444444444445,118.21472222222222,119.01166666666667
19985,425573.0,428444.0,118.21472222222222,119.01222222222222,5,1,0.7975,118.21472222222222,119.01222222222222
19986,425573.0,427417.0,118.21472222222222,118.72694444444444,5,1,0.5122222222222222,118.21472222222222,118.72694444444444
19987,425573.0,427417.0,118.21472222222222,118.72694444444444,5,1,0.5122222222222222,118.21472222222222,118.72694444444444
19988,425573.0,427417.0,118.21472222222222,118.72694444444444,5,1,0.5122222222222222,118.21472222222222,118.72694444444444
19989,425573.0,427417.0,118.21472222222222,118.72694444444444,5,1,0.5122222222222222,118.21472222222222,118.72694444444444
19990,425573.0,427417.0,118.21472222222222,118.72694444444444,5,1,0.5122222222222222,118.21472222222222,118.72694444444444
19991,425573.0,427417.0,118.21472222222222,118.72694444444444,5,1,0.5122222222222222,118.21472222222222,118.72694444444444
20264,427169.0,427302.0,118.65805555555555,118.695,5,1,0.036944444444444446,118.65805555555555,118.695
20265,427210.0,427508.62129145,118.66944444444445,118.75239480318055,1,1,0.06694444444444445,118.66944444444445,118.76194444444444
20267,427342.0,427462.0,118.70611111111111,118.73944444444444,5,1,0.03333333333333333,118.70611111111111,118.73944444444444
20268,427398.0,427500.0,118.72166666666666,118.75,5,1,0.028333333333333332,118.72166666666666,118.75
20270,427417.0,428398.0,118.72694444444444,118.99944444444445,5,1,0.2725,118.72694444444444,118.99944444444445
20271,427417.0,428701.0,118.72694444444444,119.08361111111111,5,1,0.3566666666666667,118.72694444444444,119.08361111111111
20272,427417.0,428702.0,118.72694444444444,119.0838888888889,5,1,0.35694444444444445,118.72694444444444,119.0838888888889
20273,427417.0,428701.0,118.72694444444444,119.08361111111111,5,1,0.3566666666666667,118.72694444444444,119.08361111111111
20274,427417.0,428702.0,118.72694444444444,119.0838888888889,5,1,0.35694444444444445,118.72694444444444,119.0838888888889
20278,427593.0,427709.0,118.77583333333334,118.80805555555555,5,1,0.03222222222222222,118.77583333333334,118.80805555555555
20279,427601.0,427709.0,118.77805555555555,118.80805555555555,5,1,0.03,118.77805555555555,118.80805555555555
20281,427646.0,429172.0,118.79055555555556,119.21444444444444,5,1,0.42388888888888887,118.79055555555556,119.21444444444444
20282,427648.0,429172.0,118.7911111111111,119.21444444444444,5,1,0.42333333333333334,118.7911111111111,119.21444444444444
20283,427650.0,429172.0,118.79166666666667,119.21444444444444,5,1,0.42277777777777775,118.79166666666667,119.21444444444444
20284,427652.0,429172.0,118.79222222222222,119.21444444444444,5,1,0.4222222222222222,118.79222222222222,119.21444444444444
20285,427653.0,429172.0,118.7925,119.21444444444444,5,1,0.42194444444444446,118.7925,119.21444444444444
20290,427922.0,435995.0,118.86722222222222,121.10972222222222,5,1,2.2425,118.86722222222222,121.10972222222222
20292,427992.0,428228.66666667,118.88666666666667,118.95240740740833,1,8,0.42444444444444446,118.88666666666667,118.9825
20295,428199.0,428200.0,118.94416666666666,118.94444444444444,5,4,0.0011111111111111111,118.94416666666666,118.94444444444444
20296,428206.0,428208.0,118.94611111111111,118.94666666666667,5,6,0.0033333333333333335,118.94611111111111,118.94666666666667
20297,428213.0,428214.0,118.94805555555556,118.94833333333334,5,7,0.0019444444444444444,118.94805555555556,118.94833333333334
20300,428225.0,462604.0,118.95138888888889,128.5011111111111,5,1,9.549722222222222,118.95138888888889,128.5011111111111
20304,428710.0,428891.0,119.08611111111111,119.13638888888889,5,1,0.050277777777777775,119.08611111111111,119.13638888888889
20311,429888.0,430044.0,119.41333333333333,119.45666666666666,5,1,0.043333333333333335,119.41333333333333,119.45666666666666
20314,430826.0,430948.0,119.67388888888888,119.70777777777778,5,1,0.03388888888888889,119.67388888888888,119.70777777777778
20315,431043.0,432994.0,119.73416666666667,120.2761111111111,5,1,0.5419444444444445,119.73416666666667,120.2761111111111
20317,431505.0,500417.0,119.8625,139.00472222222223,5,8,153.13777777777779,119.8625,139.00472222222223
20322,434111.0,434248.53926702,120.58638888888889,120.62459424083889,1,8,0.24666666666666667,120.58638888888889,124.96583333333334
20324,434224.0,435572.0,120.61777777777777,120.99222222222222,5,1,0.37444444444444447,120.61777777777777,120.99222222222222
20325,434421.0,442615.0,120.6725,122.9486111111111,5,1,2.276111111111111,120.6725,122.9486111111111
20326,434616.0,442592.0,120.72666666666667,122.94222222222223,5,1,2.2155555555555555,120.72666666666667,122.94222222222223
20328,434748.0,442750.0,120.76333333333334,122.98611111111111,5,1,2.222777777777778,120.76333333333334,122.98611111111111
20329,434840.0,442868.0,120.78888888888889,123.0188888888889,5,1,2.23,120.78888888888889,123.0188888888889
20331,435059.0,443033.0,120.84972222222223,123.06472222222222,5,1,2.215,120.84972222222223,123.06472222222222
20332,435171.0,443614.21481481,120.88083333333333,123.22617078189167,3,1,2.229722222222222,120.88083333333333,123.3411111111111
20335,435339.0,445068.35427574,120.9275,123.63009840992777,1,1,2.181111111111111,120.9275,125.12333333333333
20336,435484.0,451514.0,120.96777777777778,125.42055555555555,5,2,8.905555555555555,120.96777777777778,125.42055555555555
20339,436548.0,436710.0,121.26333333333334,121.30833333333334,5,2,0.09,121.26333333333334,121.30833333333334
20341,436710.0,436937.0,121.30833333333334,121.37138888888889,5,2,0.12611111111111112,121.30833333333334,121.37138888888889
20345,437260.0,437411.0,121.46111111111111,121.50305555555556,5,2,0.08388888888888889,121.46111111111111,121.50305555555556
20347,437412.0,437576.0,121.50333333333333,121.54888888888888,5,2,0.09111111111111111,121.50333333333333,121.54888888888888
20352,443214.0,598514.0,123.115,166.2538888888889,5,32,1380.4444444444443,123.115,166.2538888888889
20357,443911.0,533952.0,123.3086111111111,148.32,5,1,25.011388888888888,123.3086111111111,148.32
20358,443950.0,499371.0,123.31944444444444,138.71416666666667,5,1,15.394722222222223,123.31944444444444,138.71416666666667
20359,443966.0,555690.0,123.32388888888889,154.35833333333332,5,1,31.034444444444443,123.32388888888889,154.35833333333332
20360,444071.0,525563.0,123.35305555555556,145.9897222222222,5,1,22.636666666666667,123.35305555555556,145.9897222222222
20361,444086.0,465954.0,123.35722222222222,129.43166666666667,5,1,6.0744444444444445,123.35722222222222,129.43166666666667
20362,444107.0,568160.0,123.36305555555556,157.82222222222222,5,1,34.45916666666667,123.36305555555556,157.82222222222222
20363,444121.0,546946.0,123.36694444444444,151.92944444444444,5,1,28.5625,123.36694444444444,151.92944444444444
20364,444179.0,492955.0,123.38305555555556,136.93194444444444,5,1,13.54888888888889,123.38305555555556,136.93194444444444
20365,444202.0,574591.0,123.38944444444445,159.60861111111112,5,1,36.219166666666666,123.38944444444445,159.60861111111112
20366,444217.0,569838.0,123.39361111111111,158.28833333333333,5,1,34.89472222222222,123.39361111111111,158.28833333333333
20367,444232.0,540749.0,123.39777777777778,150.20805555555555,5,1,26.810277777777777,123.39777777777778,150.20805555555555
20368,444251.0,576621.0,123.40305555555555,160.1725,5,1,36.769444444444446,123.40305555555555,160.1725
20369,444265.0,566120.0,123.40694444444445,157.25555555555556,5,1,33.84861111111111,123.40694444444445,157.25555555555556
20370,444280.0,527630.0,123.41111111111111,146.5638888888889,5,1,23.15277777777778,123.41111111111111,146.5638888888889
20371,448674.0,448843.7556719,124.63166666666666,124.67882101997222,1,8,0.30444444444444446,124.63166666666666,125.0038888888889
20372,449339.0,450784.0,124.8163888888889,125.21777777777778,5,2,0.8027777777777778,124.8163888888889,125.21777777777778
20381,450784.0,452201.0,125.21777777777778,125.61138888888888,5,2,0.7872222222222223,125.21777777777778,125.61138888888888
20383,451912.0,453135.0,125.53111111111112,125.87083333333334,5,8,2.7177777777777776,125.53111111111112,125.87083333333334
20385,462604.0,463833.0,128.5011111111111,128.8425,5,2,0.6827777777777778,128.5011111111111,128.8425
20387,463833.0,465018.0,128.8425,129.17166666666665,5,2,0.6583333333333333,128.8425,129.17166666666665
20388,463952.0,464071.0,128.87555555555556,128.9086111111111,5,8,0.2644444444444444,128.87555555555556,128.9086111111111
20407,466528.0,466654.0,129.5911111111111,129.6261111111111,5,8,0.28,129.5911111111111,129.6261111111111
20410,466678.0,466809.0,129.6327777777778,129.66916666666665,5,8,0.2911111111111111,129.6327777777778,129.66916666666665
20426,468649.0,476845.0,130.18027777777777,132.45694444444445,5,1,2.276666666666667,130.18027777777777,132.45694444444445
20429,468798.0,476983.0,130.22166666666666,132.49527777777777,5,1,2.2736111111111112,130.22166666666666,132.49527777777777
20430,468850.0,477252.0,130.23611111111111,132.57,5,1,2.3338888888888887,130.23611111111111,132.57
20432,468884.0,477039.0,130.24555555555557,132.51083333333332,5,1,2.265277777777778,130.24555555555557,132.51083333333332
20433,468991.0,477126.0,130.27527777777777,132.535,5,1,2.2597222222222224,130.27527777777777,132.535
20437,469366.0,477891.0,130.37944444444443,132.7475,5,1,2.3680555555555554,130.37944444444443,132.7475
20439,469527.0,479981.22338569,130.42416666666668,133.3281176071361,1,1,2.343611111111111,130.42416666666668,134.80055555555555
20440,469877.0,480261.83420593,130.52138888888888,133.40606505720277,1,1,2.3280555555555558,130.52138888888888,134.82333333333332
20441,469968.0,503098.0,130.54666666666665,139.74944444444444,5,8,73.62222222222222,130.54666666666665,139.74944444444444
20442,469981.0,503430.0,130.55027777777778,139.84166666666667,5,8,74.33111111111111,130.55027777777778,139.84166666666667
20444,470133.0,470420.0,130.5925,130.67222222222222,5,8,0.6377777777777778,130.5925,130.67222222222222
20451,471928.0,472114.0,131.0911111111111,131.14277777777778,5,8,0.41333333333333333,131.0911111111111,131.14277777777778
20452,472365.0,473782.0,131.2125,131.60611111111112,5,2,0.7872222222222223,131.2125,131.60611111111112
20454,472995.0,473141.21291449,131.3875,131.42811469846944,1,8,0.26222222222222225,131.3875,131.47861111111112
20455,473202.0,473541.0,131.445,131.53916666666666,5,16,1.5066666666666666,131.445,131.53916666666666
20458,473424.0,473636.0,131.50666666666666,131.56555555555556,5,16,0.9422222222222222,131.50666666666666,131.56555555555556
20461,473571.0,473637.30747126,131.5475,131.56591874201666,4,16,0.28888888888888886,131.5475,131.5661111111111
20462,473643.0,474371.0,131.5675,131.7697222222222,5,8,1.6177777777777778,131.5675,131.7697222222222
20463,473647.0,473704.0,131.56861111111112,131.58444444444444,5,8,0.12666666666666668,131.56861111111112,131.58444444444444
20464,473663.0,473817.0,131.57305555555556,131.61583333333334,5,16,0.6844444444444444,131.57305555555556,131.61583333333334
20465,473668.0,480938.0,131.57444444444445,133.5938888888889,5,8,16.155555555555555,131.57444444444445,133.5938888888889
20467,473697.0,473891.0,131.5825,131.6363888888889,5,16,0.8622222222222222,131.5825,131.6363888888889
20469,473782.0,475221.0,131.60611111111112,132.00583333333333,5,2,0.7994444444444444,131.60611111111112,132.00583333333333
20472,473911.0,473980.0,131.64194444444445,131.6611111111111,5,8,0.15333333333333332,131.64194444444445,131.6611111111111
20476,474783.0,475508.0,131.88416666666666,132.08555555555554,5,8,1.6111111111111112,131.88416666666666,132.08555555555554
20477,474802.0,482025.0,131.88944444444445,133.89583333333334,5,8,16.051111111111112,131.88944444444445,133.89583333333334
20482,475786.0,476331.0,132.1627777777778,132.31416666666667,5,8,1.211111111111111,132.1627777777778,132.31416666666667
20483,476421.0,476968.0,132.33916666666667,132.4911111111111,5,8,1.2155555555555555,132.33916666666667,132.4911111111111
20484,476430.0,476743.0,132.34166666666667,132.4286111111111,5,16,1.3911111111111112,132.34166666666667,132.4286111111111
20485,476554.0,476883.59860384,132.3761111111111,132.46766627884443,1,16,1.1822222222222223,132.3761111111111,132.5025
20487,477703.0,487738.0,132.6952777777778,135.48277777777778,5,1,2.7875,132.6952777777778,135.48277777777778
20489,477799.0,487586.0,132.72194444444443,135.44055555555556,5,1,2.718611111111111,132.72194444444443,135.44055555555556
20491,477936.0,478206.0,132.76,132.835,5,16,1.2,132.76,132.835
20492,478161.0,478734.0,132.8225,132.98166666666665,5,8,1.2733333333333334,132.8225,132.98166666666665
20493,478248.0,478425.0,132.84666666666666,132.89583333333334,5,1,0.049166666666666664,132.84666666666666,132.89583333333334
20494,478260.0,478568.0,132.85,132.93555555555557,5,16,1.3688888888888888,132.85,132.93555555555557
20495,478795.0,479342.0,132.9986111111111,133.15055555555554,5,8,1.2155555555555555,132.9986111111111,133.15055555555554
20496,479400.0,479575.0,133.16666666666666,133.21527777777777,5,1,0.04861111111111111,133.16666666666666,133.21527777777777
20499,480345.0,480475.0,133.42916666666667,133.46527777777777,5,1,0.03611111111111111,133.42916666666667,133.46527777777777
20501,480482.0,480573.0,133.46722222222223,133.4925,5,16,0.40444444444444444,133.46722222222223,133.4925
20502,480682.0,492917.0,133.52277777777778,136.92138888888888,5,16,54.37777777777778,133.52277777777778,136.92138888888888
20503,480695.0,480820.0,133.5263888888889,133.5611111111111,5,1,0.034722222222222224,133.5263888888889,133.5611111111111
20504,480792.0,482205.0,133.55333333333334,133.94583333333333,5,2,0.785,133.55333333333334,133.94583333333333
20506,480850.0,480883.0,133.56944444444446,133.57861111111112,5,1,0.009166666666666667,133.56944444444446,133.57861111111112
20507,480930.0,480971.0,133.59166666666667,133.60305555555556,5,1,0.01138888888888889,133.59166666666667,133.60305555555556
20508,481005.0,481035.0,133.6125,133.62083333333334,5,1,0.008333333333333333,133.6125,133.62083333333334
20511,481051.0,481079.0,133.62527777777777,133.63305555555556,5,1,0.0077777777777777776,133.62527777777777,133.63305555555556
20512,481149.0,481180.0,133.6525,133.6611111111111,5,1,0.008611111111111111,133.6525,133.6611111111111
20514,481202.0,481228.0,133.66722222222222,133.67444444444445,5,1,0.007222222222222222,133.66722222222222,133.67444444444445
20515,481276.0,481317.0,133.68777777777777,133.69916666666666,5,1,0.01138888888888889,133.68777777777777,133.69916666666666
20516,481360.0,481468.0,133.7111111111111,133.7411111111111,5,1,0.03,133.7111111111111,133.7411111111111
20517,481377.0,482199.0,133.71583333333334,133.94416666666666,5,2,0.45666666666666667,133.71583333333334,133.94416666666666
20518,481447.0,481474.0,133.73527777777778,133.74277777777777,5,1,0.0075,133.73527777777778,133.74277777777777
20519,481520.0,481548.0,133.75555555555556,133.76333333333332,5,1,0.0077777777777777776,133.75555555555556,133.76333333333332
20520,481579.0,481610.0,133.77194444444444,133.78055555555557,5,1,0.008611111111111111,133.77194444444444,133.78055555555557
20521,481650.0,481677.0,133.79166666666666,133.79916666666668,5,1,0.0075,133.79166666666666,133.79916666666668
20522,481707.0,481735.0,133.8075,133.81527777777777,5,1,0.0077777777777777776,133.8075,133.81527777777777
20523,481817.0,481848.0,133.83805555555554,133.84666666666666,5,1,0.008611111111111111,133.83805555555554,133.84666666666666
20525,481921.0,481956.0,133.86694444444444,133.87666666666667,5,1,0.009722222222222222,133.86694444444444,133.87666666666667
20526,482007.0,482033.0,133.89083333333335,133.89805555555554,5,1,0.007222222222222222,133.89083333333335,133.89805555555554
20527,482066.0,482092.0,133.90722222222223,133.91444444444446,5,1,0.007222222222222222,133.90722222222223,133.91444444444446
20528,482184.0,482215.0,133.94,133.94861111111112,5,1,0.008611111111111111,133.94,133.94861111111112
20529,482207.0,483258.0,133.9463888888889,134.23833333333334,5,2,0.5838888888888889,133.9463888888889,134.23833333333334
20530,482291.0,482315.0,133.96972222222223,133.9763888888889,5,1,0.006666666666666667,133.96972222222223,133.9763888888889
20531,482350.0,482378.0,133.98611111111111,133.99388888888888,5,1,0.0077777777777777776,133.98611111111111,133.99388888888888
20532,482439.0,482498.0,134.01083333333332,134.02722222222224,5,1,0.01638888888888889,134.01083333333332,134.02722222222224
20533,482513.0,482540.0,134.0313888888889,134.0388888888889,5,1,0.0075,134.0313888888889,134.0388888888889
20534,482557.0,482582.0,134.04361111111112,134.05055555555555,5,1,0.006944444444444444,134.04361111111112,134.05055555555555
20535,482597.0,482626.0,134.0547222222222,134.06277777777777,5,1,0.008055555555555555,134.0547222222222,134.06277777777777
20536,482634.0,482661.0,134.065,134.0725,5,1,0.0075,134.065,134.0725
20537,482693.0,482719.0,134.08138888888888,134.0886111111111,5,1,0.007222222222222222,134.08138888888888,134.0886111111111
20538,482731.0,482756.0,134.09194444444444,134.0988888888889,5,1,0.006944444444444444,134.09194444444444,134.0988888888889
20539,482768.0,482791.0,134.10222222222222,134.10861111111112,5,1,0.006388888888888889,134.10222222222222,134.10861111111112
20540,482806.0,482831.0,134.11277777777778,134.1197222222222,5,1,0.006944444444444444,134.11277777777778,134.1197222222222
20541,482905.0,482930.0,134.14027777777778,134.1472222222222,5,1,0.006944444444444444,134.14027777777778,134.1472222222222
20543,483002.0,483027.0,134.16722222222222,134.17416666666668,5,1,0.006944444444444444,134.16722222222222,134.17416666666668
20544,483090.0,483127.0,134.19166666666666,134.20194444444445,5,1,0.010277777777777778,134.19166666666666,134.20194444444445
20545,483160.0,483187.0,134.2111111111111,134.2186111111111,5,1,0.0075,134.2111111111111,134.2186111111111
20546,483249.0,484197.87850467,134.23583333333335,134.49941069574166,2,2,0.4766666666666667,134.23583333333335,134.52388888888888
20547,483264.0,483449.86387435,134.24,134.2916288539861,1,1,0.041666666666666664,134.24,134.32722222222222
20548,483272.0,483399.62652705,134.2422222222222,134.27767403529165,1,1,0.02861111111111111,134.2422222222222,134.31416666666667
20549,483541.0,483663.0,134.31694444444443,134.35083333333333,5,1,0.03388888888888889,134.31694444444443,134.35083333333333
20550,483670.0,483795.0,134.3527777777778,134.3875,5,1,0.034722222222222224,134.3527777777778,134.3875
20551,483678.0,483840.32111693,134.355,134.40008919914723,1,8,0.2911111111111111,134.355,134.40722222222223
20553,483807.0,483908.0,134.39083333333335,134.4188888888889,5,1,0.028055555555555556,134.39083333333335,134.4188888888889
20554,483866.0,483990.0,134.40722222222223,134.44166666666666,5,8,0.27555555555555555,134.40722222222223,134.44166666666666
20555,483915.0,484023.0,134.42083333333332,134.45083333333332,5,1,0.03,134.42083333333332,134.45083333333332
20556,483990.0,493287.0,134.44166666666666,137.02416666666667,5,8,20.66,134.44166666666666,137.02416666666667
20557,484030.0,484136.0,134.45277777777778,134.48222222222222,5,1,0.029444444444444443,134.45277777777778,134.48222222222222
20559,484120.0,540101.0,134.4777777777778,150.02805555555557,5,1,15.550277777777778,134.4777777777778,150.02805555555557
20560,484156.0,484278.0,134.48777777777778,134.52166666666668,5,1,0.03388888888888889,134.48777777777778,134.52166666666668
20561,484322.0,484437.0,134.5338888888889,134.56583333333333,5,1,0.03194444444444444,134.5338888888889,134.56583333333333
20562,484450.0,484557.0,134.56944444444446,134.59916666666666,5,1,0.029722222222222223,134.56944444444446,134.59916666666666
20563,484491.0,491175.0,134.58083333333335,136.4375,5,1,1.8566666666666667,134.58083333333335,136.4375
20564,484493.0,485352.0,134.58138888888888,134.82,5,2,0.4772222222222222,134.58138888888888,134.82
20565,484501.0,484668.0,134.5836111111111,134.63,5,1,0.04638888888888889,134.5836111111111,134.63
20566,484786.0,484967.0,134.6627777777778,134.71305555555554,5,1,0.050277777777777775,134.6627777777778,134.71305555555554
20567,484911.0,485043.0,134.6975,134.73416666666665,5,1,0.03666666666666667,134.6975,134.73416666666665
20568,484982.0,485089.0,134.71722222222223,134.74694444444444,5,1,0.029722222222222223,134.71722222222223,134.74694444444444
20572,485498.0,504157.0,134.86055555555555,140.04361111111112,5,1,5.183055555555556,134.86055555555555,140.04361111111112
20573,485521.0,488863.0,134.86694444444444,135.79527777777778,5,1,0.9283333333333333,134.86694444444444,135.79527777777778
20574,485590.0,485724.0,134.88611111111112,134.92333333333335,5,1,0.03722222222222222,134.88611111111112,134.92333333333335
20575,485604.0,485789.0,134.89,134.9413888888889,5,1,0.05138888888888889,134.89,134.9413888888889
20576,485646.0,504375.0,134.90166666666667,140.10416666666666,5,1,5.2025,134.90166666666667,140.10416666666666
20577,485804.0,504349.0,134.94555555555556,140.09694444444443,5,1,5.151388888888889,134.94555555555556,140.09694444444443
20579,486252.0,486374.0,135.07,135.1038888888889,5,1,0.03388888888888889,135.07,135.1038888888889
20580,486378.0,486593.0,135.105,135.16472222222222,5,1,0.059722222222222225,135.105,135.16472222222222
20581,486393.0,486519.38743455,135.10916666666665,135.144274287375,1,1,0.028333333333333332,135.10916666666665,135.15694444444443
20582,486407.0,486450.36823735,135.11305555555555,135.1251022881528,1,1,0.009722222222222222,135.11305555555555,135.17444444444445
20583,486418.0,486467.0,135.1161111111111,135.12972222222223,5,1,0.01361111111111111,135.1161111111111,135.12972222222223
20586,486617.0,486659.12914485,135.17138888888888,135.183091429125,1,1,0.009444444444444445,135.17138888888888,135.1838888888889
20587,486659.0,489518.0,135.18305555555557,135.97722222222222,5,2,1.5883333333333334,135.18305555555557,135.97722222222222
20588,486695.0,486815.0,135.19305555555556,135.2263888888889,5,1,0.03333333333333333,135.19305555555556,135.2263888888889
20592,486864.0,489542.0,135.24,135.98388888888888,5,2,1.4877777777777779,135.24,135.98388888888888
20594,486922.0,486946.0,135.25611111111112,135.26277777777779,5,1,0.006666666666666667,135.25611111111112,135.26277777777779
20595,486976.0,569310.0,135.2711111111111,158.14166666666668,5,1,22.870555555555555,135.2711111111111,158.14166666666668
20596,486989.0,487280.0,135.2747222222222,135.35555555555555,5,16,1.2933333333333332,135.2747222222222,135.35555555555555
20597,487037.0,487064.0,135.28805555555556,135.29555555555555,5,1,0.0075,135.28805555555556,135.29555555555555
20598,487077.0,487113.0,135.29916666666668,135.30916666666667,5,1,0.01,135.29916666666668,135.30916666666667
20599,487131.0,487170.0,135.31416666666667,135.325,5,1,0.010833333333333334,135.31416666666667,135.325
20600,487180.0,536408.0,135.32777777777778,149.00222222222223,5,1,13.674444444444445,135.32777777777778,149.00222222222223
20604,487276.0,559099.0,135.35444444444445,155.30527777777777,5,1,19.950833333333332,135.35444444444445,155.30527777777777
20605,487317.0,582399.0,135.36583333333334,161.7775,5,1,26.411666666666665,135.36583333333334,161.7775
20606,487319.0,487354.0,135.36638888888888,135.3761111111111,5,1,0.009722222222222222,135.36638888888888,135.3761111111111
20607,487380.0,487419.0,135.38333333333333,135.39416666666668,5,1,0.010833333333333334,135.38333333333333,135.39416666666668
20608,487390.0,601334.0,135.38611111111112,167.03722222222223,5,1,31.65111111111111,135.38611111111112,167.03722222222223
20610,487655.0,487690.0,135.4597222222222,135.46944444444443,5,1,0.009722222222222222,135.4597222222222,135.46944444444443
20612,487778.0,487842.0,135.49388888888888,135.51166666666666,5,16,0.28444444444444444,135.49388888888888,135.51166666666666
20615,487907.0,488190.0,135.52972222222223,135.60833333333332,5,16,1.2577777777777779,135.52972222222223,135.60833333333332
20616,487997.0,569649.0,135.5547222222222,158.23583333333335,5,1,22.68111111111111,135.5547222222222,158.23583333333335
20617,488120.0,488230.0,135.5888888888889,135.61944444444444,5,1,0.030555555555555555,135.5888888888889,135.61944444444444
20619,488429.0,488474.0,135.67472222222221,135.68722222222223,5,1,0.0125,135.67472222222221,135.68722222222223
20620,488555.0,488834.0,135.7097222222222,135.78722222222223,5,16,1.24,135.7097222222222,135.78722222222223
20621,488599.0,488637.0,135.72194444444443,135.7325,5,1,0.010555555555555556,135.72194444444443,135.7325
20622,488706.0,488743.0,135.75166666666667,135.76194444444445,5,1,0.010277777777777778,135.75166666666667,135.76194444444445
20623,488739.0,488851.0,135.76083333333332,135.79194444444445,5,1,0.03111111111111111,135.76083333333332,135.79194444444445
20624,488809.0,488840.0,135.78027777777777,135.7888888888889,5,1,0.008611111111111111,135.78027777777777,135.7888888888889
20625,488975.0,489002.0,135.82638888888889,135.83388888888888,5,1,0.0075,135.82638888888889,135.83388888888888
20627,489037.0,580695.0,135.8436111111111,161.30416666666667,5,1,25.460555555555555,135.8436111111111,161.30416666666667
20628,489064.0,489095.0,135.85111111111112,135.85972222222222,5,1,0.008611111111111111,135.85111111111112,135.85972222222222
20629,489115.0,489163.0,135.86527777777778,135.8786111111111,5,8,0.10666666666666667,135.86527777777778,135.8786111111111
20630,489135.0,489166.0,135.87083333333334,135.87944444444443,5,1,0.008611111111111111,135.87083333333334,135.87944444444443
20631,489148.0,489174.0,135.87444444444444,135.88166666666666,5,1,0.007222222222222222,135.87444444444444,135.88166666666666
20632,489198.0,566883.0,135.88833333333332,157.4675,5,1,21.579166666666666,135.88833333333332,157.4675
20633,489201.0,489247.0,135.88916666666665,135.90194444444444,5,8,0.10222222222222223,135.88916666666665,135.90194444444444
20634,489211.0,489240.0,135.89194444444445,135.9,5,1,0.008055555555555555,135.89194444444445,135.9
20635,489244.0,489271.0,135.9011111111111,135.9086111111111,5,1,0.0075,135.9011111111111,135.9086111111111
20636,489268.0,557557.0,135.90777777777777,154.87694444444443,5,1,18.969166666666666,135.90777777777777,154.87694444444443
20637,489294.0,508673.0,135.915,141.29805555555555,5,8,43.06444444444445,135.915,141.29805555555555
20638,489321.0,589145.0,135.9225,163.6513888888889,5,1,27.72888888888889,135.9225,163.6513888888889
20639,489331.0,489361.0,135.92527777777778,135.9336111111111,5,1,0.008333333333333333,135.92527777777778,135.9336111111111
20640,489331.0,489362.0,135.92527777777778,135.9338888888889,5,1,0.008611111111111111,135.92527777777778,135.9338888888889
20641,489368.0,567167.0,135.93555555555557,157.54638888888888,5,1,21.610833333333332,135.93555555555557,157.54638888888888
20642,489390.0,489425.0,135.94166666666666,135.95138888888889,5,1,0.009722222222222222,135.94166666666666,135.95138888888889
20643,489405.0,489449.0,135.94583333333333,135.95805555555555,5,1,0.012222222222222223,135.94583333333333,135.95805555555555
20645,489470.0,535725.0,135.9638888888889,148.8125,5,1,12.848611111111111,135.9638888888889,148.8125
20646,489492.0,489532.0,135.97,135.98111111111112,5,1,0.011111111111111112,135.97,135.98111111111112
20648,489529.0,489586.0,135.9802777777778,135.9961111111111,5,16,0.25333333333333335,135.9802777777778,135.9961111111111
20649,489573.0,489599.0,135.9925,135.99972222222223,5,1,0.007222222222222222,135.9925,135.99972222222223
20652,489669.0,489713.0,136.01916666666668,136.0313888888889,5,1,0.012222222222222223,136.01916666666668,136.0313888888889
20657,489800.0,489829.0,136.05555555555554,136.0636111111111,5,1,0.008055555555555555,136.05555555555554,136.0636111111111
20659,489824.0,519295.63551402,136.06222222222223,144.24878764278333,2,16,118.44,136.06222222222223,144.3238888888889
20660,489831.0,490110.0,136.06416666666667,136.14166666666668,5,16,1.24,136.06416666666667,136.14166666666668
20663,489928.0,489968.0,136.0911111111111,136.10222222222222,5,1,0.011111111111111112,136.0911111111111,136.10222222222222
20664,489967.0,512592.0,136.10194444444446,142.38666666666666,5,16,100.55555555555556,136.10194444444446,142.38666666666666
20665,489995.0,490184.0,136.10972222222222,136.16222222222223,5,1,0.0525,136.10972222222222,136.16222222222223
20667,490043.0,490075.0,136.12305555555557,136.13194444444446,5,1,0.008888888888888889,136.12305555555557,136.13194444444446
20669,490150.0,490182.0,136.15277777777777,136.16166666666666,5,1,0.008888888888888889,136.15277777777777,136.16166666666666
20671,490180.0,525637.0,136.1611111111111,146.0102777777778,5,8,78.79333333333334,136.1611111111111,146.0102777777778
20673,490287.0,490744.0,136.19083333333333,136.3177777777778,5,16,2.031111111111111,136.19083333333333,136.3177777777778
20674,490296.0,526981.0,136.19333333333333,146.38361111111112,5,8,81.52222222222223,136.19333333333333,146.38361111111112
20677,490314.0,490346.0,136.19833333333332,136.2072222222222,5,1,0.008888888888888889,136.19833333333332,136.2072222222222
20692,490679.0,490706.0,136.29972222222221,136.3072222222222,5,1,0.0075,136.29972222222221,136.3072222222222
20696,490739.0,490774.0,136.3163888888889,136.32611111111112,5,1,0.009722222222222222,136.3163888888889,136.32611111111112
20698,490798.0,490857.0,136.33277777777778,136.34916666666666,5,1,0.01638888888888889,136.33277777777778,136.34916666666666
20705,490994.0,491053.0,136.38722222222222,136.4036111111111,5,1,0.01638888888888889,136.38722222222222,136.4036111111111
20708,491067.0,491247.0,136.4075,136.4575,5,1,0.05,136.4075,136.4575
20709,491086.0,496250.0,136.4127777777778,137.84722222222223,5,8,11.475555555555555,136.4127777777778,137.84722222222223
20710,491129.0,491532.0,136.42472222222221,136.53666666666666,5,1,0.11194444444444444,136.42472222222221,136.53666666666666
20712,491165.0,491210.0,136.43472222222223,136.44722222222222,5,1,0.0125,136.43472222222223,136.44722222222222
20714,491246.0,491288.0,136.4572222222222,136.4688888888889,5,1,0.011666666666666667,136.4572222222222,136.4688888888889
20717,491346.0,491389.0,136.485,136.49694444444444,5,1,0.011944444444444445,136.485,136.49694444444444
20721,491573.0,491725.0,136.54805555555555,136.59027777777777,5,1,0.042222222222222223,136.54805555555555,136.59027777777777
20725,491722.0,491891.0,136.58944444444444,136.6363888888889,5,1,0.04694444444444444,136.58944444444444,136.6363888888889
20726,491760.0,491799.0,136.6,136.61083333333335,5,1,0.010833333333333334,136.6,136.61083333333335
20727,491853.0,497356.0,136.62583333333333,138.15444444444444,5,8,12.22888888888889,136.62583333333333,138.1663888888889
20728,491887.0,491930.0,136.6352777777778,136.6472222222222,5,1,0.011944444444444445,136.6352777777778,136.6472222222222
20730,491950.0,492287.03315881,136.65277777777777,136.74639809966945,1,16,1.208888888888889,136.65277777777777,139.81444444444443
20731,492005.0,492057.0,136.66805555555555,136.6825,5,1,0.014444444444444444,136.66805555555555,136.6825
20732,492026.0,492193.0,136.67388888888888,136.72027777777777,5,1,0.04638888888888889,136.67388888888888,136.72027777777777
20734,492071.0,492114.0,136.6863888888889,136.69833333333332,5,1,0.011944444444444445,136.6863888888889,136.69833333333332
20735,492103.0,492175.0,136.6952777777778,136.71527777777777,5,1,0.02,136.6952777777778,136.71527777777777
20737,492169.0,492958.0,136.7136111111111,136.93277777777777,5,2,0.43833333333333335,136.7136111111111,136.93277777777777
20738,492247.0,492300.0,136.73527777777778,136.75,5,1,0.014722222222222222,136.73527777777778,136.75
20739,492280.0,492326.0,136.74444444444444,136.75722222222223,5,1,0.012777777777777779,136.74444444444444,136.75722222222223
20741,492339.0,492443.0,136.76083333333332,136.78972222222222,5,1,0.028888888888888888,136.76083333333332,136.78972222222222
20742,492377.0,492455.0,136.77138888888888,136.79305555555555,5,1,0.021666666666666667,136.77138888888888,136.79305555555555
20744,492516.0,492595.0,136.81,136.83194444444445,5,1,0.021944444444444444,136.81,136.83194444444445
20745,492522.0,492552.0,136.81166666666667,136.82,5,1,0.008333333333333333,136.81166666666667,136.82
20748,492669.0,492831.0,136.8525,136.8975,5,1,0.045,136.8525,136.8975
20750,492768.0,498182.0,136.88,138.3838888888889,5,8,12.03111111111111,136.88,138.39416666666668
20753,493006.0,494955.0,136.94611111111112,137.4875,5,1,0.5413888888888889,136.94611111111112,137.4875
20754,493006.0,494955.0,136.94611111111112,137.4875,5,1,0.5413888888888889,136.94611111111112,137.4875
20755,493006.0,494961.0,136.94611111111112,137.48916666666668,5,1,0.5430555555555555,136.94611111111112,137.48916666666668
20756,493006.0,494957.0,136.94611111111112,137.48805555555555,5,1,0.5419444444444445,136.94611111111112,137.48805555555555
20757,493006.0,494957.0,136.94611111111112,137.48805555555555,5,1,0.5419444444444445,136.94611111111112,137.48805555555555
20758,493006.0,494955.0,136.94611111111112,137.4875,5,1,0.5413888888888889,136.94611111111112,137.4875
20759,493006.0,494955.0,136.94611111111112,137.4875,5,1,0.5413888888888889,136.94611111111112,137.4875
20760,493006.0,493470.0,136.94611111111112,137.075,5,1,0.1288888888888889,136.94611111111112,137.075
20763,493039.0,493275.0,136.95527777777778,137.02083333333334,5,1,0.06555555555555556,136.95527777777778,137.02083333333334
20767,493288.0,493367.0,137.02444444444444,137.04638888888888,5,4,0.08777777777777777,137.02444444444444,137.04638888888888
20768,493370.0,493494.0,137.04722222222222,137.08166666666668,5,8,0.27555555555555555,137.04722222222222,137.08166666666668
20772,493470.0,493954.0,137.075,137.20944444444444,5,1,0.13444444444444445,137.075,137.20944444444444
20773,493494.0,493612.0,137.08166666666668,137.11444444444444,5,8,0.26222222222222225,137.08166666666668,137.11444444444444
20776,493612.0,493702.0,137.11444444444444,137.13944444444445,5,4,0.1,137.11444444444444,137.13944444444445
20777,493705.0,493822.0,137.14027777777778,137.17277777777778,5,8,0.26,137.14027777777778,137.17277777777778
20778,493730.0,493933.0,137.1472222222222,137.20361111111112,5,1,0.05638888888888889,137.1472222222222,137.20361111111112
20780,493822.0,493947.0,137.17277777777778,137.2075,5,8,0.2777777777777778,137.17277777777778,137.2075
20781,493932.0,514493.0,137.20333333333335,142.91472222222222,5,24,137.07333333333332,137.20333333333335,142.91472222222222
20782,493947.0,495063.0,137.2075,137.5175,5,8,2.48,137.2075,137.5175
20784,493954.0,494463.0,137.20944444444444,137.35083333333333,5,1,0.1413888888888889,137.20944444444444,137.35083333333333
20786,494032.0,494335.0,137.23111111111112,137.31527777777777,5,1,0.08416666666666667,137.23111111111112,137.31527777777777
20787,494132.0,494455.0,137.2588888888889,137.3486111111111,5,8,0.7177777777777777,137.2588888888889,137.3486111111111
20789,494464.0,494951.0,137.35111111111112,137.48638888888888,5,1,0.13527777777777777,137.35111111111112,137.48638888888888
20796,494951.0,495416.0,137.48638888888888,137.61555555555555,5,1,0.12916666666666668,137.48638888888888,137.61555555555555
20797,494955.0,496063.0,137.4875,137.79527777777778,5,1,0.30777777777777776,137.4875,137.79527777777778
20798,494955.0,496063.0,137.4875,137.79527777777778,5,1,0.30777777777777776,137.4875,137.79527777777778
20799,494955.0,496063.0,137.4875,137.79527777777778,5,1,0.30777777777777776,137.4875,137.79527777777778
20800,494955.0,496063.0,137.4875,137.79527777777778,5,1,0.30777777777777776,137.4875,137.79527777777778
20802,495063.0,495382.0,137.5175,137.60611111111112,5,8,0.7088888888888889,137.5175,137.60611111111112
20805,495382.0,495435.0,137.60611111111112,137.62083333333334,5,8,0.11777777777777777,137.60611111111112,137.62083333333334
20806,495416.0,495487.0,137.61555555555555,137.6352777777778,5,8,0.15777777777777777,137.61555555555555,137.6352777777778
20807,495438.0,497543.0,137.62166666666667,138.20638888888888,5,8,4.677777777777778,137.62166666666667,138.20638888888888
20809,495787.0,496040.0,137.7186111111111,137.7888888888889,5,1,0.07027777777777777,137.7186111111111,137.7888888888889
20810,495859.0,496058.0,137.7386111111111,137.7938888888889,5,1,0.05527777777777778,137.7386111111111,137.7938888888889
20820,496613.0,496941.35951134,137.94805555555556,138.03926653092776,1,1,0.07361111111111111,137.94805555555556,138.0522222222222
20824,497005.0,497256.0,138.05694444444444,138.12666666666667,5,1,0.06972222222222223,138.05694444444444,138.12666666666667
20825,497259.0,497497.0,138.1275,138.19361111111112,5,1,0.0661111111111111,138.1275,138.19361111111112
20831,497505.0,497755.0,138.19583333333333,138.26527777777778,5,1,0.06944444444444445,138.19583333333333,138.26527777777778
20833,497543.0,497721.0,138.20638888888888,138.25583333333333,5,8,0.39555555555555555,138.20638888888888,138.25583333333333
20834,497554.0,512310.35253054,138.20944444444444,142.30843125848335,1,16,52.92888888888889,138.20944444444444,147.63194444444446
20835,497618.0,504508.0,138.22722222222222,140.14111111111112,5,8,15.311111111111112,138.22722222222222,140.14111111111112
20837,497724.0,498428.0,138.25666666666666,138.45222222222222,5,8,1.5644444444444445,138.25666666666666,138.45222222222222
20845,498234.0,498394.0,138.39833333333334,138.4427777777778,5,1,0.044444444444444446,138.39833333333334,138.4427777777778
20850,498543.0,498927.0,138.48416666666665,138.59083333333334,5,1,0.10666666666666667,138.48416666666665,138.59083333333334
20851,498566.0,498785.0,138.49055555555555,138.55138888888888,5,1,0.060833333333333336,138.49055555555555,138.55138888888888
20853,498638.0,505545.0,138.51055555555556,140.42916666666667,5,8,15.348888888888888,138.51055555555556,140.4361111111111
20854,498681.0,507308.11206897,138.5225,140.91892001915832,4,8,18.793333333333333,138.5225,140.9325
20855,498964.0,500358.0,138.60111111111112,138.98833333333334,5,1,0.38722222222222225,138.60111111111112,138.98833333333334
20856,499022.0,499986.01396161,138.6172222222222,138.885003878225,1,2,0.43222222222222223,138.6172222222222,138.90027777777777
20857,499072.0,499546.57242583,138.63111111111112,138.76293678495279,1,1,0.1063888888888889,138.63111111111112,138.79055555555556
20858,500050.0,500428.0,138.90277777777777,139.0077777777778,5,1,0.105,138.90277777777777,139.0077777777778
20860,500511.0,503152.0,139.03083333333333,139.76444444444445,5,8,5.868888888888889,139.03083333333333,139.76444444444445
20861,500643.0,500696.0,139.0675,139.0822222222222,5,1,0.014722222222222222,139.0675,139.0822222222222
20862,500810.0,500951.0,139.11388888888888,139.15305555555557,5,1,0.03916666666666667,139.11388888888888,139.15305555555557
20864,500822.0,500958.0,139.1172222222222,139.155,5,1,0.03777777777777778,139.1172222222222,139.155
20866,500996.0,501115.0,139.16555555555556,139.19861111111112,5,1,0.03305555555555555,139.16555555555556,139.19861111111112
20869,501083.0,501090.0,139.18972222222223,139.19166666666666,5,1,0.0019444444444444444,139.18972222222223,139.19166666666666
20870,501110.0,506660.0,139.19722222222222,140.73888888888888,5,1,1.5416666666666667,139.19722222222222,140.73888888888888
20871,501177.0,501181.0,139.21583333333334,139.21694444444444,5,1,0.0011111111111111111,139.21583333333334,139.21694444444444
20873,501195.0,506887.0,139.22083333333333,140.80194444444444,5,1,1.5811111111111111,139.22083333333333,140.80194444444444
20874,501262.0,506946.0,139.23944444444444,140.81833333333333,5,1,1.5788888888888888,139.23944444444444,140.81833333333333
20875,501292.0,506843.0,139.24777777777777,140.78972222222222,5,1,1.5419444444444443,139.24777777777777,140.78972222222222
20876,501359.0,506843.0,139.26638888888888,140.78972222222222,5,1,1.5233333333333334,139.26638888888888,140.78972222222222
20877,501424.0,506946.0,139.28444444444443,140.81833333333333,5,1,1.5338888888888889,139.28444444444443,140.81833333333333
20883,503463.0,503599.0,139.85083333333333,139.88861111111112,5,1,0.03777777777777778,139.85083333333333,139.88861111111112
20888,504174.0,504306.0,140.04833333333335,140.085,5,1,0.03666666666666667,140.04833333333335,140.085
20891,504535.0,504536.0,140.1486111111111,140.14888888888888,5,8,0.0022222222222222222,140.1486111111111,140.14888888888888
20893,504622.0,504764.0,140.17277777777778,140.2122222222222,5,1,0.03944444444444444,140.17277777777778,140.2122222222222
20894,504861.0,504990.0,140.23916666666668,140.275,5,1,0.035833333333333335,140.23916666666668,140.275
20896,505169.0,505314.0,140.32472222222222,140.365,5,1,0.04027777777777778,140.32472222222222,140.365
20898,505413.0,505536.0,140.3925,140.42666666666668,5,1,0.034166666666666665,140.3925,140.42666666666668
20903,505722.0,505858.0,140.47833333333332,140.51611111111112,5,1,0.03777777777777778,140.47833333333332,140.51611111111112
20906,505962.0,541898.0,140.545,150.52722222222224,5,8,79.85777777777778,140.545,150.52722222222224
20907,506008.0,506070.0,140.55777777777777,140.575,5,1,0.017222222222222222,140.55777777777777,140.575
20908,506010.0,506131.0,140.55833333333334,140.59194444444444,5,1,0.03361111111111111,140.55833333333334,140.59194444444444
20909,506031.0,548431.0,140.56416666666667,152.34194444444444,5,8,94.22222222222223,140.56416666666667,152.34194444444444
20910,506087.0,506276.0,140.57972222222222,140.63222222222223,5,1,0.0525,140.57972222222222,140.63222222222223
20911,506268.0,506489.0,140.63,140.6913888888889,5,1,0.06138888888888889,140.63,140.6913888888889
20912,506505.0,506799.0,140.69583333333333,140.7775,5,8,0.6533333333333333,140.69583333333333,140.7775
20914,506704.0,548723.0,140.7511111111111,152.42305555555555,5,8,93.37555555555555,140.7511111111111,152.42305555555555
20915,506878.0,543464.0,140.79944444444445,150.9622222222222,5,8,81.30222222222223,140.79944444444445,150.9622222222222
20916,506977.0,507378.46596859,140.82694444444445,140.9384627690528,1,8,0.72,140.82694444444445,150.6172222222222
20918,507057.0,518843.0,140.84916666666666,144.12305555555557,5,8,26.191111111111113,140.84916666666666,144.12305555555557
20922,507393.0,550092.0,140.9425,152.80333333333334,5,8,94.88666666666667,140.9425,152.80333333333334
20925,507534.0,549271.0,140.98166666666665,152.57527777777779,5,8,92.74888888888889,140.98166666666665,152.57527777777779
20926,507571.0,543774.0,140.99194444444444,151.04833333333335,5,8,80.45111111111112,140.99194444444444,151.04833333333335
20927,507589.0,507853.0,140.99694444444444,141.0702777777778,5,1,0.07333333333333333,140.99694444444444,141.0702777777778
20933,508039.0,508262.40517241,141.12194444444444,141.18400143678056,4,1,0.060833333333333336,141.12194444444444,141.18472222222223
20934,508208.0,510999.0,141.1688888888889,141.94416666666666,5,1,0.7752777777777777,141.1688888888889,141.94416666666666
20936,508661.0,508877.0,141.29472222222222,141.35472222222222,5,1,0.06,141.29472222222222,141.35472222222222
20937,508663.0,510935.0,141.29527777777778,141.92638888888888,5,8,5.0488888888888885,141.29527777777778,141.92638888888888
20938,509074.0,509296.0,141.40944444444443,141.4711111111111,5,1,0.06166666666666667,141.40944444444443,141.4711111111111
20939,509196.0,514851.0,141.44333333333333,143.01416666666665,5,1,1.5708333333333333,141.44333333333333,143.01416666666665
20940,509268.0,514966.0,141.46333333333334,143.04611111111112,5,1,1.5827777777777778,141.46333333333334,143.04611111111112
20941,509481.0,509700.0,141.5225,141.58333333333334,5,1,0.060833333333333336,141.5225,141.58333333333334
20942,509948.0,510176.0,141.65222222222224,141.71555555555557,5,1,0.06333333333333334,141.65222222222224,141.71555555555557
20952,510297.0,536582.0,141.74916666666667,149.05055555555555,5,8,58.41111111111111,141.74916666666667,149.05055555555555
20953,510448.0,580293.16579407,141.79111111111112,161.19254605390833,1,8,125.26222222222222,141.79111111111112,166.275
20955,510582.0,510735.0,141.82833333333335,141.87083333333334,5,1,0.0425,141.82833333333335,141.87083333333334
20956,510674.0,560589.60209424,141.8538888888889,155.71933391506667,1,8,89.52,141.8538888888889,163.53194444444443
20957,510741.0,510948.0,141.8725,141.93,5,1,0.0575,141.8725,141.93
20958,510744.0,563541.73123909,141.87333333333333,156.5393697886361,1,8,94.68888888888888,141.87333333333333,164.25916666666666
20962,511016.0,511232.0,141.9488888888889,142.0088888888889,5,1,0.06,141.9488888888889,142.0088888888889
20966,511048.0,513353.0,141.95777777777778,142.59805555555556,5,8,5.122222222222222,141.95777777777778,142.59805555555556
20970,511312.0,511518.0,142.0311111111111,142.08833333333334,5,1,0.05722222222222222,142.0311111111111,142.08833333333334
20971,511576.0,511791.0,142.10444444444445,142.16416666666666,5,1,0.059722222222222225,142.10444444444445,142.16416666666666
20972,511651.0,519733.0,142.12527777777777,144.37027777777777,5,8,17.96,142.12527777777777,144.37027777777777
20978,512149.0,512302.0,142.26361111111112,142.3061111111111,5,1,0.0425,142.26361111111112,142.3061111111111
20980,512401.0,512641.0,142.3336111111111,142.40027777777777,5,1,0.06666666666666667,142.3336111111111,142.40027777777777
20981,512439.0,512629.0,142.34416666666667,142.39694444444444,5,1,0.05277777777777778,142.34416666666667,142.39694444444444
20982,512449.0,512493.0,142.34694444444443,142.35916666666665,5,1,0.012222222222222223,142.34694444444443,142.35916666666665
20984,512676.0,512711.0,142.41,142.41972222222222,5,1,0.009722222222222222,142.41,142.41972222222222
20988,512884.0,512938.19003115,142.46777777777777,142.48283056420834,2,8,0.10888888888888888,142.46777777777777,142.48444444444445
20990,512909.0,513099.0,142.47472222222223,142.5275,5,1,0.05277777777777778,142.47472222222223,142.5275
20992,512944.0,512992.0,142.48444444444445,142.49777777777777,5,8,0.10666666666666667,142.48444444444445,142.49777777777777
20994,513099.0,513375.0,142.5275,142.60416666666666,5,1,0.07666666666666666,142.5275,142.60416666666666
20995,513325.0,513502.0,142.59027777777777,142.63944444444445,5,1,0.049166666666666664,142.59027777777777,142.63944444444445
20997,513610.0,513957.0,142.66944444444445,142.76583333333335,5,1,0.09638888888888889,142.66944444444445,142.76583333333335
20999,513995.0,514342.0,142.7763888888889,142.87277777777777,5,1,0.09638888888888889,142.7763888888889,142.87277777777777
21000,514010.0,583257.0,142.78055555555557,162.01583333333335,5,1,19.235277777777778,142.78055555555557,162.01583333333335
21001,514178.0,514179.0,142.82722222222222,142.8275,5,8,0.0022222222222222222,142.82722222222222,142.8275
21002,514184.0,556337.0,142.82888888888888,154.53805555555556,5,8,93.67333333333333,142.82888888888888,154.53805555555556
21005,514317.0,514552.0,142.86583333333334,142.9311111111111,5,1,0.06527777777777778,142.86583333333334,142.9311111111111
21006,514413.0,514765.0,142.8925,142.99027777777778,5,1,0.09777777777777778,142.8925,142.99027777777778
21008,514525.0,593632.0,142.92361111111111,164.89777777777778,5,1,21.974166666666665,142.92361111111111,164.89777777777778
21013,514847.0,515155.0,143.01305555555555,143.0986111111111,5,1,0.08555555555555555,143.01305555555555,143.0986111111111
21017,515118.0,515589.0,143.08833333333334,143.21916666666667,5,1,0.13083333333333333,143.08833333333334,143.21916666666667
21021,515184.0,515338.0,143.10666666666665,143.14944444444444,5,8,0.3422222222222222,143.10666666666665,143.15
21022,515202.0,602612.0,143.11166666666668,167.39222222222222,5,1,24.280555555555555,143.11166666666668,167.39222222222222
21024,515341.0,515481.0,143.15027777777777,143.18916666666667,5,8,0.3111111111111111,143.15027777777777,143.18916666666667
21025,515347.0,532122.0,143.15194444444444,147.81166666666667,5,2,9.319444444444445,143.15194444444444,147.81166666666667
21028,515826.0,598414.0,143.285,166.22611111111112,5,1,22.941111111111113,143.285,166.22611111111112
21031,515863.0,516252.0,143.29527777777778,143.40333333333334,5,1,0.10805555555555556,143.29527777777778,143.40333333333334
21033,515938.0,516068.0,143.3161111111111,143.35222222222222,5,1,0.03611111111111111,143.3161111111111,143.35222222222222
21034,515964.0,582820.0,143.32333333333332,161.89444444444445,5,1,18.57111111111111,143.32333333333332,161.89444444444445
21035,516043.0,556371.0,143.34527777777777,154.5475,5,32,358.4711111111111,143.34527777777777,154.5475
21037,516316.0,587386.0,143.42111111111112,163.1627777777778,5,1,19.741666666666667,143.42111111111112,163.1627777777778
21038,516344.0,516705.0,143.42888888888888,143.52916666666667,5,1,0.10027777777777777,143.42888888888888,143.52916666666667
21039,516366.0,604482.0,143.435,167.91166666666666,5,1,24.476666666666667,143.435,167.91166666666666
21042,516535.0,593013.0,143.48194444444445,164.72583333333333,5,1,21.24388888888889,143.48194444444445,164.72583333333333
21045,516815.0,517182.0,143.55972222222223,143.66166666666666,5,1,0.10194444444444445,143.55972222222223,143.66166666666666
21046,516893.0,600237.0,143.58138888888888,166.7325,5,1,23.15111111111111,143.58138888888888,166.7325
21049,517458.0,517924.0,143.73833333333334,143.86777777777777,5,1,0.12944444444444445,143.73833333333334,143.86777777777777
21053,518711.0,518773.0,144.08638888888888,144.10361111111112,5,8,0.13777777777777778,144.08638888888888,144.10361111111112
21054,519148.0,519204.0,144.20777777777778,144.22333333333333,5,8,0.12444444444444444,144.20777777777778,144.22333333333333
21055,519155.0,519205.0,144.2097222222222,144.2236111111111,5,1,0.013888888888888888,144.2097222222222,144.2236111111111
21056,519276.0,519351.0,144.24333333333334,144.26416666666665,5,8,0.16666666666666666,144.24333333333334,144.26416666666665
21057,519346.0,519479.0,144.26277777777779,144.29972222222221,5,1,0.036944444444444446,144.26277777777779,144.29972222222221
21060,519689.0,541045.0,144.35805555555555,150.2902777777778,5,8,47.45777777777778,144.35805555555555,150.2902777777778
21064,519947.0,528538.0,144.4297222222222,146.8161111111111,5,1,2.386388888888889,144.4297222222222,146.8161111111111
21065,519950.0,528538.0,144.43055555555554,146.8161111111111,5,1,2.3855555555555554,144.43055555555554,146.8161111111111
21066,519953.0,528538.0,144.43138888888888,146.8161111111111,5,1,2.3847222222222224,144.43138888888888,146.8161111111111
21068,520458.0,526082.0,144.57166666666666,146.1338888888889,5,8,12.497777777777777,144.57166666666666,146.1338888888889
21069,520519.0,556296.58566978,144.5886111111111,154.52682935271667,2,8,71.89111111111112,144.5886111111111,154.99666666666667
21070,520523.0,520770.0,144.58972222222224,144.65833333333333,5,1,0.06861111111111111,144.58972222222224,144.65833333333333
21072,521206.0,526765.0,144.77944444444444,146.32361111111112,5,8,12.353333333333333,144.77944444444444,146.32361111111112
21073,521363.0,529687.22338569,144.82305555555556,147.13533982935834,1,8,14.928888888888888,144.82305555555556,148.0
21074,521398.0,526654.23036649,144.83277777777778,146.29284176846943,1,1,1.1783333333333332,144.83277777777778,147.50194444444443
21075,521424.0,526568.71204188,144.84,146.2690866783,1,1,1.1533333333333333,144.84,147.47694444444446
21076,521482.0,531428.19546248,144.85611111111112,147.6189431840222,1,1,2.229722222222222,144.85611111111112,148.55333333333334
21078,522180.0,530840.01745201,145.05,147.4555604033361,1,8,15.53111111111111,145.05,149.9413888888889
21079,522219.0,540837.60383944,145.06083333333333,150.23266773317778,1,1,4.1738888888888885,145.06083333333333,150.4986111111111
21080,522768.0,522831.0,145.21333333333334,145.23083333333332,5,16,0.28,145.21333333333334,145.23083333333332
21081,522869.0,522989.0,145.24138888888888,145.2747222222222,5,16,0.5333333333333333,145.24138888888888,145.2747222222222
21082,532122.0,532757.0,147.81166666666667,147.98805555555555,5,2,0.3527777777777778,147.81166666666667,147.98805555555555
21092,545733.0,579143.0,151.5925,160.87305555555557,5,8,74.24444444444444,151.5925,160.9361111111111
21093,547258.0,580003.15576324,152.01611111111112,161.11198771201109,2,8,65.79777777777778,152.01611111111112,161.31583333333333
21098,549876.0,550040.08888889,152.74333333333334,152.78891358024723,3,8,0.3466666666666667,152.74333333333334,152.78972222222222
21100,550044.0,550183.0,152.79,152.82861111111112,5,8,0.3088888888888889,152.79,152.82861111111112
21104,553332.0,555614.0,153.70333333333335,154.3372222222222,5,24,15.213333333333333,153.70333333333335,154.3386111111111
21107,555619.0,555694.0,154.3386111111111,154.35944444444445,5,4,0.08333333333333333,154.3386111111111,154.35944444444445
21110,555711.0,555864.57037037,154.36416666666668,154.40682510288056,3,8,0.3244444444444444,154.36416666666668,154.4075
21112,555868.0,556021.0,154.40777777777777,154.45027777777779,5,8,0.34,154.40777777777777,154.45027777777779
21113,556022.0,556120.0,154.45055555555555,154.4777777777778,5,4,0.10888888888888888,154.45055555555555,154.4777777777778
21114,556134.0,556280.0,154.48166666666665,154.5222222222222,5,8,0.3244444444444444,154.48166666666665,154.5222222222222
21116,556281.0,556359.0,154.5225,154.54416666666665,5,8,0.17333333333333334,154.5225,154.54416666666665
21117,556360.0,556730.0,154.54444444444445,154.6472222222222,5,24,2.466666666666667,154.54444444444445,154.64805555555554
21119,556733.0,556924.0,154.64805555555554,154.70111111111112,5,24,1.2733333333333334,154.64805555555554,154.70111111111112
21120,556924.0,556979.0,154.70111111111112,154.7163888888889,5,8,0.12222222222222222,154.70111111111112,154.7163888888889
21123,556999.0,557613.0,154.72194444444443,154.8925,5,24,4.093333333333334,154.72194444444443,154.89444444444445
21125,557620.0,557796.0,154.89444444444445,154.94333333333333,5,8,0.39111111111111113,154.89444444444445,154.94333333333333
21127,557812.0,558502.0,154.9477777777778,155.13944444444445,5,8,1.5333333333333334,154.9477777777778,155.13944444444445
21130,558433.0,558434.0,155.12027777777777,155.12055555555557,5,8,0.0022222222222222222,155.12027777777777,155.12055555555557
21131,558442.0,560407.0,155.12277777777777,155.66861111111112,5,8,4.366666666666666,155.12277777777777,155.66861111111112
21134,558517.0,558670.57037037,155.1436111111111,155.18626954732503,3,8,0.3244444444444444,155.1436111111111,155.18722222222223
21136,558675.0,558816.0,155.1875,155.22666666666666,5,8,0.31333333333333335,155.1875,155.22666666666666
21137,558741.0,560475.0,155.20583333333335,155.6875,5,1,0.4816666666666667,155.20583333333335,155.6875
21138,558741.0,560475.0,155.20583333333335,155.6875,5,1,0.4816666666666667,155.20583333333335,155.6875
21139,558741.0,560498.0,155.20583333333335,155.6938888888889,5,1,0.4880555555555556,155.20583333333335,155.6938888888889
21140,558741.0,559865.0,155.20583333333335,155.51805555555555,5,1,0.31222222222222223,155.20583333333335,155.51805555555555
21141,558741.0,560539.0,155.20583333333335,155.70527777777778,5,1,0.49944444444444447,155.20583333333335,155.70527777777778
21142,558741.0,561025.0,155.20583333333335,155.84027777777777,5,1,0.6344444444444445,155.20583333333335,155.84027777777777
21143,558741.0,561010.0,155.20583333333335,155.8361111111111,5,1,0.6302777777777778,155.20583333333335,155.8361111111111
21144,558741.0,561010.0,155.20583333333335,155.8361111111111,5,1,0.6302777777777778,155.20583333333335,155.8361111111111
21145,558747.0,560709.0,155.2075,155.7525,5,1,0.545,155.2075,155.7525
21146,558747.0,560709.0,155.2075,155.7525,5,1,0.545,155.2075,155.7525
21147,558747.0,560709.0,155.2075,155.7525,5,1,0.545,155.2075,155.7525
21148,558747.0,560709.0,155.2075,155.7525,5,1,0.545,155.2075,155.7525
21149,558747.0,560709.0,155.2075,155.7525,5,1,0.545,155.2075,155.7525
21150,558747.0,559545.0,155.2075,155.42916666666667,5,1,0.22166666666666668,155.2075,155.42916666666667
21151,558747.0,559545.0,155.2075,155.42916666666667,5,1,0.22166666666666668,155.2075,155.42916666666667
21152,558747.0,559545.0,155.2075,155.42916666666667,5,1,0.22166666666666668,155.2075,155.42916666666667
21153,558816.0,559014.92241379,155.22666666666666,155.28192289271945,4,24,1.3,155.22666666666666,155.28333333333333
21155,559020.0,559048.0,155.28333333333333,155.29111111111112,5,4,0.03111111111111111,155.28333333333333,155.29111111111112
21158,559061.0,559215.62222222,155.29472222222222,155.33767283950553,3,8,0.32666666666666666,155.29472222222222,155.33805555555554
21160,559217.0,559383.0,155.33805555555554,155.38416666666666,5,8,0.3688888888888889,155.33805555555554,155.38416666666666
21161,559383.0,559725.0,155.38416666666666,155.47916666666666,5,24,2.28,155.38416666666666,155.4802777777778
21163,559545.0,560260.0,155.42916666666667,155.62777777777777,5,1,0.1986111111111111,155.42916666666667,155.62777777777777
21164,559545.0,560105.0,155.42916666666667,155.5847222222222,5,1,0.15555555555555556,155.42916666666667,155.5847222222222
21165,559545.0,560105.0,155.42916666666667,155.5847222222222,5,1,0.15555555555555556,155.42916666666667,155.5847222222222
21168,559729.0,559760.0,155.4802777777778,155.48888888888888,5,4,0.034444444444444444,155.4802777777778,155.48888888888888
21171,559773.0,559918.0,155.4925,155.53277777777777,5,8,0.32222222222222224,155.4925,155.53277777777777
21175,559866.0,560972.0,155.51833333333335,155.82555555555555,5,1,0.30722222222222223,155.51833333333335,155.82555555555555
21177,559918.0,560050.0,155.53277777777777,155.56944444444446,5,8,0.29333333333333333,155.53277777777777,155.56944444444446
21179,560051.0,560201.41481481,155.56972222222223,155.61150411522502,3,24,0.9533333333333334,155.56972222222223,155.61194444444445
21180,560058.0,602544.0,155.57166666666666,167.37333333333333,5,8,94.41333333333333,155.57166666666666,167.37333333333333
21183,560105.0,560659.0,155.5847222222222,155.7386111111111,5,1,0.15388888888888888,155.5847222222222,155.7386111111111
21184,560105.0,560659.0,155.5847222222222,155.7386111111111,5,1,0.15388888888888888,155.5847222222222,155.7386111111111
21186,560204.0,560232.0,155.61222222222221,155.62,5,4,0.03111111111111111,155.61222222222221,155.62
21189,560246.0,560391.15555556,155.6238888888889,155.66420987654445,3,8,0.30666666666666664,155.6238888888889,155.66444444444446
21190,560260.0,560965.0,155.62777777777777,155.82361111111112,5,1,0.19583333333333333,155.62777777777777,155.82361111111112
21192,560349.0,560385.0,155.6525,155.6625,5,8,0.08,155.6525,155.6625
21193,560393.0,560536.0,155.66472222222222,155.70444444444445,5,8,0.31777777777777777,155.66472222222222,155.70444444444445
21194,560445.0,601845.0,155.67916666666667,167.17916666666667,5,8,92.0,155.67916666666667,167.17916666666667
21195,560476.0,562222.0,155.68777777777777,156.17277777777778,5,1,0.485,155.68777777777777,156.17277777777778
21196,560476.0,562201.0,155.68777777777777,156.16694444444445,5,1,0.4791666666666667,155.68777777777777,156.16694444444445
21197,560481.0,601667.0,155.68916666666667,167.12972222222223,5,8,91.52444444444444,155.68916666666667,167.12972222222223
21198,560489.0,562968.0,155.6913888888889,156.38,5,1,0.6886111111111111,155.6913888888889,156.38
21199,560498.0,562231.0,155.6938888888889,156.17527777777778,5,1,0.48138888888888887,155.6938888888889,156.17527777777778
21201,560536.0,560622.0,155.70444444444445,155.72833333333332,5,4,0.09555555555555556,155.70444444444445,155.72833333333332
21202,560540.0,562306.0,155.70555555555555,156.19611111111112,5,1,0.4905555555555556,155.70555555555555,156.19611111111112
21203,560635.0,560768.0,155.73194444444445,155.76888888888888,5,8,0.29555555555555557,155.73194444444445,155.76888888888888
21205,560659.0,561282.0,155.7386111111111,155.91166666666666,5,1,0.17305555555555555,155.7386111111111,155.91166666666666
21206,560659.0,561282.0,155.7386111111111,155.91166666666666,5,1,0.17305555555555555,155.7386111111111,155.91166666666666
21208,560768.0,560905.0,155.76888888888888,155.80694444444444,5,8,0.30444444444444446,155.76888888888888,155.80694444444444
21209,560905.0,560994.0,155.80694444444444,155.83166666666668,5,4,0.09888888888888889,155.80694444444444,155.83166666666668
21210,560972.0,561939.0,155.82555555555555,156.09416666666667,5,1,0.26861111111111113,155.82555555555555,156.09416666666667
21211,561006.0,561149.0,155.835,155.87472222222223,5,8,0.31777777777777777,155.835,155.87472222222223
21213,561010.0,562786.0,155.8361111111111,156.32944444444445,5,1,0.49333333333333335,155.8361111111111,156.32944444444445
21214,561010.0,561978.0,155.8361111111111,156.105,5,1,0.2688888888888889,155.8361111111111,156.105
21215,561149.0,561282.0,155.87472222222223,155.91166666666666,5,8,0.29555555555555557,155.87472222222223,155.91166666666666
21217,561283.0,561371.0,155.91194444444446,155.9363888888889,5,4,0.09777777777777778,155.91194444444446,155.9363888888889
21218,561384.0,561527.0,155.94,155.97972222222222,5,8,0.31777777777777777,155.94,155.97972222222222
21220,561528.0,561666.0,155.98,156.01833333333335,5,8,0.30666666666666664,155.98,156.01833333333335
21221,561666.0,561762.0,156.01833333333335,156.045,5,4,0.10666666666666667,156.01833333333335,156.045
21223,561774.0,561917.05185185,156.04833333333335,156.08806995884723,3,8,0.3022222222222222,156.04833333333335,156.08916666666667
21225,561922.0,562000.0,156.08944444444444,156.11111111111111,5,8,0.17333333333333334,156.08944444444444,156.11111111111111
21228,562000.0,562086.0,156.11111111111111,156.135,5,4,0.09555555555555556,156.11111111111111,156.135
21230,562031.0,562087.0,156.1197222222222,156.1352777777778,5,1,0.015555555555555555,156.1197222222222,156.1352777777778
21231,562036.0,562087.0,156.1211111111111,156.1352777777778,5,1,0.014166666666666666,156.1211111111111,156.1352777777778
21232,562041.0,562087.0,156.1225,156.1352777777778,5,1,0.012777777777777779,156.1225,156.1352777777778
21233,562088.0,562112.78184991,156.13555555555556,156.14243940275279,1,1,0.005555555555555556,156.13555555555556,160.94166666666666
21234,562099.0,562248.0,156.13861111111112,156.18,5,8,0.33111111111111113,156.13861111111112,156.18
21236,562183.0,562459.0,156.16194444444446,156.2386111111111,5,1,0.07666666666666666,156.16194444444446,156.2386111111111
21237,562185.0,562459.0,156.1625,156.2386111111111,5,1,0.07611111111111112,156.1625,156.2386111111111
21238,562186.0,562459.0,156.1627777777778,156.2386111111111,5,1,0.07583333333333334,156.1627777777778,156.2386111111111
21239,562248.0,562327.0,156.18,156.20194444444445,5,8,0.17555555555555555,156.18,156.20194444444445
21240,562328.0,562432.0,156.20222222222222,156.23111111111112,5,4,0.11555555555555555,156.20222222222222,156.23111111111112
21241,562448.0,562593.0,156.23555555555555,156.27583333333334,5,8,0.32222222222222224,156.23555555555555,156.27583333333334
21243,562593.0,562722.0,156.27583333333334,156.31166666666667,5,8,0.2866666666666667,156.27583333333334,156.31166666666667
21245,562722.0,562818.0,156.31166666666667,156.33833333333334,5,4,0.10666666666666667,156.31166666666667,156.33833333333334
21249,562837.0,563080.0,156.3436111111111,156.4111111111111,5,1,0.0675,156.3436111111111,156.4111111111111
21250,562839.0,563117.49137931,156.34416666666667,156.42152538314167,4,24,1.82,156.34416666666667,156.42222222222222
21251,562839.0,563080.0,156.34416666666667,156.4111111111111,5,1,0.06694444444444445,156.34416666666667,156.4111111111111
21252,562841.0,563080.0,156.34472222222223,156.4111111111111,5,1,0.06638888888888889,156.34472222222223,156.4111111111111
21254,563120.0,563160.0,156.42222222222222,156.43333333333334,5,8,0.08888888888888889,156.42222222222222,156.43333333333334
21258,563173.0,563454.55172414,156.43694444444444,156.51515325670553,4,24,1.84,156.43694444444444,156.51638888888888
21261,563460.0,563548.0,156.51666666666668,156.54111111111112,5,8,0.19555555555555557,156.51666666666668,156.54111111111112
21265,563563.0,563749.68103448,156.54527777777778,156.59713362068888,4,24,1.22,156.54527777777778,156.59833333333333
21267,563677.0,591124.13787086,156.57694444444445,164.20114940857223,1,4,24.612222222222222,156.57694444444445,167.1275
21268,563754.0,563782.0,156.59833333333333,156.60611111111112,5,8,0.06222222222222222,156.59833333333333,156.60611111111112
21270,563794.0,563974.0,156.60944444444445,156.65944444444443,5,8,0.4,156.60944444444445,156.65944444444443
21273,563988.0,564168.0,156.66333333333333,156.71333333333334,5,8,0.4,156.66333333333333,156.71333333333334
21276,564099.0,571543.0,156.69416666666666,158.76194444444445,5,1,2.0677777777777777,156.69416666666666,158.76194444444445
21277,564133.0,571576.0,156.70361111111112,158.7711111111111,5,1,2.0675,156.70361111111112,158.7711111111111
21279,564180.0,564361.0,156.71666666666667,156.76694444444445,5,8,0.4022222222222222,156.71666666666667,156.76694444444445
21282,564373.0,564555.0,156.77027777777778,156.82083333333333,5,8,0.40444444444444444,156.77027777777778,156.82083333333333
21284,564569.0,564750.0,156.82472222222222,156.875,5,8,0.4022222222222222,156.82472222222222,156.875
21287,564764.0,564953.0,156.8788888888889,156.93138888888888,5,8,0.42,156.8788888888889,156.93138888888888
21289,564967.0,565150.0,156.93527777777777,156.98611111111111,5,8,0.4066666666666667,156.93527777777777,156.98611111111111
21293,566228.0,566431.0,157.28555555555556,157.34194444444444,5,1,0.05638888888888889,157.28555555555556,157.34194444444444
21294,566713.0,566921.0,157.42027777777778,157.47805555555556,5,1,0.057777777777777775,157.42027777777778,157.47805555555556
21296,567740.0,570320.0,157.70555555555555,158.42222222222222,5,1,0.7166666666666667,157.70555555555555,158.42222222222222
21297,568771.0,569059.70855148,157.99194444444444,158.0721412643,1,1,0.06472222222222222,157.99194444444444,161.00611111111112
21299,569524.0,569798.0,158.20111111111112,158.27722222222224,5,1,0.07611111111111112,158.20111111111112,158.27722222222224
21300,569827.0,570098.0,158.28527777777776,158.36055555555555,5,1,0.07527777777777778,158.28527777777776,158.36055555555555
21301,569838.0,576762.0,158.28833333333333,160.21166666666667,5,8,15.386666666666667,158.28833333333333,160.21166666666667
21302,569852.0,578742.0,158.29222222222222,160.76166666666666,5,1,2.4694444444444446,158.29222222222222,160.76166666666666
21303,570263.0,577146.0,158.4063888888889,160.31833333333333,5,8,15.295555555555556,158.4063888888889,160.31833333333333
21304,570316.0,581429.0,158.42111111111112,161.50805555555556,5,8,24.695555555555554,158.42111111111112,161.50805555555556
21305,570372.0,583621.0,158.43666666666667,162.11694444444444,5,1,3.680277777777778,158.43666666666667,162.11694444444444
21306,570414.0,581183.0,158.44833333333332,161.43972222222223,5,8,23.93111111111111,158.44833333333332,161.43972222222223
21307,570488.0,579157.0,158.4688888888889,160.87694444444443,5,1,2.4080555555555554,158.4688888888889,160.87694444444443
21308,570535.0,583294.0,158.48194444444445,162.0261111111111,5,1,3.5441666666666665,158.48194444444445,162.0261111111111
21309,571216.0,573641.0,158.67111111111112,159.34472222222223,5,1,0.6736111111111112,158.67111111111112,159.34472222222223
21310,571665.0,574131.0,158.79583333333332,159.48083333333332,5,8,5.48,158.79583333333332,159.48083333333332
21314,572770.0,572902.58289703,159.1027777777778,159.13960636028614,1,1,0.029722222222222223,159.1027777777778,160.9711111111111
21323,575026.0,578069.0,159.72944444444445,160.57472222222222,5,8,6.762222222222222,159.72944444444445,160.57472222222222
21326,575953.0,576622.10994764,159.98694444444445,160.1728083187889,1,1,0.15,159.98694444444445,161.0913888888889
21327,576111.0,576265.0,160.03083333333333,160.07361111111112,5,1,0.042777777777777776,160.03083333333333,160.07361111111112
21332,577257.0,599932.0,160.34916666666666,166.64777777777778,5,16,100.77777777777777,160.34916666666666,166.64777777777778
21334,578115.0,580791.0,160.5875,161.33083333333335,5,8,5.946666666666666,160.5875,161.33083333333335
21339,579613.0,579741.0,161.0036111111111,161.03916666666666,5,1,0.035555555555555556,161.0036111111111,161.03916666666666
21343,579761.0,579869.0,161.04472222222222,161.07472222222222,5,1,0.03,161.04472222222222,161.07472222222222
21344,579945.0,580057.0,161.09583333333333,161.12694444444443,5,1,0.03111111111111111,161.09583333333333,161.12694444444443
21345,580028.0,582626.0,161.11888888888888,161.84055555555557,5,1,0.7216666666666667,161.11888888888888,161.84055555555557
21347,580109.0,580236.0,161.14138888888888,161.17666666666668,5,1,0.035277777777777776,161.14138888888888,161.17666666666668
21349,580264.0,580418.0,161.18444444444444,161.22722222222222,5,1,0.042777777777777776,161.18444444444444,161.22722222222222
21353,580421.0,580812.0,161.22805555555556,161.33666666666667,5,1,0.10861111111111112,161.22805555555556,161.33666666666667
21354,580432.0,580569.0,161.23111111111112,161.26916666666668,5,1,0.03805555555555556,161.23111111111112,161.26916666666668
21356,580502.0,581292.0,161.25055555555556,161.47,5,1,0.21944444444444444,161.25055555555556,161.47
21358,580616.0,580759.0,161.28222222222223,161.32194444444445,5,1,0.03972222222222222,161.28222222222223,161.32194444444445
21359,580791.0,580943.0,161.33083333333335,161.37305555555557,5,1,0.042222222222222223,161.33083333333335,161.37305555555557
21361,580963.0,581105.0,161.3786111111111,161.41805555555555,5,1,0.03944444444444444,161.3786111111111,161.41805555555555
21362,580987.0,581877.0,161.3852777777778,161.6325,5,1,0.24722222222222223,161.3852777777778,161.6325
21363,581150.0,581286.0,161.43055555555554,161.46833333333333,5,1,0.03777777777777778,161.43055555555554,161.46833333333333
21369,581451.0,581663.0,161.51416666666665,161.57305555555556,5,1,0.058888888888888886,161.51416666666665,161.57305555555556
21370,581500.0,582315.0,161.52777777777777,161.75416666666666,5,1,0.2263888888888889,161.52777777777777,161.75416666666666
21371,581528.0,584172.0,161.53555555555556,162.27,5,8,5.875555555555556,161.53555555555556,162.27
21377,581676.0,581878.0,161.57666666666665,161.6327777777778,5,1,0.05611111111111111,161.57666666666665,161.6327777777778
21385,582992.0,588591.0,161.94222222222223,163.4975,5,1,1.5552777777777778,161.94222222222223,163.4975
21386,584517.0,584659.0,162.36583333333334,162.40527777777777,5,1,0.03944444444444444,162.36583333333334,162.40527777777777
21387,584739.0,584908.0,162.4275,162.47444444444446,5,1,0.04694444444444444,162.4275,162.47444444444446
21388,584938.0,585182.0,162.48277777777778,162.55055555555555,5,1,0.06777777777777778,162.48277777777778,162.55055555555555
21390,585268.0,585497.0,162.57444444444445,162.63805555555555,5,1,0.0636111111111111,162.57444444444445,162.63805555555555
21391,585557.0,585876.0,162.65472222222223,162.74333333333334,5,1,0.08861111111111111,162.65472222222223,162.74333333333334
21392,585701.0,587308.0,162.69472222222223,163.14111111111112,5,8,3.571111111111111,162.69472222222223,163.14111111111112
21393,585913.0,586231.0,162.7536111111111,162.84194444444444,5,1,0.08833333333333333,162.7536111111111,162.84194444444444
21394,586281.0,586623.0,162.85583333333332,162.95083333333332,5,1,0.095,162.85583333333332,162.95083333333332
21398,586663.0,587020.0,162.96194444444444,163.0611111111111,5,1,0.09916666666666667,162.96194444444444,163.0611111111111
21399,587259.0,587260.0,163.1275,163.12777777777777,5,8,0.0022222222222222222,163.1275,163.12777777777777
21400,587416.0,589025.0,163.17111111111112,163.61805555555554,5,8,3.5755555555555554,163.17111111111112,163.61805555555554
21401,587630.0,587970.0,163.23055555555555,163.325,5,1,0.09444444444444444,163.23055555555555,163.325
21403,587840.0,588025.0,163.2888888888889,163.34027777777777,5,1,0.05138888888888889,163.2888888888889,163.34027777777777
21404,588262.0,588615.0,163.4061111111111,163.50416666666666,5,1,0.09805555555555556,163.4061111111111,163.50416666666666
21405,588273.0,588461.0,163.40916666666666,163.46138888888888,5,1,0.052222222222222225,163.40916666666666,163.46138888888888
21406,588319.0,588320.0,163.42194444444445,163.42222222222222,5,8,0.0022222222222222222,163.42194444444445,163.42222222222222
21408,588578.0,588778.0,163.49388888888888,163.54944444444445,5,1,0.05555555555555555,163.49388888888888,163.54944444444445
21412,588986.0,589220.0,163.60722222222222,163.67222222222222,5,1,0.065,163.60722222222222,163.67222222222222
21413,589075.0,593262.0,163.63194444444446,164.795,5,1,1.1630555555555555,163.63194444444446,164.795
21414,589292.0,590563.0,163.69222222222223,164.04527777777778,5,4,1.4122222222222223,163.69222222222223,164.04527777777778
21415,589305.0,590880.0,163.69583333333333,164.13333333333333,5,8,3.5,163.69583333333333,164.13333333333333
21417,589501.0,589757.0,163.75027777777777,163.8213888888889,5,1,0.07111111111111111,163.75027777777777,163.8213888888889
21427,591508.0,591629.0,164.30777777777777,164.3413888888889,5,1,0.03361111111111111,164.30777777777777,164.3413888888889
21429,592076.0,593984.0,164.46555555555557,164.99555555555557,5,8,4.24,164.46555555555557,164.99555555555557
21430,592249.0,592386.0,164.51361111111112,164.55166666666668,5,1,0.03805555555555556,164.51361111111112,164.55166666666668
21431,592625.0,592796.0,164.61805555555554,164.66555555555556,5,1,0.0475,164.61805555555554,164.66555555555556
21432,592864.0,593867.0,164.68444444444444,164.96305555555554,5,1,0.2786111111111111,164.68444444444444,164.96305555555554
21433,592876.0,593075.0,164.68777777777777,164.74305555555554,5,1,0.05527777777777778,164.68777777777777,164.74305555555554
21434,593179.0,593349.0,164.77194444444444,164.81916666666666,5,1,0.04722222222222222,164.77194444444444,164.81916666666666
21436,593638.0,593812.0,164.89944444444444,164.9477777777778,5,1,0.04833333333333333,164.89944444444444,164.9477777777778
21438,593918.0,594108.0,164.97722222222222,165.03,5,1,0.05277777777777778,164.97722222222222,165.03
21439,594218.0,594385.0,165.06055555555557,165.10694444444445,5,1,0.04638888888888889,165.06055555555557,165.10694444444445
21440,594238.0,595879.0,165.0661111111111,165.52194444444444,5,8,3.6466666666666665,165.0661111111111,165.52194444444444
21443,594641.0,594825.0,165.17805555555555,165.22916666666666,5,1,0.051111111111111114,165.17805555555555,165.22916666666666
21444,594647.0,594697.0,165.1797222222222,165.19361111111112,5,40,0.5555555555555556,165.1797222222222,165.19361111111112
21445,595060.0,595240.0,165.29444444444445,165.34444444444443,5,1,0.05,165.29444444444445,165.34444444444443
21450,596228.0,597910.0,165.61888888888888,166.0861111111111,5,8,3.7377777777777776,165.61888888888888,166.0861111111111
21452,596545.0,597621.05919003,165.70694444444445,166.00584977500833,2,4,1.0811111111111111,165.70694444444445,166.00722222222223
21463,598029.0,599773.0,166.11916666666667,166.60361111111112,5,1,0.48444444444444446,166.11916666666667,166.60361111111112
21468,598357.0,600026.0,166.21027777777778,166.67388888888888,5,1,0.4636111111111111,166.21027777777778,166.67388888888888
21471,598742.0,600397.0,166.31722222222223,166.77694444444444,5,1,0.4597222222222222,166.31722222222223,166.77694444444444
21472,598855.0,599248.0,166.3486111111111,166.45777777777778,5,1,0.10916666666666666,166.3486111111111,166.45777777777778
21476,599404.0,599443.0,166.5011111111111,166.51194444444445,5,8,0.08666666666666667,166.5011111111111,166.51194444444445
21481,599905.0,601356.0,166.64027777777778,167.04333333333332,5,4,1.6122222222222222,166.64027777777778,167.04333333333332
21483,600250.0,600365.0,166.73611111111111,166.76805555555555,5,8,0.25555555555555554,166.73611111111111,166.76805555555555
21486,600433.0,600579.0,166.78694444444446,166.8275,5,1,0.04055555555555555,166.78694444444446,166.8275
21489,600529.0,600645.0,166.8136111111111,166.84583333333333,5,8,0.2577777777777778,166.8136111111111,166.84583333333333
21491,600654.0,601943.0,166.84833333333333,167.20638888888888,5,1,0.35805555555555557,166.84833333333333,167.20638888888888
21493,600738.0,601238.59336824,166.87166666666667,167.0107203800667,1,1,0.11222222222222222,166.87166666666667,167.15555555555557
21501,600907.0,602495.0,166.91861111111112,167.35972222222222,5,8,3.528888888888889,166.91861111111112,167.35972222222222
21507,601280.0,601281.0,167.0222222222222,167.0225,5,1,0.0002777777777777778,167.0222222222222,167.0225
21508,601300.0,601332.0,167.02777777777777,167.03666666666666,5,1,0.008888888888888889,167.02777777777777,167.03666666666666
21510,601398.0,602089.0,167.055,167.24694444444444,5,4,0.7677777777777778,167.055,167.24694444444444
21513,601543.0,601565.0,167.09527777777777,167.1013888888889,5,1,0.006111111111111111,167.09527777777777,167.1013888888889
21521,602258.0,602973.0,167.2938888888889,167.4925,5,4,0.7944444444444444,167.2938888888889,167.4925
21523,602507.0,602840.0,167.36305555555555,167.45555555555555,5,1,0.0925,167.36305555555555,167.45555555555555
21533,603043.0,603764.0,167.51194444444445,167.7122222222222,5,4,0.8011111111111111,167.51194444444445,167.7122222222222
21534,603053.0,603309.0,167.51472222222222,167.58583333333334,5,1,0.07111111111111111,167.51472222222222,167.58583333333334
21542,603637.0,603970.0,167.67694444444444,167.76944444444445,5,1,0.0925,167.67694444444444,167.76944444444445
