source_row,start_s,end_s,start_h,end_h,mode,gpus,work_gpu_h,release_h,deadline_h
15763,9.0,27809.27923211,0.0025,7.724799786697222,1,8,49.85777777777778,0.0025,12.301666666666666
15764,158.0,460.33856894,0.04388888888888889,0.12787182470555555,1,16,1.0844444444444445,0.04388888888888889,6.111666666666666
15765,250.0,20235.32286213,0.06944444444444445,5.620923017258334,1,8,35.84222222222222,0.06944444444444445,16.781944444444445
15766,414.0,698.991274,0.115,0.19416424277777777,1,16,1.0222222222222221,0.115,6.178888888888889
15769,687.0,993.05584642,0.19083333333333333,0.2758488462277778,1,16,1.0977777777777777,0.19083333333333333,6.259444444444444
15771,724.0,949.51483421,0.2011111111111111,0.26375412061388886,1,8,0.40444444444444444,0.2011111111111111,6.251666666666667
15772,826.0,1326.59336824,0.22944444444444445,0.36849815784444445,1,1,0.11222222222222222,0.22944444444444445,6.341666666666667
15773,830.0,1179.42408377,0.23055555555555557,0.3276178010472222,1,1,0.07833333333333334,0.23055555555555557,6.308888888888889
15775,970.0,1258.70855148,0.26944444444444443,0.34964126430000003,1,16,1.0355555555555556,0.26944444444444443,6.3341666666666665
15776,985.0,1212.9930192,0.27361111111111114,0.3369425053333333,1,8,0.4088888888888889,0.27361111111111114,6.324722222222222
15779,1140.0,2082.94938918,0.31666666666666665,0.5785970525499999,1,1,0.21138888888888888,0.31666666666666665,6.5280555555555555
15780,1218.0,1516.62129145,0.3383333333333333,0.42128369206944444,1,16,1.0711111111111111,0.3383333333333333,6.405277777777778
15781,1260.0,1646.59685864,0.35,0.45738801628888887,1,8,0.6933333333333334,0.35,6.4366666666666665
15782,1478.0,1761.7521815,0.41055555555555556,0.48937560597222224,1,16,1.0177777777777777,0.41055555555555556,6.474166666666667
15784,1711.0,2442.06457243,0.4752777777777778,0.6783512701194445,1,1,0.1638888888888889,0.4752777777777778,6.647222222222222
15785,1719.0,2032.4904014,0.4775,0.5645806670555555,1,16,1.1244444444444444,0.4775,6.547777777777778
15786,1983.0,2277.90401396,0.5508333333333333,0.6327511149888889,1,16,1.0577777777777777,0.5508333333333333,6.616944444444444
15787,2180.0,119489.25233645,0.6055555555555555,33.19145898234722,2,1,29.465,0.6055555555555555,36.07055555555556
15788,2185.0,160145.62305296,0.6069444444444444,44.484895292488886,2,1,39.675555555555555,0.6069444444444444,46.2825
15789,2232.0,2524.42582897,0.62,0.7012293969361112,1,16,1.048888888888889,0.62,6.685555555555555
15790,2234.0,70090.42233857,0.6205555555555555,19.46956176071389,1,1,15.211944444444445,0.6205555555555555,21.8325
15791,2373.0,132888.03115265,0.6591666666666667,36.91334198684722,2,1,32.78194444444444,0.6591666666666667,39.44111111111111
15792,2421.0,180176.46728972,0.6725,50.049018691588884,2,1,44.6475,0.6725,51.32
15794,2478.0,2699.79755672,0.6883333333333334,0.7499437657555555,1,1,0.04972222222222222,0.6883333333333334,6.7380555555555555
15795,2505.0,2823.44677138,0.6958333333333333,0.7842907698277778,1,16,1.1422222222222222,0.6958333333333333,6.767222222222222
15796,2775.0,3072.38219895,0.7708333333333334,0.8534394997083334,1,16,1.0666666666666667,0.7708333333333334,6.8375
15798,3029.0,3514.72425829,0.8413888888888889,0.9763122939694444,1,16,1.7422222222222221,0.8413888888888889,6.950277777777778
15800,3444.0,3748.81675393,0.9566666666666667,1.0413379872027777,1,16,1.0933333333333333,0.9566666666666667,7.025
15803,3724.0,4036.2513089,1.0344444444444445,1.1211809191388888,1,16,1.12,1.0344444444444445,7.104444444444445
15804,3756.0,5330.88656195,1.0433333333333332,1.480801822763889,1,1,0.35305555555555557,1.0433333333333332,7.396388888888889
15805,3963.0,4630.87085515,1.1008333333333333,1.2863530153194445,1,1,0.14972222222222223,1.1008333333333333,7.261388888888889
15806,3997.0,4294.38219895,1.1102777777777777,1.1928839441527779,1,16,1.0666666666666667,1.1102777777777777,7.176944444444445
15807,4285.0,4600.96858639,1.1902777777777778,1.2780468295527778,1,16,1.1333333333333333,1.1902777777777778,7.261111111111111
15808,4560.0,4842.51308901,1.2666666666666666,1.345142524725,1,16,1.0133333333333334,1.2666666666666666,7.33
15811,4685.0,5214.09249564,1.301388888888889,1.4483590265666668,1,1,0.11861111111111111,1.301388888888889,7.42
15812,4806.0,5144.27225131,1.335,1.4289645142527778,1,16,1.2133333333333334,1.335,7.410833333333334
15813,5107.0,5396.94764398,1.418611111111111,1.4991521233277778,1,16,1.04,1.418611111111111,7.483611111111111
15814,5129.0,5581.26876091,1.4247222222222222,1.5503524335861112,1,1,0.10138888888888889,1.4247222222222222,7.526111111111111
15815,5377.0,5676.86038394,1.493611111111111,1.5769056622055557,1,16,1.0755555555555556,1.493611111111111,7.560833333333333
15817,5644.0,5935.18673647,1.5677777777777777,1.6486629823527779,1,16,1.0444444444444445,1.5677777777777777,7.633055555555556
15818,5790.0,6620.19197208,1.6083333333333334,1.8389422144666665,1,1,0.18611111111111112,1.6083333333333334,7.794444444444444
15820,5896.0,6213.20767888,1.6377777777777778,1.725891021911111,1,16,1.1377777777777778,1.6377777777777778,7.708888888888889
15821,6165.0,6458.66492147,1.7125,1.7940735892972222,1,16,1.0533333333333332,1.7125,7.778333333333333
15822,6418.0,6705.46945899,1.7827777777777778,1.862630405275,1,16,1.031111111111111,1.7827777777777778,7.847222222222222
15825,6691.0,6994.57766143,1.8586111111111112,1.9429382392861112,1,16,1.0888888888888888,1.8586111111111112,7.926666666666667
15826,6973.0,7261.70855148,1.9369444444444444,2.0171412643,1,16,1.0355555555555556,1.9369444444444444,8.001666666666667
15827,7218.0,7545.12041885,2.005,2.095866783013889,1,16,1.1733333333333333,2.005,8.078333333333333
15829,7510.0,7811.09947644,2.0861111111111112,2.1697498545666667,1,16,1.08,2.0861111111111112,8.153611111111111
15830,7779.0,8106.12041885,2.160833333333333,2.251700116347222,1,16,1.1733333333333333,2.160833333333333,8.234166666666667
15831,8062.0,8346.991274,2.2394444444444446,2.318608687222222,1,16,1.0222222222222221,2.2394444444444446,8.303333333333333
15832,8311.0,8629.44677138,2.308611111111111,2.3970685476055555,1,16,1.1422222222222222,2.308611111111111,8.38
15833,8582.0,8871.94764398,2.383888888888889,2.4644299011055555,1,16,1.04,2.383888888888889,8.448888888888888
15834,8635.0,8947.2513089,2.3986111111111112,2.4853475858055556,1,4,0.28,2.3986111111111112,16.554166666666667
15835,8657.0,22039.19895288,2.4047222222222224,6.121999709133333,1,1,3.0,2.4047222222222224,11.404722222222222
15836,8837.0,9133.14310646,2.4547222222222222,2.536984196238889,1,16,1.0622222222222222,2.4547222222222222,8.52111111111111
15837,9103.0,9405.33856894,2.528611111111111,2.6125940469277777,1,16,1.0844444444444445,2.528611111111111,8.596388888888889
15838,9362.0,9656.90401396,2.6005555555555557,2.6824733372111114,1,16,1.0577777777777777,2.6005555555555557,8.666666666666666
15839,9623.0,9956.31588133,2.6730555555555555,2.7656433003694443,1,16,1.1955555555555555,2.6730555555555555,8.747777777777777
15840,9903.0,10190.46945899,2.7508333333333335,2.8306859608305555,1,16,1.031111111111111,2.7508333333333335,8.815277777777778
15841,10163.0,10476.4904014,2.8230555555555554,2.9101362226111114,1,16,1.1244444444444444,2.8230555555555554,8.893333333333333
15842,10445.0,10725.03490401,2.901388888888889,2.979176362225,1,16,1.0044444444444445,2.901388888888889,8.964166666666667
15843,10685.0,11014.59860384,2.9680555555555554,3.059610723288889,1,16,1.1822222222222223,2.9680555555555554,9.041944444444445
15844,10964.0,11265.09947644,3.0455555555555556,3.129194299011111,1,16,1.08,3.0455555555555556,9.113055555555556
15847,11228.0,11534.05584642,3.118888888888889,3.2039044017833334,1,16,1.0977777777777777,3.118888888888889,9.1875
15848,11514.0,11818.81675393,3.1983333333333333,3.2830046538694444,1,16,1.0933333333333333,3.1983333333333333,9.266666666666667
15849,11779.0,12085.05584642,3.2719444444444443,3.356959957338889,1,16,1.0977777777777777,3.2719444444444443,9.340555555555556
15850,12046.0,12561.46247818,3.346111111111111,3.4892951328277775,1,16,1.8488888888888888,3.346111111111111,9.461666666666666
15853,12473.0,12805.07678883,3.464722222222222,3.556965774675,1,16,1.191111111111111,3.464722222222222,9.539166666666667
15854,12769.0,13089.92495637,3.5469444444444442,3.6360902656583334,1,16,1.1511111111111112,3.5469444444444442,9.61888888888889
15856,13041.0,13353.2513089,3.6225,3.7092364746944444,1,16,1.12,3.6225,9.6925
15857,13329.0,13648.68586387,3.7025,3.7913016288527777,1,16,1.1466666666666667,3.7025,9.774166666666666
15859,13612.0,14106.39790576,3.781111111111111,3.9184438627111113,1,16,1.7733333333333334,3.781111111111111,9.891944444444444
15860,14036.0,14343.29493892,3.898888888888889,3.9842485941444443,1,16,1.1022222222222222,3.898888888888889,9.967777777777778
15861,14197.0,34536.70331588,3.943611111111111,9.593528698855554,1,24,109.43333333333334,3.943611111111111,14.503333333333334
15862,14304.0,14654.66317627,3.973333333333333,4.070739771186111,1,16,1.2577777777777779,3.973333333333333,10.051944444444445
15863,14625.0,15282.95811518,4.0625,4.245266143105555,1,16,2.36,4.0625,10.21
15864,15174.0,15504.83769634,4.215,4.3068993600944445,1,16,1.1866666666666668,4.215,10.289166666666667
15865,15452.0,15782.83769634,4.292222222222223,4.384121582316666,1,16,1.1866666666666668,4.292222222222223,10.366388888888888
15866,15739.0,16064.88132635,4.371944444444445,4.462467035097222,1,16,1.1688888888888889,4.371944444444445,10.445
15867,16024.0,16343.68586387,4.4511111111111115,4.5399127399638886,1,16,1.1466666666666667,4.4511111111111115,10.522777777777778
15868,16314.0,16649.79406632,4.531666666666666,4.6249427962,1,16,1.2044444444444444,4.531666666666666,10.606944444444444
15869,16603.0,16906.57766143,4.611944444444444,4.696271572619445,1,16,1.0888888888888888,4.611944444444444,10.68
15870,16914.0,17407.15881326,4.698333333333333,4.835321892572223,1,16,1.768888888888889,4.698333333333333,10.80888888888889
15871,17347.0,17697.66317627,4.818611111111111,4.9160175489638895,1,16,1.2577777777777779,4.818611111111111,10.897222222222222
15872,17644.0,17966.16404887,4.901111111111111,4.990601124686111,1,16,1.1555555555555554,4.901111111111111,10.973333333333333
15873,17925.0,18276.90226876,4.979166666666667,5.076917296877778,1,16,1.2622222222222221,4.979166666666667,11.058055555555555
15874,18225.0,18539.72949389,5.0625,5.149924859413889,1,16,1.1288888888888888,5.0625,11.133055555555556
15875,18508.0,18994.96335079,5.141111111111111,5.276378708552778,1,16,1.7466666666666666,5.141111111111111,11.250277777777777
15884,18927.0,19255.35951134,5.2575,5.348710975372223,1,16,1.1777777777777778,5.2575,11.331111111111111
15885,19279.0,19624.70680628,5.355277777777777,5.451307446188888,1,16,1.24,5.355277777777777,11.432777777777778
15886,19635.0,19952.20767888,5.454166666666667,5.5422799108000005,1,16,1.1377777777777778,5.454166666666667,11.525277777777777
15887,20003.0,20492.44153578,5.556388888888889,5.6923448710499995,1,16,1.7555555555555555,5.556388888888889,11.66611111111111
15888,20499.0,20827.35951134,5.694166666666667,5.785377642038889,1,16,1.1777777777777778,5.694166666666667,11.767777777777777
15889,20836.0,21324.20244328,5.7877777777777775,5.923389567577778,1,16,1.751111111111111,5.7877777777777775,11.897222222222222
15890,21300.0,21785.72425829,5.916666666666667,6.051590071747222,1,16,1.7422222222222221,5.916666666666667,12.025555555555556
15891,21798.0,22117.68586387,6.055,6.143801628852778,1,16,1.1466666666666667,6.055,12.126666666666667
15892,22133.0,22471.27225131,6.148055555555556,6.2420200698083335,1,16,1.2133333333333334,6.148055555555556,12.223888888888888
15893,22488.0,22801.4904014,6.246666666666667,6.333747333722222,1,16,1.1244444444444444,6.246666666666667,12.316944444444445
15894,22686.0,22806.19197208,6.301666666666667,6.3350533255777774,1,4,0.10777777777777778,6.301666666666667,16.808888888888887
15895,22834.0,23187.14136126,6.342777777777778,6.4408726003500005,1,16,1.2666666666666666,6.342777777777778,12.421944444444444
15896,23227.0,23561.55497382,6.451944444444444,6.544876381616667,1,16,1.2,6.451944444444444,12.526944444444444
15897,23592.0,24067.81151832,6.553333333333334,6.685503199533333,1,16,1.7066666666666668,6.553333333333334,12.66
15898,24082.0,24581.35427574,6.689444444444445,6.828153965483333,1,16,1.791111111111111,6.689444444444445,12.801388888888889
15899,24587.0,24916.59860384,6.829722222222222,6.921277389955556,1,16,1.1822222222222223,6.829722222222222,12.903611111111111
15900,24956.0,25255.86038394,6.932222222222222,7.015516773316667,1,16,1.0755555555555556,6.932222222222222,12.999444444444444
15901,25297.0,25625.35951134,7.026944444444444,7.1181554198166666,1,16,1.1777777777777778,7.026944444444444,13.100555555555555
15902,25633.0,26119.96335079,7.120277777777778,7.2555453752194445,1,16,1.7466666666666666,7.120277777777778,13.229444444444445
15903,26109.0,26433.64223386,7.2525,7.342678398294444,1,16,1.1644444444444444,7.2525,13.325277777777778
15904,26466.0,26805.5113438,7.351666666666667,7.445975373277778,1,16,1.2177777777777778,7.351666666666667,13.427777777777777
15905,26837.0,27323.96335079,7.454722222222222,7.589989819663889,1,16,1.7466666666666666,7.454722222222222,13.563888888888888
15906,27313.0,27632.68586387,7.586944444444445,7.675746073297222,1,16,1.1466666666666667,7.586944444444445,13.658611111111112
15907,27651.0,28001.66317627,7.680833333333333,7.7782397711861115,1,16,1.2577777777777779,7.680833333333333,13.759444444444444
15908,28012.0,28512.59336824,7.7811111111111115,7.920164824511111,1,16,1.7955555555555556,7.7811111111111115,13.893333333333333
15909,28509.0,28836.12041885,7.9191666666666665,8.010033449680556,1,16,1.1733333333333333,7.9191666666666665,13.9925
15910,28850.0,29206.85863874,8.01388888888889,8.113016288538889,1,16,1.28,8.01388888888889,14.09388888888889
15911,29230.0,29547.20767888,8.119444444444444,8.207557688577777,1,16,1.1377777777777778,8.119444444444444,14.190555555555555
15912,29577.0,29899.16404887,8.215833333333334,8.305323346908333,1,16,1.1555555555555554,8.215833333333334,14.288055555555555
15913,29919.0,30270.90226876,8.310833333333333,8.408583963544444,1,16,1.2622222222222221,8.310833333333333,14.389722222222222
15914,30326.0,30850.13612565,8.42388888888889,8.569482257125,1,16,1.88,8.42388888888889,14.54138888888889
15915,30840.0,31174.55497382,8.566666666666666,8.659598603838889,1,16,1.2,8.566666666666666,14.641666666666667
15916,31201.0,31529.35951134,8.666944444444445,8.758155419816667,1,16,1.1777777777777778,8.666944444444445,14.740555555555556
15917,31492.0,83773.02966841,8.747777777777777,23.27028601900278,1,8,93.76222222222222,8.747777777777777,26.468055555555555
15918,31602.0,32076.57242583,8.778333333333334,8.910159007175,1,16,1.7022222222222223,8.778333333333334,14.884722222222223
15920,32063.0,32380.20767888,8.90638888888889,8.994502133022223,1,16,1.1377777777777778,8.90638888888889,14.9775
15922,32419.0,32785.77137871,9.005277777777778,9.107158716308334,1,16,1.3155555555555556,9.005277777777778,15.0875
15923,32796.0,33119.40314136,9.11,9.199834205933334,1,16,1.16,9.11,15.1825
15925,33175.0,33575.22687609,9.215277777777779,9.326451910025,1,16,1.4355555555555555,9.215277777777779,15.305
15926,33450.0,33554.08376963,9.291666666666666,9.320578824897222,1,1,0.023333333333333334,9.291666666666666,15.315
15928,33529.0,33877.18499127,9.313611111111111,9.410329164241666,1,16,1.248888888888889,9.313611111111111,15.391666666666667
15930,33603.0,33911.53403141,9.334166666666667,9.419870564280556,1,2,0.13833333333333334,9.334166666666667,15.403333333333334
15933,33828.0,34153.88132635,9.396666666666667,9.487189257319443,1,16,1.1688888888888889,9.396666666666667,15.469722222222222
15935,33972.0,34097.14834206,9.436666666666667,9.471430095016666,1,8,0.22444444444444445,9.436666666666667,15.464722222222223
15937,34035.0,34165.10471204,9.454166666666667,9.490306864455556,1,8,0.23333333333333334,9.454166666666667,15.483333333333333
15938,34038.0,35865.66143106,9.455,9.96268373085,1,1,0.4097222222222222,9.455,15.864722222222222
15939,34063.0,275377.84423676,9.461944444444445,76.49384562132222,2,4,242.4477777777778,9.461944444444445,77.1661111111111
15940,34081.0,34217.30017452,9.466944444444444,9.504805604033335,1,8,0.24444444444444444,9.466944444444444,15.4975
15941,34115.0,34449.55497382,9.47638888888889,9.56932082606111,1,16,1.2,9.47638888888889,15.551388888888889
15942,34125.0,35742.01570681,9.479166666666666,9.928337696336111,1,1,0.3625,9.479166666666666,15.841666666666667
15943,34165.0,35702.71378709,9.490277777777777,9.917420496413888,1,1,0.3447222222222222,9.490277777777777,15.835
15944,34221.0,36100.70331588,9.505833333333333,10.027973143299999,1,1,0.42138888888888887,9.505833333333333,16.044166666666666
15945,34392.0,34598.92844677,9.553333333333333,9.61081345743611,1,1,0.04638888888888889,9.553333333333333,15.885833333333334
15946,34423.0,34883.94240838,9.561944444444444,9.689984002327776,1,16,1.6533333333333333,9.561944444444444,15.665277777777778
15947,34460.0,34725.16579407,9.572222222222223,9.645879387241667,1,8,0.47555555555555556,9.572222222222223,15.631666666666666
15948,34724.0,35030.05584642,9.645555555555555,9.73057106845,1,8,0.5488888888888889,9.645555555555555,15.714166666666667
15949,34739.0,35125.59685864,9.649722222222222,9.75711023851111,1,8,0.6933333333333334,9.649722222222222,15.73638888888889
15950,34806.0,35146.7504363,9.668333333333333,9.762986232305554,1,16,1.2222222222222223,9.668333333333333,15.744722222222222
15954,35100.0,35595.63699825,9.75,9.887676943958333,1,16,1.7777777777777777,9.75,15.86111111111111
15956,35523.0,35852.59860384,9.8675,9.959055167733334,1,16,1.1822222222222223,9.8675,15.94138888888889
15957,35736.0,36146.13961606,9.926666666666666,10.040594337794444,1,8,0.7355555555555555,9.926666666666666,16.01861111111111
15958,35766.0,36033.64397906,9.935,10.009345549738889,1,8,0.48,9.935,15.995
15959,35798.0,36100.33856894,9.943888888888889,10.027871824705556,1,8,0.5422222222222223,9.943888888888889,16.011666666666667
15960,35809.0,36127.44677138,9.946944444444444,10.035401880938888,1,16,1.1422222222222222,9.946944444444444,16.018333333333334
15961,35937.0,38773.28272251,9.9825,10.770356311808333,1,1,0.6358333333333334,9.9825,16.683888888888887
15962,36115.0,36445.83769634,10.031944444444445,10.12384380453889,1,8,0.5933333333333334,10.031944444444445,16.10611111111111
15963,36129.0,36597.37696335,10.035833333333333,10.165938045374999,1,16,1.68,10.035833333333333,16.140833333333333
15964,36141.0,36377.66666667,10.039166666666667,10.104907407408332,1,8,0.42444444444444446,10.039166666666667,16.092222222222222
15966,36168.0,36521.14136126,10.046666666666667,10.144761489238888,1,8,0.6333333333333333,10.046666666666667,16.125833333333333
15971,36358.0,36480.67015707,10.099444444444444,10.133519488075,1,1,0.0275,10.099444444444444,16.126944444444444
15974,36441.0,36554.9965096,10.1225,10.154165697111111,1,1,0.025555555555555557,10.1225,16.148055555555555
15975,36527.0,36862.79406632,10.14638888888889,10.239665018422222,1,16,1.2044444444444444,10.14638888888889,16.221666666666668
15978,36582.0,36999.57417103,10.161666666666667,10.277659491952777,1,1,0.09361111111111112,10.161666666666667,16.255277777777778
15979,36599.0,37000.46596859,10.16638888888889,10.27790721349722,1,1,0.09,10.16638888888889,16.25638888888889
15981,36912.0,37789.27748691,10.253333333333334,10.497021524141667,1,8,1.5733333333333333,10.253333333333334,16.45
15982,37003.0,37815.84467714,10.278611111111111,10.504401299205554,1,8,1.4577777777777778,10.278611111111111,16.460833333333333
15983,37038.0,520537.79885057,10.288333333333334,144.59383301404722,4,16,2106.5155555555557,10.288333333333334,147.94555555555556
15984,37115.0,37972.45200698,10.309722222222222,10.547903335272222,1,8,1.5377777777777777,10.309722222222222,16.501944444444444
15985,37203.0,38116.21116928,10.334166666666667,10.587836435911111,1,8,1.6377777777777778,10.334166666666667,16.538888888888888
15986,37210.0,37476.40488656,10.33611111111111,10.410112468488888,1,1,0.059722222222222225,10.33611111111111,16.395833333333332
15987,37722.0,38009.46945899,10.478333333333333,10.558185960830556,1,1,0.06444444444444444,10.478333333333333,16.54277777777778
15988,37966.0,74184.67364747,10.546111111111111,20.60685379096389,1,8,64.95555555555555,10.546111111111111,24.665555555555557
15989,37969.0,73832.05410122,10.546944444444444,20.508903917005554,1,8,64.31777777777778,10.546944444444444,24.586666666666666
15990,37978.0,73480.47818499,10.549444444444445,20.411243940275,1,8,63.67111111111111,10.549444444444445,24.508333333333333
15991,37978.0,86520.68760908,10.549444444444445,24.033524335855557,1,8,87.05777777777777,10.549444444444445,27.43166666666667
15992,38221.0,38427.92844677,10.616944444444444,10.674424568547222,1,1,0.04638888888888889,10.616944444444444,16.663333333333334
15994,38440.0,216873.39563863,10.677777777777777,60.242609899619445,2,4,179.2711111111111,10.677777777777777,62.801944444444445
15995,38584.0,39443.93019197,10.717777777777778,10.956647275547223,1,1,0.19277777777777777,10.717777777777778,16.910555555555554
15996,38815.0,38911.64921466,10.781944444444445,10.808791448516667,1,4,0.08666666666666667,10.781944444444445,16.80361111111111
15998,38908.0,39233.88132635,10.807777777777778,10.898300368430554,1,8,0.5844444444444444,10.807777777777778,16.88222222222222
15999,38931.0,39258.12041885,10.814166666666667,10.905033449680555,1,8,0.5866666666666667,10.814166666666667,16.955555555555556
16000,39176.0,39454.79581152,10.882222222222222,10.9596655032,1,8,0.5,10.882222222222222,17.018055555555556
16001,39178.0,40148.20942408,10.882777777777777,11.152280395577778,1,1,0.2175,10.882777777777777,17.135555555555555
16002,39239.0,39453.36300175,10.899722222222222,10.959267500486112,1,1,0.04805555555555555,10.899722222222222,16.947777777777777
16003,39440.0,39775.79406632,10.955555555555556,11.048831685088889,1,8,0.6022222222222222,10.955555555555556,17.093333333333334
16004,39645.0,41038.97905759,11.0125,11.39971640488611,1,1,0.3125,11.0125,17.452222222222222
16005,39665.0,39812.45200698,11.018055555555556,11.059014446383333,1,4,0.1322222222222222,11.018055555555556,17.12638888888889
16006,39703.0,39997.90401396,11.028611111111111,11.110528892766666,1,2,0.1322222222222222,11.028611111111111,17.094722222222224
16007,39936.0,40083.45200698,11.093333333333334,11.134292224161111,1,4,0.1322222222222222,11.093333333333334,17.12638888888889
16008,39972.0,40217.34031414,11.103333333333333,11.171483420594443,1,8,0.44,11.103333333333333,17.158333333333335
16009,39980.0,40138.60383944,11.105555555555556,11.149612177622222,1,16,0.5688888888888889,11.105555555555556,17.141111111111112
16010,40054.0,142523.23211169,11.126111111111111,39.58978669769167,1,1,22.97138888888889,11.126111111111111,40.42777777777778
16011,40063.0,40374.0122164,11.12861111111111,11.215003393444444,1,8,0.5577777777777778,11.12861111111111,17.198333333333334
16012,40063.0,40388.88132635,11.12861111111111,11.219133701763889,1,8,0.5844444444444444,11.12861111111111,17.27138888888889
16013,40108.0,40355.81849913,11.141111111111112,11.209949583091667,1,16,0.8888888888888888,11.141111111111112,17.196666666666665
16015,40192.0,40246.52006981,11.164444444444445,11.179588908280556,1,8,0.09777777777777778,11.164444444444445,17.176666666666666
16017,40299.0,40383.2582897,11.194166666666666,11.217571747138889,1,8,0.1511111111111111,11.194166666666666,17.213055555555556
16018,40308.0,40553.34031414,11.196666666666667,11.264816753927777,1,1,0.055,11.196666666666667,17.251666666666665
16019,40315.0,40576.44851658,11.198611111111111,11.27123569905,1,8,0.4688888888888889,11.198611111111111,17.33
16020,40367.0,40430.19371728,11.213055555555556,11.230609365911112,1,8,0.11333333333333333,11.213055555555556,17.227222222222224
16022,40577.0,40905.35951134,11.27138888888889,11.362599864261112,1,8,0.5888888888888889,11.27138888888889,17.40361111111111
16023,40661.0,122562.53577661,11.294722222222223,34.04514882683611,1,8,146.88444444444445,11.294722222222223,35.655277777777776
16025,40788.0,43150.94938918,11.33,11.986374830327778,1,8,4.237777777777778,11.33,17.933333333333334
16028,41054.0,44305.37870855,11.403888888888888,12.30704964126389,1,8,5.831111111111111,11.403888888888888,18.662222222222223
16038,42781.0,45655.69458988,11.883611111111112,12.682137386077777,1,1,0.6444444444444445,11.883611111111112,18.528055555555557
16039,42960.0,43679.91273997,11.933333333333334,12.133309094436111,1,8,1.291111111111111,11.933333333333334,18.823611111111113
16041,43146.0,43423.55671902,11.985,12.062099088616668,1,4,0.24888888888888888,11.985,18.05527777777778
16043,43358.0,47355.31239092,12.043888888888889,13.154253441922222,1,1,0.8961111111111111,12.043888888888889,18.94
16052,45585.0,46511.84118674,12.6625,12.919955885205555,1,8,1.6622222222222223,12.6625,19.031388888888888
16053,46165.0,46220.7591623,12.823611111111111,12.839099767305555,1,8,0.1,12.823611111111111,19.04388888888889
16055,46666.0,46792.38743455,12.962777777777777,12.997885398486112,1,1,0.028333333333333332,12.962777777777777,18.99111111111111
16056,46794.0,46957.56020942,12.998333333333333,13.043766724838889,1,1,0.03666666666666667,12.998333333333333,19.035
16057,46914.0,46972.23734729,13.031666666666666,13.047843707580556,1,8,0.10444444444444445,13.031666666666666,19.056944444444444
16058,46967.0,51436.40663176,13.046388888888888,14.287890731044445,1,8,8.015555555555556,13.046388888888888,20.058888888888887
16059,47018.0,53180.0069808,13.060555555555556,14.772224161333332,1,8,11.051111111111112,13.060555555555556,21.440277777777776
16060,47072.0,47262.82024433,13.075555555555555,13.128561178980556,1,1,0.042777777777777776,13.075555555555555,19.118333333333332
16061,47127.0,47281.88656195,13.090833333333334,13.133857378319444,1,1,0.034722222222222224,13.090833333333334,19.16138888888889
16062,47397.0,47569.23385689,13.165833333333333,13.213676071358334,1,1,0.03861111111111111,13.165833333333333,19.204444444444444
16066,47686.0,142999.47294939,13.24611111111111,39.722075819275005,1,1,21.36722222222222,13.24611111111111,40.61333333333334
16068,47723.0,49551.90052356,13.256388888888889,13.764416812099999,1,1,0.41,13.256388888888889,19.66638888888889
16070,48222.0,51895.90924956,13.395,14.415530347099999,1,1,0.8236111111111111,13.395,20.218611111111112
16072,48443.0,54056.08900524,13.456388888888888,15.015580279233333,1,1,1.2583333333333333,13.456388888888888,20.71472222222222
16076,48783.0,52375.12914485,13.550833333333333,14.548646984680556,1,1,0.8052777777777778,13.550833333333333,20.35611111111111
16077,49030.0,49053.54275742,13.619444444444444,13.625984099283333,1,1,0.005277777777777778,13.619444444444444,26.892222222222223
16152,50612.0,50828.84118674,14.05888888888889,14.119122551872222,1,8,0.3888888888888889,14.05888888888889,21.488888888888887
16168,53249.0,55025.85863874,14.79138888888889,15.284960732983333,1,1,0.3983333333333333,14.79138888888889,21.189722222222223
16170,54994.0,56826.61780105,15.276111111111112,15.785171611402777,1,1,0.41083333333333333,15.276111111111112,21.686944444444446
16172,55586.0,55817.71029668,15.440555555555555,15.504919526855556,1,8,0.41555555555555557,15.440555555555555,21.54083333333333
16173,55784.0,56641.45200698,15.495555555555555,15.733736668605555,1,8,1.5377777777777777,15.495555555555555,21.733055555555556
16174,55959.0,56812.73472949,15.544166666666667,15.781315202636112,1,8,1.531111111111111,15.544166666666667,21.924444444444443
16177,56502.0,56691.58115183,15.695,15.74766143106389,1,4,0.17,15.695,21.73777777777778
16178,56584.0,58406.70506108,15.717777777777778,16.22408473918889,1,1,0.4086111111111111,15.717777777777778,22.12638888888889
16179,56632.0,56785.64746946,15.731111111111112,15.773790963738888,1,4,0.13777777777777778,15.731111111111112,21.765555555555554
16183,57219.0,57360.2565445,15.894166666666667,15.933404595694444,1,4,0.12666666666666668,15.894166666666667,21.926111111111112
16195,60335.0,61327.51308901,16.759722222222223,17.03542030250278,1,1,0.2225,16.759722222222223,22.982222222222223
16196,61281.0,302789.34074074,17.0225,84.10815020576112,3,1,63.77861111111111,17.0225,86.80111111111111
16197,61516.0,330757.46666667,17.087777777777777,91.877074074075,3,1,71.1025,17.087777777777777,94.19027777777778
16198,61617.0,260125.03738318,17.115833333333335,72.25695482866111,2,1,49.86,17.115833333333335,72.97583333333333
16199,61752.0,290118.5037037,17.153333333333332,80.58847325102776,3,1,60.308055555555555,17.153333333333332,83.46138888888889
16200,61852.0,290489.88148148,17.18111111111111,80.69163374485557,3,1,60.37972222222222,17.18111111111111,83.56083333333333
16201,61924.0,299949.65925926,17.20111111111111,83.31934979423889,3,1,62.85888888888889,17.20111111111111,86.06
16202,61996.0,337585.39259259,17.22111111111111,93.77372016460833,3,1,72.77888888888889,17.22111111111111,96.0
16203,62075.0,330940.95555556,17.243055555555557,91.92804320987779,3,1,71.00333333333333,17.243055555555557,94.24638888888889
16220,68144.0,68478.55497382,18.92888888888889,19.021820826061113,1,8,0.6,18.92888888888889,25.003888888888888
16221,68176.0,68408.94938918,18.93777777777778,19.002485941438888,1,8,0.4177777777777778,18.93777777777778,24.99
16222,68205.0,68465.20942408,18.945833333333333,19.018113728911114,1,8,0.4666666666666667,18.945833333333333,25.004166666666666
16223,68493.0,68785.42582897,19.025833333333335,19.107062730269444,1,8,0.5244444444444445,19.025833333333335,25.09138888888889
16224,68518.0,68775.73123909,19.032777777777778,19.104369788636113,1,8,0.4622222222222222,19.032777777777778,25.090555555555557
16225,68546.0,68902.85863874,19.040555555555557,19.139682955205554,1,8,0.64,19.040555555555557,25.120555555555555
16227,69002.0,69337.79406632,19.16722222222222,19.260498351755555,1,8,0.6022222222222222,19.16722222222222,25.2425
16228,69025.0,69301.31762653,19.17361111111111,19.250366007369443,1,8,0.4955555555555556,19.17361111111111,25.235555555555557
16229,69046.0,69330.991274,19.179444444444446,19.25860868722222,1,8,0.5111111111111111,19.179444444444446,25.243333333333332
16231,69514.0,69818.81675393,19.309444444444445,19.39411576498056,1,8,0.5466666666666666,19.309444444444445,25.377777777777776
16232,69533.0,69778.34031414,19.314722222222223,19.382872309483336,1,8,0.44,19.314722222222223,25.369722222222222
16233,69560.0,69910.66317627,19.322222222222223,19.419628660075,1,8,0.6288888888888889,19.322222222222223,25.400833333333335
16256,74611.0,74843.94938918,20.725277777777777,20.789985941438886,1,16,0.8355555555555556,20.725277777777777,26.7775
16261,74755.0,75015.20942408,20.76527777777778,20.837558173355557,1,8,0.4666666666666667,20.76527777777778,26.823611111111113
16262,74799.0,75056.73123909,20.7775,20.849092010858335,1,2,0.11555555555555555,20.7775,26.835277777777776
16268,75532.0,76408.03839442,20.98111111111111,21.224455109561113,1,1,0.1963888888888889,20.98111111111111,27.1775
16280,76786.0,76952.03839442,21.329444444444444,21.375566220672223,1,4,0.14888888888888888,21.329444444444444,27.376666666666665
16281,76925.0,76995.62827225,21.368055555555557,21.387674520069446,1,4,0.06333333333333334,21.368055555555557,27.3925
16282,76960.0,77090.10471204,21.377777777777776,21.41391797556667,1,4,0.11666666666666667,21.377777777777776,27.406944444444445
16285,77308.0,77428.19197208,21.474444444444444,21.507831103355556,1,4,0.10777777777777778,21.474444444444444,27.50138888888889
16286,77311.0,77449.77835951,21.475277777777777,21.51382732208611,1,4,0.12444444444444444,21.475277777777777,27.506666666666668
16305,78239.0,126891.96684119,21.733055555555556,35.24776856699722,1,8,87.25555555555556,21.733055555555556,38.64
16307,78265.0,78348.01919721,21.740277777777777,21.763338665891666,1,8,0.14888888888888888,21.740277777777777,27.75888888888889
16312,78695.0,78759.43280977,21.85972222222222,21.877620224936113,1,4,0.057777777777777775,21.85972222222222,27.874166666666667
16319,79367.0,80129.04188482,22.046388888888888,22.25806719022778,1,1,0.17083333333333334,22.046388888888888,28.217222222222222
16470,80180.0,86329.61605585,22.272222222222222,23.980448904402778,1,1,1.378611111111111,22.272222222222222,29.650833333333335
16495,80268.0,81002.78184991,22.296666666666667,22.50077273608611,1,1,0.16472222222222221,22.296666666666667,28.461388888888887
16552,83292.0,84205.21116928,23.136666666666667,23.39033643591111,1,1,0.20472222222222222,23.136666666666667,29.34138888888889
16554,84211.0,161465.93891798,23.391944444444444,44.85164969943889,1,2,34.63777777777778,23.391944444444444,46.71083333333333
16556,85329.0,85493.79930192,23.7025,23.748277583866663,1,1,0.036944444444444446,23.7025,29.739444444444445
16558,85404.0,85607.21116928,23.723333333333333,23.779780880355553,1,1,0.04555555555555556,23.723333333333333,29.76888888888889
16559,85415.0,85604.58115183,23.726388888888888,23.779050319952777,1,1,0.0425,23.726388888888888,29.76888888888889
16560,85424.0,85602.42931937,23.72888888888889,23.77845258871389,1,1,0.04,23.72888888888889,29.76888888888889
16561,85520.0,86371.2565445,23.755555555555556,23.992015706805553,1,1,0.19083333333333333,23.755555555555556,29.94638888888889
16562,85612.0,85716.08376963,23.781111111111112,23.810023269341666,1,1,0.023333333333333334,23.781111111111112,29.804444444444446
16563,85620.0,85714.17102967,23.783333333333335,23.809491952686113,1,1,0.021111111111111112,23.783333333333335,29.804444444444446
16564,85626.0,85730.08376963,23.785,23.813912158230554,1,1,0.023333333333333334,23.785,29.808333333333334
16565,86558.0,86628.62827225,24.04388888888889,24.06350785340278,1,1,0.015833333333333335,24.04388888888889,30.059722222222224
16566,86559.0,86627.15008726,24.044166666666666,24.063097246461112,1,1,0.015277777777777777,24.044166666666666,30.059444444444445
16567,86562.0,86626.43280977,24.045,24.06289800271389,1,1,0.014444444444444444,24.045,30.059444444444445
16568,86713.0,87556.82198953,24.086944444444445,24.32133944153611,1,1,0.18916666666666668,24.086944444444445,30.27611111111111
16571,88250.0,89197.90575916,24.51388888888889,24.77719604421111,1,1,0.2125,24.51388888888889,30.726388888888888
16573,89187.0,280677.98130841,24.774166666666666,77.96610591900277,2,32,1539.12,24.774166666666666,78.90333333333334
16574,89947.0,90788.34380454,24.985277777777778,25.21898439015,1,1,0.18861111111111112,24.985277777777778,31.17388888888889
16580,93614.0,94073.70331588,26.003888888888888,26.131584254411113,1,1,0.10305555555555555,26.003888888888888,32.13611111111111
16581,94952.0,95167.60209424,26.375555555555554,26.435445026177778,1,1,0.04833333333333333,26.375555555555554,32.42388888888889
16582,94998.0,162471.54275742,26.388333333333332,45.13098409928333,1,32,484.03555555555556,26.388333333333332,47.51444444444444
16583,95134.0,95980.30017452,26.426111111111112,26.661194492922224,1,1,0.1897222222222222,26.426111111111112,32.615833333333335
16595,113130.0,113357.9930192,31.425,31.48833139422222,1,8,0.4088888888888889,31.425,37.47611111111111
16596,113315.0,113462.45200698,31.476388888888888,31.51734777971667,1,8,0.2644444444444444,31.476388888888888,37.50944444444445
16597,113434.0,120588.52006981,31.509444444444444,33.49681113050278,1,8,12.831111111111111,31.509444444444444,39.11333333333334
16599,117839.0,165511.84467714,32.73305555555555,45.97551241031667,1,8,85.49777777777778,32.73305555555555,49.42027777777778
16600,117882.0,161120.13263525,32.745,44.755592398680555,1,8,77.54444444444445,32.745,48.43805555555556
16601,117927.0,135714.17277487,32.7575,37.69838132635278,1,8,31.9,32.7575,42.745
16602,117959.0,138971.53054101,32.76638888888889,38.60320292805833,1,8,37.684444444444445,32.76638888888889,43.47694444444444
16603,119208.0,119287.30191972,33.11333333333334,33.13536164436667,1,4,0.07111111111111111,33.11333333333334,39.13111111111111
16605,119490.0,119657.27748691,33.19166666666667,33.238132635252775,1,8,0.3,33.19166666666667,39.229166666666664
16606,119625.0,119798.47294939,33.229166666666664,33.27735359705277,1,8,0.3111111111111111,33.229166666666664,39.268055555555556
16608,119765.0,119869.08376963,33.268055555555556,33.29696771378611,1,4,0.09333333333333334,33.268055555555556,39.29138888888889
16609,119982.0,120144.32111693,33.32833333333333,33.373422532480554,1,8,0.2911111111111111,33.32833333333333,39.36472222222222
16610,120115.0,120178.19371728,33.36527777777778,33.382831588133335,1,8,0.11333333333333333,33.36527777777778,39.379444444444445
16611,120167.0,120963.73647469,33.37972222222222,33.60103790963611,1,8,1.4288888888888889,33.37972222222222,39.55833333333333
16612,120811.0,121269.46422339,33.55861111111111,33.685962284275,1,8,0.8222222222222222,33.55861111111111,39.66138888888889
16616,121182.0,121243.95462478,33.66166666666667,33.678876284661115,1,8,0.1111111111111111,33.66166666666667,39.675555555555555
16617,121402.0,122986.79930192,33.72277777777778,34.162999806088884,1,8,2.8422222222222224,33.72277777777778,40.07805555555556
16621,122305.0,127951.54450262,33.97361111111111,35.54209569517222,1,1,1.2658333333333334,33.97361111111111,41.239444444444445
16622,122681.0,122892.88481675,34.07805555555556,34.136912449097224,1,8,0.38,34.07805555555556,40.12555555555556
16623,122782.0,123099.20767888,34.10611111111111,34.194224355244444,1,8,0.5688888888888889,34.10611111111111,40.196666666666665
16624,122782.0,122970.34205934,34.10611111111111,34.15842834981667,1,8,0.3377777777777778,34.10611111111111,40.23888888888889
16625,122782.0,122915.82198953,34.10611111111111,34.14328388598056,1,8,0.24,34.10611111111111,40.26888888888889
16626,122782.0,122923.2565445,34.10611111111111,34.14534904013889,1,8,0.25333333333333335,34.10611111111111,40.300555555555555
16627,122862.0,123730.60383944,34.12833333333333,34.36961217762222,1,8,1.5577777777777777,34.12833333333333,40.49527777777778
16629,123162.0,123525.05410122,34.211666666666666,34.312515028116664,1,8,0.6511111111111111,34.211666666666666,40.293055555555554
16633,123590.0,123940.66317627,34.330555555555556,34.42796199340833,1,8,0.6288888888888889,34.330555555555556,40.409166666666664
16639,124752.0,125598.30017452,34.653333333333336,34.888416715144444,1,8,1.5177777777777777,34.653333333333336,40.84305555555556
16643,125959.0,127996.06806283,34.98861111111111,35.554463350786115,1,8,3.6533333333333333,34.98861111111111,41.445277777777775
16645,126376.0,126532.12565445,35.10444444444445,35.14781268179167,1,3,0.105,35.10444444444445,41.14388888888889
16647,126563.0,126703.01745201,35.15638888888889,35.195282625558335,1,2,0.06277777777777778,35.15638888888889,41.194722222222225
16649,126964.0,127765.69284468,35.26777777777778,35.490470234633335,1,8,1.4377777777777778,35.26777777777778,41.4475
16654,127424.0,129571.34729494,35.39555555555555,35.992040915261114,1,8,3.851111111111111,35.39555555555555,41.87694444444445
16657,127958.0,217248.2443281,35.54388888888889,60.34673453558333,1,4,80.06777777777778,35.54388888888889,61.560833333333335
16659,128531.0,128601.62827225,35.70305555555556,35.72267452006945,1,1,0.015833333333333335,35.70305555555556,41.71888888888889
16664,129257.0,188514.12041885,35.90472222222222,52.36503344968056,1,1,13.284166666666666,35.90472222222222,55.18888888888889
16667,129700.0,189041.37870855,36.02777777777778,52.511494085708335,1,1,13.303055555555556,36.02777777777778,55.33083333333333
16668,129707.0,131419.42582897,36.02972222222222,36.50539606360278,1,1,0.3838888888888889,36.02972222222222,42.41361111111111
16669,129721.0,188876.51483421,36.033611111111114,52.46569856505833,1,1,13.261388888888888,36.033611111111114,55.295
16670,129790.0,328824.45482866,36.05277777777778,91.34012634129445,2,32,1599.7511111111112,36.05277777777778,92.045
16672,129810.0,188526.87609075,36.05833333333333,52.368576691875006,1,1,13.163055555555555,36.05833333333333,55.22138888888889
16673,129867.0,189406.63350785,36.07416666666666,52.61295375218055,1,1,13.3475,36.07416666666666,55.42166666666667
16674,129884.0,188087.89179756,36.07888888888889,52.246636610433335,1,1,13.048055555555555,36.07888888888889,55.12694444444445
16675,129899.0,189265.16055846,36.08305555555555,52.57365571068333,1,1,13.30861111111111,36.08305555555555,55.391666666666666
16676,129921.0,188385.10122164,36.089166666666664,52.32919478378889,1,1,13.106388888888889,36.089166666666664,55.19555555555556
16677,129937.0,187507.71553229,36.09361111111111,52.08547653674722,1,1,12.90611111111111,36.09361111111111,54.999722222222225
16678,129953.0,187357.67713787,36.098055555555554,52.04379920496389,1,1,12.86888888888889,36.098055555555554,54.966944444444444
16680,130039.0,132041.37347295,36.121944444444445,36.67815929804167,1,8,3.591111111111111,36.121944444444445,42.57083333333333
16683,130195.0,188087.87958115,36.165277777777774,52.246633216986105,1,1,12.978333333333333,36.165277777777774,55.14361111111111
16684,130243.0,188097.46771379,36.17861111111111,52.24929658716389,1,1,12.969722222222222,36.17861111111111,55.14833333333333
16685,130258.0,188345.41710297,36.18277777777778,52.31817141749167,1,1,13.021944444444445,36.18277777777778,55.20472222222222
16686,130436.0,188503.59162304,36.23222222222222,52.36210878417778,1,1,13.0175,36.23222222222222,55.249722222222225
16687,130457.0,188229.68760908,36.238055555555555,52.28602433585555,1,1,12.95138888888889,36.238055555555555,55.18944444444445
16688,130486.0,187401.23560209,36.24611111111111,52.05589877835833,1,1,12.759166666666667,36.24611111111111,55.00527777777778
16689,130611.0,190492.62303665,36.280833333333334,52.914617510180555,1,1,13.424166666666666,36.280833333333334,55.705
16694,130803.0,188507.53752182,36.33416666666667,52.36320486717222,1,1,12.936111111111112,36.33416666666667,55.27027777777778
16697,130828.0,189041.80453752,36.34111111111111,52.51161237153333,1,1,13.050277777777778,36.34111111111111,55.39138888888889
16699,130846.0,188898.72251309,36.346111111111114,52.471867364747226,1,1,13.014166666666666,36.346111111111114,55.360277777777775
16703,131212.0,132085.56020942,36.44777777777778,36.69043339150555,1,80,15.666666666666666,36.44777777777778,42.64361111111111
16704,132037.0,132155.95287958,36.676944444444445,36.709986910994445,1,16,0.4266666666666667,36.676944444444445,42.70361111111111
16706,132239.0,132382.73472949,36.73305555555555,36.77298186930278,1,1,0.03222222222222222,36.73305555555555,42.765277777777776
16707,132380.0,132522.495637,36.772222222222226,36.811804343611115,1,1,0.03194444444444444,36.772222222222226,42.80416666666667
16708,132385.0,146767.14659686,36.77361111111111,40.76865183246111,1,16,51.586666666666666,36.77361111111111,45.99777777777778
16709,132480.0,132685.68935428,36.8,36.857135931744445,1,8,0.3688888888888889,36.8,42.846111111111114
16710,132498.0,132723.51483421,36.805,36.86764300950277,1,8,0.40444444444444444,36.805,42.855555555555554
16711,132520.0,132822.33856894,36.81111111111111,36.89509404692778,1,8,0.5422222222222223,36.81111111111111,42.87888888888889
16712,132550.0,132704.88656195,36.81944444444444,36.862468489430555,1,1,0.034722222222222224,36.81944444444444,42.854166666666664
16713,132692.0,132839.45200698,36.85888888888889,36.899847779716666,1,1,0.03305555555555555,36.85888888888889,42.89194444444445
16714,132811.0,137885.08376963,36.89194444444445,38.301412158230555,1,80,91.0,36.89194444444445,44.029444444444444
16719,134156.0,134377.79755672,37.26555555555556,37.32716598797778,1,16,0.7955555555555556,37.26555555555556,43.31527777777778
16720,134170.0,134799.45898778,37.269444444444446,37.444294163272225,1,1,0.1411111111111111,37.269444444444446,43.410555555555554
16721,134373.0,134608.42757417,37.325833333333335,37.39122988171389,1,16,0.8444444444444444,37.325833333333335,43.37861111111111
16723,134742.0,134815.10645724,37.428333333333335,37.44864068256667,1,8,0.13111111111111112,37.428333333333335,43.444722222222225
16724,134754.0,134812.23734729,37.431666666666665,37.44784370758056,1,8,0.10444444444444445,37.431666666666665,43.444722222222225
16725,134767.0,134841.34554974,37.43527777777778,37.455929319372224,1,8,0.13333333333333333,37.43527777777778,43.45194444444444
16726,134895.0,135147.77486911,37.47083333333333,37.54104857475278,1,16,0.9066666666666666,37.47083333333333,43.5275
16727,135302.0,135665.05410122,37.583888888888886,37.68473725033889,1,8,0.6511111111111111,37.583888888888886,43.665277777777774
16728,135310.0,135632.16404887,37.58611111111111,37.67560112468611,1,8,0.5777777777777777,37.58611111111111,43.65833333333333
16729,135320.0,135670.66317627,37.58888888888889,37.686295326741664,1,8,0.6288888888888889,37.58888888888889,43.6675
16730,135630.0,135874.10122164,37.675,37.7428058949,1,8,0.43777777777777777,37.675,43.72972222222222
16731,135821.0,138162.88481675,37.72805555555556,38.37857911576389,1,8,4.2,37.72805555555556,44.253055555555555
16735,136378.0,136511.82198953,37.882777777777775,37.91995055264722,1,16,0.48,37.882777777777775,43.91277777777778
16737,136563.0,138492.26701571,37.93416666666667,38.47007417103056,1,8,3.46,37.93416666666667,44.36666666666667
16738,136762.0,136888.38743455,37.989444444444445,38.02455206515278,1,1,0.028333333333333332,37.989444444444445,44.01777777777778
16739,136913.0,411685.1037037,38.03138888888889,114.35697325102778,3,32,2322.0177777777776,38.03138888888889,116.59444444444445
16740,136917.0,137028.51832461,38.0325,38.06347731239166,1,1,0.025,38.0325,44.0575
16741,136973.0,401279.17777778,38.04805555555556,111.46643827160555,3,32,2233.5733333333333,38.04805555555556,113.84722222222223
16745,137119.0,137236.71378709,38.08861111111111,38.12130938530278,1,1,0.02638888888888889,38.08861111111111,44.115
16749,137296.0,137751.98603839,38.13777777777778,38.26444056621944,1,16,1.6355555555555557,38.13777777777778,44.24
16752,137666.0,137810.97382199,38.24055555555555,38.28082606166389,1,16,0.52,38.24055555555555,44.27305555555556
16754,137862.0,138158.14310646,38.295,38.37726197401666,1,8,0.5311111111111111,38.295,44.36138888888889
16755,137877.0,196446.42408377,38.299166666666665,54.56845113438055,1,1,13.13,38.299166666666665,57.42916666666667
16756,137878.0,138072.53752182,38.29944444444445,38.35348264495,1,8,0.3488888888888889,38.29944444444445,44.34305555555556
16757,137894.0,138120.7539267,38.30388888888889,38.366876090750004,1,8,0.4066666666666667,38.30388888888889,44.35472222222222
16758,137924.0,138888.01396161,38.312222222222225,38.580003878225,1,16,3.457777777777778,38.312222222222225,44.528333333333336
16760,138389.0,138541.40837696,38.44138888888889,38.48372454915555,1,2,0.06833333333333333,38.44138888888889,44.47555555555556
16761,138400.0,138548.69109948,38.44444444444444,38.485747527633336,1,2,0.06666666666666667,38.44444444444444,44.477777777777774
16765,138726.0,139020.90401396,38.535,38.61691778165556,1,16,1.0577777777777777,38.535,44.60111111111111
16766,138842.0,248956.43280977,38.56722222222222,69.15456466938055,1,1,24.685277777777777,38.56722222222222,69.2525
16771,139051.0,227363.60034904,38.625277777777775,63.15655565251111,1,1,19.797777777777778,38.625277777777775,64.42305555555555
16772,139086.0,208179.03664921,38.635,57.82751018033611,1,1,15.489166666666666,38.635,70.75944444444444
16776,139131.0,144521.05235602,38.6475,40.144736765561106,1,16,19.333333333333332,38.6475,45.85583333333334
16778,139203.0,209210.48691099,38.6675,58.11402414194167,1,1,15.694166666666666,38.6675,60.361666666666665
16779,139302.0,139361.47643979,38.695,38.711521233275,1,8,0.10666666666666667,38.695,44.708333333333336
16786,139506.0,139634.86561955,38.751666666666665,38.78746267209722,1,1,0.028888888888888888,38.751666666666665,44.78055555555556
16787,139625.0,139708.01919721,38.78472222222222,38.80778311033611,1,8,0.14888888888888888,38.78472222222222,44.803333333333335
16788,139632.0,139764.58289703,38.78666666666667,38.823495249175,1,1,0.029722222222222223,38.78666666666667,44.81638888888889
16789,139648.0,171194.05584642,38.791111111111114,47.553904401783335,1,8,56.57555555555555,38.791111111111114,51.863055555555555
16790,139650.0,171193.57766143,38.791666666666664,47.553771572619446,1,8,56.57111111111111,38.791666666666664,51.863055555555555
16791,139654.0,172440.38743455,38.79277777777778,47.90010762070833,1,8,58.8,38.79277777777778,52.14277777777778
16792,139656.0,171795.58115183,38.79333333333334,47.720994764397226,1,8,57.64,38.79333333333334,51.998333333333335
16795,139825.0,140746.88481675,38.84027777777778,39.09635689354167,1,1,0.20666666666666667,38.84027777777778,45.04694444444444
16796,139931.0,140194.92670157,38.86972222222222,38.94303519488055,1,8,0.47333333333333333,38.86972222222222,44.92888888888889
16797,139961.0,144347.38743455,38.878055555555555,40.09649650959722,1,16,15.733333333333333,38.878055555555555,45.86138888888889
16799,140231.0,432080.97037037,38.95305555555556,120.02249176954723,3,32,2466.337777777778,38.95305555555556,122.03805555555556
16805,141679.0,144312.07155323,39.35527777777778,40.08668654256389,1,16,9.444444444444445,39.35527777777778,45.94638888888889
16808,141831.0,142809.88307155,39.3975,39.669411964319444,1,1,0.21944444444444444,39.3975,45.61694444444444
16817,142456.0,142578.67015707,39.57111111111111,39.605186154741666,1,1,0.0275,39.57111111111111,45.59861111111111
16824,143433.0,159310.73123909,39.8425,44.25298089974722,1,1,3.5594444444444444,39.8425,49.401944444444446
16826,143470.0,143543.10645724,39.852777777777774,39.873085127011116,1,16,0.26222222222222225,39.852777777777774,45.87222222222222
16828,143580.0,191747.2425829,39.88333333333333,53.26312293969445,1,16,172.76888888888888,39.88333333333333,56.68138888888889
16830,143698.0,157399.88481675,39.916111111111114,43.722190226875,1,1,3.0716666666666668,39.916111111111114,48.98777777777778
16831,143710.0,143841.34380454,39.919444444444444,39.955928834594445,1,16,0.4711111111111111,39.919444444444444,45.94888888888889
16833,143753.0,143950.01570681,39.93138888888889,39.98611547411389,1,40,1.7666666666666666,39.93138888888889,45.97555555555556
16834,143812.0,157230.13263525,39.94777777777778,43.675036843125,1,1,3.0080555555555555,39.94777777777778,48.95583333333333
16835,143817.0,146504.59162304,39.94916666666666,40.69571989528889,1,16,9.64,39.94916666666666,46.55166666666667
16836,143828.0,156028.10471204,39.952222222222225,43.34114019778889,1,1,2.735,39.952222222222225,49.44583333333333
16837,143969.0,280356.46105919,39.99138888888889,77.87679473866389,2,40,1370.2777777777778,39.99138888888889,80.24833333333333
16838,144014.0,156231.45200698,40.00388888888889,43.39762555749444,1,1,2.738888888888889,40.00388888888889,49.44972222222222
16839,144063.0,156089.63176265,40.0175,43.35823104518056,1,1,2.696111111111111,40.0175,51.65222222222222
16840,144077.0,155942.54973822,40.021388888888886,43.31737492728333,1,1,2.66,40.021388888888886,51.647777777777776
16842,144099.0,155498.65095986,40.0275,43.194069711072224,1,1,2.5555555555555554,40.0275,51.9575
16843,144114.0,156224.89005236,40.031666666666666,43.39580279232222,1,1,2.715,40.031666666666666,52.16111111111111
16844,144161.0,144349.34205934,40.04472222222222,40.09703946092778,1,1,0.042222222222222223,40.04472222222222,46.08694444444444
16847,144382.0,144508.38743455,40.10611111111111,40.14121873181945,1,1,0.028333333333333332,40.10611111111111,46.13444444444445
16849,145072.0,145205.82198953,40.297777777777775,40.33495055264722,1,1,0.03,40.297777777777775,46.327777777777776
16850,145239.0,300522.19314642,40.344166666666666,83.47838698511667,2,1,39.003055555555555,40.344166666666666,85.34722222222223
16851,145387.0,363384.34814815,40.38527777777778,100.94009670781945,3,1,57.569722222222225,40.38527777777778,103.955
16854,145476.0,415450.60740741,40.41,115.40294650205833,3,1,71.29611111111112,40.41,117.70611111111111
16855,145541.0,362716.95015576,40.42805555555555,100.7547083766,2,1,54.54888888888889,40.42805555555555,105.46444444444444
16857,145998.0,148310.14659686,40.555,41.19726294357222,1,16,8.293333333333333,40.555,47.07611111111111
16858,146037.0,146277.38394415,40.56583333333333,40.63260665115278,1,8,0.4311111111111111,40.56583333333333,46.61972222222222
16861,146468.0,166095.22513089,40.68555555555555,46.13756253635833,1,4,17.6,40.68555555555555,51.08583333333333
16863,146744.0,148274.27923211,40.76222222222222,41.187299786697224,1,8,2.7444444444444445,40.76222222222222,47.10527777777778
16864,146824.0,149164.64572426,40.784444444444446,41.43462381229444,1,16,8.395555555555555,40.784444444444446,47.30916666666667
16866,147098.0,147172.34554974,40.86055555555556,40.88120709715,1,1,0.016666666666666666,40.86055555555556,46.87722222222222
16868,147200.0,147843.08900524,40.888888888888886,41.06752472367778,1,2,0.28833333333333333,40.888888888888886,47.033055555555556
16871,147886.0,150453.39965096,41.07944444444445,41.792611014155554,1,16,9.20888888888889,41.07944444444445,47.655
16875,148507.0,148845.27225131,41.25194444444445,41.34590895869722,1,8,0.6066666666666667,41.25194444444445,47.327777777777776
16877,149223.0,149552.59860384,41.450833333333335,41.54238850106666,1,8,0.5911111111111111,41.450833333333335,47.52472222222222
16879,149627.0,149944.20767888,41.56305555555556,41.65116879968889,1,8,0.5688888888888889,41.56305555555556,47.634166666666665
16882,149789.0,149843.52006981,41.60805555555555,41.62320001939167,1,1,0.012222222222222223,41.60805555555555,47.62027777777778
16883,149841.0,149906.67190227,41.6225,41.640742195075,1,1,0.014722222222222222,41.6225,47.63722222222222
16887,149916.0,160611.84642234,41.64333333333333,44.61440178398333,1,8,19.182222222222222,41.64333333333333,50.041111111111114
16889,149964.0,150029.67190227,41.656666666666666,41.67490886174166,1,1,0.014722222222222222,41.656666666666666,47.67138888888889
16891,149976.0,152242.30017452,41.66,42.28952782625556,1,16,8.12888888888889,41.66,48.16972222222222
16893,150159.0,150219.71553229,41.71083333333333,41.727698758969446,1,1,0.01361111111111111,41.71083333333333,47.724444444444444
16895,150338.0,150394.9982548,41.760555555555555,41.77638840411112,1,1,0.012777777777777779,41.760555555555555,47.77333333333333
16896,150395.0,150450.7591623,41.77638888888889,41.79187754508334,1,1,0.0125,41.77638888888889,47.78888888888889
16903,151267.0,151331.43280977,42.01861111111111,42.036509113825,1,1,0.014444444444444444,42.01861111111111,48.033055555555556
16905,151377.0,153176.16230366,42.049166666666665,42.54893397323889,1,32,12.906666666666666,42.049166666666665,58.60611111111111
16906,151583.0,151657.34554974,42.10638888888889,42.12704043048334,1,1,0.016666666666666666,42.10638888888889,48.12305555555555
16907,151624.0,169891.94066318,42.117777777777775,47.19220573977222,1,8,32.76222222222222,42.117777777777775,52.213055555555556
16909,151679.0,151928.05759162,42.13305555555556,42.20223821989444,1,16,0.8933333333333333,42.13305555555556,48.18888888888889
16910,151789.0,151853.43280977,42.16361111111111,42.181509113824994,1,1,0.014444444444444444,42.16361111111111,48.17805555555555
16912,151823.0,154582.45898778,42.17305555555556,42.93957194105,1,16,9.897777777777778,42.17305555555556,48.81944444444444
16914,151892.0,151967.58464223,42.19222222222222,42.213217956175,1,1,0.016944444444444446,42.19222222222222,48.20916666666667
16917,152148.0,152201.28097731,42.263333333333335,42.27813360480833,1,1,0.011944444444444445,42.263333333333335,48.27527777777778
16918,152259.0,152312.28097731,42.29416666666667,42.308966938141666,1,1,0.011944444444444445,42.29416666666667,48.306111111111115
16919,152371.0,152424.28097731,42.32527777777778,42.34007804925278,1,1,0.011944444444444445,42.32527777777778,48.33722222222222
16920,152494.0,152567.10645724,42.35944444444444,42.37975179367778,1,1,0.01638888888888889,42.35944444444444,48.37583333333333
16921,152841.0,202355.13612565,42.45583333333333,56.20976003490278,1,8,88.8,42.45583333333333,59.55583333333333
16922,152909.0,153148.14485166,42.47472222222222,42.54115134768333,1,16,0.8577777777777778,42.47472222222222,48.528333333333336
16924,154160.0,156690.22687609,42.82222222222222,43.525063021136106,1,16,9.075555555555555,42.82222222222222,49.38944444444444
16926,155384.0,156380.23036649,43.16222222222222,43.438952879580555,1,1,0.22333333333333333,43.16222222222222,49.385555555555555
16928,156213.0,158645.33856894,43.3925,44.06814960248333,1,16,8.724444444444444,43.3925,49.937777777777775
16929,156960.0,157487.85340314,43.6,43.746625945316666,1,8,0.9466666666666667,43.6,49.718333333333334
16931,157739.0,190337.04537522,43.81638888888889,52.87140149311667,1,1,7.307777777777778,43.81638888888889,57.12416666666667
16932,157966.0,158643.78359511,43.879444444444445,44.06771766530834,1,16,2.431111111111111,43.879444444444445,50.03138888888889
16933,158109.0,158110.2390925,43.91916666666667,43.91951085902778,1,1,0.0002777777777777778,43.91916666666667,49.919444444444444
16936,158186.0,160638.16404887,43.940555555555555,44.621712235797226,1,16,8.795555555555556,43.940555555555555,50.49027777777778
16939,158358.0,158563.68935428,43.98833333333334,44.04546926507778,1,1,0.04611111111111111,43.98833333333334,50.034444444444446
16943,158854.0,175534.66317627,44.12611111111111,48.759628660075,1,8,29.915555555555557,44.12611111111111,53.86555555555555
16944,158870.0,159047.19022688,44.13055555555555,44.17977506302222,1,1,0.03972222222222222,44.13055555555555,50.17027777777778
16946,158940.0,159018.06282723,44.15,44.171684118674996,1,4,0.07,44.15,50.1675
16947,159024.0,179131.9930192,44.17333333333333,49.758886949777775,1,4,18.031111111111112,44.17333333333333,54.681111111111115
16948,159100.0,159325.51483421,44.19444444444444,44.25708745394722,1,1,0.050555555555555555,44.19444444444444,50.245
16952,159948.0,191192.95636998,44.43,53.10915454721667,1,1,7.004444444444444,44.43,57.434444444444445
16954,160144.0,160321.19022688,44.48444444444444,44.53366395191111,1,1,0.03972222222222222,44.48444444444444,50.524166666666666
16956,160177.0,162595.70855148,44.493611111111115,45.165474597633334,1,16,8.675555555555556,44.493611111111115,51.043055555555554
16957,160330.0,160491.08202443,44.53611111111111,44.58085611789723,1,1,0.03611111111111111,44.53611111111111,50.57222222222222
16958,160508.0,160686.42931937,44.58555555555556,44.63511925538056,1,1,0.04,44.58555555555556,50.62555555555556
16959,160667.0,160831.79930192,44.62972222222222,44.67549980608889,1,1,0.036944444444444446,44.62972222222222,50.666666666666664
16962,161379.0,161546.27748691,44.8275,44.87396596858611,1,4,0.15,44.8275,50.86527777777778
16964,162166.0,164615.68586387,45.04611111111111,45.726579406630556,1,16,8.786666666666667,45.04611111111111,51.59527777777778
16965,162604.0,163913.72076789,45.16777777777778,45.53158910219166,1,1,0.2936111111111111,45.16777777777778,51.46138888888889
16968,162748.0,163106.09773124,45.20777777777778,45.30724936978889,1,1,0.08027777777777778,45.20777777777778,51.28805555555556
16970,162998.0,163689.41361257,45.27722222222222,45.469281559047225,1,1,0.155,45.27722222222222,51.43222222222222
16973,163463.0,163987.13612565,45.40638888888889,45.551982257125,1,8,0.94,45.40638888888889,51.52388888888889
16974,164155.0,166548.92670157,45.59861111111111,46.26359075043611,1,16,8.586666666666666,45.59861111111111,52.13527777777778
16975,164249.0,428645.63703704,45.624722222222225,119.0682325102889,3,1,69.82305555555556,45.624722222222225,121.84361111111112
16977,164981.0,167029.21989529,45.82805555555556,46.39700552646945,1,8,3.6733333333333333,45.82805555555556,52.28722222222222
16978,165039.0,165569.33158813,45.844166666666666,45.99148099670278,1,8,0.9511111111111111,45.844166666666666,51.963055555555556
16987,166115.0,421895.91851852,46.143055555555556,117.19331069958889,3,1,67.54777777777778,46.143055555555556,119.69083333333333
16989,166503.0,166765.68760908,46.25083333333333,46.323802113633334,1,8,0.4711111111111111,46.25083333333333,52.30972222222222
16990,166522.0,166711.58115183,46.25611111111111,46.308772542175,1,8,0.34,46.25611111111111,52.298611111111114
16991,166539.0,166841.33856894,46.26083333333333,46.34481626915,1,8,0.5422222222222223,46.26083333333333,52.32861111111111
16994,166852.0,167160.53403141,46.34777777777778,46.43348167539167,1,8,0.5533333333333333,46.34777777777778,52.41694444444445
16995,166869.0,167066.01570681,46.3525,46.407226585225,1,8,0.35333333333333333,46.3525,52.39666666666667
16996,166886.0,167143.73123909,46.35722222222222,46.42881423308056,1,8,0.4622222222222222,46.35722222222222,52.415
16998,166960.0,166998.41186736,46.37777777777778,46.38844774093334,1,1,0.008611111111111111,46.37777777777778,52.38638888888889
16999,167007.0,167345.27225131,46.39083333333333,46.48479784758611,1,1,0.07583333333333334,46.39083333333333,52.46666666666667
17007,167721.0,167950.23211169,46.589166666666664,46.65284225324723,1,1,0.05138888888888889,46.589166666666664,52.64055555555556
17012,168311.0,219554.90924956,46.753055555555555,60.98747479154444,1,8,91.90222222222222,46.753055555555555,64.24083333333333
17013,168340.0,222365.67190227,46.76111111111111,61.768242195075,1,8,96.89111111111112,46.76111111111111,64.8725
17014,168361.0,225407.57940663,46.76694444444445,62.61321650184166,1,8,102.30888888888889,46.76694444444445,65.55555555555556
17016,169919.0,170185.40488656,47.19972222222222,47.273723579599995,1,1,0.059722222222222225,47.19972222222222,53.25944444444445
17022,170279.0,393128.31464174,47.29972222222222,109.20230962270556,2,1,55.97388888888889,47.29972222222222,109.27361111111111
17023,170294.0,170578.991274,47.30388888888889,47.383053131666664,1,1,0.06388888888888888,47.30388888888889,53.367777777777775
17028,170719.0,393534.88148148,47.42194444444444,109.31524485596667,3,1,58.84222222222222,47.42194444444444,112.27333333333333
17029,170755.0,171047.42582897,47.43194444444445,47.513173841380556,1,1,0.06555555555555556,47.43194444444445,53.4975
17030,170803.0,202443.22687609,47.445277777777775,56.234229687802774,1,8,56.74444444444445,47.445277777777775,60.538333333333334
17031,170877.0,207233.21291449,47.465833333333336,57.56478136513611,1,8,65.20222222222222,47.465833333333336,61.61611111111111
17032,171012.0,171295.7521815,47.50333333333333,47.58215338375,1,1,0.0636111111111111,47.50333333333333,53.566944444444445
17033,171023.0,205121.58638743,47.506388888888885,56.97821844095278,1,1,7.644166666666667,47.506388888888885,61.150555555555556
17034,171027.0,349032.54973822,47.5075,96.95348603839444,1,1,39.905,47.5075,125.25222222222222
17035,171044.0,209950.26527051,47.51222222222222,58.31951813069722,1,1,8.721944444444444,47.51222222222222,62.23416666666667
17040,171659.0,171953.90401396,47.683055555555555,47.76497333721112,1,1,0.0661111111111111,47.683055555555555,53.74916666666667
17042,171875.0,195472.27748691,47.74305555555556,54.297854857475,1,8,42.32,47.74305555555556,59.128055555555555
17044,171933.0,172216.7521815,47.759166666666665,47.83798671708333,1,1,0.0636111111111111,47.759166666666665,53.82277777777778
17045,172241.0,172545.81675393,47.844722222222224,47.92939354275833,1,1,0.06833333333333333,47.844722222222224,53.91305555555556
17046,172387.0,198484.76614311,47.88527777777778,55.134657261975,1,1,5.850555555555555,47.88527777777778,59.73583333333333
17047,172400.0,173112.47818499,47.888888888888886,48.086799495830554,1,1,0.1597222222222222,47.888888888888886,54.048611111111114
17048,172553.0,172816.92670157,47.93138888888889,48.00470186154722,1,1,0.059166666666666666,47.93138888888889,53.99055555555555
17049,172830.0,174246.28272251,48.00833333333333,48.40174520069722,1,1,0.3175,48.00833333333333,54.325833333333335
17050,173095.0,173237.495637,48.081944444444446,48.121526565833335,1,4,0.12777777777777777,48.081944444444446,54.11388888888889
17052,173577.0,174203.98080279,48.215833333333336,48.38999466744167,1,1,0.14055555555555554,48.215833333333336,54.35638888888889
17054,175644.0,176278.41535777,48.79,48.96622648826944,1,4,0.5688888888888889,48.79,54.93222222222222
17056,176497.0,177096.72076789,49.026944444444446,49.193533546636104,1,4,0.5377777777777778,49.026944444444446,55.16138888888889
17062,184047.0,185532.67190227,51.12416666666667,51.53685330618611,1,2,0.6661111111111111,51.12416666666667,57.45722222222222
17064,185246.0,186595.37172775,51.45722222222222,51.83204770215278,1,2,0.605,51.45722222222222,57.75972222222222
17066,189393.0,191014.97207679,52.60916666666667,53.059714465775,1,32,11.635555555555555,52.60916666666667,58.975833333333334
17067,190725.0,375683.31775701,52.979166666666664,104.356477154725,2,32,1486.6133333333332,52.979166666666664,105.43583333333333
17080,202843.0,202908.67190227,56.34527777777778,56.36351997285278,1,1,0.014722222222222222,56.34527777777778,62.36
17081,202914.0,202980.91099476,56.365,56.38358638743333,1,1,0.015,56.365,62.38
17082,202981.0,203031.80279232,56.38361111111111,56.397722997866666,1,1,0.01138888888888889,56.38361111111111,62.395
17084,203086.0,203130.60732984,56.41277777777778,56.42516870273333,1,1,0.01,56.41277777777778,62.422777777777775
17085,203258.0,203259.2390925,56.46055555555556,56.46089974791667,1,1,0.0002777777777777778,56.46055555555556,62.46083333333333
17086,203852.0,272946.27574171,56.62555555555556,75.81840992825278,1,8,123.91555555555556,56.62555555555556,78.115
17087,203854.0,278841.39965096,56.62611111111111,77.45594434748888,1,8,134.48444444444445,56.62611111111111,79.43666666666667
17088,203863.0,232665.70506108,56.62861111111111,64.62936251696667,1,8,51.65555555555556,56.62861111111111,69.08555555555556
17089,203865.0,203866.2390925,56.62916666666667,56.62951085902778,1,1,0.0002777777777777778,56.62916666666667,62.629444444444445
17090,203866.0,232662.5095986,56.629444444444445,64.62847488850001,1,8,51.644444444444446,56.629444444444445,69.085
17091,203871.0,233606.7417103,56.630833333333335,64.89076158619444,1,8,53.32888888888889,56.630833333333335,69.29694444444445
17092,203893.0,234924.83246073,56.636944444444445,65.25689790575834,1,8,55.653333333333336,56.636944444444445,69.61111111111111
17093,204055.0,204130.58464223,56.68194444444445,56.70294017839723,1,1,0.016944444444444446,56.68194444444445,62.69888888888889
17094,204126.0,204179.28097731,56.70166666666667,56.716466938141664,1,1,0.011944444444444445,56.70166666666667,62.71361111111111
17099,207488.0,207554.91099476,57.635555555555555,57.654141942988886,1,1,0.015,57.635555555555555,63.650555555555556
17100,207591.0,207929.27225131,57.66416666666667,57.75813118091944,1,1,0.07583333333333334,57.66416666666667,63.74
17101,208214.0,208287.10645724,57.83722222222222,57.85752957145556,1,1,0.01638888888888889,57.83722222222222,63.853611111111114
17102,208856.0,209241.35776614,58.01555555555556,58.12259937948333,1,1,0.08638888888888889,58.01555555555556,64.10194444444444
17104,209179.0,286493.41535777,58.10527777777778,79.58150426604722,1,4,69.32888888888888,58.10527777777778,81.4375
17107,209416.0,209871.98603839,58.17111111111111,58.29777389955277,1,1,0.10222222222222223,58.17111111111111,64.27333333333333
17110,210062.0,210662.95986038,58.35055555555556,58.51748885010556,1,8,1.0777777777777777,58.35055555555556,64.48527777777778
17111,210160.0,210801.84991274,58.37777777777778,58.55606942020555,1,1,0.1438888888888889,58.37777777777778,64.52166666666666
17113,210700.0,214033.15881326,58.52777777777778,59.45365522590556,1,8,5.977777777777778,58.52777777777778,65.275
17114,210959.0,211310.90226876,58.59972222222222,58.69747285243333,1,8,0.6311111111111111,58.59972222222222,64.67861111111111
17123,212775.0,213138.05410122,59.104166666666664,59.20501502811667,1,1,0.08138888888888889,59.104166666666664,65.18555555555555
17124,212864.0,213062.2547993,59.12888888888889,59.18395966647222,1,1,0.044444444444444446,59.12888888888889,65.17333333333333
17125,213056.0,213638.37347295,59.18222222222222,59.343992631375,1,1,0.13055555555555556,59.18222222222222,65.31277777777778
17126,213060.0,213254.53752182,59.18333333333333,59.23737153383889,1,1,0.043611111111111114,59.18333333333333,65.22694444444444
17129,213148.0,213378.47120419,59.20777777777778,59.27179755671944,1,1,0.051666666666666666,59.20777777777778,65.25944444444444
17130,213161.0,213376.60209424,59.21138888888889,59.27127835951111,1,1,0.04833333333333333,59.21138888888889,65.25972222222222
17131,213196.0,213362.03839442,59.221111111111114,59.26723288733889,1,1,0.03722222222222222,59.221111111111114,65.25833333333334
17132,213222.0,213478.4921466,59.22833333333333,59.29958115183334,1,1,0.0575,59.22833333333333,65.28583333333333
17133,213234.0,213475.62303665,59.23166666666667,59.29878417684723,1,1,0.05416666666666667,59.23166666666667,65.28583333333333
17134,213250.0,213473.03664921,59.236111111111114,59.29806573589167,1,1,0.05,59.236111111111114,65.28611111111111
17135,213332.0,213407.58464223,59.25888888888889,59.27988462284167,1,8,0.13555555555555557,59.25888888888889,65.27583333333334
17136,213353.0,213532.66841187,59.264722222222225,59.31463011440833,1,1,0.04027777777777778,59.264722222222225,65.305
17137,213397.0,213440.36823735,59.276944444444446,59.288991177041666,1,1,0.009722222222222222,59.276944444444446,65.28666666666666
17138,213418.0,213461.36823735,59.28277777777778,59.294824510374994,1,1,0.009722222222222222,59.28277777777778,65.2925
17139,213443.0,213482.65095986,59.289722222222224,59.30073637773889,1,1,0.008888888888888889,59.289722222222224,65.29861111111111
17140,213451.0,213485.69458988,59.29194444444445,59.301581830522224,1,1,0.0077777777777777776,59.29194444444445,65.29972222222223
17141,213462.0,213494.21640489,59.295,59.30394900135833,1,1,0.007222222222222222,59.295,65.30222222222223
17142,213471.0,213503.21640489,59.2975,59.30644900135833,1,1,0.007222222222222222,59.2975,65.30472222222222
17143,213477.0,213514.17277487,59.299166666666665,59.30949243746389,1,1,0.008333333333333333,59.299166666666665,65.3075
17144,213491.0,213531.89005236,59.30305555555555,59.314413903433326,1,1,0.009166666666666667,59.30305555555555,65.31222222222222
17146,213809.0,213853.60732984,59.39138888888889,59.40377981384444,1,1,0.01,59.39138888888889,65.40138888888889
17148,213862.0,213901.65095986,59.40611111111111,59.41712526662778,1,1,0.008888888888888889,59.40611111111111,65.415
17149,213882.0,214432.15706806,59.41166666666667,59.56448807446112,1,1,0.12333333333333334,59.41166666666667,65.535
17150,214007.0,214197.82024433,59.44638888888889,59.49939451231389,1,1,0.042777777777777776,59.44638888888889,65.48916666666666
17151,214083.0,214353.12216405,59.4675,59.54253393445833,1,1,0.06055555555555556,59.4675,65.52805555555555
17152,214096.0,214350.01396161,59.471111111111114,59.541670544891666,1,1,0.05694444444444444,59.471111111111114,65.52805555555555
17153,214098.0,263115.2600349,59.471666666666664,73.08757223191667,1,8,87.9088888888889,59.471666666666664,76.46027777777778
17155,214112.0,214344.94938918,59.47555555555556,59.54026371921667,1,1,0.052222222222222225,59.47555555555556,65.52777777777777
17156,214136.0,214313.19022688,59.48222222222222,59.531441729688886,1,1,0.03972222222222222,59.48222222222222,65.52194444444444
17157,214157.0,214334.19022688,59.488055555555555,59.53727506302222,1,1,0.03972222222222222,59.488055555555555,65.52777777777777
17158,214202.0,220107.51483421,59.50055555555556,61.140976342836105,1,8,10.591111111111111,59.50055555555556,68.63388888888889
17159,214202.0,226321.56369983,59.50055555555556,62.867101027730556,1,8,21.735555555555557,59.50055555555556,71.35083333333333
17160,214202.0,227643.67539267,59.50055555555556,63.234354275741666,1,8,24.106666666666666,59.50055555555556,74.36416666666666
17161,214202.0,225837.07853403,59.50055555555556,62.73252181500833,1,8,20.866666666666667,59.50055555555556,76.9725
17162,214202.0,225322.85514834,59.50055555555556,62.589681985649996,1,8,19.944444444444443,59.50055555555556,79.46555555555555
17163,214202.0,215560.04537522,59.50055555555556,59.87779038200556,1,8,2.4355555555555557,59.50055555555556,79.77
17164,214202.0,218794.07678883,59.50055555555556,60.776132441341666,1,8,8.235555555555555,59.50055555555556,80.79944444444445
17165,214202.0,218654.05933682,59.50055555555556,60.73723870467222,1,8,7.984444444444445,59.50055555555556,81.24638888888889
17166,214202.0,218828.77137871,59.50055555555556,60.78576982741944,1,8,8.297777777777778,59.50055555555556,81.28555555555556
17167,214202.0,218755.66492147,59.50055555555556,60.76546247818611,1,8,8.166666666666666,59.50055555555556,81.26916666666666
17168,214202.0,221608.05584642,59.50055555555556,61.55779329067222,1,8,13.282222222222222,59.50055555555556,81.90861111111111
17169,214202.0,221324.30366492,59.50055555555556,61.478973240255556,1,8,12.773333333333333,59.50055555555556,81.845
17170,214202.0,221017.008726,59.50055555555556,61.393613535,1,8,12.222222222222221,59.50055555555556,82.32722222222222
17171,214202.0,221021.96509599,59.50055555555556,61.39499030444166,1,8,12.231111111111112,59.50055555555556,82.77527777777777
17172,214202.0,220818.7539267,59.50055555555556,61.33854275741667,1,8,11.866666666666667,59.50055555555556,82.7525
17173,214202.0,214610.90052356,59.50055555555556,59.61413903432222,1,8,0.7333333333333333,59.50055555555556,81.37722222222222
17174,214265.0,232607.28621291,59.518055555555556,64.61313505914167,1,8,32.89555555555555,59.518055555555556,69.63
17175,214294.0,214486.05933682,59.52611111111111,59.57946092689445,1,1,0.043055555555555555,59.52611111111111,65.56916666666666
17176,214303.0,214373.62827225,59.52861111111111,59.548230075625,1,4,0.06333333333333334,59.52861111111111,65.54444444444445
17177,214310.0,214521.88481675,59.53055555555556,59.589412449097225,1,1,0.0475,59.53055555555556,65.57805555555555
17178,214331.0,214568.90575916,59.53638888888889,59.60247382198889,1,1,0.05333333333333334,59.53638888888889,65.58972222222222
17179,214340.0,214566.7539267,59.53888888888889,59.601876090750004,1,1,0.050833333333333335,59.53888888888889,65.58972222222222
17180,214351.0,214955.67713787,59.54194444444445,59.709910316074996,1,1,0.13555555555555557,59.54194444444445,65.6775
17182,214367.0,214541.71204188,59.54638888888889,59.594920011633334,1,1,0.03916666666666667,59.54638888888889,65.58555555555556
17183,214384.0,214556.23385689,59.55111111111111,59.59895384913611,1,1,0.03861111111111111,59.55111111111111,65.58972222222222
17184,214397.0,214622.51483421,59.554722222222225,59.617365231724996,1,1,0.050555555555555555,59.554722222222225,65.60527777777777
17185,214406.0,214620.36300175,59.55722222222222,59.61676750048611,1,1,0.04805555555555555,59.55722222222222,65.60527777777777
17186,214438.0,214473.93368237,59.56611111111111,59.576092689547224,1,1,0.008055555555555555,59.56611111111111,65.57416666666667
17187,214457.0,214497.89005236,59.57138888888889,59.582747236766664,1,1,0.009166666666666667,59.57138888888889,65.58055555555555
17188,214472.0,214506.69458988,59.57555555555555,59.58519294163334,1,1,0.0077777777777777776,59.57555555555555,65.58333333333333
17189,214481.0,214523.12914485,59.57805555555556,59.58975809579167,1,1,0.009444444444444445,59.57805555555556,65.5875
17190,214504.0,214542.41186736,59.58444444444444,59.5951144076,1,1,0.008611111111111111,59.58444444444444,65.59305555555555
17191,214514.0,214548.69458988,59.58722222222222,59.5968596083,1,1,0.0077777777777777776,59.58722222222222,65.595
17192,214524.0,214558.69458988,59.59,59.59963738607778,1,1,0.0077777777777777776,59.59,65.59777777777778
17193,214538.0,214575.17277487,59.59388888888889,59.604214659686114,1,1,0.008333333333333333,59.59388888888889,65.60222222222222
17194,214550.0,214583.45549738,59.59722222222222,59.60651541593889,1,1,0.0075,59.59722222222222,65.60472222222222
17195,214561.0,214604.36823735,59.60027777777778,59.612324510375,1,1,0.009722222222222222,59.60027777777778,65.61
17196,214570.0,214603.45549738,59.602777777777774,59.61207097149445,1,1,0.0075,59.602777777777774,65.61027777777778
17197,214583.0,214628.84642234,59.60638888888889,59.61912400620555,1,1,0.010277777777777778,59.60638888888889,65.61666666666666
17198,214594.0,214627.45549738,59.60944444444444,59.61873763816111,1,1,0.0075,59.60944444444444,65.61694444444444
17199,214602.0,214635.45549738,59.611666666666665,59.62095986038333,1,1,0.0075,59.611666666666665,65.61916666666667
17200,214610.0,214643.45549738,59.61388888888889,59.62318208260555,1,1,0.0075,59.61388888888889,65.62138888888889
17201,214958.0,215584.98080279,59.71055555555556,59.88471688966389,1,1,0.14055555555555554,59.71055555555556,65.85111111111111
17202,215127.0,215377.29668412,59.7575,59.8270268567,1,16,0.8977777777777778,59.7575,65.81361111111111
17203,215255.0,215468.12390925,59.793055555555554,59.85225664145833,1,1,0.04777777777777778,59.793055555555554,65.84083333333334
17205,215441.0,216483.07678883,59.844722222222224,60.13418799689722,1,8,1.8688888888888888,59.844722222222224,66.07833333333333
17206,215478.0,215596.95287958,59.855,59.88804246655,1,2,0.05333333333333334,59.855,65.88472222222222
17207,215576.0,268443.12041885,59.882222222222225,74.56753344968055,1,16,189.62666666666667,59.882222222222225,77.73388888888888
17208,215584.0,215627.36823735,59.88444444444445,59.89649117704166,1,1,0.009722222222222222,59.88444444444445,65.89416666666666
17210,215660.0,215786.38743455,59.90555555555556,59.94066317626389,1,1,0.028333333333333332,59.90555555555556,65.93388888888889
17216,216138.0,216751.35078534,60.038333333333334,60.20870855148333,1,1,0.1375,60.038333333333334,66.17583333333333
17217,216396.0,323076.26479751,60.11,89.74340688819723,2,4,107.18111111111111,60.11,92.90527777777778
17218,216407.0,216556.93019197,60.113055555555555,60.154702831102774,1,1,0.03361111111111111,60.113055555555555,66.14666666666666
17220,216608.0,216827.31937173,60.16888888888889,60.22981093659167,1,1,0.049166666666666664,60.16888888888889,66.21805555555555
17222,217023.0,217257.18848168,60.284166666666664,60.34921902268889,1,16,0.84,60.284166666666664,66.33666666666667
17223,217266.0,217430.79930192,60.35166666666667,60.39744425053333,1,1,0.036944444444444446,60.35166666666667,66.38861111111112
17224,217433.0,217822.07504363,60.39805555555556,60.50613195656389,1,16,1.3955555555555557,60.39805555555556,66.48527777777778
17225,217446.0,217754.53403141,60.401666666666664,60.48737056428055,1,8,0.5533333333333333,60.401666666666664,66.47083333333333
17226,217492.0,217632.01745201,60.41444444444444,60.45333818111389,1,1,0.03138888888888889,60.41444444444444,66.44583333333334
17229,217582.0,217731.93019197,60.43944444444445,60.48109171999167,1,1,0.03361111111111111,60.43944444444445,66.47305555555556
17230,217649.0,217905.4921466,60.45805555555555,60.52930337405556,1,16,0.92,60.45805555555555,66.52833333333334
17233,218023.0,218146.90924956,60.56194444444444,60.596363680433335,1,1,0.027777777777777776,60.56194444444444,66.58972222222222
17235,218102.0,218534.44328098,60.583888888888886,60.70401202249444,1,16,1.551111111111111,60.583888888888886,66.68083333333334
17236,218105.0,218252.45200698,60.584722222222226,60.62568111305,1,1,0.03305555555555555,60.584722222222226,66.61777777777777
17237,218135.0,218361.7539267,60.59305555555556,60.65604275741667,1,16,0.8133333333333334,60.59305555555556,66.6438888888889
17239,218283.0,218533.29668412,60.634166666666665,60.70369352336667,1,16,0.8977777777777778,60.634166666666665,66.7
17240,218348.0,218479.34380454,60.65222222222222,60.68870661237222,1,1,0.029444444444444443,60.65222222222222,66.68166666666667
17242,219099.0,219568.61605585,60.86083333333333,60.99128223773611,1,16,1.6844444444444444,60.86083333333333,66.9661111111111
17243,219116.0,219262.21291449,60.86555555555555,60.906170254025,1,1,0.03277777777777778,60.86555555555555,66.89833333333333
17245,219285.0,219416.34380454,60.9125,60.94898439015,1,1,0.029444444444444443,60.9125,66.94194444444445
17246,219494.0,219533.65095986,60.970555555555556,60.981569711072225,1,1,0.008888888888888889,60.970555555555556,66.97944444444444
17248,219874.0,219919.84642234,61.07611111111111,61.08884622842778,1,1,0.010277777777777778,61.07611111111111,67.08638888888889
17251,220114.0,222336.93193717,61.14277777777778,61.760258871436115,1,1,0.49833333333333335,61.14277777777778,67.64111111111112
17252,220239.0,220402.56020942,61.1775,61.22293339150555,1,1,0.03666666666666667,61.1775,67.21416666666667
17253,220263.0,220916.0017452,61.18416666666667,61.36555604033333,1,2,0.2927777777777778,61.18416666666667,67.33055555555555
17256,220503.0,220672.7556719,61.25083333333333,61.29798768663889,1,1,0.03805555555555556,61.25083333333333,67.28888888888889
17257,220546.0,220679.82198953,61.26277777777778,61.299950552647225,1,1,0.03,61.26277777777778,67.29277777777777
17261,220825.0,220957.58289703,61.34027777777778,61.377106360286106,1,1,0.029722222222222223,61.34027777777778,67.37
17264,220940.0,271891.48342059,61.37222222222222,75.525412061275,1,8,91.37777777777778,61.37222222222222,78.79444444444445
17266,221002.0,221120.95287958,61.38944444444444,61.422486910994444,1,1,0.02666666666666667,61.38944444444444,67.4161111111111
17267,221177.0,221292.23560209,61.43805555555556,61.470065445025,1,1,0.025833333333333333,61.43805555555556,67.46388888888889
17268,221354.0,221475.43106457,61.48722222222222,61.52095307349167,1,1,0.02722222222222222,61.48722222222222,67.51444444444445
17269,221472.0,222802.78534031,61.52,61.88966259453055,1,2,0.5966666666666667,61.52,67.81833333333333
17270,221494.0,221660.03839442,61.52611111111111,61.57223288733889,1,1,0.03722222222222222,61.52611111111111,67.56333333333333
17271,221526.0,221652.38743455,61.535,61.570107620708335,1,1,0.028333333333333332,61.535,67.56333333333333
17272,221693.0,221811.95287958,61.58138888888889,61.61443135543889,1,1,0.02666666666666667,61.58138888888889,67.60805555555555
17273,221699.0,221889.82024433,61.58305555555555,61.63606117898056,1,16,0.6844444444444444,61.58305555555555,67.62583333333333
17274,221772.0,221892.19197208,61.60333333333333,61.636719992244444,1,1,0.026944444444444444,61.60333333333333,67.63027777777778
17275,221866.0,221979.9965096,61.629444444444445,61.661110141555554,1,1,0.025555555555555557,61.629444444444445,67.655
17276,221962.0,222090.86561955,61.65611111111111,61.691907116541664,1,1,0.028888888888888888,61.65611111111111,67.685
17278,221992.0,222161.7556719,61.66444444444444,61.71159879775,1,1,0.03805555555555556,61.66444444444444,67.7311111111111
17280,222053.0,222184.34380454,61.68138888888889,61.71787327903889,1,1,0.029444444444444443,61.68138888888889,67.71083333333333
17281,222144.0,222271.62652705,61.70666666666666,61.74211847973611,1,1,0.02861111111111111,61.70666666666666,67.73527777777778
17282,222292.0,222419.62652705,61.74777777777778,61.78322959084722,1,1,0.02861111111111111,61.74777777777778,67.77638888888889
17283,222307.0,223313.14310646,61.75194444444445,62.03142864068333,1,1,0.22555555555555556,61.75194444444445,67.9775
17284,222365.0,222523.60383944,61.768055555555556,61.812112177622225,1,1,0.035555555555555556,61.768055555555556,67.81194444444445
17285,222462.0,222582.19197208,61.795,61.828386658911114,1,1,0.026944444444444444,61.795,67.82194444444444
17287,222622.0,222733.51832461,61.839444444444446,61.87042175683611,1,1,0.025,61.839444444444446,67.86444444444444
17288,222694.0,222851.36474695,61.85944444444444,61.903156874152785,1,2,0.07055555555555555,61.85944444444444,67.89472222222223
17290,222802.0,222907.32286213,61.88944444444444,61.918700795036116,1,1,0.02361111111111111,61.88944444444444,67.91305555555556
17291,222870.0,223785.68935428,61.90833333333333,62.1626914873,1,2,0.41055555555555556,61.90833333333333,68.11361111111111
17293,222959.0,223113.88656195,61.933055555555555,61.97607960054167,1,1,0.034722222222222224,61.933055555555555,67.96777777777778
17294,223228.0,232600.495637,62.007777777777775,64.61124878805556,1,1,2.101111111111111,62.007777777777775,70.10888888888888
17295,223248.0,232772.90401396,62.013333333333335,64.65914000387778,1,1,2.1352777777777776,62.013333333333335,70.14861111111111
17296,223263.0,232777.991274,62.0175,64.66055313166666,1,1,2.1330555555555555,62.0175,70.15055555555556
17297,223274.0,223903.45898778,62.02055555555555,62.19540527438333,1,1,0.1411111111111111,62.02055555555555,68.16166666666666
17298,223312.0,223470.60383944,62.03111111111111,62.07516773317778,1,1,0.035555555555555556,62.03111111111111,68.14916666666667
17299,223332.0,232785.03664921,62.03666666666667,64.66251018033611,1,1,2.1191666666666666,62.03666666666667,70.15583333333333
17300,223380.0,233104.39790576,62.05,64.7512216404889,1,1,2.18,62.05,70.23
17301,223448.0,259894.66666667,62.068888888888885,72.19296296296389,1,8,65.36444444444444,62.068888888888885,76.23944444444444
17302,223520.0,230206.14310646,62.08888888888889,63.946150862905554,1,8,11.991111111111111,62.08888888888889,82.87611111111111
17303,223520.0,236407.80104712,62.08888888888889,65.6688336242,1,8,23.113333333333333,62.08888888888889,84.73416666666667
17304,223520.0,234656.96335079,62.08888888888889,65.18248981966389,1,8,19.973333333333333,62.08888888888889,84.40527777777778
17305,223520.0,234256.73647469,62.08888888888889,65.07131568741389,1,8,19.255555555555556,62.08888888888889,84.73416666666667
17306,223520.0,234462.42582897,62.08888888888889,65.12845161915834,1,8,19.624444444444446,62.08888888888889,85.20555555555555
17307,223520.0,224876.80628272,62.08888888888889,62.465779522977776,1,8,2.433333333333333,62.08888888888889,83.07944444444445
17308,223520.0,227615.20069808,62.08888888888889,63.22644463835556,1,8,7.344444444444444,62.08888888888889,83.79416666666667
17309,223520.0,227555.72425829,62.08888888888889,63.20992340508055,1,8,7.237777777777778,62.08888888888889,83.98416666666667
17310,223520.0,227635.02617801,62.08888888888889,63.23195171611389,1,8,7.38,62.08888888888889,84.71666666666667
17311,223520.0,227663.52530541,62.08888888888889,63.239868140391664,1,8,7.431111111111111,62.08888888888889,84.91305555555556
17312,223520.0,229600.22687609,62.08888888888889,63.777840798913886,1,8,10.904444444444444,62.08888888888889,85.76833333333333
17313,223520.0,229418.08027923,62.08888888888889,63.727244522008334,1,8,10.577777777777778,62.08888888888889,86.03888888888889
17314,223520.0,229527.12041885,62.08888888888889,63.75753344968056,1,8,10.773333333333333,62.08888888888889,86.08083333333333
17315,223520.0,229779.89528796,62.08888888888889,63.827748691100005,1,8,11.226666666666667,62.08888888888889,86.1375
17316,223520.0,229514.72949389,62.08888888888889,63.75409152608055,1,8,10.751111111111111,62.08888888888889,86.25694444444444
17317,223520.0,223938.81326353,62.08888888888889,62.205225906536114,1,8,0.7511111111111111,62.08888888888889,85.29944444444445
17318,223563.0,233313.41884817,62.100833333333334,64.80928301338055,1,1,2.1858333333333335,62.100833333333334,70.28666666666666
17319,223582.0,233378.26527051,62.10611111111111,64.827295908475,1,1,2.196111111111111,62.10611111111111,70.30222222222223
17320,223600.0,233261.20418848,62.111111111111114,64.79477894124445,1,1,2.1658333333333335,62.111111111111114,70.27694444444444
17321,223972.0,224095.90924956,62.214444444444446,62.24886368043334,1,1,0.027777777777777776,62.214444444444446,68.24222222222222
17322,223976.0,224144.51657941,62.215555555555554,62.26236571650278,1,1,0.03777777777777778,62.215555555555554,68.25333333333333
17325,224172.0,224282.27923211,62.27,62.30063312003056,1,1,0.024722222222222222,62.27,68.29472222222222
17329,224305.0,224416.51832461,62.30694444444445,62.33792175683611,1,1,0.025,62.30694444444445,68.33194444444445
17331,224443.0,224622.66841187,62.34527777777778,62.39518566996389,1,1,0.04027777777777778,62.34527777777778,68.38555555555556
17332,224556.0,224827.36125654,62.376666666666665,62.45204479348333,1,1,0.060833333333333336,62.376666666666665,68.4375
17333,224565.0,224884.68586387,62.37916666666667,62.46796829551944,1,1,0.07166666666666667,62.37916666666667,68.45083333333334
17336,224727.0,224844.71378709,62.424166666666665,62.45686494085833,1,1,0.02638888888888889,62.424166666666665,68.45055555555555
17339,224852.0,224982.10471204,62.458888888888886,62.495029086677775,1,1,0.029166666666666667,62.458888888888886,68.48805555555556
17342,225086.0,225235.93019197,62.52388888888889,62.56553616443611,1,1,0.03361111111111111,62.52388888888889,68.5575
17343,225094.0,225224.10471204,62.52611111111111,62.562251308899995,1,8,0.23333333333333334,62.52611111111111,68.55527777777777
17347,225223.0,225343.19197208,62.56194444444444,62.595331103355555,1,1,0.026944444444444444,62.56194444444444,68.58888888888889
17348,225224.0,263027.47294939,62.562222222222225,73.06318693038611,1,8,67.79777777777778,62.562222222222225,77.03694444444444
17349,225331.0,225448.71378709,62.591944444444444,62.62464271863611,1,1,0.02638888888888889,62.591944444444444,68.61833333333334
17350,225422.0,225778.85863874,62.617222222222225,62.71634962187222,1,1,0.08,62.617222222222225,68.69722222222222
17351,225422.0,226416.991274,62.617222222222225,62.89360868722222,1,1,0.22305555555555556,62.617222222222225,68.84027777777777
17352,225462.0,225522.71553229,62.62833333333333,62.64519875896944,1,1,0.01361111111111111,62.62833333333333,68.64194444444445
17353,225550.0,225660.27923211,62.65277777777778,62.683410897808336,1,1,0.024722222222222222,62.65277777777778,68.6775
17355,225763.0,225880.71378709,62.71194444444444,62.744642718636115,1,1,0.02638888888888889,62.71194444444444,68.73833333333333
17360,225835.0,225895.71553229,62.731944444444444,62.74880987008056,1,1,0.01361111111111111,62.731944444444444,68.74555555555555
17361,225942.0,280883.36125654,62.76166666666666,78.02315590459445,1,16,197.06666666666666,62.76166666666666,81.07833333333333
17362,225954.0,226059.32286213,62.765,62.79425635059167,1,1,0.02361111111111111,62.765,68.78861111111111
17365,226009.0,226069.71553229,62.780277777777776,62.79714320341389,1,1,0.01361111111111111,62.780277777777776,68.79388888888889
17366,226028.0,264090.44328098,62.785555555555554,73.35845646693889,1,8,68.26222222222222,62.785555555555554,77.31833333333333
17367,226112.0,264958.78883072,62.80888888888889,73.59966356408889,1,8,69.66888888888889,62.80888888888889,77.5175
17368,226298.0,226418.19197208,62.86055555555556,62.89394221446667,1,1,0.026944444444444444,62.86055555555556,68.8875
17371,226532.0,226647.23560209,62.925555555555555,62.957565445025,1,1,0.025833333333333333,62.925555555555555,68.95138888888889
17373,226836.0,226989.64746946,63.01,63.052679852627776,1,1,0.034444444444444444,63.01,69.04444444444445
17375,226941.0,227027.73647469,63.03916666666667,63.063260131858335,1,1,0.019444444444444445,63.03916666666667,69.0586111111111
17378,227188.0,227422.18848168,63.10777777777778,63.1728301338,1,8,0.42,63.10777777777778,69.16027777777778
17379,227198.0,227313.23560209,63.11055555555556,63.142565445025,1,1,0.025833333333333333,63.11055555555556,69.13638888888889
17380,227200.0,227404.45026178,63.111111111111114,63.16790285049444,1,8,0.36666666666666664,63.111111111111114,69.15694444444445
17381,227248.0,227562.72949389,63.12444444444444,63.21186930385833,1,8,0.5644444444444444,63.12444444444444,69.2275
17382,227311.0,227442.34380454,63.14194444444445,63.17842883459444,1,1,0.029444444444444443,63.14194444444445,69.17138888888888
17383,227422.0,227553.34380454,63.172777777777775,63.209262167927776,1,1,0.029444444444444443,63.172777777777775,69.20222222222222
17384,227490.0,228719.17975567,63.19166666666667,63.53310548768611,1,1,0.27555555555555555,63.19166666666667,69.46722222222222
17385,227515.0,227817.33856894,63.19861111111111,63.28259404692778,1,8,0.5422222222222223,63.19861111111111,69.26638888888888
17386,227531.0,227741.64572426,63.20305555555556,63.26156825673888,1,8,0.37777777777777777,63.20305555555556,69.27472222222222
17387,227563.0,227683.19197208,63.21194444444444,63.24533110335556,1,1,0.026944444444444444,63.21194444444444,69.2388888888889
17389,227646.0,227867.79755672,63.235,63.29661043242222,1,8,0.3977777777777778,63.235,69.31611111111111
17390,227667.0,227774.80104712,63.240833333333335,63.27077806864445,1,1,0.024166666666666666,63.240833333333335,69.265
17391,227758.0,227868.27923211,63.26611111111111,63.29674423114167,1,1,0.024722222222222222,63.26611111111111,69.29083333333334
17392,227817.0,227924.80104712,63.2825,63.31244473531111,1,1,0.024166666666666666,63.2825,69.30666666666667
17394,227919.0,228055.30017452,63.310833333333335,63.34869449292222,1,1,0.030555555555555555,63.310833333333335,69.34138888888889
17396,228015.0,228177.32111693,63.3375,63.38258919914722,1,1,0.03638888888888889,63.3375,69.37388888888889
17397,228143.0,228281.77835951,63.37305555555555,63.41160509986389,1,1,0.03111111111111111,63.37305555555555,69.40416666666667
17400,228234.0,228476.86212914,63.39833333333333,63.465795035872226,1,8,0.43555555555555553,63.39833333333333,69.45277777777778
17402,228246.0,228470.27574171,63.401666666666664,63.46396548380834,1,8,0.4022222222222222,63.401666666666664,69.45194444444445
17404,228250.0,228375.14834206,63.40277777777778,63.43754120612778,1,1,0.028055555555555556,63.40277777777778,69.43083333333334
17405,228259.0,228566.29493892,63.405277777777776,63.49063748303333,1,8,0.5511111111111111,63.405277777777776,69.47416666666666
17407,228320.0,228432.7574171,63.422222222222224,63.45354372697222,1,1,0.025277777777777777,63.422222222222224,69.45611111111111
17409,228445.0,228552.80104712,63.456944444444446,63.48688917975556,1,1,0.024166666666666666,63.456944444444446,69.4811111111111
17410,228534.0,302460.73647469,63.48166666666667,84.01687124296946,1,4,66.2911111111111,63.48166666666667,86.16111111111111
17411,228562.0,228710.69109948,63.489444444444445,63.53074752763333,1,1,0.03333333333333333,63.489444444444445,69.52277777777778
17413,228633.0,228780.45200698,63.509166666666665,63.55012555749444,1,1,0.03305555555555555,63.509166666666665,69.54222222222222
17417,228765.0,228886.43106457,63.545833333333334,63.57956418460278,1,1,0.02722222222222222,63.545833333333334,69.57305555555556
17419,228888.0,228987.12739965,63.58,63.60753538879167,1,1,0.022222222222222223,63.58,69.60222222222222
17421,228942.0,229067.14834206,63.595,63.62976342835,1,1,0.028055555555555556,63.595,69.62305555555555
17422,229017.0,262341.15357766,63.615833333333335,72.87254266046111,1,8,59.76444444444444,63.615833333333335,78.12833333333333
17423,229035.0,248283.06282723,63.62083333333333,68.96751745200834,1,8,34.52,63.62083333333333,74.97277777777778
17425,229057.0,229178.43106457,63.62694444444445,63.66067529571389,1,1,0.02722222222222222,63.62694444444445,69.65416666666667
17427,229218.0,229358.01745201,63.67166666666667,63.71056040333612,1,1,0.03138888888888889,63.67166666666667,69.70305555555555
17428,229221.0,229367.21291449,63.6725,63.71311469846944,1,1,0.03277777777777778,63.6725,69.70527777777778
17431,229340.0,229435.41012216,63.705555555555556,63.73205836726667,1,8,0.1711111111111111,63.705555555555556,69.72694444444444
17434,229423.0,229535.7574171,63.728611111111114,63.75993261586111,1,1,0.025277777777777777,63.728611111111114,69.7538888888889
17435,229427.0,229547.19197208,63.72972222222222,63.763108881133334,1,1,0.026944444444444444,63.72972222222222,69.75666666666666
17436,229492.0,229586.17102967,63.74777777777778,63.773936397130555,1,8,0.1688888888888889,63.74777777777778,69.7688888888889
17437,229601.0,229706.32286213,63.778055555555554,63.80731190614723,1,1,0.02361111111111111,63.778055555555554,69.80166666666666
17438,229605.0,229717.7574171,63.77916666666667,63.810488171416665,1,1,0.025277777777777777,63.77916666666667,69.80444444444444
17439,229749.0,229908.84293194,63.81916666666667,63.86356748109444,1,1,0.035833333333333335,63.81916666666667,69.855
17440,229752.0,229908.12565445,63.82,63.863368237347224,1,1,0.035,63.82,69.855
17445,230034.0,230145.51832461,63.89833333333333,63.929310645724996,1,1,0.025,63.89833333333333,69.92333333333333
17446,230050.0,230180.10471204,63.90277777777778,63.93891797556666,1,1,0.029166666666666667,63.90277777777778,69.93194444444444
17450,230237.0,230541.81675393,63.95472222222222,64.03939354275833,1,8,0.5466666666666666,63.95472222222222,70.02305555555556
17451,230242.0,230380.77835951,63.95611111111111,63.994660655419445,1,1,0.03111111111111111,63.95611111111111,69.98722222222223
17452,230246.0,230381.06108202,63.95722222222222,63.99473918945,1,1,0.03027777777777778,63.95722222222222,69.9875
17453,230252.0,230463.88481675,63.958888888888886,64.01774578243055,1,8,0.38,63.958888888888886,70.00638888888889
17456,230314.0,230555.62303665,63.97611111111111,64.04322862129168,1,8,0.43333333333333335,63.97611111111111,70.03027777777778
17460,230419.0,232575.02094241,64.00527777777778,64.60417248400277,1,8,3.8666666666666667,64.00527777777778,70.48861111111111
17462,230542.0,242081.66841187,64.03944444444444,67.2449078921861,1,8,20.695555555555554,64.03944444444444,72.62638888888888
17463,230554.0,230832.79581152,64.04277777777777,64.12022105875555,1,1,0.0625,64.04277777777777,70.10527777777777
17465,230943.0,231236.66492147,64.15083333333334,64.23240692263055,1,1,0.06583333333333333,64.15083333333334,70.21666666666667
17468,231164.0,231928.52006981,64.21222222222222,64.42458890828055,1,1,0.1713888888888889,64.21222222222222,70.38361111111111
17469,231610.0,231660.80279232,64.33611111111111,64.35022299786667,1,1,0.01138888888888889,64.33611111111111,70.3475
17471,231859.0,338406.08551483,64.40527777777778,94.00169042078612,1,8,191.08444444444444,64.40527777777778,94.29083333333334
17472,231922.0,234087.93368237,64.42277777777778,65.02442602288056,1,1,0.4855555555555556,64.42277777777778,70.90833333333333
17473,232177.0,232469.42582897,64.49361111111111,64.57484050804723,1,1,0.06555555555555556,64.49361111111111,70.55916666666667
17474,232210.0,232301.69284468,64.50277777777778,64.52824801241111,1,1,0.020555555555555556,64.50277777777778,70.52333333333333
17476,232395.0,232479.2582897,64.55416666666666,64.57757174713889,1,1,0.01888888888888889,64.55416666666666,70.57305555555556
17478,232535.0,232637.84467714,64.59305555555555,64.62162352142778,1,1,0.023055555555555555,64.59305555555555,70.61611111111111
17485,233442.0,233622.90750436,64.845,64.89525208454444,1,1,0.04055555555555555,64.845,70.88555555555556
17486,233679.0,234375.36998255,64.91083333333333,65.10426943959722,1,1,0.15611111111111112,64.91083333333333,71.06694444444445
17487,233740.0,233836.64921466,64.92777777777778,64.95462478185,1,8,0.17333333333333334,64.92777777777778,70.94944444444444
17488,233892.0,233976.2582897,64.97,64.99340508047221,1,8,0.1511111111111111,64.97,70.9888888888889
17491,233965.0,236165.62827225,64.99027777777778,65.60156340895833,1,1,0.49333333333333335,64.99027777777778,71.48361111111112
17493,234066.0,234155.21465969,65.01833333333333,65.04311518324722,1,1,0.02,65.01833333333333,71.03833333333333
17494,234174.0,234307.82198953,65.04833333333333,65.08550610820278,1,1,0.03,65.04833333333333,71.07833333333333
17495,234259.0,240251.2513089,65.07194444444444,66.73645869691667,1,8,10.746666666666666,65.07194444444444,72.80305555555556
17496,234296.0,234426.10471204,65.08222222222223,65.11836242001111,1,1,0.029166666666666667,65.08222222222223,71.11138888888888
17497,234340.0,234421.78010471,65.09444444444445,65.11716114019723,1,1,0.018333333333333333,65.09444444444445,71.11277777777778
17498,234411.0,235477.85863874,65.11416666666666,65.41051628853889,1,1,0.23916666666666667,65.11416666666666,71.35333333333334
17499,234414.0,234526.7574171,65.115,65.14632150474999,1,1,0.025277777777777777,65.115,71.14027777777778
17502,234491.0,234604.9965096,65.13638888888889,65.168054586,1,1,0.025555555555555557,65.13638888888889,71.16194444444444
17503,234563.0,234672.04013962,65.15638888888888,65.1866778165611,1,1,0.024444444444444446,65.15638888888888,71.18083333333334
17505,234585.0,235312.34729494,65.1625,65.36454091526112,1,1,0.16305555555555556,65.1625,71.32555555555555
17506,234659.0,234785.38743456,65.18305555555555,65.21816317626667,1,1,0.028333333333333332,65.18305555555555,71.21138888888889
17507,234714.0,235060.94589878,65.19833333333334,65.29470719410556,1,1,0.07777777777777778,65.19833333333334,71.2761111111111
17508,234750.0,234855.32286213,65.20833333333333,65.23758968392501,1,1,0.02361111111111111,65.20833333333333,71.23194444444445
17509,234756.0,245894.20244328,65.21,68.30394512313333,1,8,19.975555555555555,65.21,73.70694444444445
17513,234877.0,234990.9965096,65.24361111111111,65.27527680822222,1,1,0.025555555555555557,65.24361111111111,71.26916666666666
17514,234954.0,235058.08376963,65.265,65.29391215823055,1,1,0.023333333333333334,65.265,71.28833333333333
17516,235002.0,235366.29319372,65.27833333333334,65.37952588714444,1,1,0.08166666666666667,65.27833333333334,71.36
17517,235030.0,235140.27923211,65.28611111111111,65.31674423114167,1,1,0.024722222222222222,65.28611111111111,71.31083333333333
17518,235112.0,235229.71378709,65.30888888888889,65.34158716308056,1,1,0.02638888888888889,65.30888888888889,71.33527777777778
17519,235188.0,235228.89005236,65.33,65.34135834787777,1,1,0.009166666666666667,65.33,71.33916666666667
17521,235224.0,235361.53926702,65.34,65.37820535195,1,1,0.030833333333333334,65.34,71.37083333333334
17524,235313.0,235429.47469459,65.36472222222223,65.39707630405277,1,1,0.026111111111111113,65.36472222222223,71.39083333333333
17525,235392.0,235515.90924956,65.38666666666667,65.42108590265556,1,1,0.027777777777777776,65.38666666666667,71.41444444444444
17526,235445.0,236238.01919721,65.40138888888889,65.621671999225,1,1,0.17777777777777778,65.40138888888889,71.57916666666667
17527,235569.0,235716.45200698,65.43583333333333,65.4767922241611,1,1,0.03305555555555555,65.43583333333333,71.46888888888888
17528,235573.0,235716.73472949,65.43694444444445,65.47687075819167,1,1,0.03222222222222222,65.43694444444445,71.46916666666667
17532,235903.0,244379.63176265,65.5286111111111,67.88323104518055,1,1,1.9002777777777777,65.5286111111111,73.42888888888889
17533,235954.0,236108.88656195,65.54277777777777,65.58580182276388,1,1,0.034722222222222224,65.54277777777777,71.5775
17534,235957.0,236108.16928447,65.5436111111111,65.58560257901945,1,1,0.03388888888888889,65.5436111111111,71.5775
17538,236180.0,236329.93019197,65.60555555555555,65.64720283110277,1,1,0.03361111111111111,65.60555555555555,71.63916666666667
17539,236188.0,236328.01745201,65.60777777777778,65.64667151444722,1,1,0.03138888888888889,65.60777777777778,71.63916666666667
17540,236225.0,236490.16579407,65.61805555555556,65.691712720575,1,1,0.059444444444444446,65.61805555555556,71.6775
17541,236461.0,236636.95113438,65.6836111111111,65.73248642621667,1,1,0.03944444444444444,65.6836111111111,71.72305555555556
17542,236464.0,236636.23385689,65.68444444444444,65.73228718246945,1,1,0.03861111111111111,65.68444444444444,71.72305555555556
17544,236630.0,236876.57940663,65.73055555555555,65.799049835175,1,1,0.05527777777777778,65.73055555555555,71.78583333333333
17545,236681.0,236829.69109948,65.74472222222222,65.78602530541112,1,1,0.03333333333333333,65.74472222222222,71.77805555555555
17546,236685.0,236828.73472949,65.74583333333334,65.78575964708055,1,1,0.03222222222222222,65.74583333333334,71.77805555555555
17547,236746.0,236837.69284468,65.76277777777777,65.7882480124111,1,8,0.16444444444444445,65.76277777777777,71.78333333333333
17548,236832.0,237059.9930192,65.78666666666666,65.84999806088888,1,8,0.4088888888888889,65.78666666666666,71.83777777777777
17549,236949.0,237030.78010471,65.81916666666666,65.84188336241944,1,8,0.14666666666666667,65.81916666666666,71.8375
17550,237209.0,237296.97556719,65.89138888888888,65.91582654644166,1,8,0.15777777777777777,65.89138888888888,71.91111111111111
17551,237327.0,237423.64921466,65.92416666666666,65.95101367073889,1,1,0.021666666666666667,65.92416666666666,71.94583333333334
17552,237364.0,237598.18848168,65.93444444444444,65.99949680046667,1,1,0.0525,65.93444444444444,71.98694444444445
17553,237419.0,237638.31937173,65.94972222222222,66.010644269925,1,8,0.3933333333333333,65.94972222222222,71.99888888888889
17554,237477.0,238196.91273997,65.96583333333334,66.16580909443611,1,1,0.1613888888888889,65.96583333333334,72.12722222222222
17555,237692.0,237799.80104712,66.02555555555556,66.05550029086668,1,1,0.024166666666666666,66.02555555555556,72.04972222222223
17556,237722.0,237873.16928447,66.0338888888889,66.07588035679723,1,1,0.03388888888888889,66.0338888888889,72.06777777777778
17559,237888.0,237985.88830716,66.08,66.10719119643333,1,1,0.021944444444444444,66.08,72.10194444444444
17560,237894.0,238024.10471204,66.08166666666666,66.11780686445556,1,1,0.029166666666666667,66.08166666666666,72.11083333333333
17561,238005.0,238816.60558464,66.1125,66.33794599573334,1,1,0.18194444444444444,66.1125,72.29444444444445
17562,238035.0,238124.21465969,66.12083333333334,66.14561518324723,1,1,0.02,66.12083333333334,72.14083333333333
17563,238179.0,238296.71378709,66.16083333333333,66.193531607525,1,1,0.02638888888888889,66.16083333333333,72.18722222222222
17564,238200.0,238367.27748691,66.16666666666667,66.21313263525278,1,1,0.0375,66.16666666666667,72.20416666666667
17565,238452.0,238599.45200698,66.23666666666666,66.27762555749445,1,1,0.03305555555555555,66.23666666666666,72.26972222222223
17568,238791.0,239610.04013962,66.33083333333333,66.55834448322777,1,1,0.1836111111111111,66.33083333333333,72.51444444444445
17570,238870.0,239069.4938918,66.35277777777777,66.40819274772223,1,1,0.04472222222222222,66.35277777777777,72.3975
17571,238957.0,258457.83769634,66.37694444444445,71.79384380453888,1,8,34.973333333333336,66.37694444444445,76.74861111111112
17572,239046.0,239183.53926702,66.40166666666667,66.43987201861667,1,1,0.030833333333333334,66.40166666666667,72.4325
17573,239293.0,239462.7556719,66.47027777777778,66.51743213108334,1,1,0.03805555555555556,66.47027777777778,72.50833333333334
17574,239443.0,239628.86387435,66.51194444444444,66.56357329843055,1,1,0.041666666666666664,66.51194444444444,72.55361111111111
17576,240090.0,281084.13612565,66.69166666666666,78.07892670156946,1,16,147.04,66.69166666666666,81.88166666666666
17578,240223.0,240449.7539267,66.7286111111111,66.79159831297223,1,1,0.050833333333333335,66.7286111111111,72.77944444444445
17579,240271.0,240368.88830716,66.74194444444444,66.76913564087778,1,8,0.17555555555555555,66.74194444444444,72.76388888888889
17581,240527.0,240696.7556719,66.81305555555555,66.86020990886111,1,1,0.03805555555555556,66.81305555555555,72.85111111111111
17585,240907.0,241120.12390925,66.9186111111111,66.97781219701389,1,1,0.04777777777777778,66.9186111111111,72.96638888888889
17586,240987.0,241079.93193717,66.94083333333333,66.966647760325,1,8,0.16666666666666666,66.94083333333333,72.96166666666667
17587,240994.0,253021.87085515,66.94277777777778,70.28385301531944,1,8,21.57111111111111,66.94277777777778,75.63916666666667
17588,241158.0,241211.28097731,66.98833333333333,67.00313360480834,1,1,0.011944444444444445,66.98833333333333,73.00027777777778
17591,241526.0,243651.04363002,67.09055555555555,67.68084545278333,1,1,0.47638888888888886,67.09055555555555,73.56694444444445
17592,241591.0,241740.93019197,67.10861111111112,67.15025838665834,1,1,0.03361111111111111,67.10861111111112,73.14222222222222
17594,241911.0,242108.01570681,67.1975,67.252226585225,1,1,0.04416666666666667,67.1975,73.24166666666666
17595,241917.0,241919.47818499,67.19916666666667,67.19985505138611,1,1,0.0005555555555555556,67.19916666666667,73.19972222222222
17596,242056.0,242129.10645724,67.23777777777778,67.25808512701111,1,8,0.13111111111111112,67.23777777777778,73.25416666666666
17598,242106.0,242267.08202443,67.25166666666667,67.29641167345278,1,1,0.03611111111111111,67.25166666666667,73.28777777777778
17599,242293.0,242449.12565445,67.30361111111111,67.34697934845833,1,1,0.035,67.30361111111111,73.3386111111111
17600,242314.0,242374.71553229,67.30944444444444,67.32630987008055,1,8,0.10888888888888888,67.30944444444444,73.32305555555556
17601,242328.0,242382.52006981,67.31333333333333,67.32847779716944,1,1,0.012222222222222223,67.31333333333333,73.32555555555555
17602,242436.0,242531.41012216,67.34333333333333,67.36983614504445,1,8,0.1711111111111111,67.34333333333333,73.36472222222223
17603,242530.0,242593.19371728,67.36944444444444,67.3869982548,1,1,0.014166666666666666,67.36944444444444,73.38361111111111
17605,242563.0,242653.45375218,67.37861111111111,67.40373715338333,1,8,0.1622222222222222,67.37861111111111,73.39888888888889
17606,242690.0,242777.97556719,67.41388888888889,67.43832654644167,1,8,0.15777777777777777,67.41388888888889,73.4336111111111
17607,242851.0,308805.41535777,67.45861111111111,85.77928204382499,1,8,118.28444444444445,67.45861111111111,88.24416666666667
17608,242950.0,308417.45200698,67.48611111111111,85.67151444638334,1,8,117.41111111111111,67.48611111111111,88.1625
17611,243492.0,243563.86736475,67.63666666666667,67.65662982354166,1,1,0.01611111111111111,67.63666666666667,73.65277777777777
17615,243613.0,270081.2547993,67.67027777777778,75.02257077758333,1,8,47.46888888888889,67.67027777777778,79.60388888888889
17616,243631.0,243777.21291449,67.67527777777778,67.71589247624722,1,1,0.03277777777777778,67.67527777777778,73.70805555555556
17617,243754.0,243900.21291449,67.70944444444444,67.75005914291388,1,1,0.03277777777777778,67.70944444444444,73.74222222222222
17619,244091.0,244248.36474695,67.80305555555556,67.8467679852639,1,1,0.035277777777777776,67.80305555555556,73.83833333333334
17623,244379.0,244573.53752182,67.88305555555556,67.9370937560611,1,1,0.043611111111111114,67.88305555555556,73.92666666666666
17627,244848.0,429555.2741433,68.01333333333334,119.32090948425001,2,4,185.57444444444445,68.01333333333334,120.40694444444445
17628,244933.0,245142.40663176,68.03694444444444,68.09511295326666,1,8,0.37555555555555553,68.03694444444444,74.0838888888889
17629,244959.0,245204.34031414,68.04416666666667,68.11231675392777,1,1,0.055,68.04416666666667,74.09916666666666
17630,244980.0,325149.28446771,68.05,90.319245685475,1,4,71.88888888888889,68.05,92.11861111111111
17631,245345.0,245530.86387435,68.15138888888889,68.203017742875,1,1,0.041666666666666664,68.15138888888889,74.19305555555556
17633,245398.0,245602.45026178,68.1661111111111,68.22290285049445,1,8,0.36666666666666664,68.1661111111111,74.21194444444444
17639,245806.0,245933.62652705,68.27944444444445,68.31489625751388,1,1,0.02861111111111111,68.27944444444445,74.30805555555555
17641,246007.0,316718.29144852,68.33527777777778,87.97730318014443,1,8,126.81555555555556,68.33527777777778,91.94444444444444
17643,246085.0,246277.05933682,68.35694444444445,68.41029426022779,1,8,0.34444444444444444,68.35694444444445,74.4
17645,246361.0,246406.84642234,68.4336111111111,68.44634622842777,1,1,0.010277777777777778,68.4336111111111,74.44388888888889
17647,246443.0,246528.4973822,68.4563888888889,68.48013816172222,1,8,0.15333333333333332,68.4563888888889,74.47555555555556
17649,246576.0,248803.88830716,68.49333333333334,69.11219119643333,1,1,0.49944444444444447,68.49333333333334,74.99277777777777
17650,246647.0,254613.12565445,68.51305555555555,70.72586823734723,1,1,1.7858333333333334,68.51305555555555,76.76277777777777
17651,246662.0,266817.07853403,68.51722222222222,74.11585514834167,1,1,4.5183333333333335,68.51722222222222,79.49527777777777
17652,246763.0,246966.21116928,68.54527777777778,68.6017253248,1,1,0.04555555555555556,68.54527777777778,74.59083333333334
17656,247420.0,258576.78883072,68.72777777777777,71.82688578631111,1,8,20.00888888888889,68.72777777777777,77.22888888888889
17663,248211.0,248259.32460733,68.9475,68.96092350203611,1,1,0.010833333333333334,68.9475,74.95833333333333
17665,248342.0,248386.60732984,68.98388888888888,68.99627981384444,1,1,0.01,68.98388888888888,74.99388888888889
17666,248676.0,248734.23734729,69.07666666666667,69.09284370758056,1,1,0.013055555555555556,69.07666666666667,75.08972222222222
17673,249979.0,405988.78193146,69.43861111111111,112.77466164762778,2,1,39.18555555555555,69.43861111111111,114.62416666666667
17675,250474.0,256078.41535777,69.57611111111112,71.13289315493611,1,1,1.256388888888889,69.57611111111112,76.8325
17676,250492.0,257019.53926702,69.58111111111111,71.39431646306112,1,1,1.4633333333333334,69.58111111111111,77.04444444444445
17677,250494.0,251228.78184991,69.58166666666666,69.78577273608612,1,1,0.16472222222222221,69.58166666666666,75.74638888888889
17678,250507.0,255598.43106457,69.58527777777778,70.99956418460278,1,1,1.1413888888888888,69.58527777777778,76.72666666666667
17679,250527.0,255888.55322862,69.59083333333334,71.08015367461667,1,1,1.2019444444444445,69.59083333333334,76.79277777777777
17683,250629.0,250720.69284468,69.61916666666667,69.64463690129999,1,1,0.020555555555555556,69.61916666666667,75.63972222222222
17685,250682.0,257534.18150087,69.63388888888889,71.53727263913056,1,1,1.5361111111111112,69.63388888888889,77.17
17688,251146.0,251369.03664921,69.76277777777777,69.82473240255834,1,1,0.05,69.76277777777777,75.81277777777778
17690,251414.0,251601.10296684,69.83722222222222,69.88919526856667,1,1,0.041944444444444444,69.83722222222222,75.87916666666666
17691,251592.0,251728.30017452,69.88666666666667,69.92452782625556,1,1,0.030555555555555555,69.88666666666667,75.91722222222222
17693,251705.0,252623.16753927,69.91805555555555,70.17310209424167,1,8,1.6466666666666667,69.91805555555555,76.12388888888889
17694,251974.0,257540.0034904,69.99277777777777,71.53888985844445,1,8,9.982222222222223,69.99277777777777,77.24055555555556
17696,252160.0,252302.495637,70.04444444444445,70.08402656583334,1,1,0.03194444444444444,70.04444444444445,76.07638888888889
17698,252426.0,263672.0034904,70.11833333333334,73.24222319177777,1,8,20.16888888888889,70.11833333333334,78.63944444444445
17699,252516.0,253520.90401396,70.14333333333333,70.42247333721112,1,1,0.22527777777777777,70.14333333333333,76.36861111111111
17702,252627.0,252764.53926702,70.17416666666666,70.21237201861666,1,1,0.030833333333333334,70.17416666666666,76.205
17703,252803.0,252912.04013962,70.22305555555556,70.25334448322778,1,1,0.024444444444444446,70.22305555555556,76.2475
17705,253055.0,253792.2600349,70.29305555555555,70.49785000969445,1,1,0.16527777777777777,70.29305555555555,76.45833333333333
17709,253680.0,253759.30191972,70.46666666666667,70.48869497769999,1,1,0.017777777777777778,70.46666666666667,76.48444444444445
17710,253736.0,254805.33682373,70.48222222222222,70.77926022881388,1,8,1.9177777777777778,70.48222222222222,76.72194444444445
17711,253897.0,254557.43630017,70.52694444444444,70.71039897226945,1,1,0.14805555555555555,70.52694444444444,76.675
17712,253960.0,254057.88830716,70.54444444444445,70.57163564087777,1,1,0.021944444444444444,70.54444444444445,76.5663888888889
17715,254119.0,254226.80104712,70.5886111111111,70.61855584642223,1,1,0.024166666666666666,70.5886111111111,76.61277777777778
17716,254269.0,254474.68935428,70.63027777777778,70.68741370952222,1,8,0.3688888888888889,70.63027777777778,76.6763888888889
17717,254467.0,254548.78010471,70.68527777777778,70.70799447353055,1,1,0.018333333333333333,70.68527777777778,76.70361111111112
17718,254470.0,254566.64921466,70.68611111111112,70.71295811518333,1,1,0.021666666666666667,70.68611111111112,76.70777777777778
17719,254472.0,254566.17102967,70.68666666666667,70.71282528601944,1,1,0.021111111111111112,70.68666666666667,76.70777777777778
17720,254616.0,259713.62652705,70.72666666666667,72.14267403529166,1,1,1.1427777777777777,70.72666666666667,77.86944444444444
17721,254854.0,259957.82198953,70.79277777777777,72.21050610820278,1,1,1.1441666666666668,70.79277777777777,77.93694444444445
17722,254892.0,254998.56195462,70.80333333333333,70.83293387628333,1,1,0.02388888888888889,70.80333333333333,76.82722222222222
17723,254897.0,254993.64921466,70.80472222222222,70.83156922629445,1,1,0.021666666666666667,70.80472222222222,76.82638888888889
17724,254899.0,254993.17102967,70.80527777777777,70.83143639713056,1,1,0.021111111111111112,70.80527777777777,76.82638888888889
17725,254963.0,255962.94764398,70.82305555555556,71.10081878999445,1,8,1.7933333333333332,70.82305555555556,77.04722222222222
17726,254997.0,260691.86910995,70.8325,72.41440808609723,1,1,1.2766666666666666,70.8325,78.10916666666667
17729,255404.0,255501.88830716,70.94555555555556,70.9727467519889,1,1,0.021944444444444444,70.94555555555556,76.9675
17730,255408.0,255509.60558464,70.94666666666667,70.97489044017777,1,1,0.02277777777777778,70.94666666666667,76.96944444444445
17731,255411.0,255508.88830716,70.9475,70.97469119643333,1,1,0.021944444444444444,70.9475,76.96944444444445
17732,255544.0,255648.08376963,70.98444444444445,71.013356602675,1,1,0.023333333333333334,70.98444444444445,77.00777777777778
17733,255548.0,255647.12739965,70.98555555555555,71.01309094434723,1,1,0.022222222222222223,70.98555555555555,77.00777777777778
17734,255550.0,255633.01919721,70.98611111111111,71.009171999225,1,1,0.01861111111111111,70.98611111111111,77.00472222222223
17735,255608.0,256225.06806283,71.00222222222222,71.17363001745278,1,1,0.13833333333333334,71.00222222222222,77.14055555555555
17736,255676.0,255889.12390925,71.02111111111111,71.08031219701388,1,8,0.38222222222222224,71.02111111111111,77.06888888888889
17737,255760.0,262101.67539267,71.04444444444445,72.80602094240834,1,1,1.4216666666666666,71.04444444444445,78.4661111111111
17739,256056.0,260550.18848168,71.12666666666667,72.37505235602222,1,1,1.0075,71.12666666666667,78.13416666666667
17740,256212.0,263017.09598604,71.17,73.06030444056667,1,1,1.5255555555555556,71.17,78.69555555555556
17743,256472.0,261879.39965096,71.24222222222222,72.74427768082222,1,8,9.697777777777778,71.24222222222222,78.45444444444445
17745,256903.0,257967.38045375,71.36194444444445,71.65760568159722,1,1,0.2386111111111111,71.36194444444445,77.60055555555556
17748,258258.0,277901.33333333,71.73833333333333,77.19481481481388,1,8,35.22888888888889,71.73833333333333,82.53194444444445
17749,258730.0,264206.78883072,71.86944444444444,73.3907746752,1,1,1.2277777777777779,71.86944444444444,79.09722222222223
17750,258973.0,264565.02443281,71.93694444444445,73.49028456466945,1,1,1.253611111111111,71.93694444444445,79.19055555555556
17752,259593.0,265395.67015707,72.10916666666667,73.721019488075,1,1,1.3008333333333333,72.10916666666667,79.41
17754,260487.0,260697.64572426,72.3575,72.41601270118333,1,1,0.04722222222222222,72.3575,78.40472222222222
17755,260843.0,266373.06980803,72.4563888888889,73.99251939111944,1,8,9.917777777777777,72.4563888888889,79.69611111111111
17756,260878.0,267601.31588133,72.4661111111111,74.333698855925,1,1,1.5072222222222222,72.4661111111111,79.97333333333333
17757,261284.0,261544.20942408,72.57888888888888,72.65116928446668,1,16,0.9333333333333333,72.57888888888888,78.64416666666666
17759,261704.0,268426.07678883,72.69555555555556,74.56279910800833,1,1,1.5069444444444444,72.69555555555556,80.2025
17760,262454.0,462358.81308411,72.90388888888889,128.433003634475,2,32,1606.7466666666667,72.90388888888889,129.1147222222222
17764,264092.0,316195.83944154,73.35888888888888,87.83217762265001,1,16,186.88888888888889,73.35888888888888,92.75888888888889
17765,265312.0,271072.54101222,73.69777777777777,75.29792805895,1,8,10.331111111111111,73.69777777777777,80.98916666666666
17770,269968.0,275755.80104712,74.99111111111111,76.5988336242,1,8,10.38,74.99111111111111,82.28861111111111
17771,274800.0,274959.84293194,76.33333333333333,76.3777341477611,1,1,0.035833333333333335,76.33333333333333,82.36916666666667
17772,274940.0,275096.12565445,76.37222222222222,76.41559045956944,1,1,0.035,76.37222222222222,82.40722222222222
17773,275081.0,275243.32111693,76.4113888888889,76.4564780880361,1,1,0.03638888888888889,76.4113888888889,82.44777777777777
17774,275222.0,275369.45200698,76.45055555555555,76.49151444638333,1,1,0.03305555555555555,76.45055555555555,82.48361111111112
17775,275430.0,275584.88656195,76.50833333333334,76.55135737831945,1,1,0.034722222222222224,76.50833333333334,82.54305555555555
17776,275590.0,275734.97382199,76.55277777777778,76.59304828388612,1,1,0.0325,76.55277777777778,82.58527777777778
17789,290446.0,384526.57591623,80.67944444444444,106.81293775450833,1,8,168.72666666666666,80.67944444444444,107.77027777777778
17791,290549.0,322946.31239092,80.70805555555556,89.70730899747778,1,8,58.102222222222224,80.70805555555556,93.97083333333333
17792,290576.0,323331.41012216,80.71555555555555,89.81428058948889,1,8,58.74444444444445,80.71555555555555,94.0586111111111
17793,290625.0,323671.59685864,80.72916666666667,89.90877690517779,1,8,59.266666666666666,80.72916666666667,94.1375
17794,290671.0,322918.38219895,80.74194444444444,89.69955061081944,1,8,57.833333333333336,80.74194444444444,93.97111111111111
17795,290866.0,293075.30191972,80.79611111111112,81.40980608881112,1,8,3.962222222222222,80.79611111111112,87.29138888888889
17796,291340.0,292084.69458988,80.92777777777778,81.13463738607778,1,1,0.16694444444444445,80.92777777777778,87.09472222222222
17797,292043.0,324056.19371728,81.12305555555555,90.0156093659111,1,8,57.413333333333334,81.12305555555555,94.29972222222223
17798,292511.0,293206.13089005,81.25305555555556,81.44614746945832,1,1,0.15583333333333332,81.25305555555556,87.4088888888889
17799,292532.0,292771.14485166,81.25888888888889,81.32531801435,1,16,0.8577777777777778,81.25888888888889,87.3125
17800,292655.0,294841.9982548,81.29305555555555,81.90055507077777,1,8,3.922222222222222,81.29305555555555,87.78333333333333
17802,292935.0,293180.34031414,81.37083333333334,81.43898342059445,1,16,0.88,81.37083333333334,87.42583333333333
17803,293422.0,294128.28272251,81.50611111111111,81.70230075625277,1,1,0.15833333333333333,81.50611111111111,87.66444444444444
17804,293914.0,294450.52705061,81.64277777777778,81.79181306961388,1,8,0.9622222222222222,81.64277777777778,87.76305555555555
17805,294366.0,295120.60732984,81.76833333333333,81.97794648051112,1,1,0.16916666666666666,81.76833333333333,87.9375
17806,294427.0,296700.73472949,81.78527777777778,82.41687075819166,1,8,4.0777777777777775,81.78527777777778,88.295
17807,294530.0,294958.72600349,81.81388888888888,81.93297944541388,1,8,0.7688888888888888,81.81388888888888,87.91
17811,295183.0,295912.82547993,81.99527777777777,82.19800707775833,1,1,0.16361111111111112,81.99527777777777,88.1588888888889
17813,295358.0,295780.53054101,82.04388888888889,82.16125848361389,1,8,0.7577777777777778,82.04388888888889,88.13861111111112
17814,295528.0,295780.77486911,82.0911111111111,82.16132635253057,1,16,0.9066666666666666,82.0911111111111,88.14777777777778
17816,295931.0,296639.7609075,82.20305555555555,82.39993358541666,1,1,0.15888888888888889,82.20305555555555,88.36194444444445
17817,296163.0,343470.31239092,82.2675,95.40842010858889,1,16,169.68444444444444,82.2675,98.87277777777778
17818,296343.0,520903.17133956,82.3175,144.6953253721,2,1,56.40361111111111,82.3175,144.7211111111111
17820,296679.0,296762.01919721,82.41083333333333,82.43389422144722,1,8,0.14888888888888888,82.41083333333333,88.42944444444444
17821,296731.0,299858.46945899,82.42527777777778,83.29401929416389,1,1,0.7011111111111111,82.42527777777778,89.30027777777778
17822,296958.0,297124.03839442,82.48833333333333,82.53445510956111,1,8,0.29777777777777775,82.48833333333333,88.52555555555556
17823,297087.0,363413.14310646,82.52416666666667,100.94809530735,1,8,118.95111111111112,82.52416666666667,103.39305555555555
17825,297096.0,297187.69284468,82.52666666666667,82.5521369013,1,8,0.16444444444444445,82.52666666666667,88.54722222222222
17830,297239.0,362567.67364747,82.5663888888889,100.71324267985278,1,8,117.16222222222223,82.5663888888889,103.21166666666667
17832,297298.0,297309.15183246,82.58277777777778,82.58587550901667,1,1,0.0025,82.58277777777778,88.58527777777778
17833,297325.0,297552.9930192,82.59027777777777,82.653609172,1,1,0.051111111111111114,82.59027777777777,88.64138888888888
17839,297502.0,300871.09249564,82.63944444444445,83.57530347101111,1,8,6.042222222222223,82.63944444444445,89.95694444444445
17840,297643.0,297649.19546248,82.67861111111111,82.68033207291111,1,1,0.001388888888888889,82.67861111111111,88.68
17841,297647.0,297738.69284468,82.67972222222222,82.70519245685556,1,8,0.16444444444444445,82.67972222222222,88.70027777777777
17842,297701.0,297805.08376963,82.69472222222223,82.72363438045278,1,8,0.18666666666666668,82.69472222222223,88.71805555555555
17844,297830.0,297900.62827225,82.73055555555555,82.75017452006945,1,8,0.12666666666666668,82.73055555555555,88.74638888888889
17845,297832.0,297949.71378709,82.7311111111111,82.76380938530276,1,8,0.2111111111111111,82.7311111111111,88.7575
17847,297997.0,363222.82897033,82.77694444444444,100.89523026953611,1,8,116.97777777777777,82.77694444444444,103.39916666666667
17854,298528.0,299551.4904014,82.92444444444445,83.20874733372223,1,1,0.22944444444444445,82.92444444444445,89.15388888888889
17855,298557.0,298767.64572426,82.9325,82.99101270118334,1,1,0.04722222222222222,82.9325,88.97972222222222
17860,298782.0,299002.55846422,82.995,83.05626624006112,1,1,0.049444444444444444,82.995,89.04444444444445
17863,299065.0,299280.60209424,83.0736111111111,83.13350058173334,1,1,0.04833333333333333,83.0736111111111,89.12194444444444
17865,299301.0,299512.88481675,83.13916666666667,83.19802356020834,1,1,0.0475,83.13916666666667,89.18666666666667
17868,299505.0,299711.92844677,83.19583333333334,83.25331345743611,1,1,0.04638888888888889,83.19583333333334,89.24222222222222
17869,299514.0,299996.0069808,83.19833333333334,83.33222416133334,1,8,0.8644444444444445,83.19833333333334,89.30638888888889
17870,299515.0,306836.79755672,83.1986111111111,85.23244376575555,1,1,1.6413888888888888,83.1986111111111,90.84
17872,299525.0,576082.16510903,83.20138888888889,160.02282364139722,2,16,1111.4222222222222,83.20138888888889,163.6147222222222
17875,299818.0,304351.83944154,83.28277777777778,84.54217762265,1,1,1.0163888888888888,83.28277777777778,90.29916666666666
17876,299821.0,300474.0017452,83.28361111111111,83.46500048477779,1,1,0.1463888888888889,83.28361111111111,89.43
17877,299897.0,300117.55846422,83.30472222222222,83.36598846228334,1,1,0.049444444444444444,83.30472222222222,89.35416666666667
17878,299903.0,300301.9877836,83.30638888888889,83.41721882877778,1,8,0.7155555555555555,83.30638888888889,89.39583333333333
17880,300132.0,524632.4517134,83.37,145.73123658705555,2,1,56.38861111111111,83.37,145.75861111111112
17881,300216.0,300227.15183246,83.39333333333333,83.39643106457223,1,1,0.0025,83.39333333333333,89.39583333333333
17882,300225.0,300643.81326353,83.39583333333333,83.51217035098057,1,8,0.7511111111111111,83.39583333333333,89.48972222222223
17885,300272.0,300481.40663176,83.4088888888889,83.46705739771112,1,1,0.04694444444444444,83.4088888888889,89.45583333333333
17886,300289.0,300303.86910995,83.41361111111111,83.41774141943057,1,1,0.0033333333333333335,83.41361111111111,89.41694444444444
17888,300386.0,301012.98080279,83.44055555555556,83.6147168896639,1,1,0.14055555555555554,83.44055555555556,89.58111111111111
17889,300413.0,306546.5078534,83.44805555555556,85.15180773705556,1,8,11.0,83.44805555555556,90.82305555555556
17890,300450.0,525205.91900312,83.45833333333333,145.89053305642224,2,1,56.452777777777776,83.45833333333333,145.9111111111111
17892,300563.0,301069.78883072,83.48972222222223,83.63049689742222,1,8,0.9088888888888889,83.48972222222223,89.60333333333334
17894,300873.0,353223.41884817,83.57583333333334,98.1176163467139,1,8,93.88666666666667,83.57583333333334,101.31166666666667
17896,300961.0,301138.19022688,83.60027777777778,83.64949728524445,1,1,0.03972222222222222,83.60027777777778,89.64
17897,300972.0,301454.0069808,83.60333333333334,83.73722416133333,1,8,0.8644444444444445,83.60333333333334,89.71138888888889
17900,301094.0,301329.42757417,83.63722222222222,83.70261877060278,1,1,0.05277777777777778,83.63722222222222,89.69
17901,301141.0,321553.80977312,83.65027777777777,89.32050271475555,1,8,36.60888888888889,83.65027777777777,94.22638888888889
17906,301313.0,316455.94938918,83.69805555555556,87.90443038588333,1,8,27.157777777777778,83.69805555555556,93.09277777777778
17907,301315.0,316481.4921466,83.6986111111111,87.91152559627777,1,8,27.2,83.6986111111111,93.09861111111111
17908,301360.0,312737.34729494,83.71111111111111,86.87148535970555,1,8,20.404444444444444,83.71111111111111,92.26166666666667
17909,301361.0,301825.65968586,83.71138888888889,83.84046102385,1,8,0.8333333333333334,83.71138888888889,89.81555555555556
17911,301410.0,302541.29144852,83.725,84.03924762458888,1,1,0.2536111111111111,83.725,89.9786111111111
17915,301737.0,302127.31413613,83.81583333333333,83.92425392670278,1,8,0.7,83.81583333333333,89.90333333333334
17916,301747.0,301753.19546248,83.81861111111111,83.82033207291111,1,1,0.001388888888888889,83.81861111111111,89.82
17918,301881.0,302183.33856894,83.85583333333334,83.93981626915,1,1,0.06777777777777778,83.85583333333334,89.92361111111111
17919,302052.0,302828.91099476,83.90333333333334,84.11914194298889,1,8,1.3933333333333333,83.90333333333334,90.0775
17920,302192.0,302199.43455497,83.94222222222223,83.94428737638056,1,1,0.0016666666666666668,83.94222222222223,89.94388888888889
17922,302256.0,302262.19546248,83.96,83.9617209618,1,1,0.001388888888888889,83.96,89.96138888888889
17923,302316.0,374216.82024433,83.97666666666667,103.9491167345361,1,8,128.9488888888889,83.97666666666667,107.24972222222222
17924,302326.0,302550.27574171,83.97944444444444,84.0417432615861,1,1,0.050277777777777775,83.97944444444444,91.86472222222223
17925,302346.0,356080.48516579,83.985,98.91124587938612,1,8,96.36888888888889,83.985,103.99055555555556
17927,302522.0,302627.32286213,84.0338888888889,84.06314523948056,1,1,0.02361111111111111,84.0338888888889,90.0575
17928,302679.0,302893.36300175,84.0775,84.1370452782639,1,8,0.3844444444444444,84.0775,90.12555555555555
17930,302820.0,302831.15183246,84.11666666666666,84.11976439790556,1,1,0.0025,84.11666666666666,90.11916666666667
17931,302867.0,302873.19546248,84.12972222222223,84.13144318402223,1,1,0.001388888888888889,84.12972222222223,90.13111111111111
17932,303026.0,305003.59162304,84.17388888888888,84.72321989528888,1,1,0.44333333333333336,84.17388888888888,90.61722222222222
17933,304907.0,305070.56020942,84.69638888888889,84.74182228039444,1,1,0.03666666666666667,84.69638888888889,90.73305555555555
17934,305011.0,305086.58464223,84.72527777777778,84.74627351173056,1,16,0.27111111111111114,84.72527777777778,90.74222222222222
17935,305142.0,305312.9947644,84.76166666666667,84.80916521233334,1,1,0.03833333333333333,84.76166666666667,90.8
17936,305199.0,305440.62303665,84.7775,84.84461751018056,1,16,0.8666666666666667,84.7775,90.83166666666666
17937,305424.0,312699.95113438,84.84,86.86109753732778,1,1,1.6311111111111112,84.84,92.47111111111111
17938,305594.0,305668.34554974,84.88722222222222,84.90787376381667,1,16,0.26666666666666666,84.88722222222222,90.90388888888889
17940,305669.0,305898.23211169,84.90805555555555,84.97173114213611,1,1,0.05138888888888889,84.90805555555555,90.95944444444444
17941,305753.0,305905.40837696,84.93138888888889,84.97372454915556,1,1,0.034166666666666665,84.93138888888889,90.96555555555555
17942,305887.0,306121.18848168,84.96861111111112,85.03366346713334,1,16,0.84,84.96861111111112,91.02111111111111
17943,305953.0,306107.88656195,84.98694444444445,85.02996848943056,1,1,0.034722222222222224,84.98694444444445,91.02166666666666
17944,305967.0,306191.27574171,84.99083333333333,85.053132150475,1,8,0.4022222222222222,84.99083333333333,91.0411111111111
17945,306005.0,306006.2390925,85.00138888888888,85.00173308125,1,4,0.0011111111111111111,85.00138888888888,91.00166666666667
17946,306125.0,306277.40837696,85.03472222222223,85.0770578824889,1,1,0.034166666666666665,85.03472222222223,91.06888888888889
17947,306167.0,306307.01745201,85.04638888888888,85.08528262555834,1,1,0.03138888888888889,85.04638888888888,91.07777777777778
17948,306222.0,306290.15008726,85.06166666666667,85.08059724646111,1,16,0.24444444444444444,85.06166666666667,91.07694444444445
17950,306322.0,306473.16928447,85.08944444444444,85.13143591235277,1,1,0.03388888888888889,85.08944444444444,91.12333333333333
17952,306336.0,306411.58464223,85.09333333333333,85.1143290672861,1,16,0.27111111111111114,85.09333333333333,91.11027777777778
17953,306461.0,306462.2390925,85.12805555555556,85.12839974791667,1,4,0.0011111111111111111,85.12805555555556,91.12833333333333
17954,306484.0,306920.16055846,85.13444444444444,85.25560015512778,1,1,0.09777777777777778,85.13444444444444,91.23222222222222
17957,306611.0,306713.84467714,85.16972222222222,85.19829018809445,1,1,0.023055555555555555,85.16972222222222,91.19277777777778
17958,306703.0,306953.29668412,85.19527777777778,85.26480463447778,1,1,0.05611111111111111,85.19527777777778,91.25138888888888
17960,306851.0,306927.82373473,85.23638888888888,85.25772881520278,1,8,0.13777777777777778,85.23638888888888,91.25361111111111
17961,306970.0,343523.22862129,85.26944444444445,95.42311906146945,1,8,65.55555555555556,85.26944444444445,99.46388888888889
17962,306980.0,307060.54101222,85.27222222222223,85.29459472561668,1,8,0.14444444444444443,85.27222222222223,91.29027777777777
17966,307628.0,307719.69284468,85.45222222222222,85.47769245685555,1,1,0.020555555555555556,85.45222222222222,91.47277777777778
17967,307637.0,307648.15183246,85.45472222222222,85.45781995346111,1,1,0.0025,85.45472222222222,91.45722222222223
17968,307638.0,308036.9877836,85.455,85.56582993988889,1,8,0.7155555555555555,85.455,91.54444444444445
17969,307652.0,307654.47818499,85.4588888888889,85.45957727360833,1,1,0.0005555555555555556,85.4588888888889,91.45944444444444
17971,307782.0,314947.67190227,85.495,87.48546441729722,1,8,12.851111111111111,85.495,93.10138888888889
17972,307786.0,307866.54101222,85.4961111111111,85.51848361450557,1,1,0.018055555555555554,85.4961111111111,91.51416666666667
17974,308083.0,308170.97556719,85.57861111111112,85.60304876866388,1,1,0.01972222222222222,85.57861111111112,91.59833333333333
17977,308186.0,308355.7556719,85.60722222222222,85.65437657552778,1,1,0.03805555555555556,85.60722222222222,91.64527777777778
17979,308365.0,308538.47294939,85.65694444444445,85.70513137483056,1,1,0.03888888888888889,85.65694444444445,91.69583333333334
17981,308421.0,345687.94589878,85.6725,96.02442941632778,1,8,66.83555555555556,85.6725,100.02694444444444
17985,309181.0,309360.66841187,85.88361111111111,85.93351900329723,1,1,0.04027777777777778,85.88361111111111,91.92388888888888
17986,309387.0,309396.91273997,85.94083333333333,85.9435868722139,1,1,0.0022222222222222222,85.94083333333333,91.94305555555556
17987,309508.0,361127.35427574,85.97444444444444,100.31315396548332,1,16,185.1511111111111,85.97444444444444,103.54638888888888
17991,310087.0,310314.9930192,86.13527777777777,86.19860917199999,1,1,0.051111111111111114,86.13527777777777,92.18638888888889
17994,310235.0,310490.2530541,86.1763888888889,86.24729251502777,1,1,0.05722222222222222,86.1763888888889,92.23361111111112
17997,310414.0,362527.7521815,86.22611111111111,100.70215338375,1,8,93.46222222222222,86.22611111111111,103.9088888888889
17998,310421.0,310594.47294939,86.22805555555556,86.27624248594167,1,1,0.03888888888888889,86.22805555555556,92.26694444444445
17999,310651.0,310660.91273997,86.29194444444444,86.29469798332501,1,1,0.0022222222222222222,86.29194444444444,92.29416666666667
18000,310676.0,310773.88830716,86.29888888888888,86.32608008532222,1,1,0.021944444444444444,86.29888888888888,92.32083333333334
18001,310724.0,310871.45200698,86.31222222222222,86.35318111305,1,1,0.03305555555555555,86.31222222222222,92.34527777777778
18004,310919.0,311091.23385689,86.36638888888889,86.41423162691389,1,1,0.03861111111111111,86.36638888888889,92.405
18008,311169.0,311331.32111693,86.43583333333333,86.48092253248055,1,1,0.03638888888888889,86.43583333333333,92.47222222222223
18012,311852.0,312267.09598604,86.62555555555555,86.74085999612223,1,1,0.09305555555555556,86.62555555555555,92.71861111111112
18013,312002.0,312234.94938918,86.66722222222222,86.73193038588333,1,8,0.4177777777777778,86.66722222222222,92.73583333333333
18014,312208.0,312641.68237347,86.72444444444444,86.84491177040833,1,1,0.09722222222222222,86.72444444444444,92.82166666666667
18015,312454.0,313019.02617801,86.79277777777777,86.94972949389167,1,8,1.0133333333333334,86.79277777777777,92.91944444444445
18019,312912.0,313152.38394415,86.92,86.98677331781944,1,16,0.8622222222222222,86.92,92.9738888888889
18020,312974.0,313042.15008726,86.93722222222222,86.95615280201666,1,1,0.015277777777777777,86.93722222222222,92.9525
18022,313072.0,313323.53577661,86.96444444444444,87.03431549350279,1,1,0.05638888888888889,86.96444444444444,93.02083333333333
18024,313139.0,313215.82373473,86.98305555555555,87.00439548186945,1,8,0.13777777777777778,86.98305555555555,93.00027777777778
18027,313294.0,313540.57940663,87.0261111111111,87.09460539073056,1,1,0.05527777777777778,87.0261111111111,93.0813888888889
18028,313329.0,313340.15183246,87.03583333333333,87.03893106457222,1,1,0.0025,87.03583333333333,93.03833333333333
18029,313355.0,574752.80740741,87.04305555555555,159.65355761316945,3,8,552.2488888888889,87.04305555555555,162.07416666666666
18030,313369.0,313383.86910995,87.04694444444445,87.0510747527639,1,1,0.0033333333333333335,87.04694444444445,93.05027777777778
18031,313389.0,313391.47818499,87.0525,87.05318838471945,1,1,0.0005555555555555556,87.0525,93.05305555555556
18033,313428.0,313566.77835951,87.06333333333333,87.10188287764167,1,1,0.03111111111111111,87.06333333333333,93.09444444444445
18034,313547.0,313682.06108202,87.0963888888889,87.13390585611667,1,1,0.03027777777777778,87.0963888888889,93.12666666666667
18035,313571.0,313806.42757417,87.10305555555556,87.1684521039361,1,1,0.05277777777777778,87.10305555555556,93.15583333333333
18038,313740.0,314016.31762653,87.15,87.22675489625834,1,1,0.06194444444444445,87.15,93.21194444444444
18041,313796.0,313919.90924956,87.16555555555556,87.19997479154443,1,1,0.027777777777777776,87.16555555555556,93.19333333333333
18042,313803.0,313804.2390925,87.1675,87.16784419236112,1,1,0.0002777777777777778,87.1675,93.16777777777777
18043,313804.0,313974.9947644,87.16777777777777,87.21527632344444,1,16,0.6133333333333333,87.16777777777777,93.20611111111111
18045,313821.0,313941.19197208,87.1725,87.20588665891111,1,1,0.026944444444444444,87.1725,93.19944444444444
18047,313975.0,314230.2530541,87.21527777777777,87.28618140391666,1,1,0.05722222222222222,87.21527777777777,93.2725
18049,314240.0,314336.64921466,87.28888888888889,87.31573589296111,1,1,0.021666666666666667,87.28888888888889,93.31055555555555
18050,314290.0,314299.91273997,87.30277777777778,87.30553131665835,1,1,0.0022222222222222222,87.30277777777778,93.305
18052,314339.0,314414.58464223,87.3163888888889,87.33738462284167,1,16,0.27111111111111114,87.3163888888889,93.33333333333333
18053,314501.0,314510.91273997,87.36138888888888,87.36414242776945,1,1,0.0022222222222222222,87.36138888888888,93.36361111111111
18054,314517.0,314780.92670157,87.36583333333333,87.43914630599167,1,1,0.059166666666666666,87.36583333333333,93.425
18055,314609.0,314843.18848168,87.39138888888888,87.4564412449111,1,1,0.0525,87.39138888888888,93.44388888888889
18056,314619.0,314843.27574171,87.39416666666666,87.45646548380833,1,1,0.050277777777777775,87.39416666666666,93.44444444444444
18059,314767.0,315024.73123909,87.43527777777778,87.50686978863611,1,1,0.057777777777777775,87.43527777777778,93.49305555555556
18060,314863.0,314988.14834206,87.46194444444444,87.49670787279445,1,8,0.22444444444444445,87.46194444444444,93.49
18061,314981.0,315052.86736475,87.49472222222222,87.51468537909723,1,16,0.2577777777777778,87.49472222222222,93.51083333333334
18062,315064.0,315169.32286213,87.51777777777778,87.54703412836945,1,8,0.18888888888888888,87.51777777777778,93.54138888888889
18063,315142.0,315206.43280977,87.53944444444444,87.55734244715833,1,16,0.2311111111111111,87.53944444444444,93.55388888888889
18064,315211.0,315477.40488656,87.5586111111111,87.63261246848889,1,1,0.059722222222222225,87.5586111111111,93.61833333333334
18065,315229.0,341797.62129145,87.56361111111111,94.94378369206945,1,8,47.64888888888889,87.56361111111111,99.51972222222223
18066,315287.0,438291.73520249,87.57972222222222,121.7477042229139,2,1,30.895555555555557,87.57972222222222,124.47527777777778
18069,315451.0,315711.20942408,87.62527777777778,87.69755817335555,1,1,0.058333333333333334,87.62527777777778,93.6836111111111
18070,315470.0,315901.20418848,87.63055555555556,87.7503344968,1,8,0.7733333333333333,87.63055555555556,93.72722222222222
18071,315481.0,315529.32460733,87.63361111111111,87.64703461314723,1,8,0.08666666666666667,87.63361111111111,93.73805555555556
18073,315545.0,315621.82373473,87.65138888888889,87.67272881520279,1,16,0.27555555555555555,87.65138888888889,93.6686111111111
18075,315590.0,315936.94589878,87.66388888888889,87.76026274966111,1,16,1.2444444444444445,87.66388888888889,93.74166666666666
18078,315648.0,315733.4973822,87.68,87.70374927283332,1,16,0.30666666666666664,87.68,93.69916666666667
18081,315779.0,316035.4921466,87.71638888888889,87.78763670738888,1,16,0.92,87.71638888888889,93.77388888888889
18082,315829.0,472788.76635514,87.73027777777777,131.3302128764278,2,16,630.7866666666666,87.73027777777777,133.15444444444444
18083,315873.0,336275.89703316,87.7425,93.40997139810001,1,8,36.59111111111111,87.7425,98.3163888888889
18084,315874.0,316023.93019197,87.74277777777777,87.78442505332501,1,8,0.2688888888888889,87.74277777777777,93.77638888888889
18085,316044.0,489616.88161994,87.79,136.00468933887223,2,16,697.5511111111111,87.79,137.38694444444445
18092,316587.0,316636.56369983,87.94083333333333,87.95460102773055,1,8,0.08888888888888889,87.94083333333333,93.95194444444445
18094,316604.0,318690.63176265,87.94555555555556,88.525175489625,1,1,0.4677777777777778,87.94555555555556,94.41333333333333
18096,316759.0,316812.28097731,87.98861111111111,88.00341138258611,1,8,0.09555555555555556,87.98861111111111,94.00055555555555
18101,316982.0,317160.42931937,88.05055555555556,88.10011925538056,1,8,0.32,88.05055555555556,94.09055555555555
18104,317014.0,317306.42582897,88.05944444444444,88.14067384138055,1,4,0.26222222222222225,88.05944444444444,94.125
18105,317026.0,317196.9947644,88.06277777777778,88.11027632344445,1,8,0.30666666666666664,88.06277777777778,94.11
18106,317037.0,317416.16230366,88.06583333333333,88.17115619546111,1,4,0.34,88.06583333333333,94.15083333333334
18108,317249.0,317449.73298429,88.12472222222222,88.180481384525,1,8,0.36,88.12472222222222,94.16972222222222
18113,317477.0,317488.15183246,88.18805555555555,88.19115328679445,1,1,0.0025,88.18805555555555,94.19055555555556
18114,317532.0,325294.91448517,88.20333333333333,90.35969846810278,1,8,13.922222222222222,88.20333333333333,95.96666666666667
18115,317533.0,317700.27748691,88.20361111111112,88.25007707969722,1,8,0.3,88.20361111111112,94.24111111111111
18117,317579.0,342805.68411867,88.21638888888889,95.223801144075,1,8,45.242222222222225,88.21638888888889,104.52805555555555
18119,317784.0,324566.79232112,88.27333333333333,90.15744231142222,1,8,12.164444444444445,88.27333333333333,95.79388888888889
18120,317797.0,422169.47818499,88.27694444444444,117.26929949583055,1,1,23.398055555555555,88.27694444444444,117.675
18122,317817.0,318130.4904014,88.2825,88.36958066705556,1,4,0.2811111111111111,88.2825,94.35277777777777
18123,317833.0,318198.53228621,88.28694444444444,88.38848119061389,1,4,0.3277777777777778,88.28694444444444,94.36888888888889
18124,317860.0,317935.58464223,88.29444444444445,88.31544017839722,1,16,0.27111111111111114,88.29444444444445,94.31138888888889
18125,317861.0,317983.67015707,88.29472222222222,88.32879726585277,1,1,0.0275,88.29472222222222,94.32222222222222
18126,317898.0,318143.34031414,88.305,88.37315008726112,1,1,0.055,88.305,94.36
18127,317978.0,318199.79755672,88.32722222222222,88.38883265464443,1,1,0.04972222222222222,88.32722222222222,94.37694444444445
18128,317985.0,318123.77835951,88.32916666666667,88.367716210975,1,1,0.03111111111111111,88.32916666666667,94.36027777777778
18133,318286.0,369114.81326353,88.41277777777778,102.53189257320278,1,8,91.15777777777778,88.41277777777778,105.8075
18137,318464.0,318633.7556719,88.46222222222222,88.50937657552778,1,8,0.30444444444444446,88.46222222222222,94.50027777777778
18139,318644.0,318822.42931937,88.51222222222222,88.56178592204722,1,8,0.32,88.51222222222222,94.55222222222223
18140,318661.0,318953.42582897,88.51694444444445,88.59817384138054,1,4,0.26222222222222225,88.51694444444445,94.5825
18141,318675.0,319052.92321117,88.52083333333333,88.62581200310278,1,4,0.3388888888888889,88.52083333333333,94.60555555555555
18143,318831.0,319003.23385689,88.56416666666667,88.61200940469166,1,1,0.03861111111111111,88.56416666666667,94.60277777777777
18145,319033.0,319211.42931937,88.62027777777777,88.66984147760279,1,1,0.04,88.62027777777777,94.66027777777778
18146,319151.0,342889.53403141,88.65305555555555,95.24709278650278,1,8,42.57333333333333,88.65305555555555,99.97472222222223
18147,319152.0,319505.14136126,88.65333333333334,88.75142815590554,1,4,0.31666666666666665,88.65333333333334,94.7325
18148,319170.0,319399.23211169,88.65833333333333,88.72200891991389,1,4,0.20555555555555555,88.65833333333333,94.70972222222223
18149,319191.0,319366.95113438,88.66416666666667,88.71304198177222,1,8,0.31555555555555553,88.66416666666667,94.70361111111112
18150,319204.0,319300.64921466,88.66777777777777,88.69462478185,1,1,0.021666666666666667,88.66777777777777,94.68944444444445
18152,319503.0,319755.77486911,88.75083333333333,88.82104857475278,1,4,0.22666666666666666,88.75083333333333,94.8075
18153,319508.0,319754.57940663,88.75222222222222,88.82071650184167,1,1,0.05527777777777778,88.75222222222222,94.8075
18154,319693.0,319754.95462478,88.80361111111111,88.82082072910555,1,1,0.013888888888888888,88.80361111111111,94.8175
18159,319985.0,596117.14814815,88.88472222222222,165.58809670781943,3,32,2333.511111111111,88.88472222222222,167.99555555555557
18162,320161.0,320296.06108202,88.9336111111111,88.9711280783389,1,8,0.24222222222222223,88.9336111111111,94.96388888888889
18164,320243.0,320343.36649215,88.9563888888889,88.98426847004167,1,1,0.0225,88.9563888888889,94.97888888888889
18167,320426.0,325092.42233857,89.00722222222223,90.30345064960278,1,1,1.0461111111111112,89.00722222222223,96.05333333333333
18168,320482.0,321105.26352531,89.02277777777778,89.19590653480833,1,8,1.1177777777777778,89.02277777777778,95.1625
18169,320490.0,320558.15008726,89.025,89.04393057979445,1,1,0.015277777777777777,89.025,95.04027777777777
18172,320613.0,320859.57940663,89.05916666666667,89.12766094628611,1,1,0.05527777777777778,89.05916666666667,95.11444444444444
18173,320763.0,320822.47643979,89.10083333333333,89.11735456660833,1,1,0.013333333333333334,89.10083333333333,95.11416666666666
18175,320775.0,320903.86561955,89.10416666666667,89.13996267209723,1,8,0.2311111111111111,89.10416666666667,95.13305555555556
18179,320878.0,321109.71029668,89.13277777777778,89.19714174907777,1,1,0.051944444444444446,89.13277777777778,95.18472222222222
18183,321017.0,321082.67190227,89.17138888888888,89.18963108396389,1,1,0.014722222222222222,89.17138888888888,95.2025
18187,321207.0,325063.05584642,89.22416666666666,90.29529329067222,1,1,0.8644444444444445,89.22416666666666,96.0886111111111
18190,321524.0,326484.08726003,89.31222222222222,90.69002423889721,1,8,8.895555555555555,89.31222222222222,96.42416666666666
18192,321631.0,322259.21989529,89.34194444444445,89.51644997091388,1,8,1.1266666666666667,89.34194444444445,95.48555555555555
18203,322617.0,322880.92670157,89.61583333333333,89.68914630599167,1,1,0.059166666666666666,89.61583333333333,96.15333333333334
18209,323074.0,360649.47993019,89.74277777777777,100.18041109171945,1,8,67.38888888888889,89.74277777777777,104.16638888888889
18210,323126.0,323258.58289703,89.75722222222223,89.79405080473056,1,8,0.23777777777777778,89.75722222222223,95.78694444444444
18211,323514.0,604127.03703704,89.865,167.8130658436222,3,16,1185.6888888888889,89.865,169.98305555555555
18212,323520.0,603998.4,89.86666666666666,167.77733333333333,3,16,1185.12,89.86666666666666,169.98305555555555
18216,324218.0,346272.60732984,90.06055555555555,96.1868353694,1,8,39.553333333333335,90.06055555555555,101.00472222222223
18220,324500.0,325079.89528796,90.13888888888889,90.29997091332223,1,8,1.04,90.13888888888889,96.2688888888889
18222,324968.0,325412.83420593,90.2688888888889,90.39245394609166,1,8,0.7977777777777778,90.2688888888889,96.36861111111111
18223,325035.0,325201.03839442,90.2875,90.33362177622777,1,1,0.03722222222222222,90.2875,96.32472222222222
18224,325206.0,325313.80104712,90.335,90.36494473531111,1,1,0.024166666666666666,90.335,96.35916666666667
18225,325327.0,325825.11518325,90.36861111111111,90.50697643979166,1,8,0.8933333333333333,90.36861111111111,96.48027777777777
18229,325729.0,326286.59162304,90.48027777777777,90.63516433973332,1,8,1.0,90.48027777777777,96.60527777777777
18230,326179.0,326706.85340314,90.60527777777777,90.75190372309444,1,8,0.9466666666666667,90.60527777777777,96.72361111111111
18233,326606.0,327131.37521815,90.7238888888889,90.8698264494861,1,8,0.9422222222222222,90.7238888888889,96.84166666666667
18234,326696.0,328155.65095986,90.74888888888889,91.15434748885001,1,1,0.32722222222222225,90.74888888888889,97.07611111111112
18235,326732.0,329327.89877836,90.75888888888889,91.47997188287778,1,1,0.5819444444444445,90.75888888888889,97.34083333333334
18237,327030.0,327500.85514834,90.84166666666667,90.97245976342778,1,8,0.8444444444444444,90.84166666666667,96.94722222222222
18238,327098.0,327509.37870855,90.86055555555555,90.97482741904167,1,1,0.09222222222222222,90.86055555555555,96.95277777777778
18241,327315.0,327515.73298429,90.92083333333333,90.97659249563611,1,1,0.045,90.92083333333333,96.96583333333334
18242,327410.0,328263.73472949,90.94722222222222,91.18437075819168,1,8,1.531111111111111,90.94722222222222,97.13861111111112
18243,327518.0,327825.29493892,90.97722222222222,91.06258192747778,1,1,0.06888888888888889,90.97722222222222,97.04611111111112
18246,327822.0,327912.45375218,91.06166666666667,91.08679270893889,1,16,0.3244444444444444,91.06166666666667,97.08194444444445
18247,327831.0,328248.57417103,91.06416666666667,91.18015949195278,1,1,0.09361111111111112,91.06416666666667,97.15777777777778
18249,328099.0,328418.68586387,91.13861111111112,91.2274127399639,1,8,0.5733333333333334,91.13861111111112,97.21027777777778
18250,328363.0,328649.23036649,91.21194444444444,91.29145287958056,1,1,0.06416666666666666,91.21194444444444,97.2761111111111
18251,328499.0,328606.80104712,91.24972222222222,91.27966695753334,1,1,0.024166666666666666,91.24972222222222,97.27388888888889
18252,328849.0,329189.7504363,91.34694444444445,91.44159734341667,1,1,0.0763888888888889,91.34694444444445,97.42333333333333
18253,328850.0,328983.82198953,91.34722222222223,91.38439499709166,1,1,0.03,91.34722222222223,97.37722222222222
18255,329130.0,329248.95287958,91.425,91.45804246655001,1,1,0.02666666666666667,91.425,97.45166666666667
18257,329172.0,329483.0122164,91.43666666666667,91.523058949,1,1,0.06972222222222223,91.43666666666667,97.50638888888889
18258,329407.0,329535.86561955,91.50194444444445,91.537740449875,1,1,0.028888888888888888,91.50194444444445,97.53083333333333
18259,329478.0,329761.7521815,91.52166666666666,91.60048671708334,1,1,0.0636111111111111,91.52166666666666,97.58527777777778
18262,329924.0,330165.62303665,91.64555555555556,91.71267306573611,1,1,0.05416666666666667,91.64555555555556,97.69972222222222
18263,329978.0,330088.27923211,91.66055555555556,91.69118867558612,1,1,0.024722222222222222,91.66055555555556,97.68527777777778
18264,330218.0,330319.60558464,91.72722222222222,91.75544599573334,1,1,0.02277777777777778,91.72722222222222,97.75
18265,330320.0,330569.05759162,91.75555555555556,91.82473821989446,1,1,0.05583333333333333,91.75555555555556,97.81138888888889
18266,330823.0,331075.77486911,91.89527777777778,91.96549301919723,1,1,0.056666666666666664,91.89527777777778,97.95194444444445
18267,330842.0,330934.93193717,91.90055555555556,91.92636998254721,1,1,0.020833333333333332,91.90055555555556,97.92138888888888
18269,331290.0,331542.77486911,92.025,92.09521524141945,1,1,0.056666666666666664,92.025,98.08166666666666
18270,331535.0,345165.01745201,92.09305555555555,95.87917151444722,1,8,24.444444444444443,92.09305555555555,101.14861111111111
18271,331739.0,332016.55671902,92.14972222222222,92.22682131083889,1,1,0.06222222222222222,92.14972222222222,98.21194444444444
18272,332075.0,332321.57940663,92.24305555555556,92.311549835175,1,1,0.05527777777777778,92.24305555555556,98.29833333333333
18274,332519.0,332777.97033159,92.36638888888889,92.43832509210833,1,1,0.058055555555555555,92.36638888888889,98.42444444444445
18277,333525.0,333594.38917976,92.64583333333333,92.6651081054889,1,8,0.12444444444444444,92.64583333333333,98.6613888888889
18278,333613.0,340716.71727749,92.67027777777778,94.64353257708056,1,8,12.74,92.67027777777778,100.26277777777777
18288,335056.0,341350.58987784,93.07111111111111,94.8196082994,1,1,1.4111111111111112,93.07111111111111,100.48222222222222
18289,335072.0,340071.7382199,93.07555555555555,94.46437172775,1,1,1.1208333333333333,93.07555555555555,100.19638888888889
18298,336784.0,337045.44851658,93.55111111111111,93.62373569905,1,1,0.058611111111111114,93.55111111111111,99.60972222222222
18309,337676.0,337677.2390925,93.79888888888888,93.79923308125001,1,1,0.0002777777777777778,93.79888888888888,99.79916666666666
18310,337708.0,337709.2390925,93.80777777777777,93.80812197013888,1,1,0.0002777777777777778,93.80777777777777,99.80805555555555
18312,337760.0,337761.2390925,93.82222222222222,93.82256641458333,1,1,0.0002777777777777778,93.82222222222222,99.8225
18313,337774.0,439764.0623053,93.82611111111112,122.15668397369444,2,1,25.61722222222222,93.82611111111112,125.44333333333333
18315,338114.0,360783.19720768,93.92055555555555,100.2175547799111,1,8,40.65555555555556,93.92055555555555,105.0025
18317,339107.0,344635.83071553,94.19638888888889,95.73217519875834,1,1,1.2394444444444443,94.19638888888889,101.43583333333333
18322,339403.0,339473.62827225,94.2786111111111,94.298230075625,1,7,0.11083333333333334,94.2786111111111,100.29444444444445
18325,339666.0,339827.08202443,94.35166666666667,94.39641167345277,1,7,0.25277777777777777,94.35166666666667,100.38777777777777
18326,339855.0,340017.32111693,94.40416666666667,94.44925586581388,1,7,0.25472222222222224,94.40416666666667,100.44055555555556
18330,340137.0,346182.53228621,94.4825,96.16181452394721,1,1,1.3552777777777778,94.4825,101.83777777777777
18332,340662.0,340748.73647469,94.62833333333333,94.65242679852501,1,8,0.15555555555555556,94.62833333333333,100.64777777777778
18333,341298.0,342501.15881326,94.805,95.1392107814611,1,8,2.1577777777777776,94.805,101.07472222222222
18334,341669.0,354264.37521815,94.90805555555555,98.40677089393054,1,8,22.58888888888889,94.90805555555555,103.73166666666667
18335,342311.0,342545.18848168,95.08638888888889,95.15144124491111,1,1,0.0525,95.08638888888889,101.13888888888889
18336,343109.0,343348.14485166,95.30805555555555,95.37448468101667,1,1,0.05361111111111111,95.30805555555555,101.36166666666666
18338,343569.0,348883.46771379,95.43583333333333,96.91207436494167,1,1,1.1913888888888888,95.43583333333333,102.62722222222222
18339,343901.0,345085.57242583,95.52805555555555,95.85710345161945,1,8,2.1244444444444444,95.52805555555555,101.7936111111111
18340,344121.0,375743.87958115,95.58916666666667,104.37329988365278,1,1,7.089166666666666,95.58916666666667,108.67833333333333
18345,344774.0,377047.40314136,95.77055555555556,104.73538976148888,1,1,7.235,95.77055555555556,109.00555555555556
18346,344943.0,345168.51483421,95.8175,95.88014300950277,1,1,0.050555555555555555,95.8175,101.86805555555556
18347,345016.0,351790.11867365,95.83777777777777,97.71947740934723,1,1,1.5186111111111111,95.83777777777777,103.35638888888889
18348,345172.0,345381.40663176,95.88111111111111,95.93927961993333,1,1,0.04694444444444444,95.88111111111111,101.92805555555556
18349,345720.0,430296.73647469,96.03333333333333,119.52687124296945,1,8,151.6822222222222,96.03333333333333,120.99361111111111
18355,355943.0,356579.89354276,98.87305555555555,99.04997042854444,1,1,0.14277777777777778,98.87305555555555,105.01583333333333
18356,357249.0,357436.10296684,99.23583333333333,99.28780637967778,1,8,0.33555555555555555,99.23583333333333,110.88527777777777
18365,369642.0,371059.52181501,102.67833333333333,103.07208939305833,1,2,0.6355555555555555,102.67833333333333,108.9961111111111
18366,370786.0,372197.32635253,102.9961111111111,103.38814620903611,1,2,0.6327777777777778,102.9961111111111,109.3125
18367,370820.0,372456.84118674,103.00555555555556,103.46023366298334,1,2,0.7338888888888889,103.00555555555556,109.3725
18368,372143.0,373605.12914485,103.37305555555555,103.77920254023611,1,2,0.6555555555555556,103.37305555555555,109.70083333333334
18369,378452.0,378715.92670157,105.12555555555555,105.19886852821388,1,1,0.059166666666666666,105.12555555555555,111.18472222222222
18370,378729.0,379131.70506108,105.2025,105.31436251696667,1,1,0.09027777777777778,105.2025,111.29277777777777
18371,379155.0,379544.07504363,105.32083333333334,105.42890973434166,1,1,0.08722222222222223,105.32083333333334,111.40805555555555
18372,380058.0,380295.90575916,105.57166666666667,105.63775159976667,1,1,0.05333333333333334,105.57166666666667,111.625
18375,381444.0,381638.53752182,105.95666666666666,106.01070486717222,1,8,0.3488888888888889,105.95666666666666,112.03194444444445
18376,381446.0,395851.68935428,105.95722222222223,109.95880259841111,1,32,103.34222222222222,105.95722222222223,115.19111111111111
18379,381572.0,381772.73298429,105.99222222222222,106.047981384525,1,16,0.72,105.99222222222222,112.03916666666667
18382,381741.0,381930.58115183,106.03916666666667,106.09182809773054,1,16,0.68,106.03916666666667,112.08166666666666
18383,381894.0,387196.07678883,106.08166666666666,107.554465774675,1,16,19.017777777777777,106.08166666666666,113.27027777777778
18384,382407.0,382595.34205934,106.22416666666666,106.27648390537222,1,8,0.3377777777777778,106.22416666666666,112.26638888888888
18386,382424.0,382686.68760908,106.22888888888889,106.30185766918889,1,8,0.4711111111111111,106.22888888888889,112.28777777777778
18388,382637.0,382861.27574171,106.28805555555556,106.35035437269721,1,8,0.4022222222222222,106.28805555555556,112.33833333333334
18389,382819.0,382997.42931937,106.3386111111111,106.38817481093612,1,8,0.32,106.3386111111111,112.37861111111111
18390,382839.0,421017.91797557,106.34416666666667,116.94942165988056,1,8,68.47111111111111,106.34416666666667,120.90305555555555
18391,382907.0,436218.95462478,106.36305555555556,121.17193184021666,1,8,95.61111111111111,106.36305555555556,124.31444444444445
18392,382963.0,383129.03839442,106.37861111111111,106.42473288733889,1,8,0.29777777777777775,106.37861111111111,112.41583333333334
18393,382983.0,383346.05410122,106.38416666666667,106.48501502811666,1,8,0.6511111111111111,106.38416666666667,112.46555555555555
18395,383097.0,383253.12565445,106.41583333333334,106.45920157068055,1,8,0.28,106.41583333333334,112.45083333333334
18396,383224.0,383390.03839442,106.45111111111112,106.4972328873389,1,8,0.29777777777777775,106.45111111111112,112.48833333333333
18397,383517.0,383851.55497382,106.5325,106.62543193717222,1,8,0.6,106.5325,112.6075
18398,383656.0,452293.05061082,106.57111111111111,125.63695850300556,1,8,123.09555555555555,106.57111111111111,127.95805555555556
18401,383832.0,410847.93368237,106.62,114.12442602288056,1,8,48.45111111111111,106.62,118.6763888888889
18402,383848.0,435938.20942408,106.62444444444445,121.09394706224444,1,8,93.42,106.62444444444445,128.24416666666667
18403,383867.0,384096.23211169,106.62972222222223,106.69339780880277,1,1,0.05138888888888889,106.62972222222223,112.68111111111111
18406,384526.0,393147.60558464,106.81277777777778,109.20766821795556,1,8,15.462222222222222,106.81277777777778,114.74555555555555
18408,384823.0,385487.15357766,106.89527777777778,107.07976488268332,1,1,0.14888888888888888,106.89527777777778,113.04416666666667
18410,386023.0,386208.86387435,107.2286111111111,107.28023996509721,1,16,0.6666666666666666,107.2286111111111,113.27027777777778
18411,386116.0,386202.73647469,107.25444444444445,107.27853790963611,1,8,0.15555555555555556,107.25444444444445,113.27388888888889
18412,386173.0,386273.36649215,107.27027777777778,107.29815735893055,1,4,0.09,107.27027777777778,113.29277777777777
18414,386271.0,386474.21116928,107.2975,107.35394754702222,1,16,0.7288888888888889,107.2975,113.34305555555555
18415,386375.0,386477.84467714,107.32638888888889,107.35495685476111,1,8,0.18444444444444444,107.32638888888889,113.34944444444444
18418,386435.0,386633.2547993,107.34305555555555,107.39812633313889,1,16,0.7111111111111111,107.34305555555555,113.3875
18420,386595.0,386725.10471204,107.3875,107.42364019778888,1,4,0.11666666666666667,107.3875,113.41666666666667
18422,386713.0,386891.42931937,107.42027777777778,107.46984147760278,1,16,0.64,107.42027777777778,113.46027777777778
18424,386787.0,389506.80802792,107.44083333333333,108.19633556331112,1,8,4.877777777777778,107.44083333333333,162.7161111111111
18425,386787.0,389500.61256545,107.44083333333333,108.19461460151389,1,8,4.866666666666666,107.44083333333333,163.32444444444445
18426,386787.0,389499.37347295,107.44083333333333,108.19427040915278,1,8,4.864444444444445,107.44083333333333,163.9325
18427,386787.0,389503.09075044,107.44083333333333,108.19530298623334,1,8,4.871111111111111,107.44083333333333,164.2236111111111
18428,386787.0,389503.09075044,107.44083333333333,108.19530298623334,1,8,4.871111111111111,107.44083333333333,164.2236111111111
18429,386787.0,389511.76439791,107.44083333333333,108.19771233275277,1,8,4.886666666666667,107.44083333333333,164.54333333333332
18430,386788.0,389523.91623037,107.44111111111111,108.20108784176945,1,8,4.906666666666666,107.44111111111111,164.83694444444444
18431,386788.0,389506.56893543,107.44111111111111,108.19626914873056,1,8,4.875555555555556,107.44111111111111,164.83305555555555
18432,386788.0,389010.93193717,107.44111111111111,108.05859220476944,1,8,3.986666666666667,107.44111111111111,165.04166666666666
18433,386788.0,389168.29668412,107.44111111111111,108.10230463447779,1,8,4.268888888888889,107.44111111111111,165.36666666666667
18434,386788.0,389359.11692845,107.44111111111111,108.15531025790278,1,8,4.611111111111111,107.44111111111111,165.41333333333333
18435,386788.0,389476.83071553,107.44111111111111,108.18800853209167,1,8,4.822222222222222,107.44111111111111,165.64444444444445
18436,386788.0,389084.03839442,107.44111111111111,108.07889955400556,1,8,4.1177777777777775,107.44111111111111,165.8813888888889
18437,386788.0,392297.0052356,107.44111111111111,108.97139034322223,1,8,9.88,107.44111111111111,166.64833333333334
18438,386788.0,390569.71029668,107.44111111111111,108.49158619352222,1,8,6.782222222222222,107.44111111111111,166.4922222222222
18439,386857.0,387037.90750436,107.46027777777778,107.51052986232223,1,16,0.6488888888888888,107.46027777777778,113.50083333333333
18440,386874.0,389577.69982548,107.465,108.2160277293,1,8,4.848888888888889,107.465,166.4875
18441,386874.0,389633.45898778,107.465,108.23151638549443,1,8,4.948888888888889,107.465,167.10611111111112
18442,386874.0,389603.72076789,107.465,108.22325576885832,1,8,4.895555555555555,107.465,167.10416666666666
18443,386874.0,389587.61256544,107.465,108.21878126817778,1,8,4.866666666666666,107.465,167.25666666666666
18444,386874.0,389581.41710297,107.465,108.21706030638056,1,8,4.855555555555555,107.465,167.7111111111111
18445,386874.0,389585.13438045,107.465,108.21809288345834,1,8,4.862222222222222,107.465,167.7138888888889
18446,386874.0,389551.67888307,107.465,108.20879968974167,1,8,4.802222222222222,107.465,167.85694444444445
18447,386874.0,389560.35253054,107.465,108.21120903626112,1,8,4.817777777777778,107.465,168.31333333333333
18448,386874.0,389113.04013962,107.465,108.08695559433889,1,8,4.015555555555555,107.465,168.21583333333334
18449,386874.0,389239.42757417,107.465,108.12206321504722,1,8,4.242222222222222,107.465,168.38722222222222
18450,386874.0,389456.26876091,107.465,108.18229687803056,1,8,4.631111111111111,107.465,168.79472222222222
18451,386874.0,389591.32984293,107.465,108.21981384525834,1,8,4.873333333333333,107.465,168.9225
18452,386874.0,389140.30017452,107.465,108.09452782625556,1,8,4.064444444444445,107.465,168.89527777777778
18453,386874.0,392011.27748691,107.465,108.89202152414167,1,8,9.213333333333333,107.465,169.9463888888889
18454,386874.0,390314.95986038,107.465,108.42082218343889,1,8,6.171111111111111,107.465,169.66666666666666
18455,387003.0,387720.43455497,107.50083333333333,107.70012070971389,1,16,2.5733333333333333,107.50083333333333,113.66166666666666
18458,387583.0,387885.33856894,107.66194444444444,107.74592738026111,1,16,1.0844444444444445,107.66194444444444,113.72972222222222
18459,387827.0,387895.15008726,107.72972222222222,107.74865280201666,1,8,0.12222222222222222,107.72972222222222,113.745
18462,387898.0,389310.56544503,107.74944444444445,108.14182373473055,1,16,5.066666666666666,107.74944444444445,114.06916666666666
18463,388074.0,404529.14834206,107.79833333333333,112.36920787279443,1,8,29.511111111111113,107.79833333333333,117.48722222222223
18467,388562.0,446012.52356021,107.93388888888889,123.8923676556139,1,16,206.06666666666666,107.93388888888889,126.81305555555555
18470,388934.0,389133.4938918,108.03722222222223,108.09263719216666,1,1,0.04472222222222222,108.03722222222223,114.19388888888889
18472,389049.0,389276.9930192,108.06916666666666,108.13249806088889,1,8,0.4088888888888889,108.06916666666666,114.12027777777777
18474,389147.0,428511.72949389,108.0963888888889,119.03103597052501,1,8,70.59777777777778,108.0963888888889,122.92111111111112
18475,389235.0,390106.08202443,108.12083333333334,108.36280056234166,1,8,1.5622222222222222,108.12083333333334,114.31611111111111
18477,389590.0,389763.47294939,108.21944444444445,108.26763137483056,1,1,0.03888888888888889,108.21944444444445,114.59055555555555
18482,390729.0,463881.30366492,108.53583333333333,128.8559176847,1,8,131.19333333333333,108.53583333333333,130.935
18484,390999.0,391079.54101222,108.61083333333333,108.63320583672778,1,8,0.14444444444444443,108.61083333333333,114.6375
18486,391096.0,391161.67190227,108.63777777777777,108.65601997285277,1,8,0.11777777777777777,108.63777777777777,114.6525
18487,391149.0,391213.43280977,108.6525,108.67039800271388,1,8,0.11555555555555555,108.6525,114.66694444444444
18490,391230.0,391296.91099476,108.675,108.69358638743333,1,8,0.12,108.675,114.70722222222223
18491,391311.0,391536.51483421,108.6975,108.76014300950277,1,1,0.050555555555555555,108.6975,114.74805555555555
18493,391346.0,391402.9982548,108.70722222222223,108.72305507077778,1,8,0.10222222222222223,108.70722222222223,114.72
18494,391392.0,391461.38917976,108.72,108.73927477215555,1,8,0.12444444444444444,108.72,114.73555555555555
18497,391477.0,391546.38917976,108.74361111111111,108.76288588326666,1,8,0.12444444444444444,108.74361111111111,114.77666666666667
18499,391597.0,391657.71553229,108.77694444444444,108.79380987008055,1,8,0.10888888888888888,108.77694444444444,114.79055555555556
18500,391622.0,391623.2390925,108.7838888888889,108.78423308125001,1,8,0.0022222222222222222,108.7838888888889,114.78416666666666
18501,391646.0,391724.06282723,108.79055555555556,108.81223967423057,1,8,0.14,108.79055555555556,114.80805555555555
18503,391715.0,391913.2547993,108.80972222222222,108.86479299980556,1,1,0.044444444444444446,108.80972222222222,114.85416666666667
18505,391737.0,391802.67190227,108.81583333333333,108.83407552840833,1,8,0.11777777777777777,108.81583333333333,114.83416666666666
18508,391804.0,391872.15008726,108.83444444444444,108.85337502423889,1,8,0.12222222222222222,108.83444444444444,114.84972222222223
18509,391859.0,391937.06282723,108.84972222222223,108.87140634089722,1,8,0.14,108.84972222222223,114.86722222222222
18512,391954.0,392025.86736475,108.87611111111111,108.89607426798611,1,8,0.1288888888888889,108.87611111111111,114.91083333333333
18516,392080.0,392144.43280977,108.91111111111111,108.929009113825,1,8,0.11555555555555555,108.91111111111111,114.92555555555556
18517,392132.0,392196.43280977,108.92555555555556,108.94345355826944,1,8,0.11555555555555555,108.92555555555556,114.94
18518,392178.0,392342.79930192,108.93833333333333,108.9841109172,1,1,0.036944444444444446,108.93833333333333,114.97527777777778
18523,392215.0,392280.67190227,108.9486111111111,108.96685330618611,1,8,0.11777777777777777,108.9486111111111,114.96777777777778
18525,392284.0,392345.95462478,108.96777777777778,108.98498739577222,1,8,0.1111111111111111,108.96777777777778,114.98166666666667
18526,392335.0,392399.43280977,108.98194444444445,108.99984244715833,1,8,0.11555555555555555,108.98194444444445,114.99638888888889
18528,392355.0,392538.38568935,108.9875,109.03844046926389,1,1,0.04111111111111111,108.9875,115.0286111111111
18529,392374.0,427670.78883072,108.99277777777777,118.79744134186667,1,16,126.60444444444444,108.99277777777777,122.90555555555555
18532,392420.0,392499.30191972,109.00555555555556,109.0275838665889,1,8,0.14222222222222222,109.00555555555556,115.02916666666667
18534,392446.0,392787.9895288,109.01277777777777,109.10777486911111,1,16,1.2266666666666666,109.01277777777777,115.08944444444444
18536,392505.0,392578.10645724,109.02916666666667,109.0494740159,1,8,0.13111111111111112,109.02916666666667,115.04555555555555
18537,392564.0,392632.15008726,109.04555555555555,109.06448613535,1,8,0.12222222222222222,109.04555555555555,115.06083333333333
18539,392648.0,392721.10645724,109.06888888888889,109.08919623812223,1,8,0.13111111111111112,109.06888888888889,115.08527777777778
18541,392708.0,392778.62827225,109.08555555555556,109.10517452006944,1,8,0.12666666666666668,109.08555555555556,115.10138888888889
18542,392754.0,427314.76788831,109.09833333333333,118.69854663564168,1,16,123.96444444444444,109.09833333333333,122.84611111111111
18543,392765.0,392854.21465969,109.10138888888889,109.12617073880277,1,8,0.16,109.10138888888889,115.12138888888889
18546,392867.0,392954.97556719,109.12972222222223,109.154159879775,1,8,0.15777777777777777,109.12972222222223,115.15583333333333
18549,392961.0,393057.64921466,109.15583333333333,109.18268033740556,1,8,0.17333333333333334,109.15583333333333,115.1775
18551,393039.0,393114.58464223,109.1775,109.19849573395278,1,8,0.13555555555555557,109.1775,115.19444444444444
18553,393108.0,401163.34031414,109.19666666666667,111.43426119837223,1,32,57.78666666666667,109.19666666666667,118.40027777777777
18555,393129.0,393194.67190227,109.2025,109.220742195075,1,8,0.11777777777777777,109.2025,115.23444444444445
18558,393245.0,393303.2373473,109.23472222222222,109.25089926313889,1,8,0.10444444444444445,109.23472222222222,115.24777777777778
18559,393292.0,393365.10645724,109.24777777777778,109.26808512701112,1,8,0.13111111111111112,109.24777777777778,115.26416666666667
18562,393384.0,393450.91099476,109.27333333333333,109.29191972076667,1,8,0.12,109.27333333333333,115.29305555555555
18565,393455.0,393541.73647469,109.29305555555555,109.31714902074722,1,8,0.15555555555555556,109.29305555555555,115.3125
18566,393526.0,393600.34554974,109.31277777777778,109.33342931937223,1,8,0.13333333333333333,109.31277777777778,115.32944444444445
18570,393613.0,393709.64921466,109.33694444444444,109.36379144851666,1,8,0.17333333333333334,109.33694444444444,115.35861111111112
18572,393691.0,393767.82373473,109.35861111111112,109.379951037425,1,8,0.13777777777777778,109.35861111111112,115.37583333333333
18573,393753.0,393813.71553229,109.37583333333333,109.39269875896944,1,8,0.10888888888888888,109.37583333333333,115.38944444444445
18575,393835.0,393905.62827225,109.39861111111111,109.418230075625,1,8,0.12666666666666668,109.39861111111111,115.41444444444444
18577,393892.0,393983.69284468,109.41444444444444,109.43991467907777,1,8,0.16444444444444445,109.41444444444444,115.435
18578,393905.0,410972.2600349,109.41805555555555,114.15896112080556,1,8,30.608888888888888,109.41805555555555,119.24416666666667
18579,393967.0,394052.4973822,109.43527777777778,109.4590270506111,1,8,0.15333333333333332,109.43527777777778,115.45444444444445
18580,394001.0,394361.57591623,109.44472222222223,109.54488219895278,1,16,1.2933333333333332,109.44472222222223,117.75583333333333
18584,394067.0,394130.19371728,109.46305555555556,109.4806093659111,1,8,0.11333333333333333,109.46305555555556,115.5038888888889
18587,394214.0,394289.58464223,109.5038888888889,109.52488462284167,1,8,0.13555555555555557,109.5038888888889,115.52083333333333
18588,394275.0,394343.15008726,109.52083333333333,109.53976391312777,1,8,0.12222222222222222,109.52083333333333,115.53611111111111
18591,394361.0,394437.82373473,109.54472222222222,109.56606214853612,1,8,0.13777777777777778,109.54472222222222,115.57833333333333
18594,394483.0,394552.38917976,109.57861111111112,109.59788588326667,1,8,0.12444444444444444,109.57861111111112,115.59416666666667
18595,394540.0,394606.91099476,109.59444444444445,109.61303083187778,1,8,0.12,109.59444444444445,115.60944444444445
18599,394629.0,394685.9982548,109.61916666666667,109.63499951522222,1,8,0.10222222222222223,109.61916666666667,115.6575
18603,394768.0,394829.95462478,109.65777777777778,109.67498739577222,1,8,0.1111111111111111,109.65777777777778,115.67166666666667
18604,394818.0,394888.62827225,109.67166666666667,109.69128563118056,1,8,0.12666666666666668,109.67166666666667,115.6875
18607,394909.0,394972.19371728,109.69694444444444,109.71449825479999,1,8,0.11333333333333333,109.69694444444444,115.71722222222222
18609,394982.0,395050.15008726,109.71722222222222,109.73615280201666,1,8,0.12222222222222222,109.71722222222222,115.7325
18610,395037.0,395278.62303665,109.7325,109.79961751018055,1,1,0.05416666666666667,109.7325,115.78666666666666
18611,395037.0,395092.7591623,109.7325,109.74798865619444,1,8,0.1,109.7325,115.745
18614,395107.0,395165.23734729,109.75194444444445,109.76812148535832,1,8,0.10444444444444445,109.75194444444445,115.765
18616,395154.0,395209.7591623,109.765,109.78048865619444,1,8,0.1,109.765,115.7775
18617,395199.0,395257.23734729,109.7775,109.79367704091388,1,8,0.10444444444444445,109.7775,115.79055555555556
18618,395218.0,395418.73298429,109.78277777777778,109.83853694008056,1,1,0.045,109.78277777777778,115.83166666666666
18622,395282.0,395350.15008726,109.80055555555556,109.81948613535,1,8,0.12222222222222222,109.80055555555556,115.82277777777777
18625,395362.0,395427.67190227,109.82277777777777,109.84101997285278,1,8,0.11777777777777777,109.82277777777777,115.8375
18627,395415.0,395494.30191972,109.8375,109.85952831103334,1,8,0.14222222222222222,109.8375,115.85527777777777
18630,395517.0,395583.91099476,109.86583333333333,109.88441972076666,1,8,0.12,109.86583333333333,115.89777777777778
18633,395632.0,395693.95462478,109.89777777777778,109.91498739577221,1,8,0.1111111111111111,109.89777777777778,115.91166666666666
18634,395683.0,395749.91099476,109.91194444444444,109.93053083187777,1,8,0.12,109.91194444444444,115.92694444444444
18638,395772.0,395838.91099476,109.93666666666667,109.9552530541,1,8,0.12,109.93666666666667,115.95611111111111
18640,395842.0,395912.62827225,109.95611111111111,109.975730075625,1,8,0.12666666666666668,109.95611111111111,115.97194444444445
18641,395900.0,395978.06282723,109.97222222222223,109.99390634089723,1,8,0.14,109.97222222222223,115.98972222222223
18644,395994.0,396069.58464223,109.99833333333333,110.01932906728611,1,8,0.13555555555555557,109.99833333333333,116.03333333333333
18646,396121.0,396189.15008726,110.03361111111111,110.05254169090556,1,8,0.12222222222222222,110.03361111111111,116.04888888888888
18648,396177.0,396245.15008726,110.04916666666666,110.06809724646111,1,8,0.12222222222222222,110.04916666666666,116.06444444444445
18651,396261.0,396325.43280977,110.0725,110.09039800271388,1,8,0.11555555555555555,110.0725,116.08916666666667
18653,396321.0,396386.67190227,110.08916666666667,110.10740886174166,1,8,0.11777777777777777,110.08916666666667,116.10388888888889
18654,396374.0,396440.91099476,110.10388888888889,110.12247527632222,1,8,0.12,110.10388888888889,116.11888888888889
18658,396538.0,396732.53752182,110.14944444444444,110.20348264495,1,8,0.3488888888888889,110.14944444444444,116.19583333333334
18660,396705.0,396882.19022688,110.19583333333334,110.2450528408,1,8,0.31777777777777777,110.19583333333334,116.23555555555555
18661,396833.0,397556.63001745,110.23138888888889,110.43239722706944,1,1,0.1622222222222222,110.23138888888889,116.39361111111111
18662,396849.0,404737.06282723,110.23583333333333,112.42696189645278,1,8,14.146666666666667,110.23583333333333,118.00416666666666
18664,397083.0,408140.66143106,110.30083333333333,113.37240595307222,1,8,19.83111111111111,110.30083333333333,119.05916666666667
18665,397212.0,397489.55671902,110.33666666666667,110.41376575528334,1,1,0.06222222222222222,110.33666666666667,116.45583333333333
18667,397617.0,397744.62652705,110.44916666666667,110.48461847973611,1,8,0.2288888888888889,110.44916666666667,116.47777777777777
18669,397759.0,397932.47294939,110.48861111111111,110.53679804149722,1,1,0.03888888888888889,110.48861111111111,116.5275
18671,397967.0,398104.53926702,110.54638888888888,110.5845942408389,1,1,0.030833333333333334,110.54638888888888,116.57722222222222
18673,398094.0,398211.71378709,110.58166666666666,110.61436494085832,1,1,0.02638888888888889,110.58166666666666,116.60805555555555
18674,398147.0,398301.88656195,110.5963888888889,110.63941293387501,1,8,0.2777777777777778,110.5963888888889,116.63111111111111
18675,398157.0,398336.66841187,110.59916666666666,110.64907455885279,1,8,0.32222222222222224,110.59916666666666,116.64222222222222
18676,398274.0,398706.44328098,110.63166666666666,110.75178980027222,1,8,0.7755555555555556,110.63166666666666,116.7286111111111
18677,398312.0,398499.10296684,110.64222222222222,110.69419526856666,1,8,0.33555555555555555,110.64222222222222,116.68416666666667
18678,398399.0,398866.13787086,110.66638888888889,110.79614940857222,1,1,0.10472222222222222,110.66638888888889,116.77111111111111
18679,398463.0,406291.58638743,110.68416666666667,112.85877399650835,1,8,14.04,110.68416666666667,118.43916666666667
18680,398530.0,398681.16928447,110.70277777777778,110.7447692456861,1,8,0.27111111111111114,110.70277777777778,116.73666666666666
18681,398653.0,399068.09598604,110.73694444444445,110.85224888501112,1,8,0.7444444444444445,110.73694444444445,116.83
18682,399105.0,399271.03839442,110.8625,110.90862177622778,1,1,0.03722222222222222,110.8625,116.89972222222222
18686,399803.0,399866.19371728,111.05638888888889,111.07394269924444,1,8,0.11333333333333333,111.05638888888889,120.42111111111112
18692,400210.0,400348.77835951,111.16944444444445,111.20799398875278,1,1,0.03111111111111111,111.16944444444445,117.20055555555555
18693,400232.0,400390.60383944,111.17555555555556,111.21961217762221,1,1,0.035555555555555556,111.17555555555556,117.21111111111111
18698,400576.0,400843.64397906,111.27111111111111,111.34545666085,1,16,0.96,111.27111111111111,117.33111111111111
18699,400603.0,400745.495637,111.2786111111111,111.31819323250001,1,1,0.03194444444444444,111.2786111111111,117.31055555555555
18700,400673.0,400839.03839442,111.29805555555555,111.34417733178333,1,8,0.29777777777777775,111.29805555555555,117.33527777777778
18708,400936.0,401106.9947644,111.3711111111111,111.41860965677778,1,8,0.30666666666666664,111.3711111111111,117.40944444444445
18710,401063.0,401452.07504363,111.40638888888888,111.51446528989722,1,1,0.08722222222222223,111.40638888888888,117.49361111111111
18716,401253.0,401334.78010471,111.45916666666666,111.48188336241945,1,1,0.018333333333333333,111.45916666666666,117.4775
18717,401286.0,401568.51308901,111.46833333333333,111.54680919139167,1,1,0.06333333333333334,111.46833333333333,117.53166666666667
18721,401369.0,401800.20418848,111.49138888888889,111.61116783013333,1,8,0.7733333333333333,111.49138888888889,117.58805555555556
18722,401408.0,401560.40837696,111.50222222222222,111.5445578824889,1,1,0.034166666666666665,111.50222222222222,117.57027777777778
18724,401511.0,402322.60558464,111.53083333333333,111.75627932906667,1,1,0.18194444444444444,111.53083333333333,117.76
18727,401655.0,401724.38917976,111.57083333333334,111.5901081054889,1,1,0.015555555555555555,111.57083333333334,117.58638888888889
18729,401802.0,402519.43455497,111.61166666666666,111.81095404304722,1,8,1.2866666666666666,111.61166666666666,117.7725
18732,401921.0,402061.01745201,111.64472222222223,111.68361595889166,1,1,0.03138888888888889,111.64472222222223,117.79277777777777
18737,402496.0,402934.63874346,111.80444444444444,111.92628853985,1,8,0.7866666666666666,111.80444444444444,117.90277777777777
18744,402865.0,418955.85514834,111.90694444444445,116.37662643009445,1,16,57.715555555555554,111.90694444444445,121.51416666666667
18746,402889.0,402922.45549738,111.91361111111111,111.92290430482778,1,1,0.0075,111.91361111111111,117.92111111111112
18747,402921.0,403261.7504363,111.9225,112.01715289897223,1,16,1.2222222222222223,111.9225,117.99888888888889
18748,402931.0,403140.40663176,111.92527777777778,111.9834462866,1,8,0.37555555555555553,111.92527777777778,117.97222222222223
18749,403030.0,403075.84642234,111.95277777777778,111.96551289509445,1,1,0.010277777777777778,111.95277777777778,117.96305555555556
18750,403122.0,403178.9982548,111.97833333333334,111.99416618188889,1,1,0.012777777777777779,111.97833333333334,117.99111111111111
18752,403198.0,403365.27748691,111.99944444444445,112.04591041303055,1,8,0.3,111.99944444444445,118.03694444444444
18754,403215.0,403507.42582897,112.00416666666666,112.08539606360277,1,4,0.26222222222222225,112.00416666666666,118.06972222222223
18755,403228.0,403270.12914485,112.00777777777778,112.01948031801389,1,1,0.009444444444444445,112.00777777777778,118.01722222222222
18758,403415.0,404028.35078534,112.05972222222222,112.23009744037222,1,8,1.1,112.05972222222222,118.19722222222222
18760,403468.0,403657.58115183,112.07444444444444,112.12710587550832,1,8,0.34,112.07444444444444,118.11861111111111
18767,403594.0,403746.40837696,112.10944444444445,112.15178010471112,1,1,0.034166666666666665,112.10944444444445,118.14361111111111
18768,403627.0,403819.05933682,112.11861111111111,112.17196092689444,1,8,0.34444444444444444,112.11861111111111,118.16166666666666
18769,403702.0,404006.81675393,112.13944444444445,112.22411576498055,1,1,0.06833333333333333,112.13944444444445,118.21305555555556
18770,403759.0,405642.42059337,112.15527777777778,112.678450164825,1,1,0.4222222222222222,112.15527777777778,118.64194444444445
18771,403782.0,403962.90750436,112.16166666666666,112.21191875121112,1,4,0.1622222222222222,112.16166666666666,118.20222222222222
18774,403948.0,404149.97207679,112.20777777777778,112.26388113244167,1,8,0.3622222222222222,112.20777777777778,118.25611111111111
18776,404122.0,404317.77661431,112.25611111111111,112.310493503975,1,8,0.3511111111111111,112.25611111111111,118.3
18821,404281.0,405316.88132635,112.30027777777778,112.58802259065277,1,8,1.8577777777777778,112.30027777777778,118.5325
18823,404392.0,404893.83246073,112.33111111111111,112.47050901686944,1,1,0.1125,112.33111111111111,118.755
18914,404782.0,404949.27748691,112.43944444444445,112.48591041303055,1,4,0.15,112.43944444444445,118.47694444444444
18915,404785.0,405498.71727749,112.44027777777778,112.63853257708055,1,1,0.16,112.44027777777778,118.60027777777778
18917,404954.0,405195.62303665,112.48722222222223,112.55433973240278,1,8,0.43333333333333335,112.48722222222223,118.54333333333334
18919,405118.0,405512.03141361,112.53277777777778,112.64223094822499,1,8,0.7066666666666667,112.53277777777778,118.6211111111111
18920,405156.0,405387.71029668,112.54333333333334,112.60769730463333,1,8,0.41555555555555557,112.54333333333334,118.59527777777778
18921,405195.0,405513.44677138,112.55416666666666,112.64262410316111,1,1,0.07138888888888889,112.55416666666666,118.62555555555555
18922,405343.0,405510.27748691,112.59527777777778,112.64174374636389,1,4,0.15,112.59527777777778,118.63277777777778
18924,405437.0,405524.97556719,112.62138888888889,112.64582654644165,1,8,0.15777777777777777,112.62138888888889,118.64111111111112
18925,405438.0,415926.91797557,112.62166666666667,115.5352549932139,1,1,2.3513888888888888,112.62166666666667,120.97305555555556
18927,405501.0,405761.20942408,112.63916666666667,112.71144706224443,1,8,0.4666666666666667,112.63916666666667,118.69916666666667
18928,405522.0,407441.35427574,112.645,113.17815396548333,1,8,3.442222222222222,112.645,119.07527777777777
18929,405622.0,415884.16404887,112.67277777777778,115.52337890246389,1,1,2.3005555555555555,112.67277777777778,120.97333333333333
18930,405717.0,405947.47120419,112.69916666666667,112.76318644560833,1,8,0.41333333333333333,112.69916666666667,118.75083333333333
18931,405762.0,416130.72600349,112.71166666666667,115.59186833430277,1,1,2.3244444444444445,112.71166666666667,121.03611111111111
18932,405805.0,417913.41186736,112.72361111111111,116.08705885204445,1,1,2.7144444444444447,112.72361111111111,121.43805555555555
18933,405867.0,610708.63551402,112.74083333333333,169.64128764278334,2,1,51.450833333333335,112.74083333333333,170.21
18934,405877.0,416709.14659686,112.74361111111111,115.75254072135,1,1,2.4283333333333332,112.74361111111111,121.17194444444445
18935,405890.0,449255.7591623,112.74722222222222,124.79326643397222,1,8,77.77333333333333,112.74722222222222,128.4688888888889
18936,405903.0,406971.09773124,112.75083333333333,113.04752714756665,1,8,1.9155555555555555,112.75083333333333,118.99027777777778
18937,406266.0,406656.31413613,112.85166666666667,112.9600872600361,1,8,0.7,112.85166666666667,118.93916666666667
18940,406720.0,407091.72774869,112.97777777777777,113.08103548574722,1,8,0.6666666666666666,112.97777777777777,119.06111111111112
18941,406765.0,407160.27050611,112.99027777777778,113.10007514058611,1,8,0.7088888888888889,112.99027777777778,119.07888888888888
18942,407071.0,407317.57940663,113.07527777777777,113.14377205739723,1,8,0.44222222222222224,113.07527777777777,119.13055555555556
18943,407084.0,407178.17102967,113.07888888888888,113.10504750824167,1,8,0.1688888888888889,113.07888888888888,119.1
18945,407177.0,409049.26876091,113.10472222222222,113.62479687803057,1,8,3.3577777777777778,113.10472222222222,119.52694444444444
18946,407247.0,407595.18499127,113.12416666666667,113.22088471979723,1,8,0.6244444444444445,113.12416666666667,119.20222222222222
18949,407291.0,408180.66841187,113.13638888888889,113.38351900329722,1,8,1.5955555555555556,113.13638888888889,119.3375
18951,408036.0,408254.08027923,113.34333333333333,113.40391118867501,1,8,0.39111111111111113,113.34333333333333,119.39472222222223
18952,408222.0,408431.40663176,113.395,113.45316850882223,1,8,0.37555555555555553,113.395,119.44194444444445
18953,408392.0,408980.56893543,113.44222222222223,113.60571359317501,1,8,1.0555555555555556,113.44222222222223,119.57416666666667
18954,408590.0,408772.14659686,113.49722222222222,113.54781849912779,1,1,0.04083333333333333,113.49722222222222,119.53805555555556
18956,408697.0,408951.01396161,113.52694444444444,113.597503878225,1,8,0.45555555555555555,113.52694444444444,119.5838888888889
18957,408756.0,408929.47294939,113.54333333333334,113.59152026371945,1,1,0.03888888888888889,113.54333333333334,119.58222222222223
18962,408840.0,430522.87958115,113.56666666666666,119.58968877254168,1,8,38.88666666666666,113.56666666666666,124.4275
18963,408867.0,408912.84642234,113.57416666666667,113.58690178398334,1,4,0.04111111111111111,113.57416666666667,119.58444444444444
18966,408920.0,409157.90575916,113.58888888888889,113.65497382198889,1,8,0.4266666666666667,113.58888888888889,119.64333333333333
18967,408920.0,409817.10296684,113.58888888888889,113.83808415745555,1,8,1.6088888888888888,113.58888888888889,119.7911111111111
18968,408939.0,409277.27225131,113.59416666666667,113.68813118091944,1,8,0.6066666666666667,113.59416666666667,119.67
18970,408955.0,409216.44851658,113.59861111111111,113.67123569905,1,1,0.058611111111111114,113.59861111111111,119.65722222222222
18979,409117.0,409327.64572426,113.64361111111111,113.70212381229445,1,8,0.37777777777777777,113.64361111111111,119.69083333333333
18982,409234.0,424236.93193717,113.67611111111111,117.84359220476944,1,8,26.906666666666666,113.67611111111111,123.03944444444444
18984,409283.0,409541.97033159,113.68972222222222,113.76165842544167,1,1,0.058055555555555555,113.68972222222222,119.74777777777778
18985,409288.0,410258.20942408,113.69111111111111,113.9606137289111,1,8,1.74,113.69111111111111,119.90861111111111
18991,409666.0,409860.53752182,113.79611111111112,113.85014931161666,1,8,0.3488888888888889,113.79611111111112,119.84138888888889
18993,409800.0,410072.60034904,113.83333333333333,113.90905565251111,1,1,0.06111111111111111,113.83333333333333,119.89444444444445
18994,409830.0,409974.97382199,113.84166666666667,113.88193717277501,1,8,0.26,113.84166666666667,119.87416666666667
18997,409947.0,410380.68237347,113.87416666666667,113.99463399263055,1,8,0.7777777777777778,113.87416666666667,119.9713888888889
19002,410072.0,410126.52006981,113.9088888888889,113.92403335272499,1,4,0.04888888888888889,113.9088888888889,119.92111111111112
19004,410137.0,410352.60209424,113.92694444444444,113.98683391506667,1,8,0.38666666666666666,113.92694444444444,119.97805555555556
19006,410297.0,410352.7591623,113.9713888888889,113.98687754508333,1,4,0.05,113.9713888888889,119.98388888888888
19008,410321.0,410560.14485166,113.97805555555556,114.04448468101667,1,8,0.4288888888888889,113.97805555555556,120.03166666666667
19011,410359.0,415985.71902269,113.98861111111111,115.5515886174139,1,1,1.261388888888889,113.98861111111111,121.25
19012,410361.0,410590.23211169,113.98916666666666,114.05284225324722,1,8,0.4111111111111111,113.98916666666666,120.04277777777777
19013,410514.0,410753.14485166,114.03166666666667,114.09809579212778,1,8,0.4288888888888889,114.03166666666667,120.08527777777778
19014,410554.0,410746.05933682,114.04277777777777,114.0961275935611,1,8,0.34444444444444444,114.04277777777777,120.08583333333333
19017,410707.0,410745.41186736,114.08527777777778,114.09594774093334,1,4,0.034444444444444444,114.08527777777778,120.09388888888888
19018,410710.0,411584.79930192,114.08611111111111,114.3291109172,1,8,1.568888888888889,114.08611111111111,120.28222222222222
19022,410762.0,410951.58115183,114.10055555555556,114.15321698661944,1,8,0.34,114.10055555555556,120.14361111111111
19023,410917.0,411140.03664921,114.14361111111111,114.20556573589165,1,8,0.4,114.14361111111111,120.19361111111111
19028,411098.0,411235.53926702,114.19388888888889,114.23209424083889,1,4,0.12333333333333334,114.19388888888889,120.22472222222223
19030,411226.0,558121.90342679,114.22944444444444,155.03386206299723,2,8,295.1711111111111,114.22944444444444,157.12583333333333
19031,411227.0,411431.45026178,114.22972222222222,114.28651396160555,1,8,0.36666666666666664,114.22972222222222,120.27555555555556
19036,411392.0,411596.45026178,114.27555555555556,114.33234729493888,1,8,0.36666666666666664,114.27555555555556,120.32138888888889
19037,411417.0,411490.10645724,114.2825,114.30280734923333,1,4,0.06555555555555556,114.2825,120.29888888888888
19040,411494.0,411697.21116928,114.30388888888889,114.36033643591111,1,8,0.36444444444444446,114.30388888888889,120.35138888888889
19041,411557.0,411687.10471204,114.32138888888889,114.35752908667777,1,4,0.11666666666666667,114.32138888888889,120.35055555555556
19042,411665.0,411871.92844677,114.35138888888889,114.40886901299167,1,8,0.3711111111111111,114.35138888888889,120.39777777777778
19044,411687.0,411898.88481675,114.3575,114.41635689354167,1,8,0.38,114.3575,120.40694444444445
19045,411833.0,412059.7539267,114.39805555555556,114.46104275741666,1,8,0.4066666666666667,114.39805555555556,120.44888888888889
19046,411866.0,412051.86387435,114.40722222222222,114.45885107620833,1,8,0.3333333333333333,114.40722222222222,120.44888888888889
19047,412016.0,412059.36823735,114.44888888888889,114.46093562148612,1,4,0.03888888888888889,114.44888888888889,120.45861111111111
19048,412017.0,412124.80104712,114.44916666666667,114.47911140197778,1,4,0.09666666666666666,114.44916666666667,120.47333333333333
19050,412069.0,412268.4938918,114.4636111111111,114.51902608105556,1,8,0.35777777777777775,114.4636111111111,120.51083333333334
19052,412126.0,412366.38394415,114.47944444444444,114.5462177622639,1,8,0.4311111111111111,114.47944444444444,120.53416666666666
19053,412131.0,412408.55671902,114.48083333333334,114.55793242195,1,1,0.06222222222222222,114.48083333333334,120.54305555555555
19054,412239.0,412480.62303665,114.51083333333334,114.57795084351389,1,8,0.43333333333333335,114.51083333333334,120.565
19055,412245.0,412246.2390925,114.5125,114.51284419236111,1,1,0.0002777777777777778,114.5125,120.51277777777777
19056,412250.0,412251.2390925,114.51388888888889,114.51423308125,1,8,0.0022222222222222222,114.51388888888889,120.51416666666667
19057,412324.0,412533.40663176,114.53444444444445,114.59261295326667,1,8,0.37555555555555553,114.53444444444445,120.5813888888889
19058,412434.0,412586.40837696,114.565,114.60733566026667,1,4,0.13666666666666666,114.565,120.59916666666666
19059,412494.0,412667.47294939,114.58166666666666,114.62985359705279,1,4,0.15555555555555556,114.58166666666666,120.62055555555555
19061,412574.0,412756.14659686,114.60388888888889,114.65448516579445,1,8,0.32666666666666666,114.60388888888889,120.6475
19062,412651.0,412859.16753927,114.62527777777778,114.68310209424168,1,8,0.37333333333333335,114.62527777777778,120.67194444444445
19063,412731.0,412954.03664921,114.6475,114.70945462478055,1,8,0.4,114.6475,120.6975
19065,412819.0,413054.42757417,114.67194444444445,114.737340992825,1,8,0.4222222222222222,114.67194444444445,120.72472222222223
19066,412911.0,413060.93019197,114.6975,114.73914727554723,1,4,0.13444444444444445,114.6975,120.7311111111111
19067,413010.0,413143.82198953,114.725,114.76217277486944,1,4,0.12,114.725,120.755
19069,413049.0,413236.10296684,114.73583333333333,114.78780637967778,1,8,0.33555555555555555,114.73583333333333,120.78055555555555
19071,413133.0,413347.36300175,114.75916666666667,114.81871194493056,1,8,0.3844444444444444,114.75916666666667,120.80916666666667
19072,413211.0,413391.90750436,114.78083333333333,114.83108541787779,1,8,0.3244444444444444,114.78083333333333,120.82138888888889
19073,413314.0,413528.36300175,114.80944444444444,114.86898972270833,1,8,0.3844444444444444,114.80944444444444,120.8575
19074,413357.0,413551.53752182,114.82138888888889,114.87542708939444,1,4,0.17444444444444446,114.82138888888889,120.865
19075,413487.0,413687.73298429,114.8575,114.91325916230278,1,4,0.18,114.8575,120.9025
19077,413538.0,413738.73298429,114.87166666666667,114.92742582896945,1,8,0.36,114.87166666666667,120.91805555555555
19079,413666.0,413848.14659686,114.90722222222222,114.95781849912778,1,8,0.32666666666666666,114.90722222222222,120.95055555555555
19080,413706.0,413883.19022688,114.91833333333334,114.96755284080001,1,8,0.31777777777777777,114.91833333333334,120.95805555555556
19081,413715.0,413954.14485166,114.92083333333333,114.98726245879445,1,2,0.10722222222222222,114.92083333333333,120.97444444444444
19085,413822.0,414007.86387435,114.95055555555555,115.00218440954166,1,8,0.3333333333333333,114.95055555555555,120.99222222222222
19086,413849.0,413977.86561955,114.95805555555556,114.99385156098612,1,4,0.11555555555555555,114.95805555555556,120.98694444444445
19088,413968.0,414195.9930192,114.99111111111111,115.05444250533333,1,8,0.4088888888888889,114.99111111111111,121.04333333333334
19089,413972.0,414161.58115183,114.99222222222222,115.0448836532861,1,4,0.17,114.99222222222222,121.0363888888889
19091,414153.0,414367.36300175,115.0425,115.1020452782639,1,8,0.3844444444444444,115.0425,121.09138888888889
19092,414157.0,414346.58115183,115.0436111111111,115.09627254217499,1,8,0.34,115.0436111111111,121.08694444444444
19094,414314.0,414446.58289703,115.08722222222222,115.12405080473056,1,4,0.11888888888888889,115.08722222222222,121.11694444444444
19095,414329.0,414378.56369983,115.09138888888889,115.1051565832861,1,8,0.08888888888888889,115.09138888888889,121.1025
19097,414385.0,415537.35602094,115.10694444444445,115.42704333915,1,8,2.066666666666667,115.10694444444445,121.36722222222222
19099,414437.0,414643.92844677,115.12138888888889,115.17886901299167,1,8,0.3711111111111111,115.12138888888889,121.16944444444445
19101,414611.0,414837.7539267,115.16972222222222,115.23270942408332,1,8,0.4066666666666667,115.16972222222222,121.22055555555555
19105,414794.0,414941.45200698,115.22055555555555,115.26151444638334,1,4,0.1322222222222222,115.22055555555555,121.25361111111111
19107,414927.0,415106.66841187,115.2575,115.30740789218612,1,8,0.32222222222222224,115.2575,121.30083333333333
19108,415083.0,415273.82024433,115.30083333333333,115.35383895675832,1,8,0.3422222222222222,115.30083333333333,121.34361111111112
19110,415237.0,415406.7556719,115.34361111111112,115.39076546441666,1,4,0.15222222222222223,115.34361111111112,121.38166666666666
19111,415322.0,415423.60558464,115.36722222222222,115.39544599573333,1,8,0.18222222222222223,115.36722222222222,121.39
19112,415390.0,415606.84118674,115.3861111111111,115.44634477409446,1,8,0.3888888888888889,115.3861111111111,121.43472222222222
19114,415423.0,415788.53228621,115.39527777777778,115.49681452394722,1,8,0.6555555555555556,115.39527777777778,121.48
19115,415450.0,415452.47818499,115.40277777777777,115.40346616249722,1,1,0.0005555555555555556,115.40277777777777,121.40333333333334
19116,415456.0,415457.2390925,115.40444444444445,115.40478863680556,1,8,0.0022222222222222222,115.40444444444445,121.40472222222222
19117,415565.0,415605.89005236,115.43472222222222,115.44608057010001,1,8,0.07333333333333333,115.43472222222222,121.44388888888889
19119,415621.0,416329.7609075,115.45027777777777,115.64715580763888,1,8,1.271111111111111,115.45027777777777,121.61027777777778
19120,415729.0,415787.2373473,115.48027777777777,115.49645481869445,1,8,0.10444444444444445,115.48027777777777,121.49333333333334
19121,415790.0,416025.42757417,115.49722222222222,115.56261877060278,1,8,0.4222222222222222,115.49722222222222,121.55
19122,415997.0,416234.90575916,115.55472222222222,115.62080715532223,1,8,0.4266666666666667,115.55472222222222,121.60805555555555
19124,416197.0,416310.9965096,115.61027777777778,115.64194347488889,1,8,0.20444444444444446,115.61027777777778,121.63583333333334
19126,416205.0,416451.57940663,115.6125,115.68099427961945,1,8,0.44222222222222224,115.6125,121.66944444444445
19128,416317.0,416614.38219895,115.64361111111111,115.7262172774861,1,8,0.5333333333333333,115.64361111111111,121.71083333333333
19130,416426.0,416710.991274,115.67388888888888,115.75305313166668,1,8,0.5111111111111111,115.67388888888888,121.73777777777778
19131,416559.0,416603.60732984,115.71083333333333,115.7232242582889,1,8,0.08,115.71083333333333,121.72083333333333
19133,416617.0,416858.62303665,115.72694444444444,115.79406195462501,1,8,0.43333333333333335,115.72694444444444,121.7825
19135,416673.0,416909.66666667,115.7425,115.80824074074167,1,8,0.42444444444444446,115.7425,121.79833333333333
19153,416839.0,417069.47120419,115.78861111111111,115.85263089005278,1,8,0.41333333333333333,115.78861111111111,121.84194444444445
19156,416889.0,417121.94938918,115.8025,115.8672081636611,1,8,0.4177777777777778,115.8025,121.85666666666667
19160,417047.0,417298.53577661,115.8463888888889,115.91625993794723,1,8,0.45111111111111113,115.8463888888889,121.90583333333333
19164,417107.0,417353.57940663,115.86305555555556,115.931549835175,1,8,0.44222222222222224,115.86305555555556,121.9186111111111
19165,417274.0,417505.71029668,115.90944444444445,115.97380841574444,1,8,0.41555555555555557,115.90944444444445,121.96138888888889
19166,417297.0,417741.83420593,115.91583333333334,116.0393983905361,1,8,0.7977777777777778,115.91583333333334,122.15666666666667
19169,417476.0,417758.51308901,115.96555555555555,116.0440314136139,1,8,0.5066666666666667,115.96555555555555,122.03083333333333
19172,417588.0,448862.69458988,115.99666666666667,124.68408183052222,1,1,7.011111111111111,115.99666666666667,129.0077777777778
19174,417733.0,417975.86212914,116.03694444444444,116.10440614698334,1,8,0.43555555555555553,116.03694444444444,122.0925
19176,417767.0,499493.82373473,116.04638888888888,138.74828437075834,1,32,586.2844444444445,116.04638888888888,140.36805555555554
19179,417952.0,418176.27574171,116.09777777777778,116.16007659491945,1,8,0.4022222222222222,116.09777777777778,122.15083333333334
19183,418268.0,418378.27923211,116.18555555555555,116.21618867558611,1,1,0.024722222222222222,116.18555555555555,122.21027777777778
19186,418485.0,485247.30366492,116.24583333333334,134.7909176847,1,1,14.966666666666667,116.24583333333334,137.2125
19187,418507.0,418945.63874346,116.25194444444445,116.37378853985,1,8,0.7866666666666666,116.25194444444445,122.38138888888889
19192,419344.0,422198.86910995,116.48444444444445,117.27746364165279,1,16,10.24,116.48444444444445,123.12444444444445
19194,419394.0,419610.84118674,116.49833333333333,116.55856699631667,1,8,0.3888888888888889,116.49833333333333,122.54694444444445
19197,419675.0,419751.82373473,116.57638888888889,116.59772881520279,1,1,0.017222222222222222,116.57638888888889,122.59361111111112
19198,419751.0,419835.2582897,116.5975,116.62090508047223,1,1,0.01888888888888889,116.5975,122.61638888888889
19200,419805.0,420653.77835951,116.6125,116.84827176653056,1,1,0.19027777777777777,116.6125,122.80277777777778
19201,419884.0,419955.86736475,116.63444444444444,116.65440760131945,1,1,0.01611111111111111,116.63444444444444,122.65055555555556
19206,420382.0,420383.2390925,116.77277777777778,116.77312197013889,1,8,0.0022222222222222222,116.77277777777778,122.77305555555556
19207,420460.0,420461.2390925,116.79444444444445,116.79478863680556,1,8,0.0022222222222222222,116.79444444444445,122.80305555555556
19208,420544.0,420672.86561955,116.81777777777778,116.85357378320833,1,1,0.028888888888888888,116.81777777777778,122.84666666666666
19209,420712.0,421195.2460733,116.86444444444444,116.99867946480556,1,1,0.10833333333333334,116.86444444444444,122.97277777777778
19211,421233.0,422087.97382199,117.00916666666667,117.24665939499722,1,8,1.5333333333333334,117.00916666666667,123.20083333333334
19214,421668.0,422084.33507853,117.13,117.245648632925,1,1,0.09333333333333334,117.13,123.24583333333334
19215,421734.0,427218.22338569,117.14833333333333,118.67172871824722,1,1,1.2294444444444443,117.14833333333333,124.47527777777778
19580,424329.0,455318.70331588,117.86916666666667,126.47741758774444,1,1,6.947222222222222,117.86916666666667,130.8163888888889
19601,424393.0,424445.04188482,117.88694444444444,117.90140052356111,1,1,0.011666666666666667,117.88694444444444,123.89861111111111
19651,424554.0,424601.08551483,117.93166666666667,117.94474597634166,1,1,0.010555555555555556,117.93166666666667,123.94222222222223
19954,425526.0,427269.40314136,118.20166666666667,118.68594531704444,1,1,0.3908333333333333,118.20166666666667,124.5925
19955,425526.0,428252.0034904,118.20166666666667,118.95888985844444,1,1,0.6111111111111112,118.20166666666667,124.81277777777778
19956,425526.0,428252.0034904,118.20166666666667,118.95888985844444,1,1,0.6111111111111112,118.20166666666667,124.81277777777778
19957,425526.0,428282.98080279,118.20166666666667,118.96749466744167,1,1,0.6180555555555556,118.20166666666667,124.81972222222223
19958,425526.0,428286.69808028,118.20166666666667,118.96852724452222,1,1,0.6188888888888889,118.20166666666667,124.82055555555556
19959,425526.0,428282.98080279,118.20166666666667,118.96749466744167,1,1,0.6180555555555556,118.20166666666667,124.81972222222223
19960,425526.0,428286.69808028,118.20166666666667,118.96852724452222,1,1,0.6188888888888889,118.20166666666667,124.82055555555556
19974,425569.0,428272.69982548,118.2136111111111,118.96463884041111,1,1,0.6061111111111112,118.2136111111111,124.81972222222223
19975,425569.0,428272.69982548,118.2136111111111,118.96463884041111,1,1,0.6061111111111112,118.2136111111111,124.81972222222223
19976,425569.0,428145.07329843,118.2136111111111,118.92918702734167,1,1,0.5775,118.2136111111111,124.7911111111111
19977,425569.0,428142.59511344,118.2136111111111,118.92849864262223,1,1,0.5769444444444445,118.2136111111111,124.79055555555556
19978,425569.0,428147.55148342,118.2136111111111,118.92987541206112,1,1,0.5780555555555555,118.2136111111111,124.79166666666667
19979,425569.0,428142.59511344,118.2136111111111,118.92849864262223,1,1,0.5769444444444445,118.2136111111111,124.79055555555556
19980,425569.0,428151.26876091,118.2136111111111,118.93090798914167,1,1,0.5788888888888889,118.2136111111111,124.7925
19981,425569.0,428150.02966841,118.2136111111111,118.93056379678056,1,1,0.5786111111111111,118.2136111111111,124.79222222222222
19984,425573.0,429127.95636998,118.21472222222222,119.20221010277223,1,1,0.7969444444444445,118.21472222222222,125.01166666666667
19985,425573.0,429130.43455497,118.21472222222222,119.20289848749167,1,1,0.7975,118.21472222222222,125.01222222222222
19986,425573.0,427857.88656195,118.21472222222222,118.849412933875,1,1,0.5122222222222222,118.21472222222222,124.72694444444444
19987,425573.0,427857.88656195,118.21472222222222,118.849412933875,1,1,0.5122222222222222,118.21472222222222,124.72694444444444
19988,425573.0,427857.88656195,118.21472222222222,118.849412933875,1,1,0.5122222222222222,118.21472222222222,124.72694444444444
19989,425573.0,427857.88656195,118.21472222222222,118.849412933875,1,1,0.5122222222222222,118.21472222222222,124.72694444444444
19990,425573.0,427857.88656195,118.21472222222222,118.849412933875,1,1,0.5122222222222222,118.21472222222222,124.72694444444444
19991,425573.0,427857.88656195,118.21472222222222,118.849412933875,1,1,0.5122222222222222,118.21472222222222,124.72694444444444
20264,427169.0,427333.79930192,118.65805555555555,118.70383313942222,1,1,0.036944444444444446,118.65805555555555,124.695
20265,427210.0,427508.62129145,118.66944444444445,118.75239480318055,1,1,0.06694444444444445,118.66944444444445,124.76194444444444
20267,427342.0,427490.69109948,118.70611111111111,118.7474141943,1,1,0.03333333333333333,118.70611111111111,124.73944444444444
20268,427398.0,427524.38743456,118.72166666666666,118.75677428737778,1,1,0.028333333333333332,118.72166666666666,124.75
20270,427417.0,428632.54973822,118.72694444444444,119.06459714950556,1,1,0.2725,118.72694444444444,124.99944444444445
20271,427417.0,429007.9947644,118.72694444444444,119.16888743455556,1,1,0.3566666666666667,118.72694444444444,125.08361111111111
20272,427417.0,429009.23385689,118.72694444444444,119.16923162691388,1,1,0.35694444444444445,118.72694444444444,125.0838888888889
20273,427417.0,429007.9947644,118.72694444444444,119.16888743455556,1,1,0.3566666666666667,118.72694444444444,125.08361111111111
20274,427417.0,429009.23385689,118.72694444444444,119.16923162691388,1,1,0.35694444444444445,118.72694444444444,125.0838888888889
20278,427593.0,427736.73472949,118.77583333333334,118.81575964708055,1,1,0.03222222222222222,118.77583333333334,124.80805555555555
20279,427601.0,427734.82198953,118.77805555555555,118.815228330425,1,1,0.03,118.77805555555555,124.80805555555555
20281,427646.0,429536.85514834,118.79055555555556,119.31579309676111,1,1,0.42388888888888887,118.79055555555556,125.21444444444444
20282,427648.0,429536.37696335,118.7911111111111,119.31566026759722,1,1,0.42333333333333334,118.7911111111111,125.21444444444444
20283,427650.0,429535.89877836,118.79166666666667,119.31552743843334,1,1,0.42277777777777775,118.79166666666667,125.21444444444444
20284,427652.0,429535.42059337,118.79222222222222,119.31539460926945,1,1,0.4222222222222222,118.79222222222222,125.21444444444444
20285,427653.0,429535.18150087,118.7925,119.3153281946861,1,1,0.42194444444444446,118.7925,125.21444444444444
20290,427922.0,437925.19371728,118.86722222222222,121.64588714368888,1,1,2.2425,118.86722222222222,127.10972222222222
20292,427992.0,428228.66666667,118.88666666666667,118.95240740740833,1,8,0.42444444444444446,118.88666666666667,124.9825
20295,428199.0,428200.2390925,118.94416666666666,118.94451085902779,1,4,0.0011111111111111111,118.94416666666666,124.94444444444444
20296,428206.0,428208.47818499,118.94611111111111,118.94679949583056,1,6,0.0033333333333333335,118.94611111111111,124.94666666666667
20297,428213.0,428214.2390925,118.94805555555556,118.94839974791667,1,7,0.0019444444444444444,118.94805555555556,124.94833333333334
20300,428225.0,470823.7609075,118.95138888888889,130.7843780298611,1,1,9.549722222222222,118.95138888888889,134.5011111111111
20304,428710.0,428934.27574171,119.08611111111111,119.14840992825278,1,1,0.050277777777777775,119.08611111111111,125.13638888888889
20311,429888.0,430081.29842932,119.41333333333333,119.46702734147777,1,1,0.043333333333333335,119.41333333333333,125.45666666666666
20314,430826.0,430977.16928447,119.67388888888888,119.71588035679721,1,1,0.03388888888888889,119.67388888888888,125.70777777777778
20315,431043.0,433460.46945899,119.73416666666667,120.40568596083055,1,1,0.5419444444444445,119.73416666666667,126.2761111111111
20317,431505.0,516893.34205934,119.8625,143.5814839053722,1,8,153.13777777777779,119.8625,145.00472222222223
20322,434111.0,434248.53926702,120.58638888888889,120.62459424083889,1,8,0.24666666666666667,120.58638888888889,130.96583333333334
20324,434224.0,435894.29668412,120.61777777777777,121.08174907892223,1,1,0.37444444444444447,120.61777777777777,126.99222222222222
20325,434421.0,444574.12390925,120.6725,123.49281219701389,1,1,2.276111111111111,120.6725,128.94861111111112
20326,434616.0,444499.0017452,120.72666666666667,123.47194492922223,1,1,2.2155555555555555,120.72666666666667,128.94222222222223
20328,434748.0,444663.21815009,120.76333333333334,123.51756059724723,1,1,2.222777777777778,120.76333333333334,128.98611111111111
20329,434840.0,444787.43455497,120.78888888888889,123.55206515415834,1,1,2.23,120.78888888888889,129.01888888888888
20331,435059.0,444939.52356021,120.84972222222223,123.59431210005833,1,1,2.215,120.84972222222223,129.06472222222223
20332,435171.0,445117.19546248,120.88083333333333,123.64366540624445,1,1,2.229722222222222,120.88083333333333,129.3411111111111
20335,435339.0,445068.35427574,120.9275,123.63009840992777,1,1,2.181111111111111,120.9275,131.12333333333333
20336,435484.0,455346.65270506,120.96777777777778,126.48518130696112,1,2,8.905555555555555,120.96777777777778,131.42055555555555
20339,436548.0,436748.73298429,121.26333333333334,121.31909249563611,1,2,0.09,121.26333333333334,127.30833333333334
20341,436710.0,436991.27399651,121.30833333333334,121.38646499903057,1,2,0.12611111111111112,121.30833333333334,127.37138888888889
20345,437260.0,437447.10296684,121.46111111111111,121.51308415745555,1,2,0.08388888888888889,121.46111111111111,127.50305555555556
20347,437412.0,437615.21116928,121.50333333333333,121.55978088035556,1,2,0.09111111111111111,121.50333333333333,127.54888888888888
20352,443214.0,614963.2211838,123.115,170.82311699550002,2,32,1380.4444444444443,123.115,172.2538888888889
20357,443911.0,555480.12739965,123.3086111111111,154.30003538879168,1,1,25.011388888888888,123.3086111111111,154.32
20358,443950.0,512621.7452007,123.31944444444444,142.39492922241666,1,1,15.394722222222223,123.31944444444444,144.71416666666667
20359,443966.0,567523.69470405,123.32388888888889,157.645470751125,2,1,31.034444444444443,123.32388888888889,160.35833333333332
20360,444071.0,545047.12565445,123.35305555555556,151.40197934845835,1,1,22.636666666666667,123.35305555555556,151.9897222222222
20361,444086.0,471182.47469459,123.35722222222222,130.88402074849722,1,1,6.0744444444444445,123.35722222222222,135.43166666666667
20362,444107.0,581299.57009346,123.36305555555556,161.4721028037389,2,1,34.45916666666667,123.36305555555556,163.82222222222222
20363,444121.0,557837.12149533,123.36694444444444,154.954755970925,2,1,28.5625,123.36694444444444,157.92944444444444
20364,444179.0,504616.97556719,123.38305555555556,140.1713821019972,1,1,13.54888888888889,123.38305555555556,142.93194444444444
20365,444202.0,588401.6728972,123.38944444444445,163.44490913811111,2,1,36.219166666666666,123.38944444444445,165.60861111111112
20366,444217.0,583143.65109034,123.39361111111111,161.98434752509445,2,1,34.89472222222222,123.39361111111111,164.28833333333333
20367,444232.0,550971.98442368,123.39777777777778,153.0477734510222,2,1,26.810277777777777,123.39777777777778,156.20805555555555
20368,444251.0,590641.49844237,123.40305555555555,164.06708290065833,2,1,36.769444444444446,123.40305555555555,166.1725
20369,444265.0,579026.76012461,123.40694444444445,160.84076670128056,2,1,33.84861111111111,123.40694444444445,163.25555555555556
20370,444280.0,547558.35951134,123.41111111111111,152.09954430870556,1,1,23.15277777777778,123.41111111111111,152.5638888888889
20371,448674.0,448843.7556719,124.63166666666666,124.67882101997222,1,8,0.30444444444444446,124.63166666666666,131.0038888888889
20372,449339.0,451129.4886562,124.8163888888889,125.31374684894445,1,2,0.8027777777777778,124.8163888888889,131.21777777777777
20381,450784.0,452539.79406632,125.21777777777778,125.70549835175555,1,2,0.7872222222222223,125.21777777777778,131.61138888888888
20383,451912.0,453427.41012216,125.53111111111112,125.95205836726666,1,8,2.7177777777777776,125.53111111111112,131.87083333333334
20385,462604.0,464126.84467714,128.5011111111111,128.9241235214278,1,2,0.6827777777777778,128.5011111111111,134.8425
20387,463833.0,465301.32460733,128.8425,129.25036794648057,1,2,0.6583333333333333,128.8425,135.17166666666665
20388,463952.0,464099.45200698,128.87555555555556,128.91651444638333,1,8,0.2644444444444444,128.87555555555556,134.9086111111111
20407,466528.0,466684.12565445,129.5911111111111,129.6344793484583,1,8,0.28,129.5911111111111,135.6261111111111
20410,466678.0,466840.32111693,129.6327777777778,129.677866976925,1,8,0.2911111111111111,129.6327777777778,135.66916666666665
20426,468649.0,478804.60209424,130.18027777777777,133.0012783595111,1,1,2.276666666666667,130.18027777777777,138.45694444444445
20429,468798.0,478939.97207679,130.22166666666666,133.03888113244167,1,1,2.2736111111111112,130.22166666666666,138.49527777777777
20430,468850.0,479260.85514834,130.23611111111111,133.12801531898333,1,1,2.3338888888888887,130.23611111111111,138.57
20432,468884.0,478988.79930192,130.24555555555557,133.05244425053334,1,1,2.265277777777778,130.24555555555557,138.51083333333332
20433,468991.0,479071.01745201,130.27527777777777,133.07528262555834,1,1,2.2597222222222224,130.27527777777777,138.535
20437,469366.0,479929.26352531,130.37944444444443,133.3136843125861,1,1,2.3680555555555554,130.37944444444443,138.7475
20439,469527.0,479981.22338569,130.42416666666668,133.3281176071361,1,1,2.343611111111111,130.42416666666668,140.80055555555555
20440,469877.0,480261.83420593,130.52138888888888,133.40606505720277,1,1,2.3280555555555558,130.52138888888888,140.82333333333332
20441,469968.0,511019.13438045,130.54666666666665,141.949759550125,1,8,73.62222222222222,130.54666666666665,145.74944444444444
20442,469981.0,511427.40488656,130.55027777777778,142.06316802404444,1,8,74.33111111111111,130.55027777777778,145.84166666666667
20444,470133.0,470488.61954625,130.5925,130.69128320729166,1,8,0.6377777777777778,130.5925,136.67222222222222
20451,471928.0,472158.47120419,131.0911111111111,131.1551308900528,1,8,0.41333333333333333,131.0911111111111,137.14277777777778
20452,472365.0,474120.79406632,131.2125,131.7002205739778,1,2,0.7872222222222223,131.2125,137.60611111111112
20454,472995.0,473141.21291449,131.3875,131.42811469846944,1,8,0.26222222222222225,131.3875,137.47861111111112
20455,473202.0,473622.05235602,131.445,131.56168121000556,1,16,1.5066666666666666,131.445,137.53916666666666
20458,473424.0,473686.68760908,131.50666666666666,131.57963544696668,1,16,0.9422222222222222,131.50666666666666,137.56555555555556
20461,473571.0,473651.54101222,131.5475,131.56987250339446,1,16,0.28888888888888886,131.5475,137.5661111111111
20462,473643.0,474545.05933682,131.5675,131.81807203800554,1,8,1.6177777777777778,131.5675,137.7697222222222
20463,473647.0,473717.62827225,131.56861111111112,131.588230075625,1,8,0.12666666666666668,131.56861111111112,137.58444444444444
20464,473663.0,473853.82024433,131.57305555555556,131.62606117898056,1,16,0.6844444444444444,131.57305555555556,137.61583333333334
20465,473668.0,482676.20244328,131.57444444444445,134.0767229009111,1,8,16.155555555555555,131.57444444444445,139.5938888888889
20467,473697.0,473937.38394415,131.5825,131.64927331781945,1,16,0.8622222222222222,131.5825,137.6363888888889
20469,473782.0,475565.05410122,131.60611111111112,132.10140391700554,1,2,0.7994444444444444,131.60611111111112,138.00583333333333
20472,473911.0,473996.4973822,131.64194444444445,131.66569371727778,1,8,0.15333333333333332,131.64194444444445,137.6611111111111
20476,474783.0,475681.34205934,131.88416666666666,132.13370612759445,1,8,1.6111111111111112,131.88416666666666,138.08555555555554
20477,474802.0,483751.96509599,131.88944444444445,134.37554585999723,1,8,16.051111111111112,131.88944444444445,139.89583333333334
20482,475786.0,476461.30541012,132.1627777777778,132.35036261392221,1,8,1.211111111111111,132.1627777777778,138.31416666666667
20483,476421.0,477098.78359511,132.33916666666667,132.52743988753056,1,8,1.2155555555555555,132.33916666666667,138.4911111111111
20484,476430.0,476817.83595113,132.34166666666667,132.4493988753139,1,16,1.3911111111111112,132.34166666666667,138.4286111111111
20485,476554.0,476883.59860384,132.3761111111111,132.46766627884443,1,16,1.1822222222222223,132.3761111111111,138.5025
20487,477703.0,490137.29319372,132.6952777777778,136.14924810936665,1,1,2.7875,132.6952777777778,141.48277777777778
20489,477799.0,489925.9982548,132.72194444444443,136.09055507077778,1,1,2.718611111111111,132.72194444444443,141.44055555555556
20491,477936.0,478270.55497382,132.76,132.85293193717223,1,16,1.2,132.76,138.835
20492,478161.0,478871.0,132.8225,133.0197222222222,1,8,1.2733333333333334,132.8225,138.98166666666665
20493,478248.0,478467.31937173,132.84666666666666,132.90758871436944,1,1,0.049166666666666664,132.84666666666666,138.89583333333334
20494,478260.0,478641.64048866,132.85,132.95601124685,1,16,1.3688888888888888,132.85,138.93555555555557
20495,478795.0,479472.78359511,132.9986111111111,133.186884331975,1,8,1.2155555555555555,132.9986111111111,139.15055555555554
20496,479400.0,479616.84118674,133.16666666666666,133.22690032965002,1,1,0.04861111111111111,133.16666666666666,139.21527777777777
20499,480345.0,480506.08202443,133.42916666666667,133.47391167345276,1,1,0.03611111111111111,133.42916666666667,139.46527777777777
20501,480482.0,480594.7574171,133.46722222222223,133.49854372697223,1,16,0.40444444444444444,133.46722222222223,139.4925
20502,480682.0,495842.29668412,133.52277777777778,137.73397130114446,1,16,54.37777777777778,133.52277777777778,142.92138888888888
20503,480695.0,480849.88656195,133.5263888888889,133.56941293387501,1,1,0.034722222222222224,133.5263888888889,139.5611111111111
20504,480792.0,482542.83769634,133.55333333333334,134.03967713787222,1,2,0.785,133.55333333333334,139.94583333333333
20506,480850.0,480890.89005236,133.56944444444446,133.58080279232223,1,1,0.009166666666666667,133.56944444444446,139.57861111111112
20507,480930.0,480980.80279232,133.59166666666667,133.60577855342223,1,1,0.01138888888888889,133.59166666666667,139.60305555555556
20508,481005.0,481042.17277487,133.6125,133.62282577079722,1,1,0.008333333333333333,133.6125,139.62083333333334
20511,481051.0,481085.69458988,133.62527777777777,133.63491516385557,1,1,0.0077777777777777776,133.62527777777777,139.63305555555556
20512,481149.0,481187.41186736,133.6525,133.66316996315555,1,1,0.008611111111111111,133.6525,139.6611111111111
20514,481202.0,481234.21640489,133.66722222222222,133.67617122358055,1,1,0.007222222222222222,133.66722222222222,139.67444444444445
20515,481276.0,481326.80279232,133.68777777777777,133.70188966453335,1,1,0.01138888888888889,133.68777777777777,139.69916666666666
20516,481360.0,481493.82198953,133.7111111111111,133.74828388598056,1,1,0.03,133.7111111111111,139.7411111111111
20517,481377.0,482395.53403141,133.71583333333334,133.99875945316944,1,2,0.45666666666666667,133.71583333333334,139.94416666666666
20518,481447.0,481480.45549738,133.73527777777778,133.74457097149445,1,1,0.0075,133.73527777777778,139.74277777777777
20519,481520.0,481554.69458988,133.75555555555556,133.76519294163333,1,1,0.0077777777777777776,133.75555555555556,139.76333333333332
20520,481579.0,481617.41186736,133.77194444444444,133.7826144076,1,1,0.008611111111111111,133.77194444444444,139.78055555555557
20521,481650.0,481683.45549738,133.79166666666666,133.80095986038333,1,1,0.0075,133.79166666666666,139.79916666666668
20522,481707.0,481741.69458988,133.8075,133.81713738607777,1,1,0.0077777777777777776,133.8075,139.81527777777777
20523,481817.0,481855.41186736,133.83805555555554,133.84872551871112,1,1,0.008611111111111111,133.83805555555554,139.84666666666666
20525,481921.0,481964.36823735,133.86694444444444,133.87899117704168,1,1,0.009722222222222222,133.86694444444444,139.87666666666667
20526,482007.0,482039.21640489,133.89083333333335,133.89978233469168,1,1,0.007222222222222222,133.89083333333335,139.89805555555554
20527,482066.0,482098.21640489,133.90722222222223,133.91617122358056,1,1,0.007222222222222222,133.90722222222223,139.91444444444446
20528,482184.0,482222.41186736,133.94,133.95066996315555,1,1,0.008611111111111111,133.94,139.94861111111112
20529,482207.0,483509.28621291,133.9463888888889,134.30813505914168,1,2,0.5838888888888889,133.9463888888889,140.23833333333334
20530,482291.0,482320.7382199,133.96972222222223,133.97798283886112,1,1,0.006666666666666667,133.96972222222223,139.9763888888889
20531,482350.0,482384.69458988,133.98611111111111,133.99574849718888,1,1,0.0077777777777777776,133.98611111111111,139.99388888888888
20532,482439.0,482512.10645724,134.01083333333332,134.03114068256667,1,1,0.01638888888888889,134.01083333333332,140.02722222222224
20533,482513.0,482546.45549738,134.0313888888889,134.04068208260554,1,1,0.0075,134.0313888888889,140.0388888888889
20534,482557.0,482587.97731239,134.04361111111112,134.05221592010832,1,1,0.006944444444444444,134.04361111111112,140.05055555555555
20535,482597.0,482632.93368237,134.0547222222222,134.06470380065832,1,1,0.008055555555555555,134.0547222222222,140.06277777777777
20536,482634.0,482667.45549738,134.065,134.07429319371667,1,1,0.0075,134.065,140.0725
20537,482693.0,482725.21640489,134.08138888888888,134.0903378902472,1,1,0.007222222222222222,134.08138888888888,140.0886111111111
20538,482731.0,482761.97731239,134.09194444444444,134.10054925344167,1,1,0.006944444444444444,134.09194444444444,140.0988888888889
20539,482768.0,482796.4991274,134.10222222222222,134.1101386465,1,1,0.006388888888888889,134.10222222222222,140.10861111111112
20540,482806.0,482836.97731239,134.11277777777778,134.12138258677498,1,1,0.006944444444444444,134.11277777777778,140.1197222222222
20541,482905.0,482935.97731239,134.14027777777778,134.148882586775,1,1,0.006944444444444444,134.14027777777778,140.1472222222222
20543,483002.0,483032.97731239,134.16722222222222,134.17582703121946,1,1,0.006944444444444444,134.16722222222222,140.17416666666668
20544,483090.0,483135.84642234,134.19166666666666,134.20440178398334,1,1,0.010277777777777778,134.19166666666666,140.20194444444445
20545,483160.0,483193.45549738,134.2111111111111,134.22040430482778,1,1,0.0075,134.2111111111111,140.2186111111111
20546,483249.0,484312.14136126,134.23583333333335,134.53115037812776,1,2,0.4766666666666667,134.23583333333335,140.52388888888888
20547,483264.0,483449.86387435,134.24,134.2916288539861,1,1,0.041666666666666664,134.24,140.32722222222222
20548,483272.0,483399.62652705,134.2422222222222,134.27767403529165,1,1,0.02861111111111111,134.2422222222222,140.31416666666667
20549,483541.0,483692.16928447,134.31694444444443,134.35893591235276,1,1,0.03388888888888889,134.31694444444443,140.35083333333333
20550,483670.0,483824.88656195,134.3527777777778,134.3958018227639,1,1,0.034722222222222224,134.3527777777778,140.3875
20551,483678.0,483840.32111693,134.355,134.40008919914723,1,8,0.2911111111111111,134.355,140.40722222222223
20553,483807.0,483932.14834206,134.39083333333335,134.42559676168332,1,1,0.028055555555555556,134.39083333333335,140.4188888888889
20554,483866.0,484019.64746946,134.40722222222223,134.44990207485,1,8,0.27555555555555555,134.40722222222223,140.44166666666666
20555,483915.0,484048.82198953,134.42083333333332,134.45800610820277,1,1,0.03,134.42083333333332,140.45083333333332
20556,483990.0,495509.84293194,134.44166666666666,137.64162303665,1,8,20.66,134.44166666666666,143.02416666666667
20557,484030.0,484161.34380454,134.45277777777778,134.4892621679278,1,1,0.029444444444444443,134.45277777777778,140.48222222222222
20559,484120.0,553485.63699825,134.4777777777778,153.74601027729167,1,1,15.550277777777778,134.4777777777778,156.02805555555557
20560,484156.0,484307.16928447,134.48777777777778,134.5297692456861,1,1,0.03388888888888889,134.48777777777778,140.52166666666668
20561,484322.0,484464.495637,134.5338888888889,134.57347101027779,1,1,0.03194444444444444,134.5338888888889,140.56583333333333
20562,484450.0,484582.58289703,134.56944444444446,134.60627302695278,1,1,0.029722222222222223,134.56944444444446,140.59916666666666
20563,484491.0,492773.09424084,134.58083333333335,136.8814150669,1,1,1.8566666666666667,134.58083333333335,142.4375
20564,484493.0,485557.38045375,134.58138888888888,134.87705012604167,1,2,0.4772222222222222,134.58138888888888,140.82
20565,484501.0,484707.92844677,134.5836111111111,134.64109123521388,1,1,0.04638888888888889,134.5836111111111,140.63
20566,484786.0,485010.27574171,134.6627777777778,134.72507659491944,1,1,0.050277777777777775,134.6627777777778,140.71305555555554
20567,484911.0,485074.56020942,134.6975,134.74293339150555,1,1,0.03666666666666667,134.6975,140.73416666666665
20568,484982.0,485114.58289703,134.71722222222223,134.75405080473055,1,1,0.029722222222222223,134.71722222222223,140.74694444444444
20572,485498.0,508618.22687609,134.86055555555555,141.2828407989139,1,1,5.183055555555556,134.86055555555555,146.04361111111112
20573,485521.0,489662.04712042,134.86694444444444,136.01723531122778,1,1,0.9283333333333333,134.86694444444444,141.79527777777778
20574,485590.0,485756.03839442,134.88611111111112,134.9322328873389,1,1,0.03722222222222222,134.88611111111112,140.92333333333335
20575,485604.0,485833.23211169,134.89,134.95367558658054,1,1,0.05138888888888889,134.89,140.9413888888889
20576,485646.0,508852.96335079,134.90166666666667,141.34804537521944,1,1,5.2025,134.90166666666667,146.10416666666666
20577,485804.0,508782.97033159,134.94555555555556,141.3286028698861,1,1,5.151388888888889,134.94555555555556,146.09694444444443
20579,486252.0,486403.16928447,135.07,135.11199146790833,1,1,0.03388888888888889,135.07,141.1038888888889
20580,486378.0,486644.40488656,135.105,135.17900135737779,1,1,0.059722222222222225,135.105,141.16472222222222
20581,486393.0,486519.38743455,135.10916666666665,135.144274287375,1,1,0.028333333333333332,135.10916666666665,141.15694444444443
20582,486407.0,486450.36823735,135.11305555555555,135.1251022881528,1,1,0.009722222222222222,135.11305555555555,141.17444444444445
20583,486418.0,486478.71553229,135.1161111111111,135.1329765367472,1,1,0.01361111111111111,135.1161111111111,141.12972222222223
20586,486617.0,486659.12914485,135.17138888888888,135.183091429125,1,1,0.009444444444444445,135.17138888888888,141.1838888888889
20587,486659.0,490201.56544503,135.18305555555557,136.16710151250834,1,2,1.5883333333333334,135.18305555555557,141.97722222222222
20588,486695.0,486843.69109948,135.19305555555556,135.23435863874445,1,1,0.03333333333333333,135.19305555555556,141.2263888888889
20592,486864.0,490182.28970332,135.24,136.16174713981113,1,2,1.4877777777777779,135.24,141.98388888888888
20594,486922.0,486951.7382199,135.25611111111112,135.26437172775,1,1,0.006666666666666667,135.25611111111112,141.26277777777779
20595,486976.0,588995.44153578,135.2711111111111,163.60984487105,1,1,22.870555555555555,135.2711111111111,164.14166666666668
20596,486989.0,487349.57591623,135.2747222222222,135.37488219895278,1,16,1.2933333333333332,135.2747222222222,141.35555555555555
20597,487037.0,487070.45549738,135.28805555555556,135.29734874927223,1,1,0.0075,135.28805555555556,141.29555555555555
20598,487077.0,487121.60732984,135.29916666666668,135.31155759162223,1,1,0.01,135.29916666666668,141.30916666666667
20599,487131.0,487179.32460733,135.31416666666667,135.32759016870278,1,1,0.010833333333333334,135.31416666666667,141.325
20600,487180.0,548178.04537522,135.32777777777778,152.27167927089445,1,1,13.674444444444445,135.32777777777778,155.00222222222223
20604,487276.0,576271.34031414,135.35444444444445,160.07537230948333,1,1,19.950833333333332,135.35444444444445,161.30527777777777
20605,487317.0,592469.99065421,135.36583333333334,164.5749974039472,2,1,26.411666666666665,135.36583333333334,167.7775
20606,487319.0,487362.36823735,135.36638888888888,135.37843562148612,1,1,0.009722222222222222,135.36638888888888,141.3761111111111
20607,487380.0,487428.32460733,135.38333333333333,135.39675683536944,1,1,0.010833333333333334,135.38333333333333,141.39416666666668
20608,487390.0,613402.83489097,135.38611111111112,170.3896763586028,2,1,31.65111111111111,135.38611111111112,173.03722222222223
20610,487655.0,487698.36823735,135.4597222222222,135.47176895481945,1,1,0.009722222222222222,135.4597222222222,141.46944444444443
20612,487778.0,487857.30191972,135.49388888888888,135.51591719992223,1,16,0.28444444444444444,135.49388888888888,141.51166666666666
20615,487907.0,488257.66317627,135.52972222222223,135.62712866007502,1,16,1.2577777777777779,135.52972222222223,141.60833333333332
20616,487997.0,589171.38045375,135.5547222222222,163.65871679270833,1,1,22.68111111111111,135.5547222222222,164.23583333333335
20617,488120.0,488256.30017452,135.5888888888889,135.6267500484778,1,1,0.030555555555555555,135.5888888888889,141.61944444444444
20619,488429.0,488484.7591623,135.67472222222221,135.69021087841665,1,1,0.0125,135.67472222222221,141.68722222222223
20620,488555.0,488900.70680628,135.7097222222222,135.80575189063333,1,16,1.24,135.7097222222222,141.78722222222223
20621,488599.0,488646.08551483,135.72194444444443,135.73502375411945,1,1,0.010555555555555556,135.72194444444443,141.7325
20622,488706.0,488751.84642234,135.75166666666667,135.76440178398335,1,1,0.010277777777777778,135.75166666666667,141.76194444444445
20623,488739.0,488877.77835951,135.76083333333332,135.79938287764168,1,1,0.03111111111111111,135.76083333333332,141.79194444444445
20624,488809.0,488847.41186736,135.78027777777777,135.79094774093335,1,1,0.008611111111111111,135.78027777777777,141.7888888888889
20625,488975.0,489008.45549738,135.82638888888889,135.83568208260556,1,1,0.0075,135.82638888888889,141.83388888888888
20627,489037.0,590403.32398754,135.8436111111111,164.00092332987222,2,1,25.460555555555555,135.8436111111111,167.30416666666667
20628,489064.0,489102.41186736,135.85111111111112,135.86178107426667,1,1,0.008611111111111111,135.85111111111112,141.85972222222222
20629,489115.0,489174.47643979,135.86527777777778,135.88179901105278,1,8,0.10666666666666667,135.86527777777778,141.8786111111111
20630,489135.0,489173.41186736,135.87083333333334,135.8815032964889,1,1,0.008611111111111111,135.87083333333334,141.87944444444443
20631,489148.0,489180.21640489,135.87444444444444,135.88339344580277,1,1,0.007222222222222222,135.87444444444444,141.88166666666666
20632,489198.0,585456.90052356,135.88833333333332,162.6269168121,1,1,21.579166666666666,135.88833333333332,163.4675
20633,489201.0,489257.9982548,135.88916666666665,135.90499951522222,1,8,0.10222222222222223,135.88916666666665,141.90194444444444
20634,489211.0,489246.93368237,135.89194444444445,135.90192602288056,1,1,0.008055555555555555,135.89194444444445,141.9
20635,489244.0,489277.45549738,135.9011111111111,135.91040430482778,1,1,0.0075,135.9011111111111,141.9086111111111
20636,489268.0,573884.38743455,135.90777777777777,159.41232984293055,1,1,18.969166666666666,135.90777777777777,160.87694444444443
20637,489294.0,513306.37347295,135.915,142.58510374248613,1,8,43.06444444444445,135.915,147.29805555555555
20638,489321.0,599718.25856698,135.9225,166.58840515749444,2,1,27.72888888888889,135.9225,169.6513888888889
20639,489331.0,489368.17277487,135.92527777777778,135.935603548575,1,1,0.008333333333333333,135.92527777777778,141.9336111111111
20640,489331.0,489369.41186736,135.92527777777778,135.93594774093333,1,1,0.008611111111111111,135.92527777777778,141.9338888888889
20641,489368.0,585768.15706806,135.93555555555557,162.71337696335002,1,1,21.610833333333332,135.93555555555557,163.54638888888888
20642,489390.0,489433.36823735,135.94166666666666,135.9537133992639,1,1,0.009722222222222222,135.94166666666666,141.95138888888889
20643,489405.0,489459.52006981,135.94583333333333,135.96097779716945,1,1,0.012222222222222223,135.94583333333333,141.95805555555555
20645,489470.0,546784.22338569,135.9638888888889,151.884506496025,1,1,12.848611111111111,135.9638888888889,154.8125
20646,489492.0,489541.56369983,135.97,135.98376769439722,1,1,0.011111111111111112,135.97,141.98111111111112
20648,489529.0,489599.62827225,135.9802777777778,135.99989674229167,1,16,0.25333333333333335,135.9802777777778,141.9961111111111
20649,489573.0,489605.21640489,135.9925,136.00144900135834,1,1,0.007222222222222222,135.9925,141.99972222222223
20652,489669.0,489723.52006981,136.01916666666668,136.03431113050277,1,1,0.012222222222222223,136.01916666666668,142.0313888888889
20657,489800.0,489835.93368237,136.05555555555554,136.06553713399165,1,1,0.008055555555555555,136.05555555555554,142.0636111111111
20659,489824.0,522844.57591623,136.06222222222223,145.234604421175,1,16,118.44,136.06222222222223,150.3238888888889
20660,489831.0,490176.70680628,136.06416666666667,136.16019633507779,1,16,1.24,136.06416666666667,142.14166666666668
20663,489928.0,489977.56369983,136.0911111111111,136.10487880550832,1,1,0.011111111111111112,136.0911111111111,142.10222222222222
20664,489967.0,518001.46771379,136.10194444444446,143.8892965871639,1,16,100.55555555555556,136.10194444444446,148.38666666666666
20665,489995.0,490229.18848168,136.10972222222222,136.17477457824444,1,1,0.0525,136.10972222222222,142.16222222222223
20667,490043.0,490082.65095986,136.12305555555557,136.13406971107221,1,1,0.008888888888888889,136.12305555555557,142.13194444444446
20669,490150.0,490189.65095986,136.15277777777777,136.16379193329445,1,1,0.008888888888888889,136.15277777777777,142.16166666666666
20671,490180.0,534114.5026178,136.1611111111111,148.36513961605556,1,8,78.79333333333334,136.1611111111111,152.0102777777778
20673,490287.0,490853.26527051,136.19083333333333,136.34812924180832,1,16,2.031111111111111,136.19083333333333,142.3177777777778
20674,490296.0,535752.10820244,136.19333333333333,148.82003005623332,1,8,81.52222222222223,136.19333333333333,152.38361111111112
20677,490314.0,490353.65095986,136.19833333333332,136.20934748885,1,1,0.008888888888888889,136.19833333333332,142.2072222222222
20692,490679.0,490712.45549738,136.29972222222221,136.3090154159389,1,1,0.0075,136.29972222222221,142.3072222222222
20696,490739.0,490782.36823735,136.3163888888889,136.3284356214861,1,1,0.009722222222222222,136.3163888888889,142.32611111111112
20698,490798.0,490871.10645724,136.33277777777778,136.35308512701113,1,1,0.01638888888888889,136.33277777777778,142.34916666666666
20705,490994.0,491067.10645724,136.38722222222222,136.40752957145557,1,1,0.01638888888888889,136.38722222222222,142.4036111111111
20708,491067.0,491290.03664921,136.4075,136.46945462478055,1,1,0.05,136.4075,142.4575
20709,491086.0,497484.67364747,136.4127777777778,138.19018712429724,1,8,11.475555555555555,136.4127777777778,143.84722222222223
20710,491129.0,491628.35427574,136.42472222222221,136.5634317432611,1,1,0.11194444444444444,136.42472222222221,142.53666666666666
20712,491165.0,491220.7591623,136.43472222222223,136.45021087841667,1,1,0.0125,136.43472222222223,142.44722222222222
20714,491246.0,491298.04188482,136.4572222222222,136.47167830133887,1,1,0.011666666666666667,136.4572222222222,142.4688888888889
20717,491346.0,491399.28097731,136.485,136.49980027147498,1,1,0.011944444444444445,136.485,142.49694444444444
20721,491573.0,491761.34205934,136.54805555555555,136.60037279426112,1,1,0.042222222222222223,136.54805555555555,142.59027777777777
20725,491722.0,491931.40663176,136.58944444444444,136.64761295326667,1,1,0.04694444444444444,136.58944444444444,142.6363888888889
20726,491760.0,491808.32460733,136.6,136.6134235020361,1,1,0.010833333333333334,136.6,142.61083333333335
20727,491853.0,498671.72600349,136.62583333333333,138.51992388985832,1,8,12.22888888888889,136.62583333333333,144.1663888888889
20728,491887.0,491940.28097731,136.6352777777778,136.65007804925278,1,1,0.011944444444444445,136.6352777777778,142.6472222222222
20730,491950.0,492287.03315881,136.65277777777777,136.74639809966945,1,16,1.208888888888889,136.65277777777777,145.81444444444443
20731,492005.0,492069.43280977,136.66805555555555,136.68595355826943,1,1,0.014444444444444444,136.66805555555555,142.6825
20732,492026.0,492232.92844677,136.67388888888888,136.73136901299168,1,1,0.04638888888888889,136.67388888888888,142.72027777777777
20734,492071.0,492124.28097731,136.6863888888889,136.70118916036387,1,1,0.011944444444444445,136.6863888888889,142.69833333333332
20735,492103.0,492192.21465969,136.6952777777778,136.72005962769165,1,1,0.02,136.6952777777778,142.71527777777777
20737,492169.0,493146.64397906,136.7136111111111,136.98517888307222,1,2,0.43833333333333335,136.7136111111111,142.93277777777777
20738,492247.0,492312.67190227,136.73527777777778,136.75351997285279,1,1,0.014722222222222222,136.73527777777778,142.75
20739,492280.0,492336.9982548,136.74444444444444,136.760277293,1,1,0.012777777777777779,136.74444444444444,142.75722222222223
20741,492339.0,492467.86561955,136.76083333333332,136.7966293387639,1,1,0.028888888888888888,136.76083333333332,142.78972222222222
20742,492377.0,492473.64921466,136.77138888888888,136.79823589296112,1,1,0.021666666666666667,136.77138888888888,142.79305555555555
20744,492516.0,492613.88830716,136.81,136.83719119643334,1,1,0.021944444444444444,136.81,142.83194444444445
20745,492522.0,492559.17277487,136.81166666666667,136.8219924374639,1,1,0.008333333333333333,136.81166666666667,142.82
20748,492669.0,492869.73298429,136.8525,136.90825916230278,1,1,0.045,136.8525,142.8975
20750,492768.0,499476.44677138,136.88,138.74345743649445,1,8,12.03111111111111,136.88,144.39416666666668
20753,493006.0,495420.991274,136.94611111111112,137.61694202055557,1,1,0.5413888888888889,136.94611111111112,143.4875
20754,493006.0,495420.991274,136.94611111111112,137.61694202055557,1,1,0.5413888888888889,136.94611111111112,143.4875
20755,493006.0,495428.42582897,136.94611111111112,137.6190071747139,1,1,0.5430555555555555,136.94611111111112,143.48916666666668
20756,493006.0,495423.46945899,136.94611111111112,137.61763040527498,1,1,0.5419444444444445,136.94611111111112,143.48805555555555
20757,493006.0,495423.46945899,136.94611111111112,137.61763040527498,1,1,0.5419444444444445,136.94611111111112,143.48805555555555
20758,493006.0,495420.991274,136.94611111111112,137.61694202055557,1,1,0.5413888888888889,136.94611111111112,143.4875
20759,493006.0,495420.991274,136.94611111111112,137.61694202055557,1,1,0.5413888888888889,136.94611111111112,143.4875
20760,493006.0,493580.93891798,136.94611111111112,137.10581636610556,1,1,0.1288888888888889,136.94611111111112,143.075
20763,493039.0,493331.42582897,136.95527777777778,137.03650717471388,1,1,0.06555555555555556,136.95527777777778,143.02083333333334
20767,493288.0,493385.88830716,137.02444444444444,137.05163564087778,1,4,0.08777777777777777,137.02444444444444,143.04638888888888
20768,493370.0,493523.64746946,137.04722222222222,137.08990207485,1,8,0.27555555555555555,137.04722222222222,143.08166666666668
20772,493470.0,494069.72076789,137.075,137.24158910219165,1,1,0.13444444444444445,137.075,143.20944444444444
20773,493494.0,493640.21291449,137.08166666666668,137.12228136513613,1,8,0.26222222222222225,137.08166666666668,143.11444444444444
20776,493612.0,493723.51832461,137.11444444444444,137.14542175683613,1,4,0.1,137.11444444444444,143.13944444444445
20777,493705.0,493849.97382199,137.14027777777778,137.1805482838861,1,8,0.26,137.14027777777778,143.17277777777778
20778,493730.0,493981.53577661,137.1472222222222,137.21709327128056,1,1,0.05638888888888889,137.1472222222222,143.20361111111112
20780,493822.0,493976.88656195,137.17277777777778,137.2158018227639,1,8,0.2777777777777778,137.17277777777778,143.2075
20781,493932.0,519408.98080279,137.20333333333335,144.28027244521945,1,24,137.07333333333332,137.20333333333335,148.91472222222222
20782,493947.0,495329.82722513,137.2075,137.59161867364722,1,8,2.48,137.2075,143.5175
20784,493954.0,494584.69808028,137.20944444444444,137.38463835563334,1,1,0.1413888888888889,137.20944444444444,143.35083333333333
20786,494032.0,494407.44502618,137.23111111111112,137.3354013961611,1,1,0.08416666666666667,137.23111111111112,143.31527777777777
20787,494132.0,494532.22687609,137.2588888888889,137.3700630211361,1,8,0.7177777777777777,137.2588888888889,143.3486111111111
20789,494464.0,495067.43804538,137.35111111111112,137.51873279038332,1,1,0.13527777777777777,137.35111111111112,143.48638888888888
20796,494951.0,495527.17801047,137.48638888888888,137.64643833624166,1,1,0.12916666666666668,137.48638888888888,143.61555555555555
20797,494955.0,496327.91448517,137.4875,137.86886513476944,1,1,0.30777777777777776,137.4875,143.79527777777778
20798,494955.0,496327.91448517,137.4875,137.86886513476944,1,1,0.30777777777777776,137.4875,143.79527777777778
20799,494955.0,496327.91448517,137.4875,137.86886513476944,1,1,0.30777777777777776,137.4875,143.79527777777778
20800,494955.0,496327.91448517,137.4875,137.86886513476944,1,1,0.30777777777777776,137.4875,143.79527777777778
20802,495063.0,495458.27050611,137.5175,137.62729736280832,1,8,0.7088888888888889,137.5175,143.60611111111112
20805,495382.0,495447.67190227,137.60611111111112,137.62435330618612,1,8,0.11777777777777777,137.60611111111112,143.62083333333334
20806,495416.0,495503.97556719,137.61555555555555,137.63999321310834,1,8,0.15777777777777777,137.61555555555555,143.6352777777778
20807,495438.0,498046.28970332,137.62166666666667,138.34619158425556,1,8,4.677777777777778,137.62166666666667,144.20638888888888
20809,495787.0,496100.4904014,137.7186111111111,137.80569177816668,1,1,0.07027777777777777,137.7186111111111,143.7888888888889
20810,495859.0,496105.57940663,137.7386111111111,137.80710539073056,1,1,0.05527777777777778,137.7386111111111,143.7938888888889
20820,496613.0,496941.35951134,137.94805555555556,138.03926653092776,1,1,0.07361111111111111,137.94805555555556,144.0522222222222
20824,497005.0,497316.0122164,138.05694444444444,138.1433367267778,1,1,0.06972222222222223,138.05694444444444,144.12666666666667
20825,497259.0,497553.90401396,138.1275,138.20941778165556,1,1,0.0661111111111111,138.1275,144.19361111111112
20831,497505.0,497814.77312391,138.19583333333333,138.28188142330833,1,1,0.06944444444444445,138.19583333333333,144.26527777777778
20833,497543.0,497763.55846422,138.20638888888888,138.26765512895,1,8,0.39555555555555555,138.20638888888888,144.25583333333333
20834,497554.0,512310.35253054,138.20944444444444,142.30843125848335,1,16,52.92888888888889,138.20944444444444,153.63194444444446
20835,497618.0,506155.34729494,138.22722222222222,140.59870758192778,1,8,15.311111111111112,138.22722222222222,146.14111111111112
20837,497724.0,498596.32111693,138.25666666666666,138.4989780880361,1,8,1.5644444444444445,138.25666666666666,144.45222222222222
20845,498234.0,498432.2547993,138.39833333333334,138.45340411091667,1,1,0.044444444444444446,138.39833333333334,144.4427777777778
20850,498543.0,499018.81151832,138.48416666666665,138.61633653286665,1,1,0.10666666666666667,138.48416666666665,144.59083333333334
20851,498566.0,498837.36125654,138.49055555555555,138.56593368237222,1,1,0.060833333333333336,138.49055555555555,144.55138888888888
20853,498638.0,507196.41186736,138.51055555555556,140.88789218537778,1,8,15.348888888888888,138.51055555555556,146.4361111111111
20854,498681.0,509160.0052356,138.5225,141.43333478766667,1,8,18.793333333333333,138.5225,146.9325
20855,498964.0,500691.29493892,138.60111111111112,139.0809152608111,1,1,0.38722222222222225,138.60111111111112,144.98833333333334
20856,499022.0,499986.01396161,138.6172222222222,138.885003878225,1,2,0.43222222222222223,138.6172222222222,144.90027777777777
20857,499072.0,499546.57242583,138.63111111111112,138.76293678495279,1,1,0.1063888888888889,138.63111111111112,144.79055555555556
20858,500050.0,500518.37696335,138.90277777777777,139.03288248981943,1,1,0.105,138.90277777777777,145.0077777777778
20860,500511.0,503783.44328098,139.03083333333333,139.93984535582777,1,8,5.868888888888889,139.03083333333333,145.76444444444445
20861,500643.0,500708.67190227,139.0675,139.085742195075,1,1,0.014722222222222222,139.0675,145.0822222222222
20862,500810.0,500984.71204188,139.11388888888888,139.16242001163334,1,1,0.03916666666666667,139.11388888888888,145.15305555555557
20864,500822.0,500990.51657941,139.1172222222222,139.16403238316946,1,1,0.03777777777777778,139.1172222222222,145.155
20866,500996.0,501143.45200698,139.16555555555556,139.20651444638335,1,1,0.03305555555555555,139.16555555555556,145.19861111111112
20869,501083.0,501091.67364747,139.18972222222223,139.19213156874167,1,1,0.0019444444444444444,139.18972222222223,145.19166666666666
20870,501110.0,507986.96335079,139.19722222222222,141.1074898196639,1,1,1.5416666666666667,139.19722222222222,146.73888888888888
20871,501177.0,501181.95636998,139.21583333333334,139.2172101027722,1,1,0.0011111111111111111,139.21583333333334,145.21694444444444
20873,501195.0,508247.91448517,139.22083333333333,141.17997624588054,1,1,1.5811111111111111,139.22083333333333,146.80194444444444
20874,501262.0,508305.0017452,139.23944444444444,141.1958338181111,1,1,1.5788888888888888,139.23944444444444,146.81833333333333
20875,501292.0,508170.20244328,139.24777777777777,141.15838956757779,1,1,1.5419444444444443,139.24777777777777,146.78972222222222
20876,501359.0,508154.18324607,139.26638888888888,141.153939790575,1,1,1.5233333333333334,139.26638888888888,146.78972222222222
20877,501424.0,508266.26876091,139.28444444444443,141.18507465580834,1,1,1.5338888888888889,139.28444444444443,146.81833333333333
20883,503463.0,503631.51657941,139.85083333333333,139.89764349428054,1,1,0.03777777777777778,139.85083333333333,145.88861111111112
20888,504174.0,504337.56020942,140.04833333333335,140.09376672483887,1,1,0.03666666666666667,140.04833333333335,146.085
20891,504535.0,504536.2390925,140.1486111111111,140.14895530347223,1,8,0.0022222222222222222,140.1486111111111,146.14888888888888
20893,504622.0,504797.95113438,140.17277777777778,140.22165309288334,1,1,0.03944444444444444,140.17277777777778,146.2122222222222
20894,504861.0,505020.84293194,140.23916666666668,140.28356748109445,1,1,0.035833333333333335,140.23916666666668,146.275
20896,505169.0,505348.66841187,140.32472222222222,140.37463011440835,1,1,0.04027777777777778,140.32472222222222,146.365
20898,505413.0,505565.40837696,140.3925,140.43483566026669,1,1,0.034166666666666665,140.3925,146.42666666666668
20903,505722.0,505890.51657941,140.47833333333332,140.52514349428057,1,1,0.03777777777777778,140.47833333333332,146.51611111111112
20906,505962.0,550490.02792321,140.545,152.91389664533608,1,8,79.85777777777778,140.545,156.52722222222224
20907,506008.0,506084.82373473,140.55777777777777,140.57911770409166,1,1,0.017222222222222222,140.55777777777777,146.575
20908,506010.0,506159.93019197,140.55833333333334,140.59998060888057,1,1,0.03361111111111111,140.55833333333334,146.59194444444444
20909,506031.0,558568.52181501,140.56416666666667,155.15792272639166,1,8,94.22222222222223,140.56416666666667,158.34194444444444
20910,506087.0,506321.18848168,140.57972222222222,140.64477457824444,1,1,0.0525,140.57972222222222,146.63222222222223
20911,506268.0,506541.83944154,140.63,140.7060665115389,1,1,0.06138888888888889,140.63,146.6913888888889
20912,506505.0,506869.29319372,140.69583333333333,140.79702588714443,1,8,0.6533333333333333,140.69583333333333,146.7775
20914,506704.0,558769.42757417,140.7511111111111,155.2137298817139,1,8,93.37555555555555,140.7511111111111,158.42305555555555
20915,506878.0,552211.43804538,140.79944444444445,153.3920661237167,1,8,81.30222222222223,140.79944444444445,156.9622222222222
20916,506977.0,507378.46596859,140.82694444444445,140.9384627690528,1,8,0.72,140.82694444444445,156.6172222222222
20918,507057.0,521660.94415358,140.84916666666666,144.9058178204389,1,8,26.191111111111113,140.84916666666666,150.12305555555557
20922,507393.0,560301.0104712,140.9425,155.63916957533334,1,8,94.88666666666667,140.9425,158.80333333333334
20925,507534.0,559250.0034904,140.98166666666665,155.3472231917778,1,8,92.74888888888889,140.98166666666665,158.57527777777779
20926,507571.0,552429.86561955,140.99194444444444,153.452740449875,1,8,80.45111111111112,140.99194444444444,157.04833333333335
20927,507589.0,507916.12041885,140.99694444444444,141.08781122745833,1,1,0.07333333333333333,140.99694444444444,147.0702777777778
20933,508039.0,508310.36125654,141.12194444444444,141.1973225712611,1,1,0.060833333333333336,141.12194444444444,147.18472222222223
20934,508208.0,511666.30715532,141.1688888888889,142.12952976536667,1,1,0.7752777777777777,141.1688888888889,147.94416666666666
20936,508661.0,508928.64397906,141.29472222222222,141.3690677719611,1,1,0.06,141.29472222222222,147.35472222222222
20937,508663.0,511478.21815009,141.29527777777778,142.07728281946945,1,8,5.0488888888888885,141.29527777777778,147.92638888888888
20938,509074.0,509349.07853403,141.40944444444443,141.48585514834167,1,1,0.06166666666666667,141.40944444444443,147.4711111111111
20939,509196.0,516203.06806283,141.44333333333333,143.38974112856388,1,1,1.5708333333333333,141.44333333333333,149.01416666666665
20940,509268.0,516328.34904014,141.46333333333334,143.4245414000389,1,1,1.5827777777777778,141.46333333333334,149.04611111111112
20941,509481.0,509752.36125654,141.5225,141.59787812681665,1,1,0.060833333333333336,141.5225,147.58333333333334
20942,509948.0,510230.51308901,141.65222222222224,141.73069808028058,1,1,0.06333333333333334,141.65222222222224,147.71555555555557
20952,510297.0,542866.54624782,141.74916666666667,150.79626284661668,1,8,58.41111111111111,141.74916666666667,155.05055555555555
20953,510448.0,580293.16579407,141.79111111111112,161.19254605390833,1,8,125.26222222222222,141.79111111111112,172.275
20955,510582.0,510771.58115183,141.82833333333335,141.8809947643972,1,1,0.0425,141.82833333333335,147.87083333333334
20956,510674.0,560589.60209424,141.8538888888889,155.71933391506667,1,8,89.52,141.8538888888889,169.53194444444443
20957,510741.0,510997.4921466,141.8725,141.9437478185,1,1,0.0575,141.8725,147.93
20958,510744.0,563541.73123909,141.87333333333333,156.5393697886361,1,8,94.68888888888888,141.87333333333333,170.25916666666666
20962,511016.0,511283.64397906,141.9488888888889,142.02323443862778,1,1,0.06,141.9488888888889,148.0088888888889
20966,511048.0,513904.10820244,141.95777777777778,142.75114116734446,1,8,5.122222222222222,141.95777777777778,148.59805555555556
20970,511312.0,511567.2530541,142.0311111111111,142.10201473725,1,1,0.05722222222222222,142.0311111111111,148.08833333333334
20971,511576.0,511842.40488656,142.10444444444445,142.17844580182222,1,1,0.059722222222222225,142.10444444444445,148.16416666666666
20972,511651.0,521665.34554974,142.12527777777777,144.90704043048333,1,8,17.96,142.12527777777777,150.37027777777777
20978,512149.0,512338.58115183,142.26361111111112,142.316272542175,1,1,0.0425,142.26361111111112,148.3061111111111
20980,512401.0,512698.38219895,142.3336111111111,142.4162172774861,1,1,0.06666666666666667,142.3336111111111,148.40027777777777
20981,512439.0,512674.42757417,142.34416666666667,142.40956321504723,1,1,0.05277777777777778,142.34416666666667,148.39694444444444
20982,512449.0,512503.52006981,142.34694444444443,142.36208890828055,1,1,0.012222222222222223,142.34694444444443,148.35916666666665
20984,512676.0,512719.36823735,142.41,142.42204673259724,1,1,0.009722222222222222,142.41,148.41972222222222
20988,512884.0,512944.71553229,142.46777777777777,142.4846432034139,1,8,0.10888888888888888,142.46777777777777,148.48444444444445
20990,512909.0,513144.42757417,142.47472222222223,142.5401187706028,1,1,0.05277777777777778,142.47472222222223,148.5275
20992,512944.0,513003.47643979,142.48444444444445,142.50096567771945,1,8,0.10666666666666667,142.48444444444445,148.49777777777777
20994,513099.0,513440.9895288,142.5275,142.62249709133334,1,1,0.07666666666666666,142.5275,148.60416666666666
20995,513325.0,513544.31937173,142.59027777777777,142.65119982548055,1,1,0.049166666666666664,142.59027777777777,148.63944444444445
20997,513610.0,514039.96509599,142.66944444444445,142.78887919333056,1,1,0.09638888888888889,142.66944444444445,148.76583333333335
20999,513995.0,514424.96509599,142.7763888888889,142.895823637775,1,1,0.09638888888888889,142.7763888888889,148.87277777777777
21000,514010.0,599813.43804538,142.78055555555557,166.61484390149445,1,1,19.235277777777778,142.78055555555557,168.01583333333335
21001,514178.0,514179.2390925,142.82722222222222,142.82756641458334,1,8,0.0022222222222222222,142.82722222222222,148.8275
21002,514184.0,566415.46596859,142.82888888888888,157.33762943571944,1,8,93.67333333333333,142.82888888888888,160.53805555555556
21005,514317.0,514608.18673647,142.86583333333334,142.94671853790834,1,1,0.06527777777777778,142.86583333333334,148.9311111111111
21006,514413.0,514849.16055846,142.8925,143.01365571068334,1,1,0.09777777777777778,142.8925,148.99027777777778
21008,514525.0,612545.89005236,142.92361111111111,170.15163612565556,1,1,21.974166666666665,142.92361111111111,170.89777777777778
21013,514847.0,515228.64048866,143.01305555555555,143.11906680240557,1,1,0.08555555555555555,143.01305555555555,149.0986111111111
21017,515118.0,515701.61256545,143.08833333333334,143.25044793484722,1,1,0.13083333333333333,143.08833333333334,149.21916666666667
21021,515184.0,515374.82024433,143.10666666666665,143.15967229009166,1,8,0.3422222222222222,143.10666666666665,149.15
21022,515202.0,623511.07504363,143.11166666666668,173.19752084545277,1,1,24.280555555555555,143.11166666666668,173.39222222222222
21024,515341.0,515514.47294939,143.15027777777777,143.1984647081639,1,8,0.3111111111111111,143.15027777777777,149.18916666666667
21025,515347.0,536132.77661431,143.15194444444444,148.9257712817528,1,2,9.319444444444445,143.15194444444444,153.81166666666667
21028,515826.0,618160.17102967,143.285,171.7111586193528,1,1,22.941111111111113,143.285,172.22611111111112
21031,515863.0,516345.0069808,143.29527777777778,143.4291686057778,1,1,0.10805555555555556,143.29527777777778,149.40333333333334
21033,515938.0,516099.08202443,143.3161111111111,143.3608561178972,1,1,0.03611111111111111,143.3161111111111,149.35222222222222
21034,515964.0,598804.76788831,143.32333333333332,166.33465774675278,1,1,18.57111111111111,143.32333333333332,167.89444444444445
21035,516043.0,566013.12216405,143.34527777777777,157.22586726779167,1,32,358.4711111111111,143.34527777777777,160.5475
21037,516316.0,604378.30366492,143.42111111111112,167.88286212914446,1,1,19.741666666666667,143.42111111111112,169.1627777777778
21038,516344.0,516791.31239092,143.42888888888888,143.5531423308111,1,1,0.10027777777777777,143.42888888888888,149.52916666666667
21039,516366.0,625549.87434555,143.435,173.763853984875,1,1,24.476666666666667,143.435,173.91166666666666
21042,516535.0,611298.31588133,143.48194444444445,169.8050877448139,1,1,21.24388888888889,143.48194444444445,170.72583333333333
21045,516815.0,517269.7469459,143.55972222222223,143.68604081830557,1,1,0.10194444444444445,143.55972222222223,149.66166666666666
21046,516893.0,620163.92495637,143.58138888888888,172.267756932325,1,1,23.15111111111111,143.58138888888888,172.7325
21049,517458.0,518035.41710297,143.73833333333334,143.89872697304722,1,1,0.12944444444444445,143.73833333333334,149.86777777777777
21053,518711.0,518787.82373473,144.08638888888888,144.1077288152028,1,8,0.13777777777777778,144.08638888888888,150.10361111111112
21054,519148.0,519217.38917976,144.20777777777778,144.22705254993335,1,8,0.12444444444444444,144.20777777777778,150.22333333333333
21055,519155.0,519216.95462478,144.2097222222222,144.22693184021665,1,1,0.013888888888888888,144.2097222222222,150.2236111111111
21056,519276.0,519368.93193717,144.24333333333334,144.26914776032498,1,8,0.16666666666666666,144.24333333333334,150.26416666666665
21057,519346.0,519510.79930192,144.26277777777779,144.30855536164444,1,1,0.036944444444444446,144.26277777777779,150.29972222222221
21060,519689.0,546151.05933682,144.35805555555555,151.70862759356112,1,8,47.45777777777778,144.35805555555555,156.2902777777778
21064,519947.0,530592.04363002,144.4297222222222,147.38667878611668,1,1,2.386388888888889,144.4297222222222,152.8161111111111
21065,519950.0,530591.32635253,144.43055555555554,147.38647954236944,1,1,2.3855555555555554,144.43055555555554,152.8161111111111
21066,519953.0,530590.60907504,144.43138888888888,147.3862802986222,1,1,2.3847222222222224,144.43138888888888,152.8161111111111
21068,520458.0,527426.65619546,144.57166666666666,146.50740449873888,1,8,12.497777777777777,144.57166666666666,152.1338888888889
21069,520519.0,560604.88132635,144.5886111111111,155.72357814620835,1,8,71.89111111111112,144.5886111111111,160.99666666666667
21070,520523.0,520829.05584642,144.58972222222224,144.67473773511668,1,1,0.06861111111111111,144.58972222222224,150.65833333333333
21072,521206.0,528094.11518325,144.77944444444444,146.69280977312502,1,8,12.353333333333333,144.77944444444444,152.32361111111112
21073,521363.0,529687.22338569,144.82305555555556,147.13533982935834,1,8,14.928888888888888,144.82305555555556,154.0
21074,521398.0,526654.23036649,144.83277777777778,146.29284176846943,1,1,1.1783333333333332,144.83277777777778,153.50194444444443
21075,521424.0,526568.71204188,144.84,146.2690866783,1,1,1.1533333333333333,144.84,153.47694444444446
21076,521482.0,531428.19546248,144.85611111111112,147.6189431840222,1,1,2.229722222222222,144.85611111111112,154.55333333333334
21078,522180.0,530840.01745201,145.05,147.4555604033361,1,8,15.53111111111111,145.05,155.9413888888889
21079,522219.0,540837.60383944,145.06083333333333,150.23266773317778,1,1,4.1738888888888885,145.06083333333333,156.4986111111111
21080,522768.0,522846.06282722,145.21333333333334,145.23501745200556,1,16,0.28,145.21333333333334,151.23083333333332
21081,522869.0,523017.69109948,145.24138888888888,145.2826919720778,1,16,0.5333333333333333,145.24138888888888,151.2747222222222
21082,532122.0,532908.82373473,147.81166666666667,148.03022881520278,1,2,0.3527777777777778,147.81166666666667,153.98805555555555
21092,545733.0,587131.08027923,151.5925,163.09196674423058,1,8,74.24444444444444,151.5925,166.9361111111111
21093,547258.0,583946.28970332,152.01611111111112,162.20730269536668,1,8,65.79777777777778,152.01611111111112,167.31583333333333
21098,549876.0,550069.29842932,152.74333333333334,152.7970273414778,1,8,0.3466666666666667,152.74333333333334,158.78972222222222
21100,550044.0,550216.23385689,152.79,152.837842738025,1,8,0.3088888888888889,152.79,158.82861111111112
21104,553332.0,556159.60907504,153.70333333333335,154.4887802986222,1,24,15.213333333333333,153.70333333333335,160.3386111111111
21107,555619.0,555711.93193717,154.3386111111111,154.36442553810278,1,4,0.08333333333333333,154.3386111111111,160.35944444444445
21110,555711.0,555891.90750436,154.36416666666668,154.4144187512111,1,8,0.3244444444444444,154.36416666666668,160.4075
21112,555868.0,556057.58115183,154.40777777777777,154.46043920884168,1,8,0.34,154.40777777777777,160.45027777777779
21113,556022.0,556143.43106457,154.45055555555555,154.484286406825,1,4,0.10888888888888888,154.45055555555555,160.4777777777778
21114,556134.0,556314.90750436,154.48166666666665,154.5319187512111,1,8,0.3244444444444444,154.48166666666665,160.5222222222222
21116,556281.0,556377.64921466,154.5225,154.54934700407225,1,8,0.17333333333333334,154.5225,160.54416666666665
21117,556360.0,556818.46422339,154.54444444444445,154.67179561760832,1,24,2.466666666666667,154.54444444444445,160.64805555555554
21119,556733.0,556969.66666667,154.64805555555554,154.71379629629723,1,24,1.2733333333333334,154.64805555555554,160.70111111111112
21120,556924.0,556992.15008726,154.70111111111112,154.72004169090553,1,8,0.12222222222222222,154.70111111111112,160.7163888888889
21123,556999.0,557759.80279232,154.72194444444443,154.93327855342224,1,24,4.093333333333334,154.72194444444443,160.89444444444445
21125,557620.0,557838.08027923,154.89444444444445,154.95502229978612,1,8,0.39111111111111113,154.89444444444445,160.94333333333333
21127,557812.0,558666.97382199,154.9477777777778,155.1852705061083,1,8,1.5333333333333334,154.9477777777778,161.13944444444445
21130,558433.0,558434.2390925,155.12027777777777,155.12062197013887,1,8,0.0022222222222222222,155.12027777777777,161.12055555555557
21131,558442.0,560876.81675393,155.12277777777777,155.79911576498054,1,8,4.366666666666666,155.12277777777777,161.66861111111112
21134,558517.0,558697.90750436,155.1436111111111,155.19386319565555,1,8,0.3244444444444444,155.1436111111111,161.18722222222223
21136,558675.0,558849.71204188,155.1875,155.23603112274444,1,8,0.31333333333333335,155.1875,161.22666666666666
21137,558741.0,560889.58638743,155.20583333333335,155.8026628853972,1,1,0.4816666666666667,155.20583333333335,161.6875
21138,558741.0,560889.58638743,155.20583333333335,155.8026628853972,1,1,0.4816666666666667,155.20583333333335,161.6875
21139,558741.0,560918.08551483,155.20583333333335,155.81057930967498,1,1,0.4880555555555556,155.20583333333335,161.6938888888889
21140,558741.0,560133.7399651,155.20583333333335,155.5927055458611,1,1,0.31222222222222223,155.20583333333335,161.51805555555555
21141,558741.0,560968.88830716,155.20583333333335,155.82469119643332,1,1,0.49944444444444447,155.20583333333335,161.70527777777778
21142,558741.0,561571.08726003,155.20583333333335,155.99196868334167,1,1,0.6344444444444445,155.20583333333335,161.84027777777777
21143,558741.0,561552.5008726,155.20583333333335,155.98680579794444,1,1,0.6302777777777778,155.20583333333335,161.8361111111111
21144,558741.0,561552.5008726,155.20583333333335,155.98680579794444,1,1,0.6302777777777778,155.20583333333335,161.8361111111111
21145,558747.0,561178.09947644,155.2075,155.88280541012222,1,1,0.545,155.2075,161.7525
21146,558747.0,561178.09947644,155.2075,155.88280541012222,1,1,0.545,155.2075,161.7525
21147,558747.0,561178.09947644,155.2075,155.88280541012222,1,1,0.545,155.2075,161.7525
21148,558747.0,561178.09947644,155.2075,155.88280541012222,1,1,0.545,155.2075,161.7525
21149,558747.0,561178.09947644,155.2075,155.88280541012222,1,1,0.545,155.2075,161.7525
21150,558747.0,559735.79581152,155.2075,155.48216550319998,1,1,0.22166666666666668,155.2075,161.42916666666667
21151,558747.0,559735.79581152,155.2075,155.48216550319998,1,1,0.22166666666666668,155.2075,161.42916666666667
21152,558747.0,559735.79581152,155.2075,155.48216550319998,1,1,0.22166666666666668,155.2075,161.42916666666667
21153,558816.0,559057.62303665,155.22666666666666,155.29378417684723,1,24,1.3,155.22666666666666,161.28333333333333
21155,559020.0,559054.69458988,155.28333333333333,155.2929707194111,1,4,0.03111111111111111,155.28333333333333,161.29111111111112
21158,559061.0,559243.14659686,155.29472222222222,155.34531849912779,1,8,0.32666666666666666,155.29472222222222,161.33805555555554
21160,559217.0,559422.68935428,155.33805555555554,155.3951914873,1,8,0.3688888888888889,155.33805555555554,161.38416666666666
21161,559383.0,559806.76963351,155.38416666666666,155.5018804537528,1,24,2.28,155.38416666666666,161.4802777777778
21163,559545.0,560430.95113438,155.42916666666667,155.67526420399443,1,1,0.1986111111111111,155.42916666666667,161.62777777777777
21164,559545.0,560238.89179756,155.42916666666667,155.6219143882111,1,1,0.15555555555555556,155.42916666666667,161.5847222222222
21165,559545.0,560238.89179756,155.42916666666667,155.6219143882111,1,1,0.15555555555555556,155.42916666666667,161.5847222222222
21168,559729.0,559767.41186736,155.4802777777778,155.49094774093334,1,4,0.034444444444444444,155.4802777777778,161.48888888888888
21171,559773.0,559952.66841187,155.4925,155.5424078921861,1,8,0.32222222222222224,155.4925,161.53277777777777
21175,559866.0,561236.43630017,155.51833333333335,155.89901008338057,1,1,0.30722222222222223,155.51833333333335,161.82555555555555
21177,559918.0,560081.56020942,155.53277777777777,155.57821116928335,1,8,0.29333333333333333,155.53277777777777,161.56944444444446
21179,560051.0,560228.19022688,155.56972222222223,155.61894172968888,1,24,0.9533333333333334,155.56972222222223,161.61194444444445
21180,560058.0,612702.08376963,155.57166666666666,170.19502326934165,1,8,94.41333333333333,155.57166666666666,173.37333333333333
21183,560105.0,560791.45724258,155.5847222222222,155.77540478960555,1,1,0.15388888888888888,155.5847222222222,161.7386111111111
21184,560105.0,560791.45724258,155.5847222222222,155.77540478960555,1,1,0.15388888888888888,155.5847222222222,161.7386111111111
21186,560204.0,560238.69458988,155.61222222222221,155.62185960829999,1,4,0.03111111111111111,155.61222222222221,161.62
21189,560246.0,560416.9947644,155.6238888888889,155.67138743455553,1,8,0.30666666666666664,155.6238888888889,161.66444444444446
21190,560260.0,561133.56020942,155.62777777777777,155.87043339150557,1,1,0.19583333333333333,155.62777777777777,161.82361111111112
21192,560349.0,560393.60732984,155.6525,155.66489092495556,1,8,0.08,155.6525,161.6625
21193,560393.0,560570.19022688,155.66472222222222,155.71394172968888,1,8,0.31777777777777777,155.66472222222222,161.70444444444445
21194,560445.0,611743.42931937,155.67916666666667,169.92873036649166,1,8,92.0,155.67916666666667,173.17916666666667
21195,560476.0,562639.45549738,155.68777777777777,156.2887376381611,1,1,0.485,155.68777777777777,162.17277777777778
21196,560476.0,562613.43455497,155.68777777777777,156.28150959860278,1,1,0.4791666666666667,155.68777777777777,162.16694444444445
21197,560481.0,611514.26352531,155.68916666666667,169.86507320147498,1,8,91.52444444444444,155.68916666666667,173.12972222222223
21198,560489.0,563560.71029668,155.6913888888889,156.54464174907778,1,1,0.6886111111111111,155.6913888888889,162.38
21199,560498.0,562645.34729494,155.6938888888889,156.29037424859445,1,1,0.48138888888888887,155.6938888888889,162.17527777777778
21201,560536.0,560642.56195462,155.70444444444445,155.73404498739444,1,4,0.09555555555555556,155.70444444444445,161.72833333333332
21202,560540.0,562728.2373473,155.70555555555555,156.3133992631389,1,1,0.4905555555555556,155.70555555555555,162.19611111111112
21203,560635.0,560799.79930192,155.73194444444445,155.7777220283111,1,8,0.29555555555555557,155.73194444444445,161.76888888888888
21205,560659.0,561430.95462478,155.7386111111111,155.95304295132777,1,1,0.17305555555555555,155.7386111111111,161.91166666666666
21206,560659.0,561430.95462478,155.7386111111111,155.95304295132777,1,1,0.17305555555555555,155.7386111111111,161.91166666666666
21208,560768.0,560937.7556719,155.76888888888888,155.81604324219444,1,8,0.30444444444444446,155.76888888888888,161.80694444444444
21209,560905.0,561015.27923211,155.80694444444444,155.837577564475,1,4,0.09888888888888889,155.80694444444444,161.83166666666668
21210,560972.0,562170.20244328,155.82555555555555,156.15838956757779,1,1,0.26861111111111113,155.82555555555555,162.09416666666667
21211,561006.0,561183.19022688,155.835,155.88421950746667,1,8,0.31777777777777777,155.835,161.87472222222223
21213,561010.0,563210.62827225,155.8361111111111,156.44739674229166,1,1,0.49333333333333335,155.8361111111111,162.32944444444445
21214,561010.0,562209.44153578,155.8361111111111,156.16928931549444,1,1,0.2688888888888889,155.8361111111111,162.105
21215,561149.0,561313.79930192,155.87472222222223,155.92049980608888,1,8,0.29555555555555557,155.87472222222223,161.91166666666666
21217,561283.0,561392.04013962,155.91194444444446,155.94223337211665,1,4,0.09777777777777778,155.91194444444446,161.9363888888889
21218,561384.0,561561.19022688,155.94,155.9892195074667,1,8,0.31777777777777777,155.94,161.97972222222222
21220,561528.0,561698.9947644,155.98,156.02749854566665,1,8,0.30666666666666664,155.98,162.01833333333335
21221,561666.0,561784.95287958,156.01833333333335,156.05137579988332,1,4,0.10666666666666667,156.01833333333335,162.045
21223,561774.0,561942.51657941,156.04833333333335,156.09514349428053,1,8,0.3022222222222222,156.04833333333335,162.08916666666667
21225,561922.0,562018.64921466,156.08944444444444,156.11629144851668,1,8,0.17333333333333334,156.08944444444444,162.11111111111111
21228,562000.0,562106.56195462,156.11111111111111,156.1407116540611,1,4,0.09555555555555556,156.11111111111111,162.135
21230,562031.0,562100.38917976,156.1197222222222,156.13899699437778,1,1,0.015555555555555555,156.1197222222222,162.1352777777778
21231,562036.0,562099.19371728,156.1211111111111,156.13866492146667,1,1,0.014166666666666666,156.1211111111111,162.1352777777778
21232,562041.0,562097.9982548,156.1225,156.13833284855556,1,1,0.012777777777777779,156.1225,162.1352777777778
21233,562088.0,562112.78184991,156.13555555555556,156.14243940275279,1,1,0.005555555555555556,156.13555555555556,166.94166666666666
21234,562099.0,562283.62478185,156.13861111111112,156.18989577273612,1,8,0.33111111111111113,156.13861111111112,162.18
21236,562183.0,562524.9895288,156.16194444444446,156.25694153577777,1,1,0.07666666666666666,156.16194444444446,162.2386111111111
21237,562185.0,562524.5113438,156.1625,156.2568087066111,1,1,0.07611111111111112,156.1625,162.2386111111111
21238,562186.0,562524.27225131,156.1627777777778,156.25674229203054,1,1,0.07583333333333334,156.1627777777778,162.2386111111111
21239,562248.0,562345.88830716,156.18,156.20719119643334,1,8,0.17555555555555555,156.18,162.20194444444445
21240,562328.0,562456.86561955,156.20222222222222,156.2380182276528,1,4,0.11555555555555555,156.20222222222222,162.23111111111112
21241,562448.0,562627.66841187,156.23555555555555,156.28546344774168,1,8,0.32222222222222224,156.23555555555555,162.27583333333334
21243,562593.0,562752.84293194,156.27583333333334,156.3202341477611,1,8,0.2866666666666667,156.27583333333334,162.31166666666667
21245,562722.0,562840.95287958,156.31166666666667,156.34470913321667,1,4,0.10666666666666667,156.31166666666667,162.33833333333334
21249,562837.0,563138.09947644,156.3436111111111,156.42724985456667,1,1,0.0675,156.3436111111111,162.4111111111111
21250,562839.0,563177.27225131,156.34416666666667,156.43813118091944,1,24,1.82,156.34416666666667,162.42222222222222
21251,562839.0,563137.62129145,156.34416666666667,156.42711702540277,1,1,0.06694444444444445,156.34416666666667,162.4111111111111
21252,562841.0,563137.14310646,156.34472222222223,156.4269841962389,1,1,0.06638888888888889,156.34472222222223,162.4111111111111
21254,563120.0,563169.56369983,156.42222222222222,156.43598991661943,1,8,0.08888888888888889,156.42222222222222,162.43333333333334
21258,563173.0,563514.9895288,156.43694444444444,156.53194153577778,1,24,1.84,156.43694444444444,162.51638888888888
21261,563460.0,563569.04013962,156.51666666666668,156.54695559433887,1,8,0.19555555555555557,156.51666666666668,162.54111111111112
21265,563563.0,563789.7539267,156.54527777777778,156.60826497963888,1,24,1.22,156.54527777777778,162.59833333333333
21267,563677.0,591124.13787086,156.57694444444445,164.20114940857223,1,4,24.612222222222222,156.57694444444445,173.1275
21268,563754.0,563788.69458988,156.59833333333333,156.6079707194111,1,8,0.06222222222222222,156.59833333333333,162.60611111111112
21270,563794.0,564017.03664921,156.60944444444445,156.671399069225,1,8,0.4,156.60944444444445,162.65944444444443
21273,563988.0,564211.03664921,156.66333333333333,156.7252879581139,1,8,0.4,156.66333333333333,162.71333333333334
21276,564099.0,573322.80453752,156.69416666666666,159.25633459375558,1,1,2.0677777777777777,156.69416666666666,164.76194444444445
21277,564133.0,573355.56544503,156.70361111111112,159.26543484584167,1,1,2.0675,156.70361111111112,164.7711111111111
21279,564180.0,564404.27574171,156.71666666666667,156.77896548380832,1,8,0.4022222222222222,156.71666666666667,162.76694444444445
21282,564373.0,564598.51483421,156.77027777777778,156.83292078728056,1,8,0.40444444444444444,156.77027777777778,162.82083333333333
21284,564569.0,564793.27574171,156.82472222222222,156.88702103936387,1,8,0.4022222222222222,156.82472222222222,162.875
21287,564764.0,564998.18848168,156.8788888888889,156.94394124491112,1,8,0.42,156.8788888888889,162.93138888888888
21289,564967.0,565193.7539267,156.93527777777777,156.9982649796389,1,8,0.4066666666666667,156.93527777777777,162.98611111111111
21293,566228.0,566479.53577661,157.28555555555556,157.35542660461388,1,1,0.05638888888888889,157.28555555555556,163.34194444444444
21294,566713.0,566970.73123909,157.42027777777778,157.4918697886361,1,1,0.057777777777777775,157.42027777777778,163.47805555555556
21296,567740.0,570936.85863874,157.70555555555555,158.59357184409444,1,1,0.7166666666666667,157.70555555555555,164.42222222222222
21297,568771.0,569059.70855148,157.99194444444444,158.0721412643,1,1,0.06472222222222222,157.99194444444444,167.00611111111112
21299,569524.0,569863.5113438,158.20111111111112,158.29541981772223,1,1,0.07611111111111112,158.20111111111112,164.27722222222224
21300,569827.0,570162.79406632,158.28527777777776,158.37855390731113,1,1,0.07527777777777778,158.28527777777776,164.36055555555555
21301,569838.0,578417.47643979,158.28833333333333,160.671521233275,1,8,15.386666666666667,158.28833333333333,166.21166666666667
21302,569852.0,580867.53228621,158.29222222222222,161.352092301725,1,1,2.4694444444444446,158.29222222222222,166.76166666666666
21303,570263.0,578791.67364747,158.4063888888889,160.775464902075,1,8,15.295555555555556,158.4063888888889,166.31833333333333
21304,570316.0,584086.03490401,158.42111111111112,162.24612080666944,1,8,24.695555555555554,158.42111111111112,167.50805555555556
21305,570372.0,586788.73647469,158.43666666666667,162.99687124296946,1,1,3.680277777777778,158.43666666666667,168.11694444444444
21306,570414.0,583757.78708551,158.44833333333332,162.1549408570861,1,8,23.93111111111111,158.44833333333332,167.43972222222223
21307,570488.0,581229.69284468,158.4688888888889,161.45269245685557,1,1,2.4080555555555554,158.4688888888889,166.87694444444443
21308,570535.0,586344.58115183,158.48194444444445,162.87349476439724,1,1,3.5441666666666665,158.48194444444445,168.0261111111111
21309,571216.0,574220.79930192,158.67111111111112,159.50577758386666,1,1,0.6736111111111112,158.67111111111112,165.34472222222223
21310,571665.0,574720.60209424,158.79583333333332,159.64461169284445,1,8,5.48,158.79583333333332,165.48083333333332
21314,572770.0,572902.58289703,159.1027777777778,159.13960636028614,1,1,0.029722222222222223,159.1027777777778,166.9711111111111
21323,575026.0,578796.55846422,159.72944444444445,160.77682179561668,1,8,6.762222222222222,159.72944444444445,166.57472222222222
21326,575953.0,576622.10994764,159.98694444444445,160.1728083187889,1,1,0.15,159.98694444444445,167.0913888888889
21327,576111.0,576301.82024433,160.03083333333333,160.08383895675834,1,1,0.042777777777777776,160.03083333333333,166.07361111111112
21332,577257.0,605353.42233857,160.34916666666666,168.15372842738054,1,16,100.77777777777777,160.34916666666666,172.64777777777778
21334,578115.0,581430.81151832,160.5875,161.5085587550889,1,8,5.946666666666666,160.5875,167.33083333333335
21339,579613.0,579771.60383944,161.0036111111111,161.04766773317778,1,1,0.035555555555555556,161.0036111111111,167.03916666666666
21343,579761.0,579894.82198953,161.04472222222222,161.08189499709167,1,1,0.03,161.04472222222222,167.07472222222222
21344,579945.0,580083.77835951,161.09583333333333,161.13438287764166,1,1,0.03111111111111111,161.09583333333333,167.12694444444443
21345,580028.0,583247.16230367,161.11888888888888,162.01310063990832,1,1,0.7216666666666667,161.11888888888888,167.84055555555557
21347,580109.0,580266.36474695,161.14138888888888,161.18510131859722,1,1,0.035277777777777776,161.14138888888888,167.17666666666668
21349,580264.0,580454.82024433,161.18444444444444,161.23745006786945,1,1,0.042777777777777776,161.18444444444444,167.22722222222222
21353,580421.0,580905.48516579,161.22805555555556,161.362634768275,1,1,0.10861111111111112,161.22805555555556,167.33666666666667
21354,580432.0,580601.7556719,161.23111111111112,161.27826546441668,1,1,0.03805555555555556,161.23111111111112,167.26916666666668
21356,580502.0,581480.88307155,161.25055555555556,161.52246751987502,1,1,0.21944444444444444,161.25055555555556,167.47
21358,580616.0,580793.19022688,161.28222222222223,161.3314417296889,1,1,0.03972222222222222,161.28222222222223,167.32194444444445
21359,580791.0,580979.34205934,161.33083333333335,161.3831505720389,1,1,0.042222222222222223,161.33083333333335,167.37305555555557
21361,580963.0,581138.95113438,161.3786111111111,161.42748642621666,1,1,0.03944444444444444,161.3786111111111,167.41805555555555
21362,580987.0,582089.79232112,161.3852777777778,161.6916089780889,1,1,0.24722222222222223,161.3852777777778,167.6325
21363,581150.0,581318.51657941,161.43055555555554,161.47736571650276,1,1,0.03777777777777778,161.43055555555554,167.46833333333333
21369,581451.0,581713.68760908,161.51416666666665,161.58713544696667,1,1,0.058888888888888886,161.51416666666665,167.57305555555556
21370,581500.0,582509.86038394,161.52777777777777,161.80829455109446,1,1,0.2263888888888889,161.52777777777777,167.75416666666666
21371,581528.0,584804.16055846,161.53555555555556,162.44560015512778,1,8,5.875555555555556,161.53555555555556,168.27
21377,581676.0,581926.29668412,161.57666666666665,161.64619352336666,1,1,0.05611111111111111,161.57666666666665,167.6327777777778
21385,582992.0,589929.67888307,161.94222222222223,163.8693552452972,1,1,1.5552777777777778,161.94222222222223,169.4975
21386,584517.0,584692.95113438,162.36583333333334,162.41470864843888,1,1,0.03944444444444444,162.36583333333334,168.40527777777777
21387,584739.0,584948.40663176,162.4275,162.48566850882222,1,1,0.04694444444444444,162.4275,168.47444444444446
21388,584938.0,585240.33856894,162.48277777777778,162.56676071359442,1,1,0.06777777777777778,162.48277777777778,168.55055555555555
21390,585268.0,585551.7521815,162.57444444444445,162.6532644948611,1,1,0.0636111111111111,162.57444444444445,168.63805555555555
21391,585557.0,585952.27050611,162.65472222222223,162.76451958503057,1,1,0.08861111111111111,162.65472222222223,168.74333333333334
21392,585701.0,587692.22164049,162.69472222222223,163.24783934458054,1,8,3.571111111111111,162.69472222222223,169.14111111111112
21393,585913.0,586307.03141361,162.7536111111111,162.86306428155834,1,1,0.08833333333333333,162.7536111111111,168.84194444444444
21394,586281.0,586704.76963351,162.85583333333332,162.97354712041945,1,1,0.095,162.85583333333332,168.95083333333332
21398,586663.0,587105.35602094,162.96194444444444,163.08482111692777,1,1,0.09916666666666667,162.96194444444444,169.0611111111111
21399,587259.0,587260.2390925,163.1275,163.1278441923611,1,8,0.0022222222222222222,163.1275,169.12777777777777
21400,587416.0,589409.69982548,163.17111111111112,163.7249166181889,1,8,3.5755555555555554,163.17111111111112,169.61805555555554
21401,587630.0,588051.29144852,163.23055555555555,163.34758095792222,1,1,0.09444444444444444,163.23055555555555,169.325
21403,587840.0,588069.23211169,163.2888888888889,163.35256447546945,1,1,0.05138888888888889,163.2888888888889,169.34027777777777
21404,588262.0,588699.39965096,163.4061111111111,163.52761101415555,1,1,0.09805555555555556,163.4061111111111,169.50416666666666
21405,588273.0,588505.94938918,163.40916666666666,163.4738748303278,1,1,0.052222222222222225,163.40916666666666,169.46138888888888
21406,588319.0,588320.2390925,163.42194444444445,163.42228863680555,1,8,0.0022222222222222222,163.42194444444445,169.42222222222222
21408,588578.0,588825.81849913,163.49388888888888,163.56272736086945,1,1,0.05555555555555555,163.49388888888888,169.54944444444445
21412,588986.0,589275.94764398,163.60722222222222,163.6877632344389,1,1,0.065,163.60722222222222,169.67222222222222
21413,589075.0,594263.08027923,163.63194444444446,165.07307785534167,1,1,1.1630555555555555,163.63194444444446,170.795
21414,589292.0,590866.88656195,163.69222222222223,164.12969071165276,1,4,1.4122222222222223,163.69222222222223,170.04527777777778
21415,589305.0,591256.57068063,163.69583333333333,164.23793630017502,1,8,3.5,163.69583333333333,170.13333333333333
21417,589501.0,589818.20767888,163.75027777777777,163.8383910219111,1,1,0.07111111111111111,163.75027777777777,169.8213888888889
21427,591508.0,591657.93019197,164.30777777777777,164.34942505332498,1,1,0.03361111111111111,164.30777777777777,170.3413888888889
21429,592076.0,594440.18848168,164.46555555555557,165.12227457824446,1,8,4.24,164.46555555555557,170.99555555555557
21430,592249.0,592418.7556719,164.51361111111112,164.56076546441668,1,1,0.03805555555555556,164.51361111111112,170.55166666666668
21431,592625.0,592836.88481675,164.61805555555554,164.67691244909722,1,1,0.0475,164.61805555555554,170.66555555555556
21432,592864.0,594106.80977312,164.68444444444444,165.02966938142222,1,1,0.2786111111111111,164.68444444444444,170.96305555555554
21433,592876.0,593122.57940663,164.68777777777777,164.75627205739724,1,1,0.05527777777777778,164.68777777777777,170.74305555555554
21434,593179.0,593389.64572426,164.77194444444444,164.83045714562778,1,1,0.04722222222222222,164.77194444444444,170.81916666666666
21436,593638.0,593853.60209424,164.89944444444444,164.95933391506668,1,1,0.04833333333333333,164.89944444444444,170.9477777777778
21438,593918.0,594153.42757417,164.97722222222222,165.0426187706028,1,1,0.05277777777777778,164.97722222222222,171.03
21439,594218.0,594424.92844677,165.06055555555557,165.1180356796583,1,1,0.04638888888888889,165.06055555555557,171.10694444444445
21440,594238.0,596271.35078534,165.0661111111111,165.63093077370553,1,8,3.6466666666666665,165.0661111111111,171.52194444444444
21443,594641.0,594868.9930192,165.17805555555555,165.2413869497778,1,1,0.051111111111111114,165.17805555555555,171.22916666666666
21444,594647.0,594708.95462478,165.1797222222222,165.19693184021665,1,40,0.5555555555555556,165.1797222222222,171.19361111111112
21445,595060.0,595283.03664921,165.29444444444445,165.356399069225,1,1,0.05,165.29444444444445,171.34444444444443
21450,596228.0,598312.15357766,165.61888888888888,166.1978204382389,1,8,3.7377777777777776,165.61888888888888,172.0861111111111
21452,596545.0,597750.63699825,165.70694444444445,166.04184361062502,1,4,1.0811111111111111,165.70694444444445,172.00722222222223
21463,598029.0,600189.97731239,166.11916666666667,166.71943814233055,1,1,0.48444444444444446,166.11916666666667,172.60361111111112
21468,598357.0,600425.04537522,166.21027777777778,166.78473482645,1,1,0.4636111111111111,166.21027777777778,172.67388888888888
21471,598742.0,600792.69808028,166.31722222222223,166.88686057785554,1,1,0.4597222222222222,166.31722222222223,172.77694444444444
21472,598855.0,599341.96335079,166.3486111111111,166.48387870855277,1,1,0.10916666666666666,166.3486111111111,172.45777777777778
21476,599404.0,599452.32460733,166.5011111111111,166.51453461314722,1,8,0.08666666666666667,166.5011111111111,172.51194444444445
21481,599905.0,601702.92321117,166.64027777777778,167.13970089199168,1,4,1.6122222222222222,166.64027777777778,173.04333333333332
21483,600250.0,600392.495637,166.73611111111111,166.77569323249998,1,8,0.25555555555555554,166.73611111111111,172.76805555555555
21486,600433.0,600613.90750436,166.78694444444446,166.83719652898887,1,1,0.04055555555555555,166.78694444444446,172.8275
21489,600529.0,600672.73472949,166.8136111111111,166.85353742485833,1,8,0.2577777777777778,166.8136111111111,172.84583333333333
21491,600654.0,602251.19022688,166.84833333333333,167.29199728524446,1,1,0.35805555555555557,166.84833333333333,173.20638888888888
21493,600738.0,601238.59336824,166.87166666666667,167.0107203800667,1,1,0.11222222222222222,166.87166666666667,173.15555555555557
21501,600907.0,602874.67888307,166.91861111111112,167.46518857863055,1,8,3.528888888888889,166.91861111111112,173.35972222222222
21507,601280.0,601281.2390925,167.0222222222222,167.0225664145833,1,1,0.0002777777777777778,167.0222222222222,173.0225
21508,601300.0,601339.65095986,167.02777777777777,167.03879193329442,1,1,0.008888888888888889,167.02777777777777,173.03666666666666
21510,601398.0,602254.21291449,167.055,167.29283692069168,1,4,0.7677777777777778,167.055,173.24694444444444
21513,601543.0,601570.2600349,167.09527777777777,167.10285000969446,1,1,0.006111111111111111,167.09527777777777,173.1013888888889
21521,602258.0,603143.95113438,167.2938888888889,167.53998642621664,1,4,0.7944444444444444,167.2938888888889,173.4925
21523,602507.0,602919.61780105,167.36305555555555,167.47767161140277,1,1,0.0925,167.36305555555555,173.45555555555555
21533,603043.0,603936.38568935,167.51194444444445,167.76010713593055,1,4,0.8011111111111111,167.51194444444445,173.7122222222222
21534,603053.0,603370.20767888,167.51472222222222,167.60283546635554,1,1,0.07111111111111111,167.51472222222222,173.58583333333334
21542,603637.0,604049.61780105,167.67694444444444,167.79156050029167,1,1,0.0925,167.67694444444444,173.76944444444445
